{
   "library" : {
      "identifier" : {
         "id" : "WeightAssessmentandCounselingforNutritionandPhysicalActivityforChildrenandAdolescents",
         "version" : "9.2.000"
      },
      "schemaIdentifier" : {
         "id" : "urn:hl7-org:elm",
         "version" : "r1"
      },
      "usings" : {
         "def" : [ {
            "localIdentifier" : "System",
            "uri" : "urn:hl7-org:elm-types:r1"
         }, {
            "localId" : "1",
            "locator" : "3:1-3:23",
            "localIdentifier" : "QDM",
            "uri" : "urn:healthit-gov:qdm:v5_5",
            "version" : "5.5"
         } ]
      },
      "includes" : {
         "def" : [ {
            "localId" : "2",
            "locator" : "5:1-5:64",
            "localIdentifier" : "Global",
            "path" : "MATGlobalCommonFunctions",
            "version" : "5.0.000"
         }, {
            "localId" : "3",
            "locator" : "6:1-6:48",
            "localIdentifier" : "Hospice",
            "path" : "Hospice",
            "version" : "2.2.000"
         } ]
      },
      "parameters" : {
         "def" : [ {
            "localId" : "25",
            "locator" : "29:1-29:49",
            "name" : "Measurement Period",
            "accessLevel" : "Public",
            "parameterTypeSpecifier" : {
               "localId" : "24",
               "locator" : "29:32-29:49",
               "type" : "IntervalTypeSpecifier",
               "pointType" : {
                  "localId" : "23",
                  "locator" : "29:41-29:48",
                  "name" : "{urn:hl7-org:elm-types:r1}DateTime",
                  "type" : "NamedTypeSpecifier"
               }
            }
         } ]
      },
      "codeSystems" : {
         "def" : [ {
            "localId" : "4",
            "locator" : "8:1-8:51",
            "name" : "LOINC",
            "id" : "urn:oid:2.16.840.1.113883.6.1",
            "accessLevel" : "Public"
         } ]
      },
      "valueSets" : {
         "def" : [ {
            "localId" : "5",
            "locator" : "10:1-10:77",
            "name" : "BMI percentile",
            "id" : "urn:oid:2.16.840.1.113883.3.464.1003.121.12.1012",
            "accessLevel" : "Public"
         }, {
            "localId" : "6",
            "locator" : "11:1-11:87",
            "name" : "Counseling for Nutrition",
            "id" : "urn:oid:2.16.840.1.113883.3.464.1003.195.12.1003",
            "accessLevel" : "Public"
         }, {
            "localId" : "7",
            "locator" : "12:1-12:95",
            "name" : "Counseling for Physical Activity",
            "id" : "urn:oid:2.16.840.1.113883.3.464.1003.118.12.1035",
            "accessLevel" : "Public"
         }, {
            "localId" : "8",
            "locator" : "13:1-13:58",
            "name" : "Ethnicity",
            "id" : "urn:oid:2.16.840.1.114222.4.11.837",
            "accessLevel" : "Public"
         }, {
            "localId" : "9",
            "locator" : "14:1-14:69",
            "name" : "Height",
            "id" : "urn:oid:2.16.840.1.113883.3.464.1003.121.12.1014",
            "accessLevel" : "Public"
         }, {
            "localId" : "10",
            "locator" : "15:1-15:87",
            "name" : "Home Healthcare Services",
            "id" : "urn:oid:2.16.840.1.113883.3.464.1003.101.12.1016",
            "accessLevel" : "Public"
         }, {
            "localId" : "11",
            "locator" : "16:1-16:75",
            "name" : "Office Visit",
            "id" : "urn:oid:2.16.840.1.113883.3.464.1003.101.12.1001",
            "accessLevel" : "Public"
         }, {
            "localId" : "12",
            "locator" : "17:1-17:68",
            "name" : "ONC Administrative Sex",
            "id" : "urn:oid:2.16.840.1.113762.1.4.1",
            "accessLevel" : "Public"
         }, {
            "localId" : "13",
            "locator" : "18:1-18:55",
            "name" : "Payer",
            "id" : "urn:oid:2.16.840.1.114222.4.11.3591",
            "accessLevel" : "Public"
         }, {
            "localId" : "14",
            "locator" : "19:1-19:61",
            "name" : "Pregnancy",
            "id" : "urn:oid:2.16.840.1.113883.3.526.3.378",
            "accessLevel" : "Public"
         }, {
            "localId" : "15",
            "locator" : "20:1-20:106",
            "name" : "Preventive Care Services - Group Counseling",
            "id" : "urn:oid:2.16.840.1.113883.3.464.1003.101.12.1027",
            "accessLevel" : "Public"
         }, {
            "localId" : "16",
            "locator" : "21:1-21:118",
            "name" : "Preventive Care Services, Initial Office Visit, 0 to 17",
            "id" : "urn:oid:2.16.840.1.113883.3.464.1003.101.12.1022",
            "accessLevel" : "Public"
         }, {
            "localId" : "17",
            "locator" : "22:1-22:109",
            "name" : "Preventive Care Services-Individual Counseling",
            "id" : "urn:oid:2.16.840.1.113883.3.464.1003.101.12.1026",
            "accessLevel" : "Public"
         }, {
            "localId" : "18",
            "locator" : "23:1-23:113",
            "name" : "Preventive Care, Established Office Visit, 0 to 17",
            "id" : "urn:oid:2.16.840.1.113883.3.464.1003.101.12.1024",
            "accessLevel" : "Public"
         }, {
            "localId" : "19",
            "locator" : "24:1-24:53",
            "name" : "Race",
            "id" : "urn:oid:2.16.840.1.114222.4.11.836",
            "accessLevel" : "Public"
         }, {
            "localId" : "20",
            "locator" : "25:1-25:69",
            "name" : "Weight",
            "id" : "urn:oid:2.16.840.1.113883.3.464.1003.121.12.1015",
            "accessLevel" : "Public"
         } ]
      },
      "codes" : {
         "def" : [ {
            "localId" : "22",
            "locator" : "27:1-27:62",
            "name" : "Birth date",
            "id" : "21112-8",
            "display" : "Birth date",
            "accessLevel" : "Public",
            "codeSystem" : {
               "localId" : "21",
               "locator" : "27:35-27:41",
               "name" : "LOINC"
            }
         } ]
      },
      "statements" : {
         "def" : [ {
            "locator" : "31:1-31:15",
            "name" : "Patient",
            "context" : "Patient",
            "expression" : {
               "type" : "SingletonFrom",
               "operand" : {
                  "locator" : "31:1-31:15",
                  "dataType" : "{urn:healthit-gov:qdm:v5_5}Patient",
                  "templateId" : "Patient",
                  "type" : "Retrieve"
               }
            }
         }, {
            "localId" : "27",
            "locator" : "33:1-34:51",
            "name" : "SDE Ethnicity",
            "context" : "Patient",
            "accessLevel" : "Public",
            "annotation" : [ {
               "type" : "Annotation",
               "s" : {
                  "r" : "27",
                  "s" : [ {
                     "value" : [ "define ","\"SDE Ethnicity\"",":\n  " ]
                  }, {
                     "r" : "26",
                     "s" : [ {
                        "value" : [ "[","\"Patient Characteristic Ethnicity\"",": " ]
                     }, {
                        "s" : [ {
                           "value" : [ "\"Ethnicity\"" ]
                        } ]
                     }, {
                        "value" : [ "]" ]
                     } ]
                  } ]
               }
            } ],
            "expression" : {
               "localId" : "26",
               "locator" : "34:3-34:51",
               "dataType" : "{urn:healthit-gov:qdm:v5_5}PatientCharacteristicEthnicity",
               "codeProperty" : "code",
               "type" : "Retrieve",
               "codes" : {
                  "locator" : "34:40-34:50",
                  "name" : "Ethnicity",
                  "type" : "ValueSetRef"
               }
            }
         }, {
            "localId" : "29",
            "locator" : "36:1-37:43",
            "name" : "SDE Payer",
            "context" : "Patient",
            "accessLevel" : "Public",
            "annotation" : [ {
               "type" : "Annotation",
               "s" : {
                  "r" : "29",
                  "s" : [ {
                     "value" : [ "define ","\"SDE Payer\"",":\n  " ]
                  }, {
                     "r" : "28",
                     "s" : [ {
                        "value" : [ "[","\"Patient Characteristic Payer\"",": " ]
                     }, {
                        "s" : [ {
                           "value" : [ "\"Payer\"" ]
                        } ]
                     }, {
                        "value" : [ "]" ]
                     } ]
                  } ]
               }
            } ],
            "expression" : {
               "localId" : "28",
               "locator" : "37:3-37:43",
               "dataType" : "{urn:healthit-gov:qdm:v5_5}PatientCharacteristicPayer",
               "codeProperty" : "code",
               "type" : "Retrieve",
               "codes" : {
                  "locator" : "37:36-37:42",
                  "name" : "Payer",
                  "type" : "ValueSetRef"
               }
            }
         }, {
            "localId" : "31",
            "locator" : "39:1-40:41",
            "name" : "SDE Race",
            "context" : "Patient",
            "accessLevel" : "Public",
            "annotation" : [ {
               "type" : "Annotation",
               "s" : {
                  "r" : "31",
                  "s" : [ {
                     "value" : [ "define ","\"SDE Race\"",":\n  " ]
                  }, {
                     "r" : "30",
                     "s" : [ {
                        "value" : [ "[","\"Patient Characteristic Race\"",": " ]
                     }, {
                        "s" : [ {
                           "value" : [ "\"Race\"" ]
                        } ]
                     }, {
                        "value" : [ "]" ]
                     } ]
                  } ]
               }
            } ],
            "expression" : {
               "localId" : "30",
               "locator" : "40:3-40:41",
               "dataType" : "{urn:healthit-gov:qdm:v5_5}PatientCharacteristicRace",
               "codeProperty" : "code",
               "type" : "Retrieve",
               "codes" : {
                  "locator" : "40:35-40:40",
                  "name" : "Race",
                  "type" : "ValueSetRef"
               }
            }
         }, {
            "localId" : "33",
            "locator" : "42:1-43:58",
            "name" : "SDE Sex",
            "context" : "Patient",
            "accessLevel" : "Public",
            "annotation" : [ {
               "type" : "Annotation",
               "s" : {
                  "r" : "33",
                  "s" : [ {
                     "value" : [ "define ","\"SDE Sex\"",":\n  " ]
                  }, {
                     "r" : "32",
                     "s" : [ {
                        "value" : [ "[","\"Patient Characteristic Sex\"",": " ]
                     }, {
                        "s" : [ {
                           "value" : [ "\"ONC Administrative Sex\"" ]
                        } ]
                     }, {
                        "value" : [ "]" ]
                     } ]
                  } ]
               }
            } ],
            "expression" : {
               "localId" : "32",
               "locator" : "43:3-43:58",
               "dataType" : "{urn:healthit-gov:qdm:v5_5}PatientCharacteristicSex",
               "codeProperty" : "code",
               "type" : "Retrieve",
               "codes" : {
                  "locator" : "43:34-43:57",
                  "name" : "ONC Administrative Sex",
                  "type" : "ValueSetRef"
               }
            }
         }, {
            "localId" : "63",
            "locator" : "97:1-104:67",
            "name" : "Qualifying Encounter",
            "context" : "Patient",
            "accessLevel" : "Public",
            "annotation" : [ {
               "type" : "Annotation",
               "s" : {
                  "r" : "63",
                  "s" : [ {
                     "value" : [ "define ","\"Qualifying Encounter\"",":\n  " ]
                  }, {
                     "r" : "62",
                     "s" : [ {
                        "s" : [ {
                           "r" : "57",
                           "s" : [ {
                              "r" : "56",
                              "s" : [ {
                                 "value" : [ "( " ]
                              }, {
                                 "r" : "56",
                                 "s" : [ {
                                    "r" : "54",
                                    "s" : [ {
                                       "r" : "52",
                                       "s" : [ {
                                          "r" : "50",
                                          "s" : [ {
                                             "r" : "48",
                                             "s" : [ {
                                                "r" : "46",
                                                "s" : [ {
                                                   "value" : [ "[","\"Encounter, Performed\"",": " ]
                                                }, {
                                                   "s" : [ {
                                                      "value" : [ "\"Office Visit\"" ]
                                                   } ]
                                                }, {
                                                   "value" : [ "]" ]
                                                } ]
                                             }, {
                                                "value" : [ "\n    union " ]
                                             }, {
                                                "r" : "47",
                                                "s" : [ {
                                                   "value" : [ "[","\"Encounter, Performed\"",": " ]
                                                }, {
                                                   "s" : [ {
                                                      "value" : [ "\"Preventive Care Services-Individual Counseling\"" ]
                                                   } ]
                                                }, {
                                                   "value" : [ "]" ]
                                                } ]
                                             } ]
                                          }, {
                                             "value" : [ "\n    union " ]
                                          }, {
                                             "r" : "49",
                                             "s" : [ {
                                                "value" : [ "[","\"Encounter, Performed\"",": " ]
                                             }, {
                                                "s" : [ {
                                                   "value" : [ "\"Preventive Care, Established Office Visit, 0 to 17\"" ]
                                                } ]
                                             }, {
                                                "value" : [ "]" ]
                                             } ]
                                          } ]
                                       }, {
                                          "value" : [ "\n    union " ]
                                       }, {
                                          "r" : "51",
                                          "s" : [ {
                                             "value" : [ "[","\"Encounter, Performed\"",": " ]
                                          }, {
                                             "s" : [ {
                                                "value" : [ "\"Preventive Care Services, Initial Office Visit, 0 to 17\"" ]
                                             } ]
                                          }, {
                                             "value" : [ "]" ]
                                          } ]
                                       } ]
                                    }, {
                                       "value" : [ "\n    union " ]
                                    }, {
                                       "r" : "53",
                                       "s" : [ {
                                          "value" : [ "[","\"Encounter, Performed\"",": " ]
                                       }, {
                                          "s" : [ {
                                             "value" : [ "\"Preventive Care Services - Group Counseling\"" ]
                                          } ]
                                       }, {
                                          "value" : [ "]" ]
                                       } ]
                                    } ]
                                 }, {
                                    "value" : [ "\n    union " ]
                                 }, {
                                    "r" : "55",
                                    "s" : [ {
                                       "value" : [ "[","\"Encounter, Performed\"",": " ]
                                    }, {
                                       "s" : [ {
                                          "value" : [ "\"Home Healthcare Services\"" ]
                                       } ]
                                    }, {
                                       "value" : [ "]" ]
                                    } ]
                                 } ]
                              }, {
                                 "value" : [ " )" ]
                              } ]
                           }, {
                              "value" : [ " ","ValidEncounter" ]
                           } ]
                        } ]
                     }, {
                        "value" : [ "\n    " ]
                     }, {
                        "r" : "61",
                        "s" : [ {
                           "value" : [ "where " ]
                        }, {
                           "r" : "61",
                           "s" : [ {
                              "r" : "59",
                              "s" : [ {
                                 "r" : "58",
                                 "s" : [ {
                                    "value" : [ "ValidEncounter" ]
                                 } ]
                              }, {
                                 "value" : [ "." ]
                              }, {
                                 "r" : "59",
                                 "s" : [ {
                                    "value" : [ "relevantPeriod" ]
                                 } ]
                              } ]
                           }, {
                              "r" : "61",
                              "value" : [ " ","during"," " ]
                           }, {
                              "r" : "60",
                              "s" : [ {
                                 "value" : [ "\"Measurement Period\"" ]
                              } ]
                           } ]
                        } ]
                     } ]
                  } ]
               }
            } ],
            "expression" : {
               "localId" : "62",
               "locator" : "98:3-104:67",
               "type" : "Query",
               "source" : [ {
                  "localId" : "57",
                  "locator" : "98:3-103:79",
                  "alias" : "ValidEncounter",
                  "expression" : {
                     "localId" : "56",
                     "locator" : "98:3-103:64",
                     "type" : "Union",
                     "operand" : [ {
                        "localId" : "52",
                        "locator" : "98:5-101:93",
                        "type" : "Union",
                        "operand" : [ {
                           "localId" : "48",
                           "locator" : "98:5-99:84",
                           "type" : "Union",
                           "operand" : [ {
                              "localId" : "46",
                              "locator" : "98:5-98:44",
                              "dataType" : "{urn:healthit-gov:qdm:v5_5}PositiveEncounterPerformed",
                              "templateId" : "PositiveEncounterPerformed",
                              "codeProperty" : "code",
                              "type" : "Retrieve",
                              "codes" : {
                                 "locator" : "98:30-98:43",
                                 "name" : "Office Visit",
                                 "type" : "ValueSetRef"
                              }
                           }, {
                              "localId" : "47",
                              "locator" : "99:11-99:84",
                              "dataType" : "{urn:healthit-gov:qdm:v5_5}PositiveEncounterPerformed",
                              "templateId" : "PositiveEncounterPerformed",
                              "codeProperty" : "code",
                              "type" : "Retrieve",
                              "codes" : {
                                 "locator" : "99:36-99:83",
                                 "name" : "Preventive Care Services-Individual Counseling",
                                 "type" : "ValueSetRef"
                              }
                           } ]
                        }, {
                           "type" : "Union",
                           "operand" : [ {
                              "localId" : "49",
                              "locator" : "100:11-100:88",
                              "dataType" : "{urn:healthit-gov:qdm:v5_5}PositiveEncounterPerformed",
                              "templateId" : "PositiveEncounterPerformed",
                              "codeProperty" : "code",
                              "type" : "Retrieve",
                              "codes" : {
                                 "locator" : "100:36-100:87",
                                 "name" : "Preventive Care, Established Office Visit, 0 to 17",
                                 "type" : "ValueSetRef"
                              }
                           }, {
                              "localId" : "51",
                              "locator" : "101:11-101:93",
                              "dataType" : "{urn:healthit-gov:qdm:v5_5}PositiveEncounterPerformed",
                              "templateId" : "PositiveEncounterPerformed",
                              "codeProperty" : "code",
                              "type" : "Retrieve",
                              "codes" : {
                                 "locator" : "101:36-101:92",
                                 "name" : "Preventive Care Services, Initial Office Visit, 0 to 17",
                                 "type" : "ValueSetRef"
                              }
                           } ]
                        } ]
                     }, {
                        "type" : "Union",
                        "operand" : [ {
                           "localId" : "53",
                           "locator" : "102:11-102:81",
                           "dataType" : "{urn:healthit-gov:qdm:v5_5}PositiveEncounterPerformed",
                           "templateId" : "PositiveEncounterPerformed",
                           "codeProperty" : "code",
                           "type" : "Retrieve",
                           "codes" : {
                              "locator" : "102:36-102:80",
                              "name" : "Preventive Care Services - Group Counseling",
                              "type" : "ValueSetRef"
                           }
                        }, {
                           "localId" : "55",
                           "locator" : "103:11-103:62",
                           "dataType" : "{urn:healthit-gov:qdm:v5_5}PositiveEncounterPerformed",
                           "templateId" : "PositiveEncounterPerformed",
                           "codeProperty" : "code",
                           "type" : "Retrieve",
                           "codes" : {
                              "locator" : "103:36-103:61",
                              "name" : "Home Healthcare Services",
                              "type" : "ValueSetRef"
                           }
                        } ]
                     } ]
                  }
               } ],
               "relationship" : [ ],
               "where" : {
                  "localId" : "61",
                  "locator" : "104:5-104:67",
                  "type" : "IncludedIn",
                  "operand" : [ {
                     "localId" : "59",
                     "locator" : "104:11-104:39",
                     "path" : "relevantPeriod",
                     "scope" : "ValidEncounter",
                     "type" : "Property"
                  }, {
                     "localId" : "60",
                     "locator" : "104:48-104:67",
                     "name" : "Measurement Period",
                     "type" : "ParameterRef"
                  } ]
               }
            }
         }, {
            "localId" : "69",
            "locator" : "88:1-91:43",
            "name" : "Initial Population",
            "context" : "Patient",
            "accessLevel" : "Public",
            "annotation" : [ {
               "type" : "Annotation",
               "s" : {
                  "r" : "69",
                  "s" : [ {
                     "value" : [ "define ","\"Initial Population\"",":\n  " ]
                  }, {
                     "r" : "68",
                     "s" : [ {
                        "value" : [ "exists " ]
                     }, {
                        "r" : "67",
                        "s" : [ {
                           "s" : [ {
                              "r" : "35",
                              "s" : [ {
                                 "r" : "34",
                                 "s" : [ {
                                    "r" : "34",
                                    "s" : [ {
                                       "value" : [ "[","\"Patient Characteristic Birthdate\"",": " ]
                                    }, {
                                       "s" : [ {
                                          "value" : [ "\"Birth date\"" ]
                                       } ]
                                    }, {
                                       "value" : [ "]" ]
                                    } ]
                                 } ]
                              }, {
                                 "value" : [ " ","BirthDate" ]
                              } ]
                           } ]
                        }, {
                           "value" : [ "\n    " ]
                        }, {
                           "r" : "66",
                           "s" : [ {
                              "value" : [ "where " ]
                           }, {
                              "r" : "66",
                              "s" : [ {
                                 "r" : "45",
                                 "s" : [ {
                                    "r" : "41",
                                    "s" : [ {
                                       "r" : "36",
                                       "s" : [ {
                                          "value" : [ "Global" ]
                                       } ]
                                    }, {
                                       "value" : [ "." ]
                                    }, {
                                       "r" : "41",
                                       "s" : [ {
                                          "value" : [ "\"CalendarAgeInYearsAt\""," ( " ]
                                       }, {
                                          "r" : "38",
                                          "s" : [ {
                                             "r" : "37",
                                             "s" : [ {
                                                "value" : [ "BirthDate" ]
                                             } ]
                                          }, {
                                             "value" : [ "." ]
                                          }, {
                                             "r" : "38",
                                             "s" : [ {
                                                "value" : [ "birthDatetime" ]
                                             } ]
                                          } ]
                                       }, {
                                          "value" : [ ", " ]
                                       }, {
                                          "r" : "40",
                                          "s" : [ {
                                             "value" : [ "start of " ]
                                          }, {
                                             "r" : "39",
                                             "s" : [ {
                                                "value" : [ "\"Measurement Period\"" ]
                                             } ]
                                          } ]
                                       }, {
                                          "value" : [ " )" ]
                                       } ]
                                    } ]
                                 }, {
                                    "value" : [ " in " ]
                                 }, {
                                    "r" : "44",
                                    "s" : [ {
                                       "r" : "42",
                                       "value" : [ "Interval[","3",", ","17"," )" ]
                                    } ]
                                 } ]
                              }, {
                                 "value" : [ "\n      and " ]
                              }, {
                                 "r" : "65",
                                 "s" : [ {
                                    "value" : [ "exists " ]
                                 }, {
                                    "r" : "64",
                                    "s" : [ {
                                       "value" : [ "( " ]
                                    }, {
                                       "r" : "64",
                                       "s" : [ {
                                          "value" : [ "\"Qualifying Encounter\"" ]
                                       } ]
                                    }, {
                                       "value" : [ " )" ]
                                    } ]
                                 } ]
                              } ]
                           } ]
                        } ]
                     } ]
                  } ]
               }
            } ],
            "expression" : {
               "localId" : "68",
               "locator" : "89:3-91:43",
               "type" : "Exists",
               "operand" : {
                  "localId" : "67",
                  "locator" : "89:10-91:43",
                  "type" : "Query",
                  "source" : [ {
                     "localId" : "35",
                     "locator" : "89:10-89:69",
                     "alias" : "BirthDate",
                     "expression" : {
                        "localId" : "34",
                        "locator" : "89:10-89:59",
                        "dataType" : "{urn:healthit-gov:qdm:v5_5}PatientCharacteristicBirthdate",
                        "codeProperty" : "code",
                        "type" : "Retrieve",
                        "codes" : {
                           "type" : "ToList",
                           "operand" : {
                              "locator" : "89:47-89:58",
                              "name" : "Birth date",
                              "type" : "CodeRef"
                           }
                        }
                     }
                  } ],
                  "relationship" : [ ],
                  "where" : {
                     "localId" : "66",
                     "locator" : "90:5-91:43",
                     "type" : "And",
                     "operand" : [ {
                        "localId" : "45",
                        "locator" : "90:11-90:118",
                        "type" : "In",
                        "operand" : [ {
                           "localId" : "41",
                           "locator" : "90:11-90:98",
                           "name" : "CalendarAgeInYearsAt",
                           "libraryName" : "Global",
                           "type" : "FunctionRef",
                           "operand" : [ {
                              "localId" : "38",
                              "locator" : "90:43-90:65",
                              "path" : "birthDatetime",
                              "scope" : "BirthDate",
                              "type" : "Property"
                           }, {
                              "localId" : "40",
                              "locator" : "90:68-90:96",
                              "type" : "Start",
                              "operand" : {
                                 "localId" : "39",
                                 "locator" : "90:77-90:96",
                                 "name" : "Measurement Period",
                                 "type" : "ParameterRef"
                              }
                           } ]
                        }, {
                           "localId" : "44",
                           "locator" : "90:103-90:118",
                           "lowClosed" : true,
                           "highClosed" : false,
                           "type" : "Interval",
                           "low" : {
                              "localId" : "42",
                              "locator" : "90:112",
                              "valueType" : "{urn:hl7-org:elm-types:r1}Integer",
                              "value" : "3",
                              "type" : "Literal"
                           },
                           "high" : {
                              "localId" : "43",
                              "locator" : "90:115-90:116",
                              "valueType" : "{urn:hl7-org:elm-types:r1}Integer",
                              "value" : "17",
                              "type" : "Literal"
                           }
                        } ]
                     }, {
                        "localId" : "65",
                        "locator" : "91:11-91:43",
                        "type" : "Exists",
                        "operand" : {
                           "localId" : "64",
                           "locator" : "91:18-91:43",
                           "name" : "Qualifying Encounter",
                           "type" : "ExpressionRef"
                        }
                     } ]
                  }
               }
            }
         }, {
            "localId" : "71",
            "locator" : "45:1-46:22",
            "name" : "Denominator",
            "context" : "Patient",
            "accessLevel" : "Public",
            "annotation" : [ {
               "type" : "Annotation",
               "s" : {
                  "r" : "71",
                  "s" : [ {
                     "value" : [ "define ","\"Denominator\"",":\n  " ]
                  }, {
                     "r" : "70",
                     "s" : [ {
                        "value" : [ "\"Initial Population\"" ]
                     } ]
                  } ]
               }
            } ],
            "expression" : {
               "localId" : "70",
               "locator" : "46:3-46:22",
               "name" : "Initial Population",
               "type" : "ExpressionRef"
            }
         }, {
            "localId" : "83",
            "locator" : "61:1-64:42",
            "name" : "BMI Percentile in Measurement Period",
            "context" : "Patient",
            "accessLevel" : "Public",
            "annotation" : [ {
               "type" : "Annotation",
               "s" : {
                  "r" : "83",
                  "s" : [ {
                     "value" : [ "define ","\"BMI Percentile in Measurement Period\"",":\n  " ]
                  }, {
                     "r" : "82",
                     "s" : [ {
                        "s" : [ {
                           "r" : "73",
                           "s" : [ {
                              "r" : "72",
                              "s" : [ {
                                 "r" : "72",
                                 "s" : [ {
                                    "value" : [ "[","\"Physical Exam, Performed\"",": " ]
                                 }, {
                                    "s" : [ {
                                       "value" : [ "\"BMI percentile\"" ]
                                    } ]
                                 }, {
                                    "value" : [ "]" ]
                                 } ]
                              } ]
                           }, {
                              "value" : [ " ","BMIPercentile" ]
                           } ]
                        } ]
                     }, {
                        "value" : [ "\n    " ]
                     }, {
                        "r" : "81",
                        "s" : [ {
                           "value" : [ "where " ]
                        }, {
                           "r" : "81",
                           "s" : [ {
                              "r" : "77",
                              "s" : [ {
                                 "r" : "75",
                                 "s" : [ {
                                    "r" : "74",
                                    "s" : [ {
                                       "value" : [ "BMIPercentile" ]
                                    } ]
                                 }, {
                                    "value" : [ "." ]
                                 }, {
                                    "r" : "75",
                                    "s" : [ {
                                       "value" : [ "relevantDatetime" ]
                                    } ]
                                 } ]
                              }, {
                                 "r" : "77",
                                 "value" : [ " ","during"," " ]
                              }, {
                                 "r" : "76",
                                 "s" : [ {
                                    "value" : [ "\"Measurement Period\"" ]
                                 } ]
                              } ]
                           }, {
                              "value" : [ "\n      and " ]
                           }, {
                              "r" : "80",
                              "s" : [ {
                                 "r" : "79",
                                 "s" : [ {
                                    "r" : "78",
                                    "s" : [ {
                                       "value" : [ "BMIPercentile" ]
                                    } ]
                                 }, {
                                    "value" : [ "." ]
                                 }, {
                                    "r" : "79",
                                    "s" : [ {
                                       "value" : [ "result" ]
                                    } ]
                                 } ]
                              }, {
                                 "value" : [ " is not null" ]
                              } ]
                           } ]
                        } ]
                     } ]
                  } ]
               }
            } ],
            "expression" : {
               "localId" : "82",
               "locator" : "62:3-64:42",
               "type" : "Query",
               "source" : [ {
                  "localId" : "73",
                  "locator" : "62:3-62:62",
                  "alias" : "BMIPercentile",
                  "expression" : {
                     "localId" : "72",
                     "locator" : "62:3-62:48",
                     "dataType" : "{urn:healthit-gov:qdm:v5_5}PositivePhysicalExamPerformed",
                     "templateId" : "PositivePhysicalExamPerformed",
                     "codeProperty" : "code",
                     "type" : "Retrieve",
                     "codes" : {
                        "locator" : "62:32-62:47",
                        "name" : "BMI percentile",
                        "type" : "ValueSetRef"
                     }
                  }
               } ],
               "relationship" : [ ],
               "where" : {
                  "localId" : "81",
                  "locator" : "63:5-64:42",
                  "type" : "And",
                  "operand" : [ {
                     "localId" : "77",
                     "locator" : "63:11-63:68",
                     "type" : "In",
                     "operand" : [ {
                        "localId" : "75",
                        "locator" : "63:11-63:40",
                        "path" : "relevantDatetime",
                        "scope" : "BMIPercentile",
                        "type" : "Property"
                     }, {
                        "localId" : "76",
                        "locator" : "63:49-63:68",
                        "name" : "Measurement Period",
                        "type" : "ParameterRef"
                     } ]
                  }, {
                     "localId" : "80",
                     "locator" : "64:11-64:42",
                     "type" : "Not",
                     "operand" : {
                        "locator" : "64:11-64:42",
                        "type" : "IsNull",
                        "operand" : {
                           "localId" : "79",
                           "locator" : "64:11-64:30",
                           "path" : "result",
                           "scope" : "BMIPercentile",
                           "type" : "Property"
                        }
                     }
                  } ]
               }
            }
         }, {
            "localId" : "97",
            "locator" : "71:1-74:35",
            "name" : "Height in Measurement Period",
            "context" : "Patient",
            "accessLevel" : "Public",
            "annotation" : [ {
               "type" : "Annotation",
               "s" : {
                  "r" : "97",
                  "s" : [ {
                     "value" : [ "define ","\"Height in Measurement Period\"",":\n  " ]
                  }, {
                     "r" : "96",
                     "s" : [ {
                        "s" : [ {
                           "r" : "87",
                           "s" : [ {
                              "r" : "86",
                              "s" : [ {
                                 "r" : "86",
                                 "s" : [ {
                                    "value" : [ "[","\"Physical Exam, Performed\"",": " ]
                                 }, {
                                    "s" : [ {
                                       "value" : [ "\"Height\"" ]
                                    } ]
                                 }, {
                                    "value" : [ "]" ]
                                 } ]
                              } ]
                           }, {
                              "value" : [ " ","Height" ]
                           } ]
                        } ]
                     }, {
                        "value" : [ "\n    " ]
                     }, {
                        "r" : "95",
                        "s" : [ {
                           "value" : [ "where " ]
                        }, {
                           "r" : "95",
                           "s" : [ {
                              "r" : "91",
                              "s" : [ {
                                 "r" : "89",
                                 "s" : [ {
                                    "r" : "88",
                                    "s" : [ {
                                       "value" : [ "Height" ]
                                    } ]
                                 }, {
                                    "value" : [ "." ]
                                 }, {
                                    "r" : "89",
                                    "s" : [ {
                                       "value" : [ "relevantDatetime" ]
                                    } ]
                                 } ]
                              }, {
                                 "r" : "91",
                                 "value" : [ " ","during"," " ]
                              }, {
                                 "r" : "90",
                                 "s" : [ {
                                    "value" : [ "\"Measurement Period\"" ]
                                 } ]
                              } ]
                           }, {
                              "value" : [ "\n      and " ]
                           }, {
                              "r" : "94",
                              "s" : [ {
                                 "r" : "93",
                                 "s" : [ {
                                    "r" : "92",
                                    "s" : [ {
                                       "value" : [ "Height" ]
                                    } ]
                                 }, {
                                    "value" : [ "." ]
                                 }, {
                                    "r" : "93",
                                    "s" : [ {
                                       "value" : [ "result" ]
                                    } ]
                                 } ]
                              }, {
                                 "value" : [ " is not null" ]
                              } ]
                           } ]
                        } ]
                     } ]
                  } ]
               }
            } ],
            "expression" : {
               "localId" : "96",
               "locator" : "72:3-74:35",
               "type" : "Query",
               "source" : [ {
                  "localId" : "87",
                  "locator" : "72:3-72:47",
                  "alias" : "Height",
                  "expression" : {
                     "localId" : "86",
                     "locator" : "72:3-72:40",
                     "dataType" : "{urn:healthit-gov:qdm:v5_5}PositivePhysicalExamPerformed",
                     "templateId" : "PositivePhysicalExamPerformed",
                     "codeProperty" : "code",
                     "type" : "Retrieve",
                     "codes" : {
                        "locator" : "72:32-72:39",
                        "name" : "Height",
                        "type" : "ValueSetRef"
                     }
                  }
               } ],
               "relationship" : [ ],
               "where" : {
                  "localId" : "95",
                  "locator" : "73:5-74:35",
                  "type" : "And",
                  "operand" : [ {
                     "localId" : "91",
                     "locator" : "73:11-73:61",
                     "type" : "In",
                     "operand" : [ {
                        "localId" : "89",
                        "locator" : "73:11-73:33",
                        "path" : "relevantDatetime",
                        "scope" : "Height",
                        "type" : "Property"
                     }, {
                        "localId" : "90",
                        "locator" : "73:42-73:61",
                        "name" : "Measurement Period",
                        "type" : "ParameterRef"
                     } ]
                  }, {
                     "localId" : "94",
                     "locator" : "74:11-74:35",
                     "type" : "Not",
                     "operand" : {
                        "locator" : "74:11-74:35",
                        "type" : "IsNull",
                        "operand" : {
                           "localId" : "93",
                           "locator" : "74:11-74:23",
                           "path" : "result",
                           "scope" : "Height",
                           "type" : "Property"
                        }
                     }
                  } ]
               }
            }
         }, {
            "localId" : "112",
            "locator" : "66:1-69:35",
            "name" : "Weight in Measurement Period",
            "context" : "Patient",
            "accessLevel" : "Public",
            "annotation" : [ {
               "type" : "Annotation",
               "s" : {
                  "r" : "112",
                  "s" : [ {
                     "value" : [ "define ","\"Weight in Measurement Period\"",":\n  " ]
                  }, {
                     "r" : "111",
                     "s" : [ {
                        "s" : [ {
                           "r" : "102",
                           "s" : [ {
                              "r" : "101",
                              "s" : [ {
                                 "r" : "101",
                                 "s" : [ {
                                    "value" : [ "[","\"Physical Exam, Performed\"",": " ]
                                 }, {
                                    "s" : [ {
                                       "value" : [ "\"Weight\"" ]
                                    } ]
                                 }, {
                                    "value" : [ "]" ]
                                 } ]
                              } ]
                           }, {
                              "value" : [ " ","Weight" ]
                           } ]
                        } ]
                     }, {
                        "value" : [ "\n    " ]
                     }, {
                        "r" : "110",
                        "s" : [ {
                           "value" : [ "where " ]
                        }, {
                           "r" : "110",
                           "s" : [ {
                              "r" : "106",
                              "s" : [ {
                                 "r" : "104",
                                 "s" : [ {
                                    "r" : "103",
                                    "s" : [ {
                                       "value" : [ "Weight" ]
                                    } ]
                                 }, {
                                    "value" : [ "." ]
                                 }, {
                                    "r" : "104",
                                    "s" : [ {
                                       "value" : [ "relevantDatetime" ]
                                    } ]
                                 } ]
                              }, {
                                 "r" : "106",
                                 "value" : [ " ","during"," " ]
                              }, {
                                 "r" : "105",
                                 "s" : [ {
                                    "value" : [ "\"Measurement Period\"" ]
                                 } ]
                              } ]
                           }, {
                              "value" : [ "\n      and " ]
                           }, {
                              "r" : "109",
                              "s" : [ {
                                 "r" : "108",
                                 "s" : [ {
                                    "r" : "107",
                                    "s" : [ {
                                       "value" : [ "Weight" ]
                                    } ]
                                 }, {
                                    "value" : [ "." ]
                                 }, {
                                    "r" : "108",
                                    "s" : [ {
                                       "value" : [ "result" ]
                                    } ]
                                 } ]
                              }, {
                                 "value" : [ " is not null" ]
                              } ]
                           } ]
                        } ]
                     } ]
                  } ]
               }
            } ],
            "expression" : {
               "localId" : "111",
               "locator" : "67:3-69:35",
               "type" : "Query",
               "source" : [ {
                  "localId" : "102",
                  "locator" : "67:3-67:47",
                  "alias" : "Weight",
                  "expression" : {
                     "localId" : "101",
                     "locator" : "67:3-67:40",
                     "dataType" : "{urn:healthit-gov:qdm:v5_5}PositivePhysicalExamPerformed",
                     "templateId" : "PositivePhysicalExamPerformed",
                     "codeProperty" : "code",
                     "type" : "Retrieve",
                     "codes" : {
                        "locator" : "67:32-67:39",
                        "name" : "Weight",
                        "type" : "ValueSetRef"
                     }
                  }
               } ],
               "relationship" : [ ],
               "where" : {
                  "localId" : "110",
                  "locator" : "68:5-69:35",
                  "type" : "And",
                  "operand" : [ {
                     "localId" : "106",
                     "locator" : "68:11-68:61",
                     "type" : "In",
                     "operand" : [ {
                        "localId" : "104",
                        "locator" : "68:11-68:33",
                        "path" : "relevantDatetime",
                        "scope" : "Weight",
                        "type" : "Property"
                     }, {
                        "localId" : "105",
                        "locator" : "68:42-68:61",
                        "name" : "Measurement Period",
                        "type" : "ParameterRef"
                     } ]
                  }, {
                     "localId" : "109",
                     "locator" : "69:11-69:35",
                     "type" : "Not",
                     "operand" : {
                        "locator" : "69:11-69:35",
                        "type" : "IsNull",
                        "operand" : {
                           "localId" : "108",
                           "locator" : "69:11-69:23",
                           "path" : "result",
                           "scope" : "Weight",
                           "type" : "Property"
                        }
                     }
                  } ]
               }
            }
         }, {
            "localId" : "116",
            "locator" : "48:1-51:49",
            "name" : "Numerator 1",
            "context" : "Patient",
            "accessLevel" : "Public",
            "annotation" : [ {
               "type" : "Annotation",
               "s" : {
                  "r" : "116",
                  "s" : [ {
                     "value" : [ "define ","\"Numerator 1\"",":\n  " ]
                  }, {
                     "r" : "115",
                     "s" : [ {
                        "r" : "100",
                        "s" : [ {
                           "r" : "85",
                           "s" : [ {
                              "value" : [ "exists " ]
                           }, {
                              "r" : "84",
                              "s" : [ {
                                 "value" : [ "( " ]
                              }, {
                                 "r" : "84",
                                 "s" : [ {
                                    "value" : [ "\"BMI Percentile in Measurement Period\"" ]
                                 } ]
                              }, {
                                 "value" : [ " )" ]
                              } ]
                           } ]
                        }, {
                           "value" : [ "\n    and " ]
                        }, {
                           "r" : "99",
                           "s" : [ {
                              "value" : [ "exists " ]
                           }, {
                              "r" : "98",
                              "s" : [ {
                                 "value" : [ "( " ]
                              }, {
                                 "r" : "98",
                                 "s" : [ {
                                    "value" : [ "\"Height in Measurement Period\"" ]
                                 } ]
                              }, {
                                 "value" : [ " )" ]
                              } ]
                           } ]
                        } ]
                     }, {
                        "value" : [ "\n    and " ]
                     }, {
                        "r" : "114",
                        "s" : [ {
                           "value" : [ "exists " ]
                        }, {
                           "r" : "113",
                           "s" : [ {
                              "value" : [ "( " ]
                           }, {
                              "r" : "113",
                              "s" : [ {
                                 "value" : [ "\"Weight in Measurement Period\"" ]
                              } ]
                           }, {
                              "value" : [ " )" ]
                           } ]
                        } ]
                     } ]
                  } ]
               }
            } ],
            "expression" : {
               "localId" : "115",
               "locator" : "49:3-51:49",
               "type" : "And",
               "operand" : [ {
                  "localId" : "100",
                  "locator" : "49:3-50:49",
                  "type" : "And",
                  "operand" : [ {
                     "localId" : "85",
                     "locator" : "49:3-49:51",
                     "type" : "Exists",
                     "operand" : {
                        "localId" : "84",
                        "locator" : "49:10-49:51",
                        "name" : "BMI Percentile in Measurement Period",
                        "type" : "ExpressionRef"
                     }
                  }, {
                     "localId" : "99",
                     "locator" : "50:9-50:49",
                     "type" : "Exists",
                     "operand" : {
                        "localId" : "98",
                        "locator" : "50:16-50:49",
                        "name" : "Height in Measurement Period",
                        "type" : "ExpressionRef"
                     }
                  } ]
               }, {
                  "localId" : "114",
                  "locator" : "51:9-51:49",
                  "type" : "Exists",
                  "operand" : {
                     "localId" : "113",
                     "locator" : "51:16-51:49",
                     "name" : "Weight in Measurement Period",
                     "type" : "ExpressionRef"
                  }
               } ]
            }
         }, {
            "localId" : "124",
            "locator" : "53:1-55:66",
            "name" : "Pregnancy Diagnosis Which Overlaps Measurement Period",
            "context" : "Patient",
            "accessLevel" : "Public",
            "annotation" : [ {
               "type" : "Annotation",
               "s" : {
                  "r" : "124",
                  "s" : [ {
                     "value" : [ "define ","\"Pregnancy Diagnosis Which Overlaps Measurement Period\"",":\n  " ]
                  }, {
                     "r" : "123",
                     "s" : [ {
                        "s" : [ {
                           "r" : "118",
                           "s" : [ {
                              "r" : "117",
                              "s" : [ {
                                 "r" : "117",
                                 "s" : [ {
                                    "value" : [ "[","\"Diagnosis\"",": " ]
                                 }, {
                                    "s" : [ {
                                       "value" : [ "\"Pregnancy\"" ]
                                    } ]
                                 }, {
                                    "value" : [ "]" ]
                                 } ]
                              } ]
                           }, {
                              "value" : [ " ","Pregnancy" ]
                           } ]
                        } ]
                     }, {
                        "value" : [ "\n    " ]
                     }, {
                        "r" : "122",
                        "s" : [ {
                           "value" : [ "where " ]
                        }, {
                           "r" : "122",
                           "s" : [ {
                              "r" : "120",
                              "s" : [ {
                                 "r" : "119",
                                 "s" : [ {
                                    "value" : [ "Pregnancy" ]
                                 } ]
                              }, {
                                 "value" : [ "." ]
                              }, {
                                 "r" : "120",
                                 "s" : [ {
                                    "value" : [ "prevalencePeriod" ]
                                 } ]
                              } ]
                           }, {
                              "r" : "122",
                              "value" : [ " ","overlaps"," " ]
                           }, {
                              "r" : "121",
                              "s" : [ {
                                 "value" : [ "\"Measurement Period\"" ]
                              } ]
                           } ]
                        } ]
                     } ]
                  } ]
               }
            } ],
            "expression" : {
               "localId" : "123",
               "locator" : "54:3-55:66",
               "type" : "Query",
               "source" : [ {
                  "localId" : "118",
                  "locator" : "54:3-54:38",
                  "alias" : "Pregnancy",
                  "expression" : {
                     "localId" : "117",
                     "locator" : "54:3-54:28",
                     "dataType" : "{urn:healthit-gov:qdm:v5_5}Diagnosis",
                     "codeProperty" : "code",
                     "type" : "Retrieve",
                     "codes" : {
                        "locator" : "54:17-54:27",
                        "name" : "Pregnancy",
                        "type" : "ValueSetRef"
                     }
                  }
               } ],
               "relationship" : [ ],
               "where" : {
                  "localId" : "122",
                  "locator" : "55:5-55:66",
                  "type" : "Overlaps",
                  "operand" : [ {
                     "localId" : "120",
                     "locator" : "55:11-55:36",
                     "path" : "prevalencePeriod",
                     "scope" : "Pregnancy",
                     "type" : "Property"
                  }, {
                     "localId" : "121",
                     "locator" : "55:47-55:66",
                     "name" : "Measurement Period",
                     "type" : "ParameterRef"
                  } ]
               }
            }
         }, {
            "localId" : "130",
            "locator" : "57:1-59:73",
            "name" : "Denominator Exclusions",
            "context" : "Patient",
            "accessLevel" : "Public",
            "annotation" : [ {
               "type" : "Annotation",
               "s" : {
                  "r" : "130",
                  "s" : [ {
                     "value" : [ "define ","\"Denominator Exclusions\"",":\n  " ]
                  }, {
                     "r" : "129",
                     "s" : [ {
                        "r" : "126",
                        "s" : [ {
                           "r" : "125",
                           "s" : [ {
                              "value" : [ "Hospice" ]
                           } ]
                        }, {
                           "value" : [ "." ]
                        }, {
                           "r" : "126",
                           "s" : [ {
                              "value" : [ "\"Has Hospice\"" ]
                           } ]
                        } ]
                     }, {
                        "value" : [ "\n    or " ]
                     }, {
                        "r" : "128",
                        "s" : [ {
                           "value" : [ "exists " ]
                        }, {
                           "r" : "127",
                           "s" : [ {
                              "value" : [ "( " ]
                           }, {
                              "r" : "127",
                              "s" : [ {
                                 "value" : [ "\"Pregnancy Diagnosis Which Overlaps Measurement Period\"" ]
                              } ]
                           }, {
                              "value" : [ " )" ]
                           } ]
                        } ]
                     } ]
                  } ]
               }
            } ],
            "expression" : {
               "localId" : "129",
               "locator" : "58:3-59:73",
               "type" : "Or",
               "operand" : [ {
                  "localId" : "126",
                  "locator" : "58:3-58:23",
                  "name" : "Has Hospice",
                  "libraryName" : "Hospice",
                  "type" : "ExpressionRef"
               }, {
                  "localId" : "128",
                  "locator" : "59:8-59:73",
                  "type" : "Exists",
                  "operand" : {
                     "localId" : "127",
                     "locator" : "59:15-59:73",
                     "name" : "Pregnancy Diagnosis Which Overlaps Measurement Period",
                     "type" : "ExpressionRef"
                  }
               } ]
            }
         }, {
            "localId" : "139",
            "locator" : "76:1-78:74",
            "name" : "Numerator 2",
            "context" : "Patient",
            "accessLevel" : "Public",
            "annotation" : [ {
               "type" : "Annotation",
               "s" : {
                  "r" : "139",
                  "s" : [ {
                     "value" : [ "define ","\"Numerator 2\"",":\n  " ]
                  }, {
                     "r" : "138",
                     "s" : [ {
                        "value" : [ "exists " ]
                     }, {
                        "r" : "137",
                        "s" : [ {
                           "s" : [ {
                              "r" : "132",
                              "s" : [ {
                                 "r" : "131",
                                 "s" : [ {
                                    "r" : "131",
                                    "s" : [ {
                                       "value" : [ "[","\"Intervention, Performed\"",": " ]
                                    }, {
                                       "s" : [ {
                                          "value" : [ "\"Counseling for Nutrition\"" ]
                                       } ]
                                    }, {
                                       "value" : [ "]" ]
                                    } ]
                                 } ]
                              }, {
                                 "value" : [ " ","NutritionCounseling" ]
                              } ]
                           } ]
                        }, {
                           "value" : [ "\n    " ]
                        }, {
                           "r" : "136",
                           "s" : [ {
                              "value" : [ "where " ]
                           }, {
                              "r" : "136",
                              "s" : [ {
                                 "r" : "134",
                                 "s" : [ {
                                    "r" : "133",
                                    "s" : [ {
                                       "value" : [ "NutritionCounseling" ]
                                    } ]
                                 }, {
                                    "value" : [ "." ]
                                 }, {
                                    "r" : "134",
                                    "s" : [ {
                                       "value" : [ "relevantDatetime" ]
                                    } ]
                                 } ]
                              }, {
                                 "r" : "136",
                                 "value" : [ " ","during"," " ]
                              }, {
                                 "r" : "135",
                                 "s" : [ {
                                    "value" : [ "\"Measurement Period\"" ]
                                 } ]
                              } ]
                           } ]
                        } ]
                     } ]
                  } ]
               }
            } ],
            "expression" : {
               "localId" : "138",
               "locator" : "77:3-78:74",
               "type" : "Exists",
               "operand" : {
                  "localId" : "137",
                  "locator" : "77:10-78:74",
                  "type" : "Query",
                  "source" : [ {
                     "localId" : "132",
                     "locator" : "77:10-77:84",
                     "alias" : "NutritionCounseling",
                     "expression" : {
                        "localId" : "131",
                        "locator" : "77:10-77:64",
                        "dataType" : "{urn:healthit-gov:qdm:v5_5}PositiveInterventionPerformed",
                        "templateId" : "PositiveInterventionPerformed",
                        "codeProperty" : "code",
                        "type" : "Retrieve",
                        "codes" : {
                           "locator" : "77:38-77:63",
                           "name" : "Counseling for Nutrition",
                           "type" : "ValueSetRef"
                        }
                     }
                  } ],
                  "relationship" : [ ],
                  "where" : {
                     "localId" : "136",
                     "locator" : "78:5-78:74",
                     "type" : "In",
                     "operand" : [ {
                        "localId" : "134",
                        "locator" : "78:11-78:46",
                        "path" : "relevantDatetime",
                        "scope" : "NutritionCounseling",
                        "type" : "Property"
                     }, {
                        "localId" : "135",
                        "locator" : "78:55-78:74",
                        "name" : "Measurement Period",
                        "type" : "ParameterRef"
                     } ]
                  }
               }
            }
         }, {
            "localId" : "148",
            "locator" : "80:1-82:73",
            "name" : "Numerator 3",
            "context" : "Patient",
            "accessLevel" : "Public",
            "annotation" : [ {
               "type" : "Annotation",
               "s" : {
                  "r" : "148",
                  "s" : [ {
                     "value" : [ "define ","\"Numerator 3\"",":\n  " ]
                  }, {
                     "r" : "147",
                     "s" : [ {
                        "value" : [ "exists " ]
                     }, {
                        "r" : "146",
                        "s" : [ {
                           "s" : [ {
                              "r" : "141",
                              "s" : [ {
                                 "r" : "140",
                                 "s" : [ {
                                    "r" : "140",
                                    "s" : [ {
                                       "value" : [ "[","\"Intervention, Performed\"",": " ]
                                    }, {
                                       "s" : [ {
                                          "value" : [ "\"Counseling for Physical Activity\"" ]
                                       } ]
                                    }, {
                                       "value" : [ "]" ]
                                    } ]
                                 } ]
                              }, {
                                 "value" : [ " ","ActivityCounseling" ]
                              } ]
                           } ]
                        }, {
                           "value" : [ "\n    " ]
                        }, {
                           "r" : "145",
                           "s" : [ {
                              "value" : [ "where " ]
                           }, {
                              "r" : "145",
                              "s" : [ {
                                 "r" : "143",
                                 "s" : [ {
                                    "r" : "142",
                                    "s" : [ {
                                       "value" : [ "ActivityCounseling" ]
                                    } ]
                                 }, {
                                    "value" : [ "." ]
                                 }, {
                                    "r" : "143",
                                    "s" : [ {
                                       "value" : [ "relevantDatetime" ]
                                    } ]
                                 } ]
                              }, {
                                 "r" : "145",
                                 "value" : [ " ","during"," " ]
                              }, {
                                 "r" : "144",
                                 "s" : [ {
                                    "value" : [ "\"Measurement Period\"" ]
                                 } ]
                              } ]
                           } ]
                        } ]
                     } ]
                  } ]
               }
            } ],
            "expression" : {
               "localId" : "147",
               "locator" : "81:3-82:73",
               "type" : "Exists",
               "operand" : {
                  "localId" : "146",
                  "locator" : "81:10-82:73",
                  "type" : "Query",
                  "source" : [ {
                     "localId" : "141",
                     "locator" : "81:10-81:91",
                     "alias" : "ActivityCounseling",
                     "expression" : {
                        "localId" : "140",
                        "locator" : "81:10-81:72",
                        "dataType" : "{urn:healthit-gov:qdm:v5_5}PositiveInterventionPerformed",
                        "templateId" : "PositiveInterventionPerformed",
                        "codeProperty" : "code",
                        "type" : "Retrieve",
                        "codes" : {
                           "locator" : "81:38-81:71",
                           "name" : "Counseling for Physical Activity",
                           "type" : "ValueSetRef"
                        }
                     }
                  } ],
                  "relationship" : [ ],
                  "where" : {
                     "localId" : "145",
                     "locator" : "82:5-82:73",
                     "type" : "In",
                     "operand" : [ {
                        "localId" : "143",
                        "locator" : "82:11-82:45",
                        "path" : "relevantDatetime",
                        "scope" : "ActivityCounseling",
                        "type" : "Property"
                     }, {
                        "localId" : "144",
                        "locator" : "82:54-82:73",
                        "name" : "Measurement Period",
                        "type" : "ParameterRef"
                     } ]
                  }
               }
            }
         }, {
            "localId" : "163",
            "locator" : "84:1-86:119",
            "name" : "Stratification 2",
            "context" : "Patient",
            "accessLevel" : "Public",
            "annotation" : [ {
               "type" : "Annotation",
               "s" : {
                  "r" : "163",
                  "s" : [ {
                     "value" : [ "define ","\"Stratification 2\"",":\n  " ]
                  }, {
                     "r" : "162",
                     "s" : [ {
                        "value" : [ "exists " ]
                     }, {
                        "r" : "161",
                        "s" : [ {
                           "s" : [ {
                              "r" : "150",
                              "s" : [ {
                                 "r" : "149",
                                 "s" : [ {
                                    "r" : "149",
                                    "s" : [ {
                                       "value" : [ "[","\"Patient Characteristic Birthdate\"",": " ]
                                    }, {
                                       "s" : [ {
                                          "value" : [ "\"Birth date\"" ]
                                       } ]
                                    }, {
                                       "value" : [ "]" ]
                                    } ]
                                 } ]
                              }, {
                                 "value" : [ " ","BirthDate" ]
                              } ]
                           } ]
                        }, {
                           "value" : [ "\n    " ]
                        }, {
                           "r" : "160",
                           "s" : [ {
                              "value" : [ "where " ]
                           }, {
                              "r" : "160",
                              "s" : [ {
                                 "r" : "156",
                                 "s" : [ {
                                    "r" : "151",
                                    "s" : [ {
                                       "value" : [ "Global" ]
                                    } ]
                                 }, {
                                    "value" : [ "." ]
                                 }, {
                                    "r" : "156",
                                    "s" : [ {
                                       "value" : [ "\"CalendarAgeInYearsAt\""," ( " ]
                                    }, {
                                       "r" : "153",
                                       "s" : [ {
                                          "r" : "152",
                                          "s" : [ {
                                             "value" : [ "BirthDate" ]
                                          } ]
                                       }, {
                                          "value" : [ "." ]
                                       }, {
                                          "r" : "153",
                                          "s" : [ {
                                             "value" : [ "birthDatetime" ]
                                          } ]
                                       } ]
                                    }, {
                                       "value" : [ ", " ]
                                    }, {
                                       "r" : "155",
                                       "s" : [ {
                                          "value" : [ "start of " ]
                                       }, {
                                          "r" : "154",
                                          "s" : [ {
                                             "value" : [ "\"Measurement Period\"" ]
                                          } ]
                                       } ]
                                    }, {
                                       "value" : [ " )" ]
                                    } ]
                                 } ]
                              }, {
                                 "value" : [ " in " ]
                              }, {
                                 "r" : "159",
                                 "s" : [ {
                                    "r" : "157",
                                    "value" : [ "Interval[","12",", ","17"," )" ]
                                 } ]
                              } ]
                           } ]
                        } ]
                     } ]
                  } ]
               }
            } ],
            "expression" : {
               "localId" : "162",
               "locator" : "85:3-86:119",
               "type" : "Exists",
               "operand" : {
                  "localId" : "161",
                  "locator" : "85:10-86:119",
                  "type" : "Query",
                  "source" : [ {
                     "localId" : "150",
                     "locator" : "85:10-85:69",
                     "alias" : "BirthDate",
                     "expression" : {
                        "localId" : "149",
                        "locator" : "85:10-85:59",
                        "dataType" : "{urn:healthit-gov:qdm:v5_5}PatientCharacteristicBirthdate",
                        "codeProperty" : "code",
                        "type" : "Retrieve",
                        "codes" : {
                           "type" : "ToList",
                           "operand" : {
                              "locator" : "85:47-85:58",
                              "name" : "Birth date",
                              "type" : "CodeRef"
                           }
                        }
                     }
                  } ],
                  "relationship" : [ ],
                  "where" : {
                     "localId" : "160",
                     "locator" : "86:5-86:119",
                     "type" : "In",
                     "operand" : [ {
                        "localId" : "156",
                        "locator" : "86:11-86:98",
                        "name" : "CalendarAgeInYearsAt",
                        "libraryName" : "Global",
                        "type" : "FunctionRef",
                        "operand" : [ {
                           "localId" : "153",
                           "locator" : "86:43-86:65",
                           "path" : "birthDatetime",
                           "scope" : "BirthDate",
                           "type" : "Property"
                        }, {
                           "localId" : "155",
                           "locator" : "86:68-86:96",
                           "type" : "Start",
                           "operand" : {
                              "localId" : "154",
                              "locator" : "86:77-86:96",
                              "name" : "Measurement Period",
                              "type" : "ParameterRef"
                           }
                        } ]
                     }, {
                        "localId" : "159",
                        "locator" : "86:103-86:119",
                        "lowClosed" : true,
                        "highClosed" : false,
                        "type" : "Interval",
                        "low" : {
                           "localId" : "157",
                           "locator" : "86:112-86:113",
                           "valueType" : "{urn:hl7-org:elm-types:r1}Integer",
                           "value" : "12",
                           "type" : "Literal"
                        },
                        "high" : {
                           "localId" : "158",
                           "locator" : "86:116-86:117",
                           "valueType" : "{urn:hl7-org:elm-types:r1}Integer",
                           "value" : "17",
                           "type" : "Literal"
                        }
                     } ]
                  }
               }
            }
         }, {
            "localId" : "178",
            "locator" : "93:1-95:117",
            "name" : "Stratification 1",
            "context" : "Patient",
            "accessLevel" : "Public",
            "annotation" : [ {
               "type" : "Annotation",
               "s" : {
                  "r" : "178",
                  "s" : [ {
                     "value" : [ "define ","\"Stratification 1\"",":\n  " ]
                  }, {
                     "r" : "177",
                     "s" : [ {
                        "value" : [ "exists " ]
                     }, {
                        "r" : "176",
                        "s" : [ {
                           "s" : [ {
                              "r" : "165",
                              "s" : [ {
                                 "r" : "164",
                                 "s" : [ {
                                    "r" : "164",
                                    "s" : [ {
                                       "value" : [ "[","\"Patient Characteristic Birthdate\"",": " ]
                                    }, {
                                       "s" : [ {
                                          "value" : [ "\"Birth date\"" ]
                                       } ]
                                    }, {
                                       "value" : [ "]" ]
                                    } ]
                                 } ]
                              }, {
                                 "value" : [ " ","BirthDate" ]
                              } ]
                           } ]
                        }, {
                           "value" : [ "\n    " ]
                        }, {
                           "r" : "175",
                           "s" : [ {
                              "value" : [ "where " ]
                           }, {
                              "r" : "175",
                              "s" : [ {
                                 "r" : "171",
                                 "s" : [ {
                                    "r" : "166",
                                    "s" : [ {
                                       "value" : [ "Global" ]
                                    } ]
                                 }, {
                                    "value" : [ "." ]
                                 }, {
                                    "r" : "171",
                                    "s" : [ {
                                       "value" : [ "\"CalendarAgeInYearsAt\""," ( " ]
                                    }, {
                                       "r" : "168",
                                       "s" : [ {
                                          "r" : "167",
                                          "s" : [ {
                                             "value" : [ "BirthDate" ]
                                          } ]
                                       }, {
                                          "value" : [ "." ]
                                       }, {
                                          "r" : "168",
                                          "s" : [ {
                                             "value" : [ "birthDatetime" ]
                                          } ]
                                       } ]
                                    }, {
                                       "value" : [ ", " ]
                                    }, {
                                       "r" : "170",
                                       "s" : [ {
                                          "value" : [ "start of " ]
                                       }, {
                                          "r" : "169",
                                          "s" : [ {
                                             "value" : [ "\"Measurement Period\"" ]
                                          } ]
                                       } ]
                                    }, {
                                       "value" : [ " )" ]
                                    } ]
                                 } ]
                              }, {
                                 "value" : [ " in " ]
                              }, {
                                 "r" : "174",
                                 "s" : [ {
                                    "r" : "172",
                                    "value" : [ "Interval[","3",", ","11","]" ]
                                 } ]
                              } ]
                           } ]
                        } ]
                     } ]
                  } ]
               }
            } ],
            "expression" : {
               "localId" : "177",
               "locator" : "94:3-95:117",
               "type" : "Exists",
               "operand" : {
                  "localId" : "176",
                  "locator" : "94:10-95:117",
                  "type" : "Query",
                  "source" : [ {
                     "localId" : "165",
                     "locator" : "94:10-94:69",
                     "alias" : "BirthDate",
                     "expression" : {
                        "localId" : "164",
                        "locator" : "94:10-94:59",
                        "dataType" : "{urn:healthit-gov:qdm:v5_5}PatientCharacteristicBirthdate",
                        "codeProperty" : "code",
                        "type" : "Retrieve",
                        "codes" : {
                           "type" : "ToList",
                           "operand" : {
                              "locator" : "94:47-94:58",
                              "name" : "Birth date",
                              "type" : "CodeRef"
                           }
                        }
                     }
                  } ],
                  "relationship" : [ ],
                  "where" : {
                     "localId" : "175",
                     "locator" : "95:5-95:117",
                     "type" : "In",
                     "operand" : [ {
                        "localId" : "171",
                        "locator" : "95:11-95:98",
                        "name" : "CalendarAgeInYearsAt",
                        "libraryName" : "Global",
                        "type" : "FunctionRef",
                        "operand" : [ {
                           "localId" : "168",
                           "locator" : "95:43-95:65",
                           "path" : "birthDatetime",
                           "scope" : "BirthDate",
                           "type" : "Property"
                        }, {
                           "localId" : "170",
                           "locator" : "95:68-95:96",
                           "type" : "Start",
                           "operand" : {
                              "localId" : "169",
                              "locator" : "95:77-95:96",
                              "name" : "Measurement Period",
                              "type" : "ParameterRef"
                           }
                        } ]
                     }, {
                        "localId" : "174",
                        "locator" : "95:103-95:117",
                        "lowClosed" : true,
                        "highClosed" : true,
                        "type" : "Interval",
                        "low" : {
                           "localId" : "172",
                           "locator" : "95:112",
                           "valueType" : "{urn:hl7-org:elm-types:r1}Integer",
                           "value" : "3",
                           "type" : "Literal"
                        },
                        "high" : {
                           "localId" : "173",
                           "locator" : "95:115-95:116",
                           "valueType" : "{urn:hl7-org:elm-types:r1}Integer",
                           "value" : "11",
                           "type" : "Literal"
                        }
                     } ]
                  }
               }
            }
         } ]
      }
   }
}