{
   "library" : {
      "identifier" : {
         "id" : "AppropriateTreatmentforChildrenwithUpperRespiratoryInfectionURI",
         "version" : "8.1.000"
      },
      "schemaIdentifier" : {
         "id" : "urn:hl7-org:elm",
         "version" : "r1"
      },
      "usings" : {
         "def" : [ {
            "localIdentifier" : "System",
            "uri" : "urn:hl7-org:elm-types:r1"
         }, {
            "localId" : "1",
            "locator" : "3:1-3:23",
            "localIdentifier" : "QDM",
            "uri" : "urn:healthit-gov:qdm:v5_4",
            "version" : "5.4"
         } ]
      },
      "includes" : {
         "def" : [ {
            "localId" : "2",
            "locator" : "5:1-5:64",
            "localIdentifier" : "Global",
            "path" : "MATGlobalCommonFunctions",
            "version" : "4.0.000"
         }, {
            "localId" : "3",
            "locator" : "6:1-6:48",
            "localIdentifier" : "Hospice",
            "path" : "Hospice",
            "version" : "2.0.000"
         } ]
      },
      "parameters" : {
         "def" : [ {
            "localId" : "21",
            "locator" : "25:1-25:49",
            "name" : "Measurement Period",
            "accessLevel" : "Public",
            "parameterTypeSpecifier" : {
               "localId" : "20",
               "locator" : "25:32-25:49",
               "type" : "IntervalTypeSpecifier",
               "pointType" : {
                  "localId" : "19",
                  "locator" : "25:41-25:48",
                  "name" : "{urn:hl7-org:elm-types:r1}DateTime",
                  "type" : "NamedTypeSpecifier"
               }
            }
         } ]
      },
      "codeSystems" : {
         "def" : [ {
            "localId" : "4",
            "locator" : "8:1-8:51",
            "name" : "LOINC",
            "id" : "urn:oid:2.16.840.1.113883.6.1",
            "accessLevel" : "Public"
         } ]
      },
      "valueSets" : {
         "def" : [ {
            "localId" : "5",
            "locator" : "10:1-10:101",
            "name" : "Antibiotic Medications for Pharyngitis",
            "id" : "urn:oid:2.16.840.1.113883.3.464.1003.196.12.1001",
            "accessLevel" : "Public"
         }, {
            "localId" : "6",
            "locator" : "11:1-11:110",
            "name" : "Competing Conditions for Respiratory Conditions",
            "id" : "urn:oid:2.16.840.1.113883.3.464.1003.102.12.1017",
            "accessLevel" : "Public"
         }, {
            "localId" : "7",
            "locator" : "12:1-12:89",
            "name" : "Emergency Department Visit",
            "id" : "urn:oid:2.16.840.1.113883.3.464.1003.101.12.1010",
            "accessLevel" : "Public"
         }, {
            "localId" : "8",
            "locator" : "13:1-13:58",
            "name" : "Ethnicity",
            "id" : "urn:oid:2.16.840.1.114222.4.11.837",
            "accessLevel" : "Public"
         }, {
            "localId" : "9",
            "locator" : "14:1-14:98",
            "name" : "Hospital Observation Care - Initial",
            "id" : "urn:oid:2.16.840.1.113883.3.464.1003.101.12.1002",
            "accessLevel" : "Public"
         }, {
            "localId" : "10",
            "locator" : "15:1-15:75",
            "name" : "Office Visit",
            "id" : "urn:oid:2.16.840.1.113883.3.464.1003.101.12.1001",
            "accessLevel" : "Public"
         }, {
            "localId" : "11",
            "locator" : "16:1-16:68",
            "name" : "ONC Administrative Sex",
            "id" : "urn:oid:2.16.840.1.113762.1.4.1",
            "accessLevel" : "Public"
         }, {
            "localId" : "12",
            "locator" : "17:1-17:55",
            "name" : "Payer",
            "id" : "urn:oid:2.16.840.1.114222.4.11.3591",
            "accessLevel" : "Public"
         }, {
            "localId" : "13",
            "locator" : "18:1-18:118",
            "name" : "Preventive Care Services, Initial Office Visit, 0 to 17",
            "id" : "urn:oid:2.16.840.1.113883.3.464.1003.101.12.1022",
            "accessLevel" : "Public"
         }, {
            "localId" : "14",
            "locator" : "19:1-19:113",
            "name" : "Preventive Care, Established Office Visit, 0 to 17",
            "id" : "urn:oid:2.16.840.1.113883.3.464.1003.101.12.1024",
            "accessLevel" : "Public"
         }, {
            "localId" : "15",
            "locator" : "20:1-20:53",
            "name" : "Race",
            "id" : "urn:oid:2.16.840.1.114222.4.11.836",
            "accessLevel" : "Public"
         }, {
            "localId" : "16",
            "locator" : "21:1-21:90",
            "name" : "Upper Respiratory Infection",
            "id" : "urn:oid:2.16.840.1.113883.3.464.1003.102.12.1022",
            "accessLevel" : "Public"
         } ]
      },
      "codes" : {
         "def" : [ {
            "localId" : "18",
            "locator" : "23:1-23:62",
            "name" : "Birth date",
            "id" : "21112-8",
            "display" : "Birth date",
            "accessLevel" : "Public",
            "codeSystem" : {
               "localId" : "17",
               "locator" : "23:35-23:41",
               "name" : "LOINC"
            }
         } ]
      },
      "statements" : {
         "def" : [ {
            "locator" : "27:1-27:15",
            "name" : "Patient",
            "context" : "Patient",
            "expression" : {
               "type" : "SingletonFrom",
               "operand" : {
                  "locator" : "27:1-27:15",
                  "dataType" : "{urn:healthit-gov:qdm:v5_4}Patient",
                  "templateId" : "Patient",
                  "type" : "Retrieve"
               }
            }
         }, {
            "localId" : "23",
            "locator" : "29:1-30:50",
            "name" : "SDE Ethnicity",
            "context" : "Patient",
            "accessLevel" : "Public",
            "annotation" : [ {
               "type" : "Annotation",
               "s" : {
                  "r" : "23",
                  "s" : [ {
                     "value" : [ "define ","\"SDE Ethnicity\"",":\n\t" ]
                  }, {
                     "r" : "22",
                     "s" : [ {
                        "value" : [ "[","\"Patient Characteristic Ethnicity\"",": " ]
                     }, {
                        "s" : [ {
                           "value" : [ "\"Ethnicity\"" ]
                        } ]
                     }, {
                        "value" : [ "]" ]
                     } ]
                  } ]
               }
            } ],
            "expression" : {
               "localId" : "22",
               "locator" : "30:2-30:50",
               "dataType" : "{urn:healthit-gov:qdm:v5_4}PatientCharacteristicEthnicity",
               "codeProperty" : "code",
               "type" : "Retrieve",
               "codes" : {
                  "name" : "Ethnicity",
                  "type" : "ValueSetRef"
               }
            }
         }, {
            "localId" : "25",
            "locator" : "32:1-33:42",
            "name" : "SDE Payer",
            "context" : "Patient",
            "accessLevel" : "Public",
            "annotation" : [ {
               "type" : "Annotation",
               "s" : {
                  "r" : "25",
                  "s" : [ {
                     "value" : [ "define ","\"SDE Payer\"",":\n\t" ]
                  }, {
                     "r" : "24",
                     "s" : [ {
                        "value" : [ "[","\"Patient Characteristic Payer\"",": " ]
                     }, {
                        "s" : [ {
                           "value" : [ "\"Payer\"" ]
                        } ]
                     }, {
                        "value" : [ "]" ]
                     } ]
                  } ]
               }
            } ],
            "expression" : {
               "localId" : "24",
               "locator" : "33:2-33:42",
               "dataType" : "{urn:healthit-gov:qdm:v5_4}PatientCharacteristicPayer",
               "codeProperty" : "code",
               "type" : "Retrieve",
               "codes" : {
                  "name" : "Payer",
                  "type" : "ValueSetRef"
               }
            }
         }, {
            "localId" : "27",
            "locator" : "35:1-36:40",
            "name" : "SDE Race",
            "context" : "Patient",
            "accessLevel" : "Public",
            "annotation" : [ {
               "type" : "Annotation",
               "s" : {
                  "r" : "27",
                  "s" : [ {
                     "value" : [ "define ","\"SDE Race\"",":\n\t" ]
                  }, {
                     "r" : "26",
                     "s" : [ {
                        "value" : [ "[","\"Patient Characteristic Race\"",": " ]
                     }, {
                        "s" : [ {
                           "value" : [ "\"Race\"" ]
                        } ]
                     }, {
                        "value" : [ "]" ]
                     } ]
                  } ]
               }
            } ],
            "expression" : {
               "localId" : "26",
               "locator" : "36:2-36:40",
               "dataType" : "{urn:healthit-gov:qdm:v5_4}PatientCharacteristicRace",
               "codeProperty" : "code",
               "type" : "Retrieve",
               "codes" : {
                  "name" : "Race",
                  "type" : "ValueSetRef"
               }
            }
         }, {
            "localId" : "29",
            "locator" : "38:1-39:57",
            "name" : "SDE Sex",
            "context" : "Patient",
            "accessLevel" : "Public",
            "annotation" : [ {
               "type" : "Annotation",
               "s" : {
                  "r" : "29",
                  "s" : [ {
                     "value" : [ "define ","\"SDE Sex\"",":\n\t" ]
                  }, {
                     "r" : "28",
                     "s" : [ {
                        "value" : [ "[","\"Patient Characteristic Sex\"",": " ]
                     }, {
                        "s" : [ {
                           "value" : [ "\"ONC Administrative Sex\"" ]
                        } ]
                     }, {
                        "value" : [ "]" ]
                     } ]
                  } ]
               }
            } ],
            "expression" : {
               "localId" : "28",
               "locator" : "39:2-39:57",
               "dataType" : "{urn:healthit-gov:qdm:v5_4}PatientCharacteristicSex",
               "codeProperty" : "code",
               "type" : "Retrieve",
               "codes" : {
                  "name" : "ONC Administrative Sex",
                  "type" : "ValueSetRef"
               }
            }
         }, {
            "localId" : "45",
            "locator" : "44:1-50:65",
            "name" : "Qualifying Encounter",
            "context" : "Patient",
            "accessLevel" : "Public",
            "annotation" : [ {
               "type" : "Annotation",
               "s" : {
                  "r" : "45",
                  "s" : [ {
                     "value" : [ "define ","\"Qualifying Encounter\"",":\n\t" ]
                  }, {
                     "r" : "44",
                     "s" : [ {
                        "s" : [ {
                           "r" : "39",
                           "s" : [ {
                              "r" : "38",
                              "s" : [ {
                                 "value" : [ "( " ]
                              }, {
                                 "r" : "38",
                                 "s" : [ {
                                    "r" : "36",
                                    "s" : [ {
                                       "r" : "34",
                                       "s" : [ {
                                          "r" : "32",
                                          "s" : [ {
                                             "r" : "30",
                                             "s" : [ {
                                                "value" : [ "[","\"Encounter, Performed\"",": " ]
                                             }, {
                                                "s" : [ {
                                                   "value" : [ "\"Office Visit\"" ]
                                                } ]
                                             }, {
                                                "value" : [ "]" ]
                                             } ]
                                          }, {
                                             "value" : [ "\n\t\tunion " ]
                                          }, {
                                             "r" : "31",
                                             "s" : [ {
                                                "value" : [ "[","\"Encounter, Performed\"",": " ]
                                             }, {
                                                "s" : [ {
                                                   "value" : [ "\"Emergency Department Visit\"" ]
                                                } ]
                                             }, {
                                                "value" : [ "]" ]
                                             } ]
                                          } ]
                                       }, {
                                          "value" : [ "\n\t\tunion " ]
                                       }, {
                                          "r" : "33",
                                          "s" : [ {
                                             "value" : [ "[","\"Encounter, Performed\"",": " ]
                                          }, {
                                             "s" : [ {
                                                "value" : [ "\"Preventive Care Services, Initial Office Visit, 0 to 17\"" ]
                                             } ]
                                          }, {
                                             "value" : [ "]" ]
                                          } ]
                                       } ]
                                    }, {
                                       "value" : [ "\n\t\tunion " ]
                                    }, {
                                       "r" : "35",
                                       "s" : [ {
                                          "value" : [ "[","\"Encounter, Performed\"",": " ]
                                       }, {
                                          "s" : [ {
                                             "value" : [ "\"Preventive Care, Established Office Visit, 0 to 17\"" ]
                                          } ]
                                       }, {
                                          "value" : [ "]" ]
                                       } ]
                                    } ]
                                 }, {
                                    "value" : [ "\n\t\tunion " ]
                                 }, {
                                    "r" : "37",
                                    "s" : [ {
                                       "value" : [ "[","\"Encounter, Performed\"",": " ]
                                    }, {
                                       "s" : [ {
                                          "value" : [ "\"Hospital Observation Care - Initial\"" ]
                                       } ]
                                    }, {
                                       "value" : [ "]" ]
                                    } ]
                                 } ]
                              }, {
                                 "value" : [ " )" ]
                              } ]
                           }, {
                              "value" : [ " ","ValidEncounter" ]
                           } ]
                        } ]
                     }, {
                        "value" : [ "\n\t\t" ]
                     }, {
                        "r" : "43",
                        "s" : [ {
                           "value" : [ "where " ]
                        }, {
                           "r" : "43",
                           "s" : [ {
                              "r" : "41",
                              "s" : [ {
                                 "r" : "40",
                                 "s" : [ {
                                    "value" : [ "ValidEncounter" ]
                                 } ]
                              }, {
                                 "value" : [ "." ]
                              }, {
                                 "r" : "41",
                                 "s" : [ {
                                    "value" : [ "relevantPeriod" ]
                                 } ]
                              } ]
                           }, {
                              "value" : [ " ","during"," " ]
                           }, {
                              "r" : "42",
                              "s" : [ {
                                 "value" : [ "\"Measurement Period\"" ]
                              } ]
                           } ]
                        } ]
                     } ]
                  } ]
               }
            } ],
            "expression" : {
               "localId" : "44",
               "locator" : "45:2-50:65",
               "type" : "Query",
               "source" : [ {
                  "localId" : "39",
                  "locator" : "45:2-49:88",
                  "alias" : "ValidEncounter",
                  "expression" : {
                     "localId" : "38",
                     "locator" : "45:2-49:73",
                     "type" : "Union",
                     "operand" : [ {
                        "localId" : "36",
                        "locator" : "45:4-48:86",
                        "type" : "Union",
                        "operand" : [ {
                           "localId" : "32",
                           "locator" : "45:4-46:62",
                           "type" : "Union",
                           "operand" : [ {
                              "localId" : "30",
                              "locator" : "45:4-45:43",
                              "dataType" : "{urn:healthit-gov:qdm:v5_4}PositiveEncounterPerformed",
                              "templateId" : "PositiveEncounterPerformed",
                              "codeProperty" : "code",
                              "type" : "Retrieve",
                              "codes" : {
                                 "name" : "Office Visit",
                                 "type" : "ValueSetRef"
                              }
                           }, {
                              "localId" : "31",
                              "locator" : "46:9-46:62",
                              "dataType" : "{urn:healthit-gov:qdm:v5_4}PositiveEncounterPerformed",
                              "templateId" : "PositiveEncounterPerformed",
                              "codeProperty" : "code",
                              "type" : "Retrieve",
                              "codes" : {
                                 "name" : "Emergency Department Visit",
                                 "type" : "ValueSetRef"
                              }
                           } ]
                        }, {
                           "type" : "Union",
                           "operand" : [ {
                              "localId" : "33",
                              "locator" : "47:9-47:91",
                              "dataType" : "{urn:healthit-gov:qdm:v5_4}PositiveEncounterPerformed",
                              "templateId" : "PositiveEncounterPerformed",
                              "codeProperty" : "code",
                              "type" : "Retrieve",
                              "codes" : {
                                 "name" : "Preventive Care Services, Initial Office Visit, 0 to 17",
                                 "type" : "ValueSetRef"
                              }
                           }, {
                              "localId" : "35",
                              "locator" : "48:9-48:86",
                              "dataType" : "{urn:healthit-gov:qdm:v5_4}PositiveEncounterPerformed",
                              "templateId" : "PositiveEncounterPerformed",
                              "codeProperty" : "code",
                              "type" : "Retrieve",
                              "codes" : {
                                 "name" : "Preventive Care, Established Office Visit, 0 to 17",
                                 "type" : "ValueSetRef"
                              }
                           } ]
                        } ]
                     }, {
                        "localId" : "37",
                        "locator" : "49:9-49:71",
                        "dataType" : "{urn:healthit-gov:qdm:v5_4}PositiveEncounterPerformed",
                        "templateId" : "PositiveEncounterPerformed",
                        "codeProperty" : "code",
                        "type" : "Retrieve",
                        "codes" : {
                           "name" : "Hospital Observation Care - Initial",
                           "type" : "ValueSetRef"
                        }
                     } ]
                  }
               } ],
               "relationship" : [ ],
               "where" : {
                  "localId" : "43",
                  "locator" : "50:3-50:65",
                  "type" : "IncludedIn",
                  "operand" : [ {
                     "localId" : "41",
                     "locator" : "50:9-50:37",
                     "path" : "relevantPeriod",
                     "scope" : "ValidEncounter",
                     "type" : "Property"
                  }, {
                     "localId" : "42",
                     "locator" : "50:46-50:65",
                     "name" : "Measurement Period",
                     "type" : "ParameterRef"
                  } ]
               }
            }
         }, {
            "localId" : "62",
            "locator" : "56:1-61:77",
            "name" : "Encounter with Upper Respiratory Infection",
            "context" : "Patient",
            "accessLevel" : "Public",
            "annotation" : [ {
               "type" : "Annotation",
               "s" : {
                  "r" : "62",
                  "s" : [ {
                     "value" : [ "define ","\"Encounter with Upper Respiratory Infection\"",":\n\t" ]
                  }, {
                     "r" : "61",
                     "s" : [ {
                        "s" : [ {
                           "value" : [ "from\n\t\t" ]
                        }, {
                           "r" : "47",
                           "s" : [ {
                              "r" : "46",
                              "s" : [ {
                                 "s" : [ {
                                    "value" : [ "\"Qualifying Encounter\"" ]
                                 } ]
                              } ]
                           }, {
                              "value" : [ " ","QualifyingEncounter" ]
                           } ]
                        }, {
                           "value" : [ ",\n\t\t" ]
                        }, {
                           "r" : "49",
                           "s" : [ {
                              "r" : "48",
                              "s" : [ {
                                 "r" : "48",
                                 "s" : [ {
                                    "value" : [ "[","\"Diagnosis\"",": " ]
                                 }, {
                                    "s" : [ {
                                       "value" : [ "\"Upper Respiratory Infection\"" ]
                                    } ]
                                 }, {
                                    "value" : [ "]" ]
                                 } ]
                              } ]
                           }, {
                              "value" : [ " ","URI" ]
                           } ]
                        } ]
                     }, {
                        "value" : [ "\n\t\t" ]
                     }, {
                        "r" : "60",
                        "s" : [ {
                           "value" : [ "where " ]
                        }, {
                           "r" : "60",
                           "s" : [ {
                              "r" : "54",
                              "s" : [ {
                                 "r" : "51",
                                 "s" : [ {
                                    "r" : "50",
                                    "s" : [ {
                                       "value" : [ "URI" ]
                                    } ]
                                 }, {
                                    "value" : [ "." ]
                                 }, {
                                    "r" : "51",
                                    "s" : [ {
                                       "value" : [ "prevalencePeriod" ]
                                    } ]
                                 } ]
                              }, {
                                 "value" : [ " ","starts during"," " ]
                              }, {
                                 "r" : "53",
                                 "s" : [ {
                                    "r" : "52",
                                    "s" : [ {
                                       "value" : [ "QualifyingEncounter" ]
                                    } ]
                                 }, {
                                    "value" : [ "." ]
                                 }, {
                                    "r" : "53",
                                    "s" : [ {
                                       "value" : [ "relevantPeriod" ]
                                    } ]
                                 } ]
                              } ]
                           }, {
                              "value" : [ "\n\t\t\tor " ]
                           }, {
                              "r" : "59",
                              "s" : [ {
                                 "r" : "56",
                                 "s" : [ {
                                    "r" : "55",
                                    "s" : [ {
                                       "value" : [ "URI" ]
                                    } ]
                                 }, {
                                    "value" : [ "." ]
                                 }, {
                                    "r" : "56",
                                    "s" : [ {
                                       "value" : [ "prevalencePeriod" ]
                                    } ]
                                 } ]
                              }, {
                                 "value" : [ " ","overlaps before"," " ]
                              }, {
                                 "r" : "58",
                                 "s" : [ {
                                    "r" : "57",
                                    "s" : [ {
                                       "value" : [ "QualifyingEncounter" ]
                                    } ]
                                 }, {
                                    "value" : [ "." ]
                                 }, {
                                    "r" : "58",
                                    "s" : [ {
                                       "value" : [ "relevantPeriod" ]
                                    } ]
                                 } ]
                              } ]
                           } ]
                        } ]
                     } ]
                  } ]
               }
            } ],
            "expression" : {
               "localId" : "61",
               "locator" : "57:2-61:77",
               "type" : "Query",
               "source" : [ {
                  "localId" : "47",
                  "locator" : "58:3-58:44",
                  "alias" : "QualifyingEncounter",
                  "expression" : {
                     "localId" : "46",
                     "locator" : "58:3-58:24",
                     "name" : "Qualifying Encounter",
                     "type" : "ExpressionRef"
                  }
               }, {
                  "localId" : "49",
                  "locator" : "59:3-59:50",
                  "alias" : "URI",
                  "expression" : {
                     "localId" : "48",
                     "locator" : "59:3-59:46",
                     "dataType" : "{urn:healthit-gov:qdm:v5_4}Diagnosis",
                     "codeProperty" : "code",
                     "type" : "Retrieve",
                     "codes" : {
                        "name" : "Upper Respiratory Infection",
                        "type" : "ValueSetRef"
                     }
                  }
               } ],
               "relationship" : [ ],
               "where" : {
                  "localId" : "60",
                  "locator" : "60:3-61:77",
                  "type" : "Or",
                  "operand" : [ {
                     "localId" : "54",
                     "locator" : "60:9-60:77",
                     "type" : "In",
                     "operand" : [ {
                        "locator" : "60:30-60:35",
                        "type" : "Start",
                        "operand" : {
                           "localId" : "51",
                           "locator" : "60:9-60:28",
                           "path" : "prevalencePeriod",
                           "scope" : "URI",
                           "type" : "Property"
                        }
                     }, {
                        "localId" : "53",
                        "locator" : "60:44-60:77",
                        "path" : "relevantPeriod",
                        "scope" : "QualifyingEncounter",
                        "type" : "Property"
                     } ]
                  }, {
                     "localId" : "59",
                     "locator" : "61:7-61:77",
                     "type" : "OverlapsBefore",
                     "operand" : [ {
                        "localId" : "56",
                        "locator" : "61:7-61:26",
                        "path" : "prevalencePeriod",
                        "scope" : "URI",
                        "type" : "Property"
                     }, {
                        "localId" : "58",
                        "locator" : "61:44-61:77",
                        "path" : "relevantPeriod",
                        "scope" : "QualifyingEncounter",
                        "type" : "Property"
                     } ]
                  } ]
               },
               "return" : {
                  "distinct" : true,
                  "expression" : {
                     "type" : "Tuple",
                     "element" : [ {
                        "name" : "QualifyingEncounter",
                        "value" : {
                           "name" : "QualifyingEncounter",
                           "type" : "AliasRef"
                        }
                     }, {
                        "name" : "URI",
                        "value" : {
                           "name" : "URI",
                           "type" : "AliasRef"
                        }
                     } ]
                  }
               }
            }
         }, {
            "localId" : "89",
            "locator" : "87:1-92:45",
            "name" : "Initial Population",
            "context" : "Patient",
            "accessLevel" : "Public",
            "annotation" : [ {
               "type" : "Annotation",
               "s" : {
                  "r" : "89",
                  "s" : [ {
                     "value" : [ "define ","\"Initial Population\"",":\n\t" ]
                  }, {
                     "r" : "88",
                     "s" : [ {
                        "s" : [ {
                           "r" : "64",
                           "s" : [ {
                              "r" : "63",
                              "s" : [ {
                                 "s" : [ {
                                    "value" : [ "\"Encounter with Upper Respiratory Infection\"" ]
                                 } ]
                              } ]
                           }, {
                              "value" : [ " ","EncounterWithURI" ]
                           } ]
                        } ]
                     }, {
                        "value" : [ "\n\t\t" ]
                     }, {
                        "r" : "84",
                        "s" : [ {
                           "value" : [ "with " ]
                        }, {
                           "r" : "66",
                           "s" : [ {
                              "r" : "65",
                              "s" : [ {
                                 "r" : "65",
                                 "s" : [ {
                                    "value" : [ "[","\"Patient Characteristic Birthdate\"",": " ]
                                 }, {
                                    "s" : [ {
                                       "value" : [ "\"Birth date\"" ]
                                    } ]
                                 }, {
                                    "value" : [ "]" ]
                                 } ]
                              } ]
                           }, {
                              "value" : [ " ","BirthDate" ]
                           } ]
                        }, {
                           "value" : [ "\n\t\t\tsuch that " ]
                        }, {
                           "r" : "83",
                           "s" : [ {
                              "r" : "74",
                              "s" : [ {
                                 "r" : "72",
                                 "s" : [ {
                                    "r" : "67",
                                    "s" : [ {
                                       "value" : [ "Global" ]
                                    } ]
                                 }, {
                                    "value" : [ "." ]
                                 }, {
                                    "r" : "72",
                                    "s" : [ {
                                       "value" : [ "\"CalendarAgeInMonthsAt\"","(" ]
                                    }, {
                                       "r" : "69",
                                       "s" : [ {
                                          "r" : "68",
                                          "s" : [ {
                                             "value" : [ "BirthDate" ]
                                          } ]
                                       }, {
                                          "value" : [ "." ]
                                       }, {
                                          "r" : "69",
                                          "s" : [ {
                                             "value" : [ "birthDatetime" ]
                                          } ]
                                       } ]
                                    }, {
                                       "value" : [ ", " ]
                                    }, {
                                       "r" : "71",
                                       "s" : [ {
                                          "value" : [ "start of " ]
                                       }, {
                                          "r" : "70",
                                          "s" : [ {
                                             "value" : [ "\"Measurement Period\"" ]
                                          } ]
                                       } ]
                                    }, {
                                       "value" : [ ")" ]
                                    } ]
                                 } ]
                              }, {
                                 "value" : [ ">="," ","3" ]
                              } ]
                           }, {
                              "value" : [ "\n\t\t\t\tand " ]
                           }, {
                              "r" : "82",
                              "s" : [ {
                                 "r" : "80",
                                 "s" : [ {
                                    "r" : "75",
                                    "s" : [ {
                                       "value" : [ "Global" ]
                                    } ]
                                 }, {
                                    "value" : [ "." ]
                                 }, {
                                    "r" : "80",
                                    "s" : [ {
                                       "value" : [ "\"CalendarAgeInYearsAt\"","(" ]
                                    }, {
                                       "r" : "77",
                                       "s" : [ {
                                          "r" : "76",
                                          "s" : [ {
                                             "value" : [ "BirthDate" ]
                                          } ]
                                       }, {
                                          "value" : [ "." ]
                                       }, {
                                          "r" : "77",
                                          "s" : [ {
                                             "value" : [ "birthDatetime" ]
                                          } ]
                                       } ]
                                    }, {
                                       "value" : [ ", " ]
                                    }, {
                                       "r" : "79",
                                       "s" : [ {
                                          "value" : [ "start of " ]
                                       }, {
                                          "r" : "78",
                                          "s" : [ {
                                             "value" : [ "\"Measurement Period\"" ]
                                          } ]
                                       } ]
                                    }, {
                                       "value" : [ ")" ]
                                    } ]
                                 } ]
                              }, {
                                 "value" : [ "<"," ","18" ]
                              } ]
                           } ]
                        } ]
                     }, {
                        "value" : [ "\n\t\t" ]
                     }, {
                        "r" : "87",
                        "s" : [ {
                           "value" : [ "return " ]
                        }, {
                           "r" : "86",
                           "s" : [ {
                              "r" : "85",
                              "s" : [ {
                                 "value" : [ "EncounterWithURI" ]
                              } ]
                           }, {
                              "value" : [ "." ]
                           }, {
                              "r" : "86",
                              "s" : [ {
                                 "value" : [ "QualifyingEncounter" ]
                              } ]
                           } ]
                        } ]
                     } ]
                  } ]
               }
            } ],
            "expression" : {
               "localId" : "88",
               "locator" : "88:2-92:45",
               "type" : "Query",
               "source" : [ {
                  "localId" : "64",
                  "locator" : "88:2-88:62",
                  "alias" : "EncounterWithURI",
                  "expression" : {
                     "localId" : "63",
                     "locator" : "88:2-88:45",
                     "name" : "Encounter with Upper Respiratory Infection",
                     "type" : "ExpressionRef"
                  }
               } ],
               "relationship" : [ {
                  "localId" : "84",
                  "locator" : "89:3-91:97",
                  "alias" : "BirthDate",
                  "type" : "With",
                  "expression" : {
                     "localId" : "65",
                     "locator" : "89:8-89:57",
                     "dataType" : "{urn:healthit-gov:qdm:v5_4}PatientCharacteristicBirthdate",
                     "codeProperty" : "code",
                     "type" : "Retrieve",
                     "codes" : {
                        "type" : "ToList",
                        "operand" : {
                           "name" : "Birth date",
                           "type" : "CodeRef"
                        }
                     }
                  },
                  "suchThat" : {
                     "localId" : "83",
                     "locator" : "90:14-91:97",
                     "type" : "And",
                     "operand" : [ {
                        "localId" : "74",
                        "locator" : "90:14-90:103",
                        "type" : "GreaterOrEqual",
                        "operand" : [ {
                           "localId" : "72",
                           "locator" : "90:14-90:99",
                           "name" : "CalendarAgeInMonthsAt",
                           "libraryName" : "Global",
                           "type" : "FunctionRef",
                           "operand" : [ {
                              "localId" : "69",
                              "locator" : "90:45-90:67",
                              "path" : "birthDatetime",
                              "scope" : "BirthDate",
                              "type" : "Property"
                           }, {
                              "localId" : "71",
                              "locator" : "90:70-90:98",
                              "type" : "Start",
                              "operand" : {
                                 "localId" : "70",
                                 "locator" : "90:79-90:98",
                                 "name" : "Measurement Period",
                                 "type" : "ParameterRef"
                              }
                           } ]
                        }, {
                           "localId" : "73",
                           "locator" : "90:103",
                           "valueType" : "{urn:hl7-org:elm-types:r1}Integer",
                           "value" : "3",
                           "type" : "Literal"
                        } ]
                     }, {
                        "localId" : "82",
                        "locator" : "91:9-91:97",
                        "type" : "Less",
                        "operand" : [ {
                           "localId" : "80",
                           "locator" : "91:9-91:93",
                           "name" : "CalendarAgeInYearsAt",
                           "libraryName" : "Global",
                           "type" : "FunctionRef",
                           "operand" : [ {
                              "localId" : "77",
                              "locator" : "91:39-91:61",
                              "path" : "birthDatetime",
                              "scope" : "BirthDate",
                              "type" : "Property"
                           }, {
                              "localId" : "79",
                              "locator" : "91:64-91:92",
                              "type" : "Start",
                              "operand" : {
                                 "localId" : "78",
                                 "locator" : "91:73-91:92",
                                 "name" : "Measurement Period",
                                 "type" : "ParameterRef"
                              }
                           } ]
                        }, {
                           "localId" : "81",
                           "locator" : "91:96-91:97",
                           "valueType" : "{urn:hl7-org:elm-types:r1}Integer",
                           "value" : "18",
                           "type" : "Literal"
                        } ]
                     } ]
                  }
               } ],
               "return" : {
                  "localId" : "87",
                  "locator" : "92:3-92:45",
                  "expression" : {
                     "localId" : "86",
                     "locator" : "92:10-92:45",
                     "path" : "QualifyingEncounter",
                     "scope" : "EncounterWithURI",
                     "type" : "Property"
                  }
               }
            }
         }, {
            "localId" : "91",
            "locator" : "41:1-42:21",
            "name" : "Denominator",
            "context" : "Patient",
            "accessLevel" : "Public",
            "annotation" : [ {
               "type" : "Annotation",
               "s" : {
                  "r" : "91",
                  "s" : [ {
                     "value" : [ "define ","\"Denominator\"",":\n\t" ]
                  }, {
                     "r" : "90",
                     "s" : [ {
                        "value" : [ "\"Initial Population\"" ]
                     } ]
                  } ]
               }
            } ],
            "expression" : {
               "localId" : "90",
               "locator" : "42:2-42:21",
               "name" : "Initial Population",
               "type" : "ExpressionRef"
            }
         }, {
            "localId" : "97",
            "locator" : "52:1-54:29",
            "name" : "In Hospice",
            "context" : "Patient",
            "accessLevel" : "Public",
            "annotation" : [ {
               "type" : "Annotation",
               "s" : {
                  "r" : "97",
                  "s" : [ {
                     "value" : [ "define ","\"In Hospice\"",":\n\t" ]
                  }, {
                     "r" : "96",
                     "s" : [ {
                        "s" : [ {
                           "r" : "93",
                           "s" : [ {
                              "r" : "92",
                              "s" : [ {
                                 "s" : [ {
                                    "value" : [ "\"Initial Population\"" ]
                                 } ]
                              } ]
                           }, {
                              "value" : [ " ","InitialPopulation" ]
                           } ]
                        } ]
                     }, {
                        "value" : [ "\n\t\t" ]
                     }, {
                        "r" : "95",
                        "s" : [ {
                           "value" : [ "where " ]
                        }, {
                           "r" : "95",
                           "s" : [ {
                              "r" : "94",
                              "s" : [ {
                                 "value" : [ "Hospice" ]
                              } ]
                           }, {
                              "value" : [ "." ]
                           }, {
                              "r" : "95",
                              "s" : [ {
                                 "value" : [ "\"Has Hospice\"" ]
                              } ]
                           } ]
                        } ]
                     } ]
                  } ]
               }
            } ],
            "expression" : {
               "localId" : "96",
               "locator" : "53:2-54:29",
               "type" : "Query",
               "source" : [ {
                  "localId" : "93",
                  "locator" : "53:2-53:39",
                  "alias" : "InitialPopulation",
                  "expression" : {
                     "localId" : "92",
                     "locator" : "53:2-53:21",
                     "name" : "Initial Population",
                     "type" : "ExpressionRef"
                  }
               } ],
               "relationship" : [ ],
               "where" : {
                  "localId" : "95",
                  "locator" : "54:3-54:29",
                  "name" : "Has Hospice",
                  "libraryName" : "Hospice",
                  "type" : "ExpressionRef"
               }
            }
         }, {
            "localId" : "115",
            "locator" : "63:1-68:2",
            "name" : "Encounter with Competing Diagnosis for Upper Respiratory Infection",
            "context" : "Patient",
            "accessLevel" : "Public",
            "annotation" : [ {
               "type" : "Annotation",
               "s" : {
                  "r" : "115",
                  "s" : [ {
                     "value" : [ "define ","\"Encounter with Competing Diagnosis for Upper Respiratory Infection\"",":\n\t" ]
                  }, {
                     "r" : "114",
                     "s" : [ {
                        "value" : [ "( " ]
                     }, {
                        "r" : "114",
                        "s" : [ {
                           "s" : [ {
                              "r" : "99",
                              "s" : [ {
                                 "r" : "98",
                                 "s" : [ {
                                    "s" : [ {
                                       "value" : [ "\"Encounter with Upper Respiratory Infection\"" ]
                                    } ]
                                 } ]
                              }, {
                                 "value" : [ " ","EncounterWithURI" ]
                              } ]
                           } ]
                        }, {
                           "value" : [ "\n\t\t\t" ]
                        }, {
                           "r" : "110",
                           "s" : [ {
                              "value" : [ "with " ]
                           }, {
                              "r" : "101",
                              "s" : [ {
                                 "r" : "100",
                                 "s" : [ {
                                    "r" : "100",
                                    "s" : [ {
                                       "value" : [ "[","\"Diagnosis\"",": " ]
                                    }, {
                                       "s" : [ {
                                          "value" : [ "\"Competing Conditions for Respiratory Conditions\"" ]
                                       } ]
                                    }, {
                                       "value" : [ "]" ]
                                    } ]
                                 } ]
                              }, {
                                 "value" : [ " ","CompetingCondition" ]
                              } ]
                           }, {
                              "value" : [ "\n\t\t\t\tsuch that " ]
                           }, {
                              "r" : "109",
                              "s" : [ {
                                 "r" : "103",
                                 "s" : [ {
                                    "r" : "102",
                                    "s" : [ {
                                       "value" : [ "CompetingCondition" ]
                                    } ]
                                 }, {
                                    "value" : [ "." ]
                                 }, {
                                    "r" : "103",
                                    "s" : [ {
                                       "value" : [ "prevalencePeriod" ]
                                    } ]
                                 } ]
                              }, {
                                 "value" : [ " " ]
                              }, {
                                 "r" : "109",
                                 "s" : [ {
                                    "value" : [ "starts " ]
                                 }, {
                                    "r" : "108",
                                    "s" : [ {
                                       "value" : [ "3 ","days" ]
                                    } ]
                                 }, {
                                    "value" : [ " or less after day of" ]
                                 } ]
                              }, {
                                 "value" : [ " " ]
                              }, {
                                 "r" : "107",
                                 "s" : [ {
                                    "value" : [ "start of " ]
                                 }, {
                                    "r" : "106",
                                    "s" : [ {
                                       "r" : "105",
                                       "s" : [ {
                                          "r" : "104",
                                          "s" : [ {
                                             "value" : [ "EncounterWithURI" ]
                                          } ]
                                       }, {
                                          "value" : [ "." ]
                                       }, {
                                          "r" : "105",
                                          "s" : [ {
                                             "value" : [ "QualifyingEncounter" ]
                                          } ]
                                       } ]
                                    }, {
                                       "value" : [ "." ]
                                    }, {
                                       "r" : "106",
                                       "s" : [ {
                                          "value" : [ "relevantPeriod" ]
                                       } ]
                                    } ]
                                 } ]
                              } ]
                           } ]
                        }, {
                           "value" : [ "\n\t\t\t" ]
                        }, {
                           "r" : "113",
                           "s" : [ {
                              "value" : [ "return " ]
                           }, {
                              "r" : "112",
                              "s" : [ {
                                 "r" : "111",
                                 "s" : [ {
                                    "value" : [ "EncounterWithURI" ]
                                 } ]
                              }, {
                                 "value" : [ "." ]
                              }, {
                                 "r" : "112",
                                 "s" : [ {
                                    "value" : [ "QualifyingEncounter" ]
                                 } ]
                              } ]
                           } ]
                        } ]
                     }, {
                        "value" : [ "\n\t)" ]
                     } ]
                  } ]
               }
            } ],
            "expression" : {
               "localId" : "114",
               "locator" : "64:2-68:2",
               "type" : "Query",
               "source" : [ {
                  "localId" : "99",
                  "locator" : "64:4-64:64",
                  "alias" : "EncounterWithURI",
                  "expression" : {
                     "localId" : "98",
                     "locator" : "64:4-64:47",
                     "name" : "Encounter with Upper Respiratory Infection",
                     "type" : "ExpressionRef"
                  }
               } ],
               "relationship" : [ {
                  "localId" : "110",
                  "locator" : "65:4-66:145",
                  "alias" : "CompetingCondition",
                  "type" : "With",
                  "expression" : {
                     "localId" : "100",
                     "locator" : "65:9-65:72",
                     "dataType" : "{urn:healthit-gov:qdm:v5_4}Diagnosis",
                     "codeProperty" : "code",
                     "type" : "Retrieve",
                     "codes" : {
                        "name" : "Competing Conditions for Respiratory Conditions",
                        "type" : "ValueSetRef"
                     }
                  },
                  "suchThat" : {
                     "localId" : "109",
                     "locator" : "66:15-66:145",
                     "precision" : "Day",
                     "type" : "In",
                     "operand" : [ {
                        "locator" : "66:51-66:56",
                        "type" : "Start",
                        "operand" : {
                           "localId" : "103",
                           "locator" : "66:15-66:49",
                           "path" : "prevalencePeriod",
                           "scope" : "CompetingCondition",
                           "type" : "Property"
                        }
                     }, {
                        "locator" : "66:58-66:71",
                        "lowClosed" : false,
                        "highClosed" : true,
                        "type" : "Interval",
                        "low" : {
                           "localId" : "107",
                           "locator" : "66:86-66:145",
                           "type" : "Start",
                           "operand" : {
                              "localId" : "106",
                              "locator" : "66:95-66:145",
                              "path" : "relevantPeriod",
                              "type" : "Property",
                              "source" : {
                                 "localId" : "105",
                                 "locator" : "66:95-66:130",
                                 "path" : "QualifyingEncounter",
                                 "scope" : "EncounterWithURI",
                                 "type" : "Property"
                              }
                           }
                        },
                        "high" : {
                           "locator" : "66:86-66:145",
                           "type" : "Add",
                           "operand" : [ {
                              "localId" : "107",
                              "locator" : "66:86-66:145",
                              "type" : "Start",
                              "operand" : {
                                 "localId" : "106",
                                 "locator" : "66:95-66:145",
                                 "path" : "relevantPeriod",
                                 "type" : "Property",
                                 "source" : {
                                    "localId" : "105",
                                    "locator" : "66:95-66:130",
                                    "path" : "QualifyingEncounter",
                                    "scope" : "EncounterWithURI",
                                    "type" : "Property"
                                 }
                              }
                           }, {
                              "localId" : "108",
                              "locator" : "66:58-66:63",
                              "value" : 3,
                              "unit" : "days",
                              "type" : "Quantity"
                           } ]
                        }
                     } ]
                  }
               } ],
               "return" : {
                  "localId" : "113",
                  "locator" : "67:4-67:46",
                  "expression" : {
                     "localId" : "112",
                     "locator" : "67:11-67:46",
                     "path" : "QualifyingEncounter",
                     "scope" : "EncounterWithURI",
                     "type" : "Property"
                  }
               }
            }
         }, {
            "localId" : "133",
            "locator" : "70:1-74:45",
            "name" : "Numerator",
            "context" : "Patient",
            "accessLevel" : "Public",
            "annotation" : [ {
               "type" : "Annotation",
               "s" : {
                  "r" : "133",
                  "s" : [ {
                     "value" : [ "define ","\"Numerator\"",":\n\t" ]
                  }, {
                     "r" : "132",
                     "s" : [ {
                        "s" : [ {
                           "r" : "117",
                           "s" : [ {
                              "r" : "116",
                              "s" : [ {
                                 "s" : [ {
                                    "value" : [ "\"Encounter with Upper Respiratory Infection\"" ]
                                 } ]
                              } ]
                           }, {
                              "value" : [ " ","EncounterWithURI" ]
                           } ]
                        } ]
                     }, {
                        "value" : [ "\n\t\t" ]
                     }, {
                        "r" : "128",
                        "s" : [ {
                           "value" : [ "without " ]
                        }, {
                           "r" : "119",
                           "s" : [ {
                              "r" : "118",
                              "s" : [ {
                                 "r" : "118",
                                 "s" : [ {
                                    "value" : [ "[","\"Medication, Order\"",": " ]
                                 }, {
                                    "s" : [ {
                                       "value" : [ "\"Antibiotic Medications for Pharyngitis\"" ]
                                    } ]
                                 }, {
                                    "value" : [ "]" ]
                                 } ]
                              } ]
                           }, {
                              "value" : [ " ","OrderedAntibiotic" ]
                           } ]
                        }, {
                           "value" : [ "\n\t\t\tsuch that " ]
                        }, {
                           "r" : "127",
                           "s" : [ {
                              "r" : "121",
                              "s" : [ {
                                 "r" : "120",
                                 "s" : [ {
                                    "value" : [ "OrderedAntibiotic" ]
                                 } ]
                              }, {
                                 "value" : [ "." ]
                              }, {
                                 "r" : "121",
                                 "s" : [ {
                                    "value" : [ "authorDatetime" ]
                                 } ]
                              } ]
                           }, {
                              "value" : [ " " ]
                           }, {
                              "r" : "127",
                              "s" : [ {
                                 "r" : "126",
                                 "s" : [ {
                                    "value" : [ "3 ","days" ]
                                 } ]
                              }, {
                                 "value" : [ " or less on or after" ]
                              } ]
                           }, {
                              "value" : [ " " ]
                           }, {
                              "r" : "125",
                              "s" : [ {
                                 "value" : [ "start of " ]
                              }, {
                                 "r" : "124",
                                 "s" : [ {
                                    "r" : "123",
                                    "s" : [ {
                                       "r" : "122",
                                       "s" : [ {
                                          "value" : [ "EncounterWithURI" ]
                                       } ]
                                    }, {
                                       "value" : [ "." ]
                                    }, {
                                       "r" : "123",
                                       "s" : [ {
                                          "value" : [ "QualifyingEncounter" ]
                                       } ]
                                    } ]
                                 }, {
                                    "value" : [ "." ]
                                 }, {
                                    "r" : "124",
                                    "s" : [ {
                                       "value" : [ "relevantPeriod" ]
                                    } ]
                                 } ]
                              } ]
                           } ]
                        } ]
                     }, {
                        "value" : [ "\n\t\t" ]
                     }, {
                        "r" : "131",
                        "s" : [ {
                           "value" : [ "return " ]
                        }, {
                           "r" : "130",
                           "s" : [ {
                              "r" : "129",
                              "s" : [ {
                                 "value" : [ "EncounterWithURI" ]
                              } ]
                           }, {
                              "value" : [ "." ]
                           }, {
                              "r" : "130",
                              "s" : [ {
                                 "value" : [ "QualifyingEncounter" ]
                              } ]
                           } ]
                        } ]
                     } ]
                  } ]
               }
            } ],
            "expression" : {
               "localId" : "132",
               "locator" : "71:2-74:45",
               "type" : "Query",
               "source" : [ {
                  "localId" : "117",
                  "locator" : "71:2-71:62",
                  "alias" : "EncounterWithURI",
                  "expression" : {
                     "localId" : "116",
                     "locator" : "71:2-71:45",
                     "name" : "Encounter with Upper Respiratory Infection",
                     "type" : "ExpressionRef"
                  }
               } ],
               "relationship" : [ {
                  "localId" : "128",
                  "locator" : "72:3-73:133",
                  "alias" : "OrderedAntibiotic",
                  "type" : "Without",
                  "expression" : {
                     "localId" : "118",
                     "locator" : "72:11-72:73",
                     "dataType" : "{urn:healthit-gov:qdm:v5_4}PositiveMedicationOrder",
                     "templateId" : "PositiveMedicationOrder",
                     "codeProperty" : "code",
                     "type" : "Retrieve",
                     "codes" : {
                        "name" : "Antibiotic Medications for Pharyngitis",
                        "type" : "ValueSetRef"
                     }
                  },
                  "suchThat" : {
                     "localId" : "127",
                     "locator" : "73:14-73:133",
                     "type" : "In",
                     "operand" : [ {
                        "localId" : "121",
                        "locator" : "73:14-73:45",
                        "path" : "authorDatetime",
                        "scope" : "OrderedAntibiotic",
                        "type" : "Property"
                     }, {
                        "locator" : "73:47-73:60",
                        "lowClosed" : true,
                        "highClosed" : true,
                        "type" : "Interval",
                        "low" : {
                           "localId" : "125",
                           "locator" : "73:74-73:133",
                           "type" : "Start",
                           "operand" : {
                              "localId" : "124",
                              "locator" : "73:83-73:133",
                              "path" : "relevantPeriod",
                              "type" : "Property",
                              "source" : {
                                 "localId" : "123",
                                 "locator" : "73:83-73:118",
                                 "path" : "QualifyingEncounter",
                                 "scope" : "EncounterWithURI",
                                 "type" : "Property"
                              }
                           }
                        },
                        "high" : {
                           "locator" : "73:74-73:133",
                           "type" : "Add",
                           "operand" : [ {
                              "localId" : "125",
                              "locator" : "73:74-73:133",
                              "type" : "Start",
                              "operand" : {
                                 "localId" : "124",
                                 "locator" : "73:83-73:133",
                                 "path" : "relevantPeriod",
                                 "type" : "Property",
                                 "source" : {
                                    "localId" : "123",
                                    "locator" : "73:83-73:118",
                                    "path" : "QualifyingEncounter",
                                    "scope" : "EncounterWithURI",
                                    "type" : "Property"
                                 }
                              }
                           }, {
                              "localId" : "126",
                              "locator" : "73:47-73:52",
                              "value" : 3,
                              "unit" : "days",
                              "type" : "Quantity"
                           } ]
                        }
                     } ]
                  }
               } ],
               "return" : {
                  "localId" : "131",
                  "locator" : "74:3-74:45",
                  "expression" : {
                     "localId" : "130",
                     "locator" : "74:10-74:45",
                     "path" : "QualifyingEncounter",
                     "scope" : "EncounterWithURI",
                     "type" : "Property"
                  }
               }
            }
         }, {
            "localId" : "160",
            "locator" : "81:1-85:45",
            "name" : "Encounter with Upper Respiratory Infection and Antibiotics Active 30 Days Prior",
            "context" : "Patient",
            "accessLevel" : "Public",
            "annotation" : [ {
               "type" : "Annotation",
               "s" : {
                  "r" : "160",
                  "s" : [ {
                     "value" : [ "define ","\"Encounter with Upper Respiratory Infection and Antibiotics Active 30 Days Prior\"",":\n\t" ]
                  }, {
                     "r" : "159",
                     "s" : [ {
                        "s" : [ {
                           "r" : "136",
                           "s" : [ {
                              "r" : "135",
                              "s" : [ {
                                 "s" : [ {
                                    "value" : [ "\"Encounter with Upper Respiratory Infection\"" ]
                                 } ]
                              } ]
                           }, {
                              "value" : [ " ","EncounterWithURI" ]
                           } ]
                        } ]
                     }, {
                        "value" : [ "\n\t\t" ]
                     }, {
                        "r" : "155",
                        "s" : [ {
                           "value" : [ "with " ]
                        }, {
                           "r" : "138",
                           "s" : [ {
                              "r" : "137",
                              "s" : [ {
                                 "r" : "137",
                                 "s" : [ {
                                    "value" : [ "[","\"Medication, Active\"",": " ]
                                 }, {
                                    "s" : [ {
                                       "value" : [ "\"Antibiotic Medications for Pharyngitis\"" ]
                                    } ]
                                 }, {
                                    "value" : [ "]" ]
                                 } ]
                              } ]
                           }, {
                              "value" : [ " ","ActiveAntibiotic" ]
                           } ]
                        }, {
                           "value" : [ "\n\t\t\tsuch that " ]
                        }, {
                           "r" : "154",
                           "s" : [ {
                              "r" : "140",
                              "s" : [ {
                                 "r" : "139",
                                 "s" : [ {
                                    "value" : [ "ActiveAntibiotic" ]
                                 } ]
                              }, {
                                 "value" : [ "." ]
                              }, {
                                 "r" : "140",
                                 "s" : [ {
                                    "value" : [ "relevantPeriod" ]
                                 } ]
                              } ]
                           }, {
                              "value" : [ " ","overlaps"," " ]
                           }, {
                              "r" : "153",
                              "s" : [ {
                                 "value" : [ "Interval[" ]
                              }, {
                                 "r" : "148",
                                 "s" : [ {
                                    "r" : "141",
                                    "s" : [ {
                                       "value" : [ "Global" ]
                                    } ]
                                 }, {
                                    "value" : [ "." ]
                                 }, {
                                    "r" : "148",
                                    "s" : [ {
                                       "value" : [ "\"ToDate\"","(" ]
                                    }, {
                                       "r" : "147",
                                       "s" : [ {
                                          "r" : "145",
                                          "s" : [ {
                                             "value" : [ "(" ]
                                          }, {
                                             "r" : "145",
                                             "s" : [ {
                                                "value" : [ "start of " ]
                                             }, {
                                                "r" : "144",
                                                "s" : [ {
                                                   "r" : "143",
                                                   "s" : [ {
                                                      "r" : "142",
                                                      "s" : [ {
                                                         "value" : [ "EncounterWithURI" ]
                                                      } ]
                                                   }, {
                                                      "value" : [ "." ]
                                                   }, {
                                                      "r" : "143",
                                                      "s" : [ {
                                                         "value" : [ "URI" ]
                                                      } ]
                                                   } ]
                                                }, {
                                                   "value" : [ "." ]
                                                }, {
                                                   "r" : "144",
                                                   "s" : [ {
                                                      "value" : [ "prevalencePeriod" ]
                                                   } ]
                                                } ]
                                             } ]
                                          }, {
                                             "value" : [ ")" ]
                                          } ]
                                       }, {
                                          "value" : [ "- " ]
                                       }, {
                                          "r" : "146",
                                          "s" : [ {
                                             "value" : [ "30 ","days" ]
                                          } ]
                                       } ]
                                    }, {
                                       "value" : [ ")" ]
                                    } ]
                                 } ]
                              }, {
                                 "value" : [ ", " ]
                              }, {
                                 "r" : "152",
                                 "s" : [ {
                                    "value" : [ "start of " ]
                                 }, {
                                    "r" : "151",
                                    "s" : [ {
                                       "r" : "150",
                                       "s" : [ {
                                          "r" : "149",
                                          "s" : [ {
                                             "value" : [ "EncounterWithURI" ]
                                          } ]
                                       }, {
                                          "value" : [ "." ]
                                       }, {
                                          "r" : "150",
                                          "s" : [ {
                                             "value" : [ "URI" ]
                                          } ]
                                       } ]
                                    }, {
                                       "value" : [ "." ]
                                    }, {
                                       "r" : "151",
                                       "s" : [ {
                                          "value" : [ "prevalencePeriod" ]
                                       } ]
                                    } ]
                                 } ]
                              }, {
                                 "value" : [ "]" ]
                              } ]
                           } ]
                        } ]
                     }, {
                        "value" : [ "\n\t\t" ]
                     }, {
                        "r" : "158",
                        "s" : [ {
                           "value" : [ "return " ]
                        }, {
                           "r" : "157",
                           "s" : [ {
                              "r" : "156",
                              "s" : [ {
                                 "value" : [ "EncounterWithURI" ]
                              } ]
                           }, {
                              "value" : [ "." ]
                           }, {
                              "r" : "157",
                              "s" : [ {
                                 "value" : [ "QualifyingEncounter" ]
                              } ]
                           } ]
                        } ]
                     } ]
                  } ]
               }
            } ],
            "expression" : {
               "localId" : "159",
               "locator" : "82:2-85:45",
               "type" : "Query",
               "source" : [ {
                  "localId" : "136",
                  "locator" : "82:2-82:62",
                  "alias" : "EncounterWithURI",
                  "expression" : {
                     "localId" : "135",
                     "locator" : "82:2-82:45",
                     "name" : "Encounter with Upper Respiratory Infection",
                     "type" : "ExpressionRef"
                  }
               } ],
               "relationship" : [ {
                  "localId" : "155",
                  "locator" : "83:3-84:186",
                  "alias" : "ActiveAntibiotic",
                  "type" : "With",
                  "expression" : {
                     "localId" : "137",
                     "locator" : "83:8-83:71",
                     "dataType" : "{urn:healthit-gov:qdm:v5_4}MedicationActive",
                     "codeProperty" : "code",
                     "type" : "Retrieve",
                     "codes" : {
                        "name" : "Antibiotic Medications for Pharyngitis",
                        "type" : "ValueSetRef"
                     }
                  },
                  "suchThat" : {
                     "localId" : "154",
                     "locator" : "84:14-84:186",
                     "type" : "Overlaps",
                     "operand" : [ {
                        "localId" : "140",
                        "locator" : "84:14-84:44",
                        "path" : "relevantPeriod",
                        "scope" : "ActiveAntibiotic",
                        "type" : "Property"
                     }, {
                        "localId" : "153",
                        "locator" : "84:55-84:186",
                        "lowClosed" : true,
                        "highClosed" : true,
                        "type" : "Interval",
                        "low" : {
                           "localId" : "148",
                           "locator" : "84:64-84:137",
                           "name" : "ToDate",
                           "libraryName" : "Global",
                           "type" : "FunctionRef",
                           "operand" : [ {
                              "localId" : "147",
                              "locator" : "84:80-84:136",
                              "type" : "Subtract",
                              "operand" : [ {
                                 "localId" : "145",
                                 "locator" : "84:80-84:127",
                                 "type" : "Start",
                                 "operand" : {
                                    "localId" : "144",
                                    "locator" : "84:90-84:126",
                                    "path" : "prevalencePeriod",
                                    "type" : "Property",
                                    "source" : {
                                       "localId" : "143",
                                       "locator" : "84:90-84:109",
                                       "path" : "URI",
                                       "scope" : "EncounterWithURI",
                                       "type" : "Property"
                                    }
                                 }
                              }, {
                                 "localId" : "146",
                                 "locator" : "84:130-84:136",
                                 "value" : 30,
                                 "unit" : "days",
                                 "type" : "Quantity"
                              } ]
                           } ]
                        },
                        "high" : {
                           "localId" : "152",
                           "locator" : "84:140-84:185",
                           "type" : "Start",
                           "operand" : {
                              "localId" : "151",
                              "locator" : "84:149-84:185",
                              "path" : "prevalencePeriod",
                              "type" : "Property",
                              "source" : {
                                 "localId" : "150",
                                 "locator" : "84:149-84:168",
                                 "path" : "URI",
                                 "scope" : "EncounterWithURI",
                                 "type" : "Property"
                              }
                           }
                        }
                     } ]
                  }
               } ],
               "return" : {
                  "localId" : "158",
                  "locator" : "85:3-85:45",
                  "expression" : {
                     "localId" : "157",
                     "locator" : "85:10-85:45",
                     "path" : "QualifyingEncounter",
                     "scope" : "EncounterWithURI",
                     "type" : "Property"
                  }
               }
            }
         }, {
            "localId" : "165",
            "locator" : "76:1-79:76",
            "name" : "Denominator Exclusions",
            "context" : "Patient",
            "accessLevel" : "Public",
            "annotation" : [ {
               "type" : "Annotation",
               "s" : {
                  "r" : "165",
                  "s" : [ {
                     "value" : [ "define ","\"Denominator Exclusions\"",":\n\t" ]
                  }, {
                     "r" : "164",
                     "s" : [ {
                        "r" : "162",
                        "s" : [ {
                           "r" : "134",
                           "s" : [ {
                              "value" : [ "\"In Hospice\"" ]
                           } ]
                        }, {
                           "value" : [ "\n\t\tunion " ]
                        }, {
                           "r" : "161",
                           "s" : [ {
                              "value" : [ "\"Encounter with Upper Respiratory Infection and Antibiotics Active 30 Days Prior\"" ]
                           } ]
                        } ]
                     }, {
                        "value" : [ "\n\t\tunion " ]
                     }, {
                        "r" : "163",
                        "s" : [ {
                           "value" : [ "\"Encounter with Competing Diagnosis for Upper Respiratory Infection\"" ]
                        } ]
                     } ]
                  } ]
               }
            } ],
            "expression" : {
               "localId" : "164",
               "locator" : "77:2-79:76",
               "type" : "Union",
               "operand" : [ {
                  "localId" : "162",
                  "locator" : "77:2-78:89",
                  "type" : "Union",
                  "operand" : [ {
                     "localId" : "134",
                     "locator" : "77:2-77:13",
                     "name" : "In Hospice",
                     "type" : "ExpressionRef"
                  }, {
                     "localId" : "161",
                     "locator" : "78:9-78:89",
                     "name" : "Encounter with Upper Respiratory Infection and Antibiotics Active 30 Days Prior",
                     "type" : "ExpressionRef"
                  } ]
               }, {
                  "localId" : "163",
                  "locator" : "79:9-79:76",
                  "name" : "Encounter with Competing Diagnosis for Upper Respiratory Infection",
                  "type" : "ExpressionRef"
               } ]
            }
         } ]
      }
   }
}