{
   "library" : {
      "identifier" : {
         "id" : "DiabetesEyeExam",
         "version" : "8.4.000"
      },
      "schemaIdentifier" : {
         "id" : "urn:hl7-org:elm",
         "version" : "r1"
      },
      "usings" : {
         "def" : [ {
            "localIdentifier" : "System",
            "uri" : "urn:hl7-org:elm-types:r1"
         }, {
            "localId" : "1",
            "locator" : "3:1-3:23",
            "localIdentifier" : "QDM",
            "uri" : "urn:healthit-gov:qdm:v5_4",
            "version" : "5.4"
         } ]
      },
      "includes" : {
         "def" : [ {
            "localId" : "2",
            "locator" : "5:1-5:64",
            "localIdentifier" : "Global",
            "path" : "MATGlobalCommonFunctions",
            "version" : "4.0.000"
         }, {
            "localId" : "3",
            "locator" : "6:1-6:48",
            "localIdentifier" : "Hospice",
            "path" : "Hospice",
            "version" : "2.0.000"
         }, {
            "localId" : "4",
            "locator" : "7:1-7:82",
            "localIdentifier" : "FrailtyLTI",
            "path" : "AdvancedIllnessandFrailtyExclusionECQM",
            "version" : "4.0.000"
         } ]
      },
      "parameters" : {
         "def" : [ {
            "localId" : "23",
            "locator" : "27:1-27:49",
            "name" : "Measurement Period",
            "accessLevel" : "Public",
            "parameterTypeSpecifier" : {
               "localId" : "22",
               "locator" : "27:32-27:49",
               "type" : "IntervalTypeSpecifier",
               "pointType" : {
                  "localId" : "21",
                  "locator" : "27:41-27:48",
                  "name" : "{urn:hl7-org:elm-types:r1}DateTime",
                  "type" : "NamedTypeSpecifier"
               }
            }
         } ]
      },
      "codeSystems" : {
         "def" : [ {
            "localId" : "5",
            "locator" : "9:1-9:51",
            "name" : "LOINC",
            "id" : "urn:oid:2.16.840.1.113883.6.1",
            "accessLevel" : "Public"
         } ]
      },
      "valueSets" : {
         "def" : [ {
            "localId" : "6",
            "locator" : "11:1-11:74",
            "name" : "Annual Wellness Visit",
            "id" : "urn:oid:2.16.840.1.113883.3.526.3.1240",
            "accessLevel" : "Public"
         }, {
            "localId" : "7",
            "locator" : "12:1-12:71",
            "name" : "Diabetes",
            "id" : "urn:oid:2.16.840.1.113883.3.464.1003.103.12.1001",
            "accessLevel" : "Public"
         }, {
            "localId" : "8",
            "locator" : "13:1-13:72",
            "name" : "Diabetic Retinopathy",
            "id" : "urn:oid:2.16.840.1.113883.3.526.3.327",
            "accessLevel" : "Public"
         }, {
            "localId" : "9",
            "locator" : "14:1-14:58",
            "name" : "Ethnicity",
            "id" : "urn:oid:2.16.840.1.114222.4.11.837",
            "accessLevel" : "Public"
         }, {
            "localId" : "10",
            "locator" : "15:1-15:87",
            "name" : "Home Healthcare Services",
            "id" : "urn:oid:2.16.840.1.113883.3.464.1003.101.12.1016",
            "accessLevel" : "Public"
         }, {
            "localId" : "11",
            "locator" : "16:1-16:75",
            "name" : "Office Visit",
            "id" : "urn:oid:2.16.840.1.113883.3.464.1003.101.12.1001",
            "accessLevel" : "Public"
         }, {
            "localId" : "12",
            "locator" : "17:1-17:68",
            "name" : "ONC Administrative Sex",
            "id" : "urn:oid:2.16.840.1.113762.1.4.1",
            "accessLevel" : "Public"
         }, {
            "localId" : "13",
            "locator" : "18:1-18:78",
            "name" : "Ophthalmological Services",
            "id" : "urn:oid:2.16.840.1.113883.3.526.3.1285",
            "accessLevel" : "Public"
         }, {
            "localId" : "14",
            "locator" : "19:1-19:55",
            "name" : "Payer",
            "id" : "urn:oid:2.16.840.1.114222.4.11.3591",
            "accessLevel" : "Public"
         }, {
            "localId" : "15",
            "locator" : "20:1-20:125",
            "name" : "Preventive Care Services - Established Office Visit, 18 and Up",
            "id" : "urn:oid:2.16.840.1.113883.3.464.1003.101.12.1025",
            "accessLevel" : "Public"
         }, {
            "localId" : "16",
            "locator" : "21:1-21:119",
            "name" : "Preventive Care Services-Initial Office Visit, 18 and Up",
            "id" : "urn:oid:2.16.840.1.113883.3.464.1003.101.12.1023",
            "accessLevel" : "Public"
         }, {
            "localId" : "17",
            "locator" : "22:1-22:53",
            "name" : "Race",
            "id" : "urn:oid:2.16.840.1.114222.4.11.836",
            "accessLevel" : "Public"
         }, {
            "localId" : "18",
            "locator" : "23:1-23:90",
            "name" : "Retinal or Dilated Eye Exam",
            "id" : "urn:oid:2.16.840.1.113883.3.464.1003.115.12.1088",
            "accessLevel" : "Public"
         } ]
      },
      "codes" : {
         "def" : [ {
            "localId" : "20",
            "locator" : "25:1-25:62",
            "name" : "Birth date",
            "id" : "21112-8",
            "display" : "Birth date",
            "accessLevel" : "Public",
            "codeSystem" : {
               "localId" : "19",
               "locator" : "25:35-25:41",
               "name" : "LOINC"
            }
         } ]
      },
      "statements" : {
         "def" : [ {
            "locator" : "29:1-29:15",
            "name" : "Patient",
            "context" : "Patient",
            "expression" : {
               "type" : "SingletonFrom",
               "operand" : {
                  "locator" : "29:1-29:15",
                  "dataType" : "{urn:healthit-gov:qdm:v5_4}Patient",
                  "templateId" : "Patient",
                  "type" : "Retrieve"
               }
            }
         }, {
            "localId" : "25",
            "locator" : "31:1-32:50",
            "name" : "SDE Ethnicity",
            "context" : "Patient",
            "accessLevel" : "Public",
            "annotation" : [ {
               "type" : "Annotation",
               "s" : {
                  "r" : "25",
                  "s" : [ {
                     "value" : [ "define ","\"SDE Ethnicity\"",":\n\t" ]
                  }, {
                     "r" : "24",
                     "s" : [ {
                        "value" : [ "[","\"Patient Characteristic Ethnicity\"",": " ]
                     }, {
                        "s" : [ {
                           "value" : [ "\"Ethnicity\"" ]
                        } ]
                     }, {
                        "value" : [ "]" ]
                     } ]
                  } ]
               }
            } ],
            "expression" : {
               "localId" : "24",
               "locator" : "32:2-32:50",
               "dataType" : "{urn:healthit-gov:qdm:v5_4}PatientCharacteristicEthnicity",
               "codeProperty" : "code",
               "type" : "Retrieve",
               "codes" : {
                  "name" : "Ethnicity",
                  "type" : "ValueSetRef"
               }
            }
         }, {
            "localId" : "27",
            "locator" : "34:1-35:42",
            "name" : "SDE Payer",
            "context" : "Patient",
            "accessLevel" : "Public",
            "annotation" : [ {
               "type" : "Annotation",
               "s" : {
                  "r" : "27",
                  "s" : [ {
                     "value" : [ "define ","\"SDE Payer\"",":\n\t" ]
                  }, {
                     "r" : "26",
                     "s" : [ {
                        "value" : [ "[","\"Patient Characteristic Payer\"",": " ]
                     }, {
                        "s" : [ {
                           "value" : [ "\"Payer\"" ]
                        } ]
                     }, {
                        "value" : [ "]" ]
                     } ]
                  } ]
               }
            } ],
            "expression" : {
               "localId" : "26",
               "locator" : "35:2-35:42",
               "dataType" : "{urn:healthit-gov:qdm:v5_4}PatientCharacteristicPayer",
               "codeProperty" : "code",
               "type" : "Retrieve",
               "codes" : {
                  "name" : "Payer",
                  "type" : "ValueSetRef"
               }
            }
         }, {
            "localId" : "29",
            "locator" : "37:1-38:40",
            "name" : "SDE Race",
            "context" : "Patient",
            "accessLevel" : "Public",
            "annotation" : [ {
               "type" : "Annotation",
               "s" : {
                  "r" : "29",
                  "s" : [ {
                     "value" : [ "define ","\"SDE Race\"",":\n\t" ]
                  }, {
                     "r" : "28",
                     "s" : [ {
                        "value" : [ "[","\"Patient Characteristic Race\"",": " ]
                     }, {
                        "s" : [ {
                           "value" : [ "\"Race\"" ]
                        } ]
                     }, {
                        "value" : [ "]" ]
                     } ]
                  } ]
               }
            } ],
            "expression" : {
               "localId" : "28",
               "locator" : "38:2-38:40",
               "dataType" : "{urn:healthit-gov:qdm:v5_4}PatientCharacteristicRace",
               "codeProperty" : "code",
               "type" : "Retrieve",
               "codes" : {
                  "name" : "Race",
                  "type" : "ValueSetRef"
               }
            }
         }, {
            "localId" : "31",
            "locator" : "40:1-41:57",
            "name" : "SDE Sex",
            "context" : "Patient",
            "accessLevel" : "Public",
            "annotation" : [ {
               "type" : "Annotation",
               "s" : {
                  "r" : "31",
                  "s" : [ {
                     "value" : [ "define ","\"SDE Sex\"",":\n\t" ]
                  }, {
                     "r" : "30",
                     "s" : [ {
                        "value" : [ "[","\"Patient Characteristic Sex\"",": " ]
                     }, {
                        "s" : [ {
                           "value" : [ "\"ONC Administrative Sex\"" ]
                        } ]
                     }, {
                        "value" : [ "]" ]
                     } ]
                  } ]
               }
            } ],
            "expression" : {
               "localId" : "30",
               "locator" : "41:2-41:57",
               "dataType" : "{urn:healthit-gov:qdm:v5_4}PatientCharacteristicSex",
               "codeProperty" : "code",
               "type" : "Retrieve",
               "codes" : {
                  "name" : "ONC Administrative Sex",
                  "type" : "ValueSetRef"
               }
            }
         }, {
            "localId" : "39",
            "locator" : "43:1-45:62",
            "name" : "Retinal Exam in Measurement Period",
            "context" : "Patient",
            "accessLevel" : "Public",
            "annotation" : [ {
               "type" : "Annotation",
               "s" : {
                  "r" : "39",
                  "s" : [ {
                     "value" : [ "define ","\"Retinal Exam in Measurement Period\"",":\n\t" ]
                  }, {
                     "r" : "38",
                     "s" : [ {
                        "s" : [ {
                           "r" : "33",
                           "s" : [ {
                              "r" : "32",
                              "s" : [ {
                                 "r" : "32",
                                 "s" : [ {
                                    "value" : [ "[","\"Physical Exam, Performed\"",": " ]
                                 }, {
                                    "s" : [ {
                                       "value" : [ "\"Retinal or Dilated Eye Exam\"" ]
                                    } ]
                                 }, {
                                    "value" : [ "]" ]
                                 } ]
                              } ]
                           }, {
                              "value" : [ " ","RetinalExam" ]
                           } ]
                        } ]
                     }, {
                        "value" : [ "\n\t\t" ]
                     }, {
                        "r" : "37",
                        "s" : [ {
                           "value" : [ "where " ]
                        }, {
                           "r" : "37",
                           "s" : [ {
                              "r" : "35",
                              "s" : [ {
                                 "r" : "34",
                                 "s" : [ {
                                    "value" : [ "RetinalExam" ]
                                 } ]
                              }, {
                                 "value" : [ "." ]
                              }, {
                                 "r" : "35",
                                 "s" : [ {
                                    "value" : [ "relevantPeriod" ]
                                 } ]
                              } ]
                           }, {
                              "value" : [ " ","during"," " ]
                           }, {
                              "r" : "36",
                              "s" : [ {
                                 "value" : [ "\"Measurement Period\"" ]
                              } ]
                           } ]
                        } ]
                     } ]
                  } ]
               }
            } ],
            "expression" : {
               "localId" : "38",
               "locator" : "44:2-45:62",
               "type" : "Query",
               "source" : [ {
                  "localId" : "33",
                  "locator" : "44:2-44:72",
                  "alias" : "RetinalExam",
                  "expression" : {
                     "localId" : "32",
                     "locator" : "44:2-44:60",
                     "dataType" : "{urn:healthit-gov:qdm:v5_4}PositivePhysicalExamPerformed",
                     "templateId" : "PositivePhysicalExamPerformed",
                     "codeProperty" : "code",
                     "type" : "Retrieve",
                     "codes" : {
                        "name" : "Retinal or Dilated Eye Exam",
                        "type" : "ValueSetRef"
                     }
                  }
               } ],
               "relationship" : [ ],
               "where" : {
                  "localId" : "37",
                  "locator" : "45:3-45:62",
                  "type" : "IncludedIn",
                  "operand" : [ {
                     "localId" : "35",
                     "locator" : "45:9-45:34",
                     "path" : "relevantPeriod",
                     "scope" : "RetinalExam",
                     "type" : "Property"
                  }, {
                     "localId" : "36",
                     "locator" : "45:43-45:62",
                     "name" : "Measurement Period",
                     "type" : "ParameterRef"
                  } ]
               }
            }
         }, {
            "localId" : "71",
            "locator" : "50:1-57:60",
            "name" : "Qualifying Encounters",
            "context" : "Patient",
            "accessLevel" : "Public",
            "annotation" : [ {
               "type" : "Annotation",
               "s" : {
                  "r" : "71",
                  "s" : [ {
                     "value" : [ "define ","\"Qualifying Encounters\"",":\n\t" ]
                  }, {
                     "r" : "70",
                     "s" : [ {
                        "s" : [ {
                           "r" : "65",
                           "s" : [ {
                              "r" : "64",
                              "s" : [ {
                                 "value" : [ "( " ]
                              }, {
                                 "r" : "64",
                                 "s" : [ {
                                    "r" : "62",
                                    "s" : [ {
                                       "r" : "60",
                                       "s" : [ {
                                          "r" : "58",
                                          "s" : [ {
                                             "r" : "56",
                                             "s" : [ {
                                                "r" : "54",
                                                "s" : [ {
                                                   "value" : [ "[","\"Encounter, Performed\"",": " ]
                                                }, {
                                                   "s" : [ {
                                                      "value" : [ "\"Office Visit\"" ]
                                                   } ]
                                                }, {
                                                   "value" : [ "]" ]
                                                } ]
                                             }, {
                                                "value" : [ "\n\t\tunion " ]
                                             }, {
                                                "r" : "55",
                                                "s" : [ {
                                                   "value" : [ "[","\"Encounter, Performed\"",": " ]
                                                }, {
                                                   "s" : [ {
                                                      "value" : [ "\"Annual Wellness Visit\"" ]
                                                   } ]
                                                }, {
                                                   "value" : [ "]" ]
                                                } ]
                                             } ]
                                          }, {
                                             "value" : [ "\n\t\tunion " ]
                                          }, {
                                             "r" : "57",
                                             "s" : [ {
                                                "value" : [ "[","\"Encounter, Performed\"",": " ]
                                             }, {
                                                "s" : [ {
                                                   "value" : [ "\"Preventive Care Services - Established Office Visit, 18 and Up\"" ]
                                                } ]
                                             }, {
                                                "value" : [ "]" ]
                                             } ]
                                          } ]
                                       }, {
                                          "value" : [ "\n\t\tunion " ]
                                       }, {
                                          "r" : "59",
                                          "s" : [ {
                                             "value" : [ "[","\"Encounter, Performed\"",": " ]
                                          }, {
                                             "s" : [ {
                                                "value" : [ "\"Preventive Care Services-Initial Office Visit, 18 and Up\"" ]
                                             } ]
                                          }, {
                                             "value" : [ "]" ]
                                          } ]
                                       } ]
                                    }, {
                                       "value" : [ "\n\t\tunion " ]
                                    }, {
                                       "r" : "61",
                                       "s" : [ {
                                          "value" : [ "[","\"Encounter, Performed\"",": " ]
                                       }, {
                                          "s" : [ {
                                             "value" : [ "\"Home Healthcare Services\"" ]
                                          } ]
                                       }, {
                                          "value" : [ "]" ]
                                       } ]
                                    } ]
                                 }, {
                                    "value" : [ "\n\t\tunion " ]
                                 }, {
                                    "r" : "63",
                                    "s" : [ {
                                       "value" : [ "[","\"Encounter, Performed\"",": " ]
                                    }, {
                                       "s" : [ {
                                          "value" : [ "\"Ophthalmological Services\"" ]
                                       } ]
                                    }, {
                                       "value" : [ "]" ]
                                    } ]
                                 } ]
                              }, {
                                 "value" : [ " )" ]
                              } ]
                           }, {
                              "value" : [ " ","Encounter" ]
                           } ]
                        } ]
                     }, {
                        "value" : [ "\n\t\t" ]
                     }, {
                        "r" : "69",
                        "s" : [ {
                           "value" : [ "where " ]
                        }, {
                           "r" : "69",
                           "s" : [ {
                              "r" : "67",
                              "s" : [ {
                                 "r" : "66",
                                 "s" : [ {
                                    "value" : [ "Encounter" ]
                                 } ]
                              }, {
                                 "value" : [ "." ]
                              }, {
                                 "r" : "67",
                                 "s" : [ {
                                    "value" : [ "relevantPeriod" ]
                                 } ]
                              } ]
                           }, {
                              "value" : [ " ","during"," " ]
                           }, {
                              "r" : "68",
                              "s" : [ {
                                 "value" : [ "\"Measurement Period\"" ]
                              } ]
                           } ]
                        } ]
                     } ]
                  } ]
               }
            } ],
            "expression" : {
               "localId" : "70",
               "locator" : "51:2-57:60",
               "type" : "Query",
               "source" : [ {
                  "localId" : "65",
                  "locator" : "51:2-56:73",
                  "alias" : "Encounter",
                  "expression" : {
                     "localId" : "64",
                     "locator" : "51:2-56:63",
                     "type" : "Union",
                     "operand" : [ {
                        "localId" : "60",
                        "locator" : "51:4-54:92",
                        "type" : "Union",
                        "operand" : [ {
                           "localId" : "56",
                           "locator" : "51:4-52:57",
                           "type" : "Union",
                           "operand" : [ {
                              "localId" : "54",
                              "locator" : "51:4-51:43",
                              "dataType" : "{urn:healthit-gov:qdm:v5_4}PositiveEncounterPerformed",
                              "templateId" : "PositiveEncounterPerformed",
                              "codeProperty" : "code",
                              "type" : "Retrieve",
                              "codes" : {
                                 "name" : "Office Visit",
                                 "type" : "ValueSetRef"
                              }
                           }, {
                              "localId" : "55",
                              "locator" : "52:9-52:57",
                              "dataType" : "{urn:healthit-gov:qdm:v5_4}PositiveEncounterPerformed",
                              "templateId" : "PositiveEncounterPerformed",
                              "codeProperty" : "code",
                              "type" : "Retrieve",
                              "codes" : {
                                 "name" : "Annual Wellness Visit",
                                 "type" : "ValueSetRef"
                              }
                           } ]
                        }, {
                           "type" : "Union",
                           "operand" : [ {
                              "localId" : "57",
                              "locator" : "53:9-53:98",
                              "dataType" : "{urn:healthit-gov:qdm:v5_4}PositiveEncounterPerformed",
                              "templateId" : "PositiveEncounterPerformed",
                              "codeProperty" : "code",
                              "type" : "Retrieve",
                              "codes" : {
                                 "name" : "Preventive Care Services - Established Office Visit, 18 and Up",
                                 "type" : "ValueSetRef"
                              }
                           }, {
                              "localId" : "59",
                              "locator" : "54:9-54:92",
                              "dataType" : "{urn:healthit-gov:qdm:v5_4}PositiveEncounterPerformed",
                              "templateId" : "PositiveEncounterPerformed",
                              "codeProperty" : "code",
                              "type" : "Retrieve",
                              "codes" : {
                                 "name" : "Preventive Care Services-Initial Office Visit, 18 and Up",
                                 "type" : "ValueSetRef"
                              }
                           } ]
                        } ]
                     }, {
                        "type" : "Union",
                        "operand" : [ {
                           "localId" : "61",
                           "locator" : "55:9-55:60",
                           "dataType" : "{urn:healthit-gov:qdm:v5_4}PositiveEncounterPerformed",
                           "templateId" : "PositiveEncounterPerformed",
                           "codeProperty" : "code",
                           "type" : "Retrieve",
                           "codes" : {
                              "name" : "Home Healthcare Services",
                              "type" : "ValueSetRef"
                           }
                        }, {
                           "localId" : "63",
                           "locator" : "56:9-56:61",
                           "dataType" : "{urn:healthit-gov:qdm:v5_4}PositiveEncounterPerformed",
                           "templateId" : "PositiveEncounterPerformed",
                           "codeProperty" : "code",
                           "type" : "Retrieve",
                           "codes" : {
                              "name" : "Ophthalmological Services",
                              "type" : "ValueSetRef"
                           }
                        } ]
                     } ]
                  }
               } ],
               "relationship" : [ ],
               "where" : {
                  "localId" : "69",
                  "locator" : "57:3-57:60",
                  "type" : "IncludedIn",
                  "operand" : [ {
                     "localId" : "67",
                     "locator" : "57:9-57:32",
                     "path" : "relevantPeriod",
                     "scope" : "Encounter",
                     "type" : "Property"
                  }, {
                     "localId" : "68",
                     "locator" : "57:41-57:60",
                     "name" : "Measurement Period",
                     "type" : "ParameterRef"
                  } ]
               }
            }
         }, {
            "localId" : "84",
            "locator" : "86:1-93:3",
            "name" : "Initial Population",
            "context" : "Patient",
            "accessLevel" : "Public",
            "annotation" : [ {
               "type" : "Annotation",
               "s" : {
                  "r" : "84",
                  "s" : [ {
                     "value" : [ "define ","\"Initial Population\"",":\n\t" ]
                  }, {
                     "r" : "83",
                     "s" : [ {
                        "r" : "74",
                        "s" : [ {
                           "r" : "53",
                           "s" : [ {
                              "value" : [ "exists " ]
                           }, {
                              "r" : "52",
                              "s" : [ {
                                 "value" : [ "( " ]
                              }, {
                                 "r" : "52",
                                 "s" : [ {
                                    "s" : [ {
                                       "r" : "41",
                                       "s" : [ {
                                          "r" : "40",
                                          "s" : [ {
                                             "r" : "40",
                                             "s" : [ {
                                                "value" : [ "[","\"Patient Characteristic Birthdate\"",": " ]
                                             }, {
                                                "s" : [ {
                                                   "value" : [ "\"Birth date\"" ]
                                                } ]
                                             }, {
                                                "value" : [ "]" ]
                                             } ]
                                          } ]
                                       }, {
                                          "value" : [ " ","BirthDate" ]
                                       } ]
                                    } ]
                                 }, {
                                    "value" : [ "\n\t\t\t" ]
                                 }, {
                                    "r" : "51",
                                    "s" : [ {
                                       "value" : [ "where " ]
                                    }, {
                                       "r" : "51",
                                       "s" : [ {
                                          "r" : "47",
                                          "s" : [ {
                                             "r" : "42",
                                             "s" : [ {
                                                "value" : [ "Global" ]
                                             } ]
                                          }, {
                                             "value" : [ "." ]
                                          }, {
                                             "r" : "47",
                                             "s" : [ {
                                                "value" : [ "\"CalendarAgeInYearsAt\"","(" ]
                                             }, {
                                                "r" : "44",
                                                "s" : [ {
                                                   "r" : "43",
                                                   "s" : [ {
                                                      "value" : [ "BirthDate" ]
                                                   } ]
                                                }, {
                                                   "value" : [ "." ]
                                                }, {
                                                   "r" : "44",
                                                   "s" : [ {
                                                      "value" : [ "birthDatetime" ]
                                                   } ]
                                                } ]
                                             }, {
                                                "value" : [ ", " ]
                                             }, {
                                                "r" : "46",
                                                "s" : [ {
                                                   "value" : [ "start of " ]
                                                }, {
                                                   "r" : "45",
                                                   "s" : [ {
                                                      "value" : [ "\"Measurement Period\"" ]
                                                   } ]
                                                } ]
                                             }, {
                                                "value" : [ ")" ]
                                             } ]
                                          } ]
                                       }, {
                                          "value" : [ "in " ]
                                       }, {
                                          "r" : "50",
                                          "s" : [ {
                                             "value" : [ "Interval[","18",", ","75"," )" ]
                                          } ]
                                       } ]
                                    } ]
                                 } ]
                              }, {
                                 "value" : [ "\n\t)" ]
                              } ]
                           } ]
                        }, {
                           "value" : [ "\n\t\tand " ]
                        }, {
                           "r" : "73",
                           "s" : [ {
                              "value" : [ "exists " ]
                           }, {
                              "r" : "72",
                              "s" : [ {
                                 "value" : [ "( " ]
                              }, {
                                 "r" : "72",
                                 "s" : [ {
                                    "value" : [ "\"Qualifying Encounters\"" ]
                                 } ]
                              }, {
                                 "value" : [ " )" ]
                              } ]
                           } ]
                        } ]
                     }, {
                        "value" : [ "\n\t\tand " ]
                     }, {
                        "r" : "82",
                        "s" : [ {
                           "value" : [ "exists " ]
                        }, {
                           "r" : "81",
                           "s" : [ {
                              "value" : [ "( " ]
                           }, {
                              "r" : "81",
                              "s" : [ {
                                 "s" : [ {
                                    "r" : "76",
                                    "s" : [ {
                                       "r" : "75",
                                       "s" : [ {
                                          "r" : "75",
                                          "s" : [ {
                                             "value" : [ "[","\"Diagnosis\"",": " ]
                                          }, {
                                             "s" : [ {
                                                "value" : [ "\"Diabetes\"" ]
                                             } ]
                                          }, {
                                             "value" : [ "]" ]
                                          } ]
                                       } ]
                                    }, {
                                       "value" : [ " ","Diabetes" ]
                                    } ]
                                 } ]
                              }, {
                                 "value" : [ "\n\t\t\t\t" ]
                              }, {
                                 "r" : "80",
                                 "s" : [ {
                                    "value" : [ "where " ]
                                 }, {
                                    "r" : "80",
                                    "s" : [ {
                                       "r" : "78",
                                       "s" : [ {
                                          "r" : "77",
                                          "s" : [ {
                                             "value" : [ "Diabetes" ]
                                          } ]
                                       }, {
                                          "value" : [ "." ]
                                       }, {
                                          "r" : "78",
                                          "s" : [ {
                                             "value" : [ "prevalencePeriod" ]
                                          } ]
                                       } ]
                                    }, {
                                       "value" : [ " ","overlaps"," " ]
                                    }, {
                                       "r" : "79",
                                       "s" : [ {
                                          "value" : [ "\"Measurement Period\"" ]
                                       } ]
                                    } ]
                                 } ]
                              } ]
                           }, {
                              "value" : [ "\n\t\t)" ]
                           } ]
                        } ]
                     } ]
                  } ]
               }
            } ],
            "expression" : {
               "localId" : "83",
               "locator" : "87:2-93:3",
               "type" : "And",
               "operand" : [ {
                  "localId" : "74",
                  "locator" : "87:2-90:40",
                  "type" : "And",
                  "operand" : [ {
                     "localId" : "53",
                     "locator" : "87:2-89:2",
                     "type" : "Exists",
                     "operand" : {
                        "localId" : "52",
                        "locator" : "87:9-89:2",
                        "type" : "Query",
                        "source" : [ {
                           "localId" : "41",
                           "locator" : "87:11-87:70",
                           "alias" : "BirthDate",
                           "expression" : {
                              "localId" : "40",
                              "locator" : "87:11-87:60",
                              "dataType" : "{urn:healthit-gov:qdm:v5_4}PatientCharacteristicBirthdate",
                              "codeProperty" : "code",
                              "type" : "Retrieve",
                              "codes" : {
                                 "type" : "ToList",
                                 "operand" : {
                                    "name" : "Birth date",
                                    "type" : "CodeRef"
                                 }
                              }
                           }
                        } ],
                        "relationship" : [ ],
                        "where" : {
                           "localId" : "51",
                           "locator" : "88:4-88:114",
                           "type" : "In",
                           "operand" : [ {
                              "localId" : "47",
                              "locator" : "88:10-88:94",
                              "name" : "CalendarAgeInYearsAt",
                              "libraryName" : "Global",
                              "type" : "FunctionRef",
                              "operand" : [ {
                                 "localId" : "44",
                                 "locator" : "88:40-88:62",
                                 "path" : "birthDatetime",
                                 "scope" : "BirthDate",
                                 "type" : "Property"
                              }, {
                                 "localId" : "46",
                                 "locator" : "88:65-88:93",
                                 "type" : "Start",
                                 "operand" : {
                                    "localId" : "45",
                                    "locator" : "88:74-88:93",
                                    "name" : "Measurement Period",
                                    "type" : "ParameterRef"
                                 }
                              } ]
                           }, {
                              "localId" : "50",
                              "locator" : "88:98-88:114",
                              "lowClosed" : true,
                              "highClosed" : false,
                              "type" : "Interval",
                              "low" : {
                                 "localId" : "48",
                                 "locator" : "88:107-88:108",
                                 "valueType" : "{urn:hl7-org:elm-types:r1}Integer",
                                 "value" : "18",
                                 "type" : "Literal"
                              },
                              "high" : {
                                 "localId" : "49",
                                 "locator" : "88:111-88:112",
                                 "valueType" : "{urn:hl7-org:elm-types:r1}Integer",
                                 "value" : "75",
                                 "type" : "Literal"
                              }
                           } ]
                        }
                     }
                  }, {
                     "localId" : "73",
                     "locator" : "90:7-90:40",
                     "type" : "Exists",
                     "operand" : {
                        "localId" : "72",
                        "locator" : "90:14-90:40",
                        "name" : "Qualifying Encounters",
                        "type" : "ExpressionRef"
                     }
                  } ]
               }, {
                  "localId" : "82",
                  "locator" : "91:7-93:3",
                  "type" : "Exists",
                  "operand" : {
                     "localId" : "81",
                     "locator" : "91:14-93:3",
                     "type" : "Query",
                     "source" : [ {
                        "localId" : "76",
                        "locator" : "91:16-91:49",
                        "alias" : "Diabetes",
                        "expression" : {
                           "localId" : "75",
                           "locator" : "91:16-91:40",
                           "dataType" : "{urn:healthit-gov:qdm:v5_4}Diagnosis",
                           "codeProperty" : "code",
                           "type" : "Retrieve",
                           "codes" : {
                              "name" : "Diabetes",
                              "type" : "ValueSetRef"
                           }
                        }
                     } ],
                     "relationship" : [ ],
                     "where" : {
                        "localId" : "80",
                        "locator" : "92:5-92:65",
                        "type" : "Overlaps",
                        "operand" : [ {
                           "localId" : "78",
                           "locator" : "92:11-92:35",
                           "path" : "prevalencePeriod",
                           "scope" : "Diabetes",
                           "type" : "Property"
                        }, {
                           "localId" : "79",
                           "locator" : "92:46-92:65",
                           "name" : "Measurement Period",
                           "type" : "ParameterRef"
                        } ]
                     }
                  }
               } ]
            }
         }, {
            "localId" : "86",
            "locator" : "47:1-48:21",
            "name" : "Denominator",
            "context" : "Patient",
            "accessLevel" : "Public",
            "annotation" : [ {
               "type" : "Annotation",
               "s" : {
                  "r" : "86",
                  "s" : [ {
                     "value" : [ "define ","\"Denominator\"",":\n\t" ]
                  }, {
                     "r" : "85",
                     "s" : [ {
                        "value" : [ "\"Initial Population\"" ]
                     } ]
                  } ]
               }
            } ],
            "expression" : {
               "localId" : "85",
               "locator" : "48:2-48:21",
               "name" : "Initial Population",
               "type" : "ExpressionRef"
            }
         }, {
            "localId" : "100",
            "locator" : "59:1-63:29",
            "name" : "Retinal Exam in Measurement Period or Year Prior",
            "context" : "Patient",
            "accessLevel" : "Public",
            "annotation" : [ {
               "type" : "Annotation",
               "s" : {
                  "r" : "100",
                  "s" : [ {
                     "value" : [ "define ","\"Retinal Exam in Measurement Period or Year Prior\"",":\n\t" ]
                  }, {
                     "r" : "99",
                     "s" : [ {
                        "s" : [ {
                           "r" : "88",
                           "s" : [ {
                              "r" : "87",
                              "s" : [ {
                                 "r" : "87",
                                 "s" : [ {
                                    "value" : [ "[","\"Physical Exam, Performed\"",": " ]
                                 }, {
                                    "s" : [ {
                                       "value" : [ "\"Retinal or Dilated Eye Exam\"" ]
                                    } ]
                                 }, {
                                    "value" : [ "]" ]
                                 } ]
                              } ]
                           }, {
                              "value" : [ " ","RetinalExam" ]
                           } ]
                        } ]
                     }, {
                        "value" : [ "\n\t\t" ]
                     }, {
                        "r" : "98",
                        "s" : [ {
                           "value" : [ "where \n\t\t" ]
                        }, {
                           "r" : "98",
                           "s" : [ {
                              "r" : "91",
                              "s" : [ {
                                 "value" : [ "end of " ]
                              }, {
                                 "r" : "90",
                                 "s" : [ {
                                    "r" : "89",
                                    "s" : [ {
                                       "value" : [ "RetinalExam" ]
                                    } ]
                                 }, {
                                    "value" : [ "." ]
                                 }, {
                                    "r" : "90",
                                    "s" : [ {
                                       "value" : [ "relevantPeriod" ]
                                    } ]
                                 } ]
                              } ]
                           }, {
                              "value" : [ " between " ]
                           }, {
                              "r" : "95",
                              "s" : [ {
                                 "r" : "93",
                                 "s" : [ {
                                    "value" : [ "start of " ]
                                 }, {
                                    "r" : "92",
                                    "s" : [ {
                                       "value" : [ "\"Measurement Period\"" ]
                                    } ]
                                 } ]
                              }, {
                                 "value" : [ " - " ]
                              }, {
                                 "r" : "94",
                                 "s" : [ {
                                    "value" : [ "1 ","year" ]
                                 } ]
                              } ]
                           }, {
                              "value" : [ " and \n\t\t" ]
                           }, {
                              "r" : "97",
                              "s" : [ {
                                 "value" : [ "end of " ]
                              }, {
                                 "r" : "96",
                                 "s" : [ {
                                    "value" : [ "\"Measurement Period\"" ]
                                 } ]
                              } ]
                           } ]
                        } ]
                     } ]
                  } ]
               }
            } ],
            "expression" : {
               "localId" : "99",
               "locator" : "60:2-63:29",
               "type" : "Query",
               "source" : [ {
                  "localId" : "88",
                  "locator" : "60:2-60:72",
                  "alias" : "RetinalExam",
                  "expression" : {
                     "localId" : "87",
                     "locator" : "60:2-60:60",
                     "dataType" : "{urn:healthit-gov:qdm:v5_4}PositivePhysicalExamPerformed",
                     "templateId" : "PositivePhysicalExamPerformed",
                     "codeProperty" : "code",
                     "type" : "Retrieve",
                     "codes" : {
                        "name" : "Retinal or Dilated Eye Exam",
                        "type" : "ValueSetRef"
                     }
                  }
               } ],
               "relationship" : [ ],
               "where" : {
                  "localId" : "98",
                  "locator" : "61:3-63:29",
                  "type" : "And",
                  "operand" : [ {
                     "type" : "GreaterOrEqual",
                     "operand" : [ {
                        "localId" : "91",
                        "locator" : "62:3-62:35",
                        "type" : "End",
                        "operand" : {
                           "localId" : "90",
                           "locator" : "62:10-62:35",
                           "path" : "relevantPeriod",
                           "scope" : "RetinalExam",
                           "type" : "Property"
                        }
                     }, {
                        "localId" : "95",
                        "locator" : "62:45-62:82",
                        "type" : "Subtract",
                        "operand" : [ {
                           "localId" : "93",
                           "locator" : "62:45-62:73",
                           "type" : "Start",
                           "operand" : {
                              "localId" : "92",
                              "locator" : "62:54-62:73",
                              "name" : "Measurement Period",
                              "type" : "ParameterRef"
                           }
                        }, {
                           "localId" : "94",
                           "locator" : "62:77-62:82",
                           "value" : 1,
                           "unit" : "year",
                           "type" : "Quantity"
                        } ]
                     } ]
                  }, {
                     "type" : "LessOrEqual",
                     "operand" : [ {
                        "localId" : "91",
                        "locator" : "62:3-62:35",
                        "type" : "End",
                        "operand" : {
                           "localId" : "90",
                           "locator" : "62:10-62:35",
                           "path" : "relevantPeriod",
                           "scope" : "RetinalExam",
                           "type" : "Property"
                        }
                     }, {
                        "localId" : "97",
                        "locator" : "63:3-63:29",
                        "type" : "End",
                        "operand" : {
                           "localId" : "96",
                           "locator" : "63:10-63:29",
                           "name" : "Measurement Period",
                           "type" : "ParameterRef"
                        }
                     } ]
                  } ]
               }
            }
         }, {
            "localId" : "122",
            "locator" : "65:1-71:26",
            "name" : "Denominator Exclusions",
            "context" : "Patient",
            "accessLevel" : "Public",
            "annotation" : [ {
               "type" : "Annotation",
               "s" : {
                  "r" : "122",
                  "s" : [ {
                     "value" : [ "define ","\"Denominator Exclusions\"",":\n\t" ]
                  }, {
                     "r" : "121",
                     "s" : [ {
                        "r" : "118",
                        "s" : [ {
                           "r" : "115",
                           "s" : [ {
                              "value" : [ "exists " ]
                           }, {
                              "r" : "114",
                              "s" : [ {
                                 "value" : [ "( " ]
                              }, {
                                 "r" : "114",
                                 "s" : [ {
                                    "s" : [ {
                                       "r" : "102",
                                       "s" : [ {
                                          "r" : "101",
                                          "s" : [ {
                                             "r" : "101",
                                             "s" : [ {
                                                "value" : [ "[","\"Patient Characteristic Birthdate\"","]" ]
                                             } ]
                                          } ]
                                       }, {
                                          "value" : [ " ","BirthDate" ]
                                       } ]
                                    } ]
                                 }, {
                                    "value" : [ "\n\t\t\t" ]
                                 }, {
                                    "r" : "113",
                                    "s" : [ {
                                       "value" : [ "where " ]
                                    }, {
                                       "r" : "113",
                                       "s" : [ {
                                          "r" : "110",
                                          "s" : [ {
                                             "r" : "108",
                                             "s" : [ {
                                                "r" : "103",
                                                "s" : [ {
                                                   "value" : [ "Global" ]
                                                } ]
                                             }, {
                                                "value" : [ "." ]
                                             }, {
                                                "r" : "108",
                                                "s" : [ {
                                                   "value" : [ "\"CalendarAgeInYearsAt\"","(" ]
                                                }, {
                                                   "r" : "105",
                                                   "s" : [ {
                                                      "r" : "104",
                                                      "s" : [ {
                                                         "value" : [ "BirthDate" ]
                                                      } ]
                                                   }, {
                                                      "value" : [ "." ]
                                                   }, {
                                                      "r" : "105",
                                                      "s" : [ {
                                                         "value" : [ "birthDatetime" ]
                                                      } ]
                                                   } ]
                                                }, {
                                                   "value" : [ ", " ]
                                                }, {
                                                   "r" : "107",
                                                   "s" : [ {
                                                      "value" : [ "start of " ]
                                                   }, {
                                                      "r" : "106",
                                                      "s" : [ {
                                                         "value" : [ "\"Measurement Period\"" ]
                                                      } ]
                                                   } ]
                                                }, {
                                                   "value" : [ ")" ]
                                                } ]
                                             } ]
                                          }, {
                                             "value" : [ ">="," ","65" ]
                                          } ]
                                       }, {
                                          "value" : [ "\n\t\t\t\tand " ]
                                       }, {
                                          "r" : "112",
                                          "s" : [ {
                                             "r" : "111",
                                             "s" : [ {
                                                "value" : [ "FrailtyLTI" ]
                                             } ]
                                          }, {
                                             "value" : [ "." ]
                                          }, {
                                             "r" : "112",
                                             "s" : [ {
                                                "value" : [ "\"Has Spent More Than 90 Days in Long Term Care\"" ]
                                             } ]
                                          } ]
                                       } ]
                                    } ]
                                 } ]
                              }, {
                                 "value" : [ "\n\t)" ]
                              } ]
                           } ]
                        }, {
                           "value" : [ "\n\t\tor " ]
                        }, {
                           "r" : "117",
                           "s" : [ {
                              "r" : "116",
                              "s" : [ {
                                 "value" : [ "FrailtyLTI" ]
                              } ]
                           }, {
                              "value" : [ "." ]
                           }, {
                              "r" : "117",
                              "s" : [ {
                                 "value" : [ "\"Advanced Illness and Frailty Exclusion Including Under Age 80\"" ]
                              } ]
                           } ]
                        } ]
                     }, {
                        "value" : [ "\n\t\tor " ]
                     }, {
                        "r" : "120",
                        "s" : [ {
                           "r" : "119",
                           "s" : [ {
                              "value" : [ "Hospice" ]
                           } ]
                        }, {
                           "value" : [ "." ]
                        }, {
                           "r" : "120",
                           "s" : [ {
                              "value" : [ "\"Has Hospice\"" ]
                           } ]
                        } ]
                     } ]
                  } ]
               }
            } ],
            "expression" : {
               "localId" : "121",
               "locator" : "66:2-71:26",
               "type" : "Or",
               "operand" : [ {
                  "localId" : "118",
                  "locator" : "66:2-70:79",
                  "type" : "Or",
                  "operand" : [ {
                     "localId" : "115",
                     "locator" : "66:2-69:2",
                     "type" : "Exists",
                     "operand" : {
                        "localId" : "114",
                        "locator" : "66:9-69:2",
                        "type" : "Query",
                        "source" : [ {
                           "localId" : "102",
                           "locator" : "66:11-66:56",
                           "alias" : "BirthDate",
                           "expression" : {
                              "localId" : "101",
                              "locator" : "66:11-66:46",
                              "dataType" : "{urn:healthit-gov:qdm:v5_4}PatientCharacteristicBirthdate",
                              "type" : "Retrieve"
                           }
                        } ],
                        "relationship" : [ ],
                        "where" : {
                           "localId" : "113",
                           "locator" : "67:4-68:66",
                           "type" : "And",
                           "operand" : [ {
                              "localId" : "110",
                              "locator" : "67:10-67:99",
                              "type" : "GreaterOrEqual",
                              "operand" : [ {
                                 "localId" : "108",
                                 "locator" : "67:10-67:94",
                                 "name" : "CalendarAgeInYearsAt",
                                 "libraryName" : "Global",
                                 "type" : "FunctionRef",
                                 "operand" : [ {
                                    "localId" : "105",
                                    "locator" : "67:40-67:62",
                                    "path" : "birthDatetime",
                                    "scope" : "BirthDate",
                                    "type" : "Property"
                                 }, {
                                    "localId" : "107",
                                    "locator" : "67:65-67:93",
                                    "type" : "Start",
                                    "operand" : {
                                       "localId" : "106",
                                       "locator" : "67:74-67:93",
                                       "name" : "Measurement Period",
                                       "type" : "ParameterRef"
                                    }
                                 } ]
                              }, {
                                 "localId" : "109",
                                 "locator" : "67:98-67:99",
                                 "valueType" : "{urn:hl7-org:elm-types:r1}Integer",
                                 "value" : "65",
                                 "type" : "Literal"
                              } ]
                           }, {
                              "localId" : "112",
                              "locator" : "68:9-68:66",
                              "name" : "Has Spent More Than 90 Days in Long Term Care",
                              "libraryName" : "FrailtyLTI",
                              "type" : "ExpressionRef"
                           } ]
                        }
                     }
                  }, {
                     "localId" : "117",
                     "locator" : "70:6-70:79",
                     "name" : "Advanced Illness and Frailty Exclusion Including Under Age 80",
                     "libraryName" : "FrailtyLTI",
                     "type" : "ExpressionRef"
                  } ]
               }, {
                  "localId" : "120",
                  "locator" : "71:6-71:26",
                  "name" : "Has Hospice",
                  "libraryName" : "Hospice",
                  "type" : "ExpressionRef"
               } ]
            }
         }, {
            "localId" : "131",
            "locator" : "73:1-76:2",
            "name" : "Diabetic Retinopathy Overlapping Measurement Period",
            "context" : "Patient",
            "accessLevel" : "Public",
            "annotation" : [ {
               "type" : "Annotation",
               "s" : {
                  "r" : "131",
                  "s" : [ {
                     "value" : [ "define ","\"Diabetic Retinopathy Overlapping Measurement Period\"",":\n\t" ]
                  }, {
                     "r" : "130",
                     "s" : [ {
                        "value" : [ "exists " ]
                     }, {
                        "r" : "129",
                        "s" : [ {
                           "value" : [ "( " ]
                        }, {
                           "r" : "129",
                           "s" : [ {
                              "s" : [ {
                                 "r" : "124",
                                 "s" : [ {
                                    "r" : "123",
                                    "s" : [ {
                                       "r" : "123",
                                       "s" : [ {
                                          "value" : [ "[","\"Diagnosis\"",": " ]
                                       }, {
                                          "s" : [ {
                                             "value" : [ "\"Diabetic Retinopathy\"" ]
                                          } ]
                                       }, {
                                          "value" : [ "]" ]
                                       } ]
                                    } ]
                                 }, {
                                    "value" : [ " ","Retinopathy" ]
                                 } ]
                              } ]
                           }, {
                              "value" : [ "\n\t\t\t" ]
                           }, {
                              "r" : "128",
                              "s" : [ {
                                 "value" : [ "where " ]
                              }, {
                                 "r" : "128",
                                 "s" : [ {
                                    "r" : "126",
                                    "s" : [ {
                                       "r" : "125",
                                       "s" : [ {
                                          "value" : [ "Retinopathy" ]
                                       } ]
                                    }, {
                                       "value" : [ "." ]
                                    }, {
                                       "r" : "126",
                                       "s" : [ {
                                          "value" : [ "prevalencePeriod" ]
                                       } ]
                                    } ]
                                 }, {
                                    "value" : [ " ","overlaps"," " ]
                                 }, {
                                    "r" : "127",
                                    "s" : [ {
                                       "value" : [ "\"Measurement Period\"" ]
                                    } ]
                                 } ]
                              } ]
                           } ]
                        }, {
                           "value" : [ "\n\t)" ]
                        } ]
                     } ]
                  } ]
               }
            } ],
            "expression" : {
               "localId" : "130",
               "locator" : "74:2-76:2",
               "type" : "Exists",
               "operand" : {
                  "localId" : "129",
                  "locator" : "74:9-76:2",
                  "type" : "Query",
                  "source" : [ {
                     "localId" : "124",
                     "locator" : "74:11-74:59",
                     "alias" : "Retinopathy",
                     "expression" : {
                        "localId" : "123",
                        "locator" : "74:11-74:47",
                        "dataType" : "{urn:healthit-gov:qdm:v5_4}Diagnosis",
                        "codeProperty" : "code",
                        "type" : "Retrieve",
                        "codes" : {
                           "name" : "Diabetic Retinopathy",
                           "type" : "ValueSetRef"
                        }
                     }
                  } ],
                  "relationship" : [ ],
                  "where" : {
                     "localId" : "128",
                     "locator" : "75:4-75:67",
                     "type" : "Overlaps",
                     "operand" : [ {
                        "localId" : "126",
                        "locator" : "75:10-75:37",
                        "path" : "prevalencePeriod",
                        "scope" : "Retinopathy",
                        "type" : "Property"
                     }, {
                        "localId" : "127",
                        "locator" : "75:48-75:67",
                        "name" : "Measurement Period",
                        "type" : "ParameterRef"
                     } ]
                  }
               }
            }
         }, {
            "localId" : "142",
            "locator" : "78:1-84:3",
            "name" : "Numerator",
            "context" : "Patient",
            "accessLevel" : "Public",
            "annotation" : [ {
               "type" : "Annotation",
               "s" : {
                  "r" : "142",
                  "s" : [ {
                     "value" : [ "define ","\"Numerator\"",":\n\t" ]
                  }, {
                     "r" : "141",
                     "s" : [ {
                        "r" : "135",
                        "s" : [ {
                           "value" : [ "( " ]
                        }, {
                           "r" : "135",
                           "s" : [ {
                              "r" : "132",
                              "s" : [ {
                                 "value" : [ "\"Diabetic Retinopathy Overlapping Measurement Period\"" ]
                              } ]
                           }, {
                              "value" : [ "\n\t\t\tand " ]
                           }, {
                              "r" : "134",
                              "s" : [ {
                                 "value" : [ "exists " ]
                              }, {
                                 "r" : "133",
                                 "s" : [ {
                                    "value" : [ "( " ]
                                 }, {
                                    "r" : "133",
                                    "s" : [ {
                                       "value" : [ "\"Retinal Exam in Measurement Period\"" ]
                                    } ]
                                 }, {
                                    "value" : [ " )" ]
                                 } ]
                              } ]
                           } ]
                        }, {
                           "value" : [ "\n\t)" ]
                        } ]
                     }, {
                        "value" : [ "\n\t\tor " ]
                     }, {
                        "r" : "140",
                        "s" : [ {
                           "value" : [ "( " ]
                        }, {
                           "r" : "140",
                           "s" : [ {
                              "r" : "137",
                              "s" : [ {
                                 "value" : [ "not " ]
                              }, {
                                 "r" : "136",
                                 "s" : [ {
                                    "value" : [ "( " ]
                                 }, {
                                    "r" : "136",
                                    "s" : [ {
                                       "value" : [ "\"Diabetic Retinopathy Overlapping Measurement Period\"" ]
                                    } ]
                                 }, {
                                    "value" : [ " )" ]
                                 } ]
                              } ]
                           }, {
                              "value" : [ "\n\t\t\t\tand " ]
                           }, {
                              "r" : "139",
                              "s" : [ {
                                 "value" : [ "exists " ]
                              }, {
                                 "r" : "138",
                                 "s" : [ {
                                    "value" : [ "( " ]
                                 }, {
                                    "r" : "138",
                                    "s" : [ {
                                       "value" : [ "\"Retinal Exam in Measurement Period or Year Prior\"" ]
                                    } ]
                                 }, {
                                    "value" : [ " )" ]
                                 } ]
                              } ]
                           } ]
                        }, {
                           "value" : [ "\n\t\t)" ]
                        } ]
                     } ]
                  } ]
               }
            } ],
            "expression" : {
               "localId" : "141",
               "locator" : "79:2-84:3",
               "type" : "Or",
               "operand" : [ {
                  "localId" : "135",
                  "locator" : "79:2-81:2",
                  "type" : "And",
                  "operand" : [ {
                     "localId" : "132",
                     "locator" : "79:4-79:56",
                     "name" : "Diabetic Retinopathy Overlapping Measurement Period",
                     "type" : "ExpressionRef"
                  }, {
                     "localId" : "134",
                     "locator" : "80:8-80:54",
                     "type" : "Exists",
                     "operand" : {
                        "localId" : "133",
                        "locator" : "80:15-80:54",
                        "name" : "Retinal Exam in Measurement Period",
                        "type" : "ExpressionRef"
                     }
                  } ]
               }, {
                  "localId" : "140",
                  "locator" : "82:6-84:3",
                  "type" : "And",
                  "operand" : [ {
                     "localId" : "137",
                     "locator" : "82:8-82:68",
                     "type" : "Not",
                     "operand" : {
                        "localId" : "136",
                        "locator" : "82:12-82:68",
                        "name" : "Diabetic Retinopathy Overlapping Measurement Period",
                        "type" : "ExpressionRef"
                     }
                  }, {
                     "localId" : "139",
                     "locator" : "83:9-83:69",
                     "type" : "Exists",
                     "operand" : {
                        "localId" : "138",
                        "locator" : "83:16-83:69",
                        "name" : "Retinal Exam in Measurement Period or Year Prior",
                        "type" : "ExpressionRef"
                     }
                  } ]
               } ]
            }
         } ]
      }
   }
}