{
   "library" : {
      "identifier" : {
         "id" : "OncologyPainIntensityQuantified",
         "version" : "9.2.000"
      },
      "schemaIdentifier" : {
         "id" : "urn:hl7-org:elm",
         "version" : "r1"
      },
      "usings" : {
         "def" : [ {
            "localIdentifier" : "System",
            "uri" : "urn:hl7-org:elm-types:r1"
         }, {
            "localId" : "1",
            "locator" : "3:1-3:23",
            "localIdentifier" : "QDM",
            "uri" : "urn:healthit-gov:qdm:v5_5",
            "version" : "5.5"
         } ]
      },
      "parameters" : {
         "def" : [ {
            "localId" : "13",
            "locator" : "15:1-15:49",
            "name" : "Measurement Period",
            "accessLevel" : "Public",
            "parameterTypeSpecifier" : {
               "localId" : "12",
               "locator" : "15:32-15:49",
               "type" : "IntervalTypeSpecifier",
               "pointType" : {
                  "localId" : "11",
                  "locator" : "15:41-15:48",
                  "name" : "{urn:hl7-org:elm-types:r1}DateTime",
                  "type" : "NamedTypeSpecifier"
               }
            }
         } ]
      },
      "valueSets" : {
         "def" : [ {
            "localId" : "2",
            "locator" : "5:1-5:59",
            "name" : "Cancer",
            "id" : "urn:oid:2.16.840.1.113883.3.526.3.1010",
            "accessLevel" : "Public"
         }, {
            "localId" : "3",
            "locator" : "6:1-6:80",
            "name" : "Chemotherapy Administration",
            "id" : "urn:oid:2.16.840.1.113883.3.526.3.1027",
            "accessLevel" : "Public"
         }, {
            "localId" : "4",
            "locator" : "7:1-7:58",
            "name" : "Ethnicity",
            "id" : "urn:oid:2.16.840.1.114222.4.11.837",
            "accessLevel" : "Public"
         }, {
            "localId" : "5",
            "locator" : "8:1-8:75",
            "name" : "Office Visit",
            "id" : "urn:oid:2.16.840.1.113883.3.464.1003.101.12.1001",
            "accessLevel" : "Public"
         }, {
            "localId" : "6",
            "locator" : "9:1-9:68",
            "name" : "ONC Administrative Sex",
            "id" : "urn:oid:2.16.840.1.113762.1.4.1",
            "accessLevel" : "Public"
         }, {
            "localId" : "7",
            "locator" : "10:1-10:55",
            "name" : "Payer",
            "id" : "urn:oid:2.16.840.1.114222.4.11.3591",
            "accessLevel" : "Public"
         }, {
            "localId" : "8",
            "locator" : "11:1-11:53",
            "name" : "Race",
            "id" : "urn:oid:2.16.840.1.114222.4.11.836",
            "accessLevel" : "Public"
         }, {
            "localId" : "9",
            "locator" : "12:1-12:83",
            "name" : "Radiation Treatment Management",
            "id" : "urn:oid:2.16.840.1.113883.3.526.3.1026",
            "accessLevel" : "Public"
         }, {
            "localId" : "10",
            "locator" : "13:1-13:86",
            "name" : "Standardized Pain Assessment Tool",
            "id" : "urn:oid:2.16.840.1.113883.3.526.3.1028",
            "accessLevel" : "Public"
         } ]
      },
      "statements" : {
         "def" : [ {
            "locator" : "17:1-17:15",
            "name" : "Patient",
            "context" : "Patient",
            "expression" : {
               "type" : "SingletonFrom",
               "operand" : {
                  "locator" : "17:1-17:15",
                  "dataType" : "{urn:healthit-gov:qdm:v5_5}Patient",
                  "templateId" : "Patient",
                  "type" : "Retrieve"
               }
            }
         }, {
            "localId" : "31",
            "locator" : "61:1-64:43",
            "name" : "Chemotherapy Within 31 Days Prior and After Measurement Period",
            "context" : "Patient",
            "accessLevel" : "Public",
            "annotation" : [ {
               "type" : "Annotation",
               "s" : {
                  "r" : "31",
                  "s" : [ {
                     "value" : [ "define ","\"Chemotherapy Within 31 Days Prior and After Measurement Period\"",":\n  " ]
                  }, {
                     "r" : "30",
                     "s" : [ {
                        "s" : [ {
                           "r" : "17",
                           "s" : [ {
                              "r" : "16",
                              "s" : [ {
                                 "r" : "16",
                                 "s" : [ {
                                    "value" : [ "[","\"Procedure, Performed\"",": " ]
                                 }, {
                                    "s" : [ {
                                       "value" : [ "\"Chemotherapy Administration\"" ]
                                    } ]
                                 }, {
                                    "value" : [ "]" ]
                                 } ]
                              } ]
                           }, {
                              "value" : [ " ","ChemoAdministration" ]
                           } ]
                        } ]
                     }, {
                        "value" : [ "\n    " ]
                     }, {
                        "r" : "29",
                        "s" : [ {
                           "value" : [ "where " ]
                        }, {
                           "r" : "29",
                           "s" : [ {
                              "r" : "19",
                              "s" : [ {
                                 "r" : "18",
                                 "s" : [ {
                                    "value" : [ "ChemoAdministration" ]
                                 } ]
                              }, {
                                 "value" : [ "." ]
                              }, {
                                 "r" : "19",
                                 "s" : [ {
                                    "value" : [ "relevantPeriod" ]
                                 } ]
                              } ]
                           }, {
                              "r" : "29",
                              "value" : [ " ","during"," " ]
                           }, {
                              "r" : "28",
                              "s" : [ {
                                 "value" : [ "Interval[" ]
                              }, {
                                 "r" : "23",
                                 "s" : [ {
                                    "r" : "21",
                                    "s" : [ {
                                       "value" : [ "start of " ]
                                    }, {
                                       "r" : "20",
                                       "s" : [ {
                                          "value" : [ "\"Measurement Period\"" ]
                                       } ]
                                    } ]
                                 }, {
                                    "value" : [ " - " ]
                                 }, {
                                    "r" : "22",
                                    "s" : [ {
                                       "value" : [ "31 ","days" ]
                                    } ]
                                 } ]
                              }, {
                                 "value" : [ ", \n    " ]
                              }, {
                                 "r" : "27",
                                 "s" : [ {
                                    "r" : "25",
                                    "s" : [ {
                                       "value" : [ "end of " ]
                                    }, {
                                       "r" : "24",
                                       "s" : [ {
                                          "value" : [ "\"Measurement Period\"" ]
                                       } ]
                                    } ]
                                 }, {
                                    "value" : [ " + " ]
                                 }, {
                                    "r" : "26",
                                    "s" : [ {
                                       "value" : [ "31 ","days" ]
                                    } ]
                                 } ]
                              }, {
                                 "value" : [ " )" ]
                              } ]
                           } ]
                        } ]
                     } ]
                  } ]
               }
            } ],
            "expression" : {
               "localId" : "30",
               "locator" : "62:3-64:43",
               "type" : "Query",
               "source" : [ {
                  "localId" : "17",
                  "locator" : "62:3-62:77",
                  "alias" : "ChemoAdministration",
                  "expression" : {
                     "localId" : "16",
                     "locator" : "62:3-62:57",
                     "dataType" : "{urn:healthit-gov:qdm:v5_5}PositiveProcedurePerformed",
                     "templateId" : "PositiveProcedurePerformed",
                     "codeProperty" : "code",
                     "type" : "Retrieve",
                     "codes" : {
                        "locator" : "62:28-62:56",
                        "name" : "Chemotherapy Administration",
                        "type" : "ValueSetRef"
                     }
                  }
               } ],
               "relationship" : [ ],
               "where" : {
                  "localId" : "29",
                  "locator" : "63:5-64:43",
                  "type" : "IncludedIn",
                  "operand" : [ {
                     "localId" : "19",
                     "locator" : "63:11-63:44",
                     "path" : "relevantPeriod",
                     "scope" : "ChemoAdministration",
                     "type" : "Property"
                  }, {
                     "localId" : "28",
                     "locator" : "63:53-64:43",
                     "lowClosed" : true,
                     "highClosed" : false,
                     "type" : "Interval",
                     "low" : {
                        "localId" : "23",
                        "locator" : "63:62-63:100",
                        "type" : "Subtract",
                        "operand" : [ {
                           "localId" : "21",
                           "locator" : "63:62-63:90",
                           "type" : "Start",
                           "operand" : {
                              "localId" : "20",
                              "locator" : "63:71-63:90",
                              "name" : "Measurement Period",
                              "type" : "ParameterRef"
                           }
                        }, {
                           "localId" : "22",
                           "locator" : "63:94-63:100",
                           "value" : 31,
                           "unit" : "days",
                           "type" : "Quantity"
                        } ]
                     },
                     "high" : {
                        "localId" : "27",
                        "locator" : "64:5-64:41",
                        "type" : "Add",
                        "operand" : [ {
                           "localId" : "25",
                           "locator" : "64:5-64:31",
                           "type" : "End",
                           "operand" : {
                              "localId" : "24",
                              "locator" : "64:12-64:31",
                              "name" : "Measurement Period",
                              "type" : "ParameterRef"
                           }
                        }, {
                           "localId" : "26",
                           "locator" : "64:35-64:41",
                           "value" : 31,
                           "unit" : "days",
                           "type" : "Quantity"
                        } ]
                     }
                  } ]
               }
            }
         }, {
            "localId" : "71",
            "locator" : "66:1-79:30",
            "name" : "Face to Face Encounter with Ongoing Chemotherapy",
            "context" : "Patient",
            "accessLevel" : "Public",
            "annotation" : [ {
               "type" : "Annotation",
               "s" : {
                  "r" : "71",
                  "s" : [ {
                     "value" : [ "define ","\"Face to Face Encounter with Ongoing Chemotherapy\"",":\n  " ]
                  }, {
                     "r" : "70",
                     "s" : [ {
                        "s" : [ {
                           "value" : [ "from\n    " ]
                        }, {
                           "r" : "15",
                           "s" : [ {
                              "r" : "14",
                              "s" : [ {
                                 "r" : "14",
                                 "s" : [ {
                                    "value" : [ "[","\"Encounter, Performed\"",": " ]
                                 }, {
                                    "s" : [ {
                                       "value" : [ "\"Office Visit\"" ]
                                    } ]
                                 }, {
                                    "value" : [ "]" ]
                                 } ]
                              } ]
                           }, {
                              "value" : [ " ","FaceToFaceEncounter" ]
                           } ]
                        }, {
                           "value" : [ ",\n    " ]
                        }, {
                           "r" : "33",
                           "s" : [ {
                              "r" : "32",
                              "s" : [ {
                                 "s" : [ {
                                    "value" : [ "\"Chemotherapy Within 31 Days Prior and After Measurement Period\"" ]
                                 } ]
                              } ]
                           }, {
                              "value" : [ " ","ChemoBeforeEncounter" ]
                           } ]
                        }, {
                           "value" : [ ",\n    " ]
                        }, {
                           "r" : "35",
                           "s" : [ {
                              "r" : "34",
                              "s" : [ {
                                 "s" : [ {
                                    "value" : [ "\"Chemotherapy Within 31 Days Prior and After Measurement Period\"" ]
                                 } ]
                              } ]
                           }, {
                              "value" : [ " ","ChemoAfterEncounter" ]
                           } ]
                        }, {
                           "value" : [ ",\n    " ]
                        }, {
                           "r" : "37",
                           "s" : [ {
                              "r" : "36",
                              "s" : [ {
                                 "r" : "36",
                                 "s" : [ {
                                    "value" : [ "[","\"Diagnosis\"",": " ]
                                 }, {
                                    "s" : [ {
                                       "value" : [ "\"Cancer\"" ]
                                    } ]
                                 }, {
                                    "value" : [ "]" ]
                                 } ]
                              } ]
                           }, {
                              "value" : [ " ","Cancer" ]
                           } ]
                        } ]
                     }, {
                        "value" : [ "\n    " ]
                     }, {
                        "r" : "67",
                        "s" : [ {
                           "value" : [ "where " ]
                        }, {
                           "r" : "67",
                           "s" : [ {
                              "r" : "62",
                              "s" : [ {
                                 "r" : "56",
                                 "s" : [ {
                                    "r" : "52",
                                    "s" : [ {
                                       "r" : "44",
                                       "s" : [ {
                                          "r" : "39",
                                          "s" : [ {
                                             "r" : "38",
                                             "s" : [ {
                                                "value" : [ "ChemoBeforeEncounter" ]
                                             } ]
                                          }, {
                                             "value" : [ "." ]
                                          }, {
                                             "r" : "39",
                                             "s" : [ {
                                                "value" : [ "relevantPeriod" ]
                                             } ]
                                          } ]
                                       }, {
                                          "value" : [ " " ]
                                       }, {
                                          "r" : "44",
                                          "s" : [ {
                                             "value" : [ "starts " ]
                                          }, {
                                             "r" : "43",
                                             "s" : [ {
                                                "value" : [ "30 ","days" ]
                                             } ]
                                          }, {
                                             "value" : [ " or less on or before day of" ]
                                          } ]
                                       }, {
                                          "value" : [ " \n    " ]
                                       }, {
                                          "r" : "42",
                                          "s" : [ {
                                             "value" : [ "end of " ]
                                          }, {
                                             "r" : "41",
                                             "s" : [ {
                                                "r" : "40",
                                                "s" : [ {
                                                   "value" : [ "FaceToFaceEncounter" ]
                                                } ]
                                             }, {
                                                "value" : [ "." ]
                                             }, {
                                                "r" : "41",
                                                "s" : [ {
                                                   "value" : [ "relevantPeriod" ]
                                                } ]
                                             } ]
                                          } ]
                                       } ]
                                    }, {
                                       "value" : [ "\n      and " ]
                                    }, {
                                       "r" : "51",
                                       "s" : [ {
                                          "r" : "46",
                                          "s" : [ {
                                             "r" : "45",
                                             "s" : [ {
                                                "value" : [ "ChemoAfterEncounter" ]
                                             } ]
                                          }, {
                                             "value" : [ "." ]
                                          }, {
                                             "r" : "46",
                                             "s" : [ {
                                                "value" : [ "relevantPeriod" ]
                                             } ]
                                          } ]
                                       }, {
                                          "value" : [ " " ]
                                       }, {
                                          "r" : "51",
                                          "s" : [ {
                                             "value" : [ "starts " ]
                                          }, {
                                             "r" : "50",
                                             "s" : [ {
                                                "value" : [ "30 ","days" ]
                                             } ]
                                          }, {
                                             "value" : [ " or less on or after day of" ]
                                          } ]
                                       }, {
                                          "value" : [ " \n      " ]
                                       }, {
                                          "r" : "49",
                                          "s" : [ {
                                             "value" : [ "end of " ]
                                          }, {
                                             "r" : "48",
                                             "s" : [ {
                                                "r" : "47",
                                                "s" : [ {
                                                   "value" : [ "FaceToFaceEncounter" ]
                                                } ]
                                             }, {
                                                "value" : [ "." ]
                                             }, {
                                                "r" : "48",
                                                "s" : [ {
                                                   "value" : [ "relevantPeriod" ]
                                                } ]
                                             } ]
                                          } ]
                                       } ]
                                    } ]
                                 }, {
                                    "value" : [ "\n      and " ]
                                 }, {
                                    "r" : "55",
                                    "s" : [ {
                                       "r" : "53",
                                       "s" : [ {
                                          "value" : [ "ChemoBeforeEncounter" ]
                                       } ]
                                    }, {
                                       "value" : [ " ","!~"," " ]
                                    }, {
                                       "r" : "54",
                                       "s" : [ {
                                          "value" : [ "ChemoAfterEncounter" ]
                                       } ]
                                    } ]
                                 } ]
                              }, {
                                 "value" : [ "\n      and " ]
                              }, {
                                 "r" : "61",
                                 "s" : [ {
                                    "r" : "58",
                                    "s" : [ {
                                       "r" : "57",
                                       "s" : [ {
                                          "value" : [ "Cancer" ]
                                       } ]
                                    }, {
                                       "value" : [ "." ]
                                    }, {
                                       "r" : "58",
                                       "s" : [ {
                                          "value" : [ "prevalencePeriod" ]
                                       } ]
                                    } ]
                                 }, {
                                    "r" : "61",
                                    "value" : [ " ","overlaps"," " ]
                                 }, {
                                    "r" : "60",
                                    "s" : [ {
                                       "r" : "59",
                                       "s" : [ {
                                          "value" : [ "FaceToFaceEncounter" ]
                                       } ]
                                    }, {
                                       "value" : [ "." ]
                                    }, {
                                       "r" : "60",
                                       "s" : [ {
                                          "value" : [ "relevantPeriod" ]
                                       } ]
                                    } ]
                                 } ]
                              } ]
                           }, {
                              "value" : [ "\n      and " ]
                           }, {
                              "r" : "66",
                              "s" : [ {
                                 "r" : "64",
                                 "s" : [ {
                                    "r" : "63",
                                    "s" : [ {
                                       "value" : [ "FaceToFaceEncounter" ]
                                    } ]
                                 }, {
                                    "value" : [ "." ]
                                 }, {
                                    "r" : "64",
                                    "s" : [ {
                                       "value" : [ "relevantPeriod" ]
                                    } ]
                                 } ]
                              }, {
                                 "r" : "66",
                                 "value" : [ " ","during"," " ]
                              }, {
                                 "r" : "65",
                                 "s" : [ {
                                    "value" : [ "\"Measurement Period\"" ]
                                 } ]
                              } ]
                           } ]
                        } ]
                     }, {
                        "value" : [ "\n    " ]
                     }, {
                        "r" : "69",
                        "s" : [ {
                           "value" : [ "return " ]
                        }, {
                           "r" : "68",
                           "s" : [ {
                              "value" : [ "FaceToFaceEncounter" ]
                           } ]
                        } ]
                     } ]
                  } ]
               }
            } ],
            "expression" : {
               "localId" : "70",
               "locator" : "67:3-79:30",
               "type" : "Query",
               "source" : [ {
                  "localId" : "15",
                  "locator" : "68:5-68:64",
                  "alias" : "FaceToFaceEncounter",
                  "expression" : {
                     "localId" : "14",
                     "locator" : "68:5-68:44",
                     "dataType" : "{urn:healthit-gov:qdm:v5_5}PositiveEncounterPerformed",
                     "templateId" : "PositiveEncounterPerformed",
                     "codeProperty" : "code",
                     "type" : "Retrieve",
                     "codes" : {
                        "locator" : "68:30-68:43",
                        "name" : "Office Visit",
                        "type" : "ValueSetRef"
                     }
                  }
               }, {
                  "localId" : "33",
                  "locator" : "69:5-69:89",
                  "alias" : "ChemoBeforeEncounter",
                  "expression" : {
                     "localId" : "32",
                     "locator" : "69:5-69:68",
                     "name" : "Chemotherapy Within 31 Days Prior and After Measurement Period",
                     "type" : "ExpressionRef"
                  }
               }, {
                  "localId" : "35",
                  "locator" : "70:5-70:88",
                  "alias" : "ChemoAfterEncounter",
                  "expression" : {
                     "localId" : "34",
                     "locator" : "70:5-70:68",
                     "name" : "Chemotherapy Within 31 Days Prior and After Measurement Period",
                     "type" : "ExpressionRef"
                  }
               }, {
                  "localId" : "37",
                  "locator" : "71:5-71:34",
                  "alias" : "Cancer",
                  "expression" : {
                     "localId" : "36",
                     "locator" : "71:5-71:27",
                     "dataType" : "{urn:healthit-gov:qdm:v5_5}Diagnosis",
                     "codeProperty" : "code",
                     "type" : "Retrieve",
                     "codes" : {
                        "locator" : "71:19-71:26",
                        "name" : "Cancer",
                        "type" : "ValueSetRef"
                     }
                  }
               } ],
               "relationship" : [ ],
               "where" : {
                  "localId" : "67",
                  "locator" : "72:5-78:72",
                  "type" : "And",
                  "operand" : [ {
                     "localId" : "62",
                     "locator" : "72:11-77:77",
                     "type" : "And",
                     "operand" : [ {
                        "localId" : "56",
                        "locator" : "72:11-76:53",
                        "type" : "And",
                        "operand" : [ {
                           "localId" : "52",
                           "locator" : "72:11-75:47",
                           "type" : "And",
                           "operand" : [ {
                              "localId" : "44",
                              "locator" : "72:11-73:45",
                              "type" : "And",
                              "operand" : [ {
                                 "locator" : "72:54-72:68",
                                 "precision" : "Day",
                                 "type" : "In",
                                 "operand" : [ {
                                    "locator" : "72:47-72:52",
                                    "type" : "Start",
                                    "operand" : {
                                       "localId" : "39",
                                       "locator" : "72:11-72:45",
                                       "path" : "relevantPeriod",
                                       "scope" : "ChemoBeforeEncounter",
                                       "type" : "Property"
                                    }
                                 }, {
                                    "locator" : "72:54-72:68",
                                    "lowClosed" : true,
                                    "highClosed" : true,
                                    "type" : "Interval",
                                    "low" : {
                                       "locator" : "73:5-73:45",
                                       "type" : "Subtract",
                                       "operand" : [ {
                                          "localId" : "42",
                                          "locator" : "73:5-73:45",
                                          "type" : "End",
                                          "operand" : {
                                             "localId" : "41",
                                             "locator" : "73:12-73:45",
                                             "path" : "relevantPeriod",
                                             "scope" : "FaceToFaceEncounter",
                                             "type" : "Property"
                                          }
                                       }, {
                                          "localId" : "43",
                                          "locator" : "72:54-72:60",
                                          "value" : 30,
                                          "unit" : "days",
                                          "type" : "Quantity"
                                       } ]
                                    },
                                    "high" : {
                                       "localId" : "42",
                                       "locator" : "73:5-73:45",
                                       "type" : "End",
                                       "operand" : {
                                          "localId" : "41",
                                          "locator" : "73:12-73:45",
                                          "path" : "relevantPeriod",
                                          "scope" : "FaceToFaceEncounter",
                                          "type" : "Property"
                                       }
                                    }
                                 } ]
                              }, {
                                 "locator" : "72:54-72:68",
                                 "type" : "Not",
                                 "operand" : {
                                    "locator" : "72:54-72:68",
                                    "type" : "IsNull",
                                    "operand" : {
                                       "localId" : "42",
                                       "locator" : "73:5-73:45",
                                       "type" : "End",
                                       "operand" : {
                                          "localId" : "41",
                                          "locator" : "73:12-73:45",
                                          "path" : "relevantPeriod",
                                          "scope" : "FaceToFaceEncounter",
                                          "type" : "Property"
                                       }
                                    }
                                 }
                              } ]
                           }, {
                              "localId" : "51",
                              "locator" : "74:11-75:47",
                              "type" : "And",
                              "operand" : [ {
                                 "locator" : "74:53-74:67",
                                 "precision" : "Day",
                                 "type" : "In",
                                 "operand" : [ {
                                    "locator" : "74:46-74:51",
                                    "type" : "Start",
                                    "operand" : {
                                       "localId" : "46",
                                       "locator" : "74:11-74:44",
                                       "path" : "relevantPeriod",
                                       "scope" : "ChemoAfterEncounter",
                                       "type" : "Property"
                                    }
                                 }, {
                                    "locator" : "74:53-74:67",
                                    "lowClosed" : true,
                                    "highClosed" : true,
                                    "type" : "Interval",
                                    "low" : {
                                       "localId" : "49",
                                       "locator" : "75:7-75:47",
                                       "type" : "End",
                                       "operand" : {
                                          "localId" : "48",
                                          "locator" : "75:14-75:47",
                                          "path" : "relevantPeriod",
                                          "scope" : "FaceToFaceEncounter",
                                          "type" : "Property"
                                       }
                                    },
                                    "high" : {
                                       "locator" : "75:7-75:47",
                                       "type" : "Add",
                                       "operand" : [ {
                                          "localId" : "49",
                                          "locator" : "75:7-75:47",
                                          "type" : "End",
                                          "operand" : {
                                             "localId" : "48",
                                             "locator" : "75:14-75:47",
                                             "path" : "relevantPeriod",
                                             "scope" : "FaceToFaceEncounter",
                                             "type" : "Property"
                                          }
                                       }, {
                                          "localId" : "50",
                                          "locator" : "74:53-74:59",
                                          "value" : 30,
                                          "unit" : "days",
                                          "type" : "Quantity"
                                       } ]
                                    }
                                 } ]
                              }, {
                                 "locator" : "74:53-74:67",
                                 "type" : "Not",
                                 "operand" : {
                                    "locator" : "74:53-74:67",
                                    "type" : "IsNull",
                                    "operand" : {
                                       "localId" : "49",
                                       "locator" : "75:7-75:47",
                                       "type" : "End",
                                       "operand" : {
                                          "localId" : "48",
                                          "locator" : "75:14-75:47",
                                          "path" : "relevantPeriod",
                                          "scope" : "FaceToFaceEncounter",
                                          "type" : "Property"
                                       }
                                    }
                                 }
                              } ]
                           } ]
                        }, {
                           "localId" : "55",
                           "locator" : "76:11-76:53",
                           "type" : "Not",
                           "operand" : {
                              "locator" : "76:11-76:53",
                              "type" : "Equivalent",
                              "operand" : [ {
                                 "localId" : "53",
                                 "locator" : "76:11-76:30",
                                 "name" : "ChemoBeforeEncounter",
                                 "type" : "AliasRef"
                              }, {
                                 "localId" : "54",
                                 "locator" : "76:35-76:53",
                                 "name" : "ChemoAfterEncounter",
                                 "type" : "AliasRef"
                              } ]
                           }
                        } ]
                     }, {
                        "localId" : "61",
                        "locator" : "77:11-77:77",
                        "type" : "Overlaps",
                        "operand" : [ {
                           "localId" : "58",
                           "locator" : "77:11-77:33",
                           "path" : "prevalencePeriod",
                           "scope" : "Cancer",
                           "type" : "Property"
                        }, {
                           "localId" : "60",
                           "locator" : "77:44-77:77",
                           "path" : "relevantPeriod",
                           "scope" : "FaceToFaceEncounter",
                           "type" : "Property"
                        } ]
                     } ]
                  }, {
                     "localId" : "66",
                     "locator" : "78:11-78:72",
                     "type" : "IncludedIn",
                     "operand" : [ {
                        "localId" : "64",
                        "locator" : "78:11-78:44",
                        "path" : "relevantPeriod",
                        "scope" : "FaceToFaceEncounter",
                        "type" : "Property"
                     }, {
                        "localId" : "65",
                        "locator" : "78:53-78:72",
                        "name" : "Measurement Period",
                        "type" : "ParameterRef"
                     } ]
                  } ]
               },
               "return" : {
                  "localId" : "69",
                  "locator" : "79:5-79:30",
                  "expression" : {
                     "localId" : "68",
                     "locator" : "79:12-79:30",
                     "name" : "FaceToFaceEncounter",
                     "type" : "AliasRef"
                  }
               }
            }
         }, {
            "localId" : "73",
            "locator" : "25:1-26:52",
            "name" : "Initial Population 1",
            "context" : "Patient",
            "accessLevel" : "Public",
            "annotation" : [ {
               "type" : "Annotation",
               "s" : {
                  "r" : "73",
                  "s" : [ {
                     "value" : [ "define ","\"Initial Population 1\"",":\n  " ]
                  }, {
                     "r" : "72",
                     "s" : [ {
                        "value" : [ "\"Face to Face Encounter with Ongoing Chemotherapy\"" ]
                     } ]
                  } ]
               }
            } ],
            "expression" : {
               "localId" : "72",
               "locator" : "26:3-26:52",
               "name" : "Face to Face Encounter with Ongoing Chemotherapy",
               "type" : "ExpressionRef"
            }
         }, {
            "localId" : "75",
            "locator" : "19:1-20:24",
            "name" : "Denominator 1",
            "context" : "Patient",
            "accessLevel" : "Public",
            "annotation" : [ {
               "type" : "Annotation",
               "s" : {
                  "r" : "75",
                  "s" : [ {
                     "value" : [ "define ","\"Denominator 1\"",":\n  " ]
                  }, {
                     "r" : "74",
                     "s" : [ {
                        "value" : [ "\"Initial Population 1\"" ]
                     } ]
                  } ]
               }
            } ],
            "expression" : {
               "localId" : "74",
               "locator" : "20:3-20:24",
               "name" : "Initial Population 1",
               "type" : "ExpressionRef"
            }
         }, {
            "localId" : "91",
            "locator" : "43:1-47:81",
            "name" : "Radiation Treatment Management During Measurement Period with Cancer Diagnosis",
            "context" : "Patient",
            "accessLevel" : "Public",
            "annotation" : [ {
               "type" : "Annotation",
               "s" : {
                  "r" : "91",
                  "s" : [ {
                     "value" : [ "define ","\"Radiation Treatment Management During Measurement Period with Cancer Diagnosis\"",":\n  " ]
                  }, {
                     "r" : "90",
                     "s" : [ {
                        "s" : [ {
                           "r" : "77",
                           "s" : [ {
                              "r" : "76",
                              "s" : [ {
                                 "r" : "76",
                                 "s" : [ {
                                    "value" : [ "[","\"Procedure, Performed\"",": " ]
                                 }, {
                                    "s" : [ {
                                       "value" : [ "\"Radiation Treatment Management\"" ]
                                    } ]
                                 }, {
                                    "value" : [ "]" ]
                                 } ]
                              } ]
                           }, {
                              "value" : [ " ","RadiationTreatmentManagement" ]
                           } ]
                        } ]
                     }, {
                        "value" : [ "\n    " ]
                     }, {
                        "r" : "85",
                        "s" : [ {
                           "value" : [ "with " ]
                        }, {
                           "r" : "79",
                           "s" : [ {
                              "r" : "78",
                              "s" : [ {
                                 "r" : "78",
                                 "s" : [ {
                                    "value" : [ "[","\"Diagnosis\"",": " ]
                                 }, {
                                    "s" : [ {
                                       "value" : [ "\"Cancer\"" ]
                                    } ]
                                 }, {
                                    "value" : [ "]" ]
                                 } ]
                              } ]
                           }, {
                              "value" : [ " ","Cancer" ]
                           } ]
                        }, {
                           "value" : [ "\n      such that " ]
                        }, {
                           "r" : "84",
                           "s" : [ {
                              "r" : "81",
                              "s" : [ {
                                 "r" : "80",
                                 "s" : [ {
                                    "value" : [ "Cancer" ]
                                 } ]
                              }, {
                                 "value" : [ "." ]
                              }, {
                                 "r" : "81",
                                 "s" : [ {
                                    "value" : [ "prevalencePeriod" ]
                                 } ]
                              } ]
                           }, {
                              "r" : "84",
                              "value" : [ " ","overlaps"," " ]
                           }, {
                              "r" : "83",
                              "s" : [ {
                                 "r" : "82",
                                 "s" : [ {
                                    "value" : [ "RadiationTreatmentManagement" ]
                                 } ]
                              }, {
                                 "value" : [ "." ]
                              }, {
                                 "r" : "83",
                                 "s" : [ {
                                    "value" : [ "relevantPeriod" ]
                                 } ]
                              } ]
                           } ]
                        } ]
                     }, {
                        "value" : [ "\n    " ]
                     }, {
                        "r" : "89",
                        "s" : [ {
                           "value" : [ "where " ]
                        }, {
                           "r" : "89",
                           "s" : [ {
                              "r" : "87",
                              "s" : [ {
                                 "r" : "86",
                                 "s" : [ {
                                    "value" : [ "RadiationTreatmentManagement" ]
                                 } ]
                              }, {
                                 "value" : [ "." ]
                              }, {
                                 "r" : "87",
                                 "s" : [ {
                                    "value" : [ "relevantPeriod" ]
                                 } ]
                              } ]
                           }, {
                              "r" : "89",
                              "value" : [ " ","during"," " ]
                           }, {
                              "r" : "88",
                              "s" : [ {
                                 "value" : [ "\"Measurement Period\"" ]
                              } ]
                           } ]
                        } ]
                     } ]
                  } ]
               }
            } ],
            "expression" : {
               "localId" : "90",
               "locator" : "44:3-47:81",
               "type" : "Query",
               "source" : [ {
                  "localId" : "77",
                  "locator" : "44:3-44:89",
                  "alias" : "RadiationTreatmentManagement",
                  "expression" : {
                     "localId" : "76",
                     "locator" : "44:3-44:60",
                     "dataType" : "{urn:healthit-gov:qdm:v5_5}PositiveProcedurePerformed",
                     "templateId" : "PositiveProcedurePerformed",
                     "codeProperty" : "code",
                     "type" : "Retrieve",
                     "codes" : {
                        "locator" : "44:28-44:59",
                        "name" : "Radiation Treatment Management",
                        "type" : "ValueSetRef"
                     }
                  }
               } ],
               "relationship" : [ {
                  "localId" : "85",
                  "locator" : "45:5-46:92",
                  "alias" : "Cancer",
                  "type" : "With",
                  "expression" : {
                     "localId" : "78",
                     "locator" : "45:10-45:32",
                     "dataType" : "{urn:healthit-gov:qdm:v5_5}Diagnosis",
                     "codeProperty" : "code",
                     "type" : "Retrieve",
                     "codes" : {
                        "locator" : "45:24-45:31",
                        "name" : "Cancer",
                        "type" : "ValueSetRef"
                     }
                  },
                  "suchThat" : {
                     "localId" : "84",
                     "locator" : "46:17-46:92",
                     "type" : "Overlaps",
                     "operand" : [ {
                        "localId" : "81",
                        "locator" : "46:17-46:39",
                        "path" : "prevalencePeriod",
                        "scope" : "Cancer",
                        "type" : "Property"
                     }, {
                        "localId" : "83",
                        "locator" : "46:50-46:92",
                        "path" : "relevantPeriod",
                        "scope" : "RadiationTreatmentManagement",
                        "type" : "Property"
                     } ]
                  }
               } ],
               "where" : {
                  "localId" : "89",
                  "locator" : "47:5-47:81",
                  "type" : "IncludedIn",
                  "operand" : [ {
                     "localId" : "87",
                     "locator" : "47:11-47:53",
                     "path" : "relevantPeriod",
                     "scope" : "RadiationTreatmentManagement",
                     "type" : "Property"
                  }, {
                     "localId" : "88",
                     "locator" : "47:62-47:81",
                     "name" : "Measurement Period",
                     "type" : "ParameterRef"
                  } ]
               }
            }
         }, {
            "localId" : "93",
            "locator" : "28:1-29:82",
            "name" : "Initial Population 2",
            "context" : "Patient",
            "accessLevel" : "Public",
            "annotation" : [ {
               "type" : "Annotation",
               "s" : {
                  "r" : "93",
                  "s" : [ {
                     "value" : [ "define ","\"Initial Population 2\"",":\n  " ]
                  }, {
                     "r" : "92",
                     "s" : [ {
                        "value" : [ "\"Radiation Treatment Management During Measurement Period with Cancer Diagnosis\"" ]
                     } ]
                  } ]
               }
            } ],
            "expression" : {
               "localId" : "92",
               "locator" : "29:3-29:82",
               "name" : "Radiation Treatment Management During Measurement Period with Cancer Diagnosis",
               "type" : "ExpressionRef"
            }
         }, {
            "localId" : "95",
            "locator" : "22:1-23:24",
            "name" : "Denominator 2",
            "context" : "Patient",
            "accessLevel" : "Public",
            "annotation" : [ {
               "type" : "Annotation",
               "s" : {
                  "r" : "95",
                  "s" : [ {
                     "value" : [ "define ","\"Denominator 2\"",":\n  " ]
                  }, {
                     "r" : "94",
                     "s" : [ {
                        "value" : [ "\"Initial Population 2\"" ]
                     } ]
                  } ]
               }
            } ],
            "expression" : {
               "localId" : "94",
               "locator" : "23:3-23:24",
               "name" : "Initial Population 2",
               "type" : "ExpressionRef"
            }
         }, {
            "localId" : "111",
            "locator" : "31:1-35:43",
            "name" : "Numerator 1",
            "context" : "Patient",
            "accessLevel" : "Public",
            "annotation" : [ {
               "type" : "Annotation",
               "s" : {
                  "r" : "111",
                  "s" : [ {
                     "value" : [ "define ","\"Numerator 1\"",":\n  " ]
                  }, {
                     "r" : "110",
                     "s" : [ {
                        "s" : [ {
                           "r" : "97",
                           "s" : [ {
                              "r" : "96",
                              "s" : [ {
                                 "s" : [ {
                                    "value" : [ "\"Face to Face Encounter with Ongoing Chemotherapy\"" ]
                                 } ]
                              } ]
                           }, {
                              "value" : [ " ","FaceToFaceEncounterWithChemo" ]
                           } ]
                        } ]
                     }, {
                        "value" : [ "\n    " ]
                     }, {
                        "r" : "109",
                        "s" : [ {
                           "value" : [ "with " ]
                        }, {
                           "r" : "99",
                           "s" : [ {
                              "r" : "98",
                              "s" : [ {
                                 "r" : "98",
                                 "s" : [ {
                                    "value" : [ "[","\"Assessment, Performed\"",": " ]
                                 }, {
                                    "s" : [ {
                                       "value" : [ "\"Standardized Pain Assessment Tool\"" ]
                                    } ]
                                 }, {
                                    "value" : [ "]" ]
                                 } ]
                              } ]
                           }, {
                              "value" : [ " ","PainAssessed" ]
                           } ]
                        }, {
                           "value" : [ "\n      such that " ]
                        }, {
                           "r" : "108",
                           "s" : [ {
                              "r" : "104",
                              "s" : [ {
                                 "r" : "101",
                                 "s" : [ {
                                    "r" : "100",
                                    "s" : [ {
                                       "value" : [ "PainAssessed" ]
                                    } ]
                                 }, {
                                    "value" : [ "." ]
                                 }, {
                                    "r" : "101",
                                    "s" : [ {
                                       "value" : [ "relevantDatetime" ]
                                    } ]
                                 } ]
                              }, {
                                 "r" : "104",
                                 "value" : [ " ","during"," " ]
                              }, {
                                 "r" : "103",
                                 "s" : [ {
                                    "r" : "102",
                                    "s" : [ {
                                       "value" : [ "FaceToFaceEncounterWithChemo" ]
                                    } ]
                                 }, {
                                    "value" : [ "." ]
                                 }, {
                                    "r" : "103",
                                    "s" : [ {
                                       "value" : [ "relevantPeriod" ]
                                    } ]
                                 } ]
                              } ]
                           }, {
                              "value" : [ "\n        and " ]
                           }, {
                              "r" : "107",
                              "s" : [ {
                                 "r" : "106",
                                 "s" : [ {
                                    "r" : "105",
                                    "s" : [ {
                                       "value" : [ "PainAssessed" ]
                                    } ]
                                 }, {
                                    "value" : [ "." ]
                                 }, {
                                    "r" : "106",
                                    "s" : [ {
                                       "value" : [ "result" ]
                                    } ]
                                 } ]
                              }, {
                                 "value" : [ " is not null" ]
                              } ]
                           } ]
                        } ]
                     } ]
                  } ]
               }
            } ],
            "expression" : {
               "localId" : "110",
               "locator" : "32:3-35:43",
               "type" : "Query",
               "source" : [ {
                  "localId" : "97",
                  "locator" : "32:3-32:81",
                  "alias" : "FaceToFaceEncounterWithChemo",
                  "expression" : {
                     "localId" : "96",
                     "locator" : "32:3-32:52",
                     "name" : "Face to Face Encounter with Ongoing Chemotherapy",
                     "type" : "ExpressionRef"
                  }
               } ],
               "relationship" : [ {
                  "localId" : "109",
                  "locator" : "33:5-35:43",
                  "alias" : "PainAssessed",
                  "type" : "With",
                  "expression" : {
                     "localId" : "98",
                     "locator" : "33:10-33:71",
                     "dataType" : "{urn:healthit-gov:qdm:v5_5}PositiveAssessmentPerformed",
                     "templateId" : "PositiveAssessmentPerformed",
                     "codeProperty" : "code",
                     "type" : "Retrieve",
                     "codes" : {
                        "locator" : "33:36-33:70",
                        "name" : "Standardized Pain Assessment Tool",
                        "type" : "ValueSetRef"
                     }
                  },
                  "suchThat" : {
                     "localId" : "108",
                     "locator" : "34:17-35:43",
                     "type" : "And",
                     "operand" : [ {
                        "localId" : "104",
                        "locator" : "34:17-34:96",
                        "type" : "In",
                        "operand" : [ {
                           "localId" : "101",
                           "locator" : "34:17-34:45",
                           "path" : "relevantDatetime",
                           "scope" : "PainAssessed",
                           "type" : "Property"
                        }, {
                           "localId" : "103",
                           "locator" : "34:54-34:96",
                           "path" : "relevantPeriod",
                           "scope" : "FaceToFaceEncounterWithChemo",
                           "type" : "Property"
                        } ]
                     }, {
                        "localId" : "107",
                        "locator" : "35:13-35:43",
                        "type" : "Not",
                        "operand" : {
                           "locator" : "35:13-35:43",
                           "type" : "IsNull",
                           "operand" : {
                              "localId" : "106",
                              "locator" : "35:13-35:31",
                              "path" : "result",
                              "scope" : "PainAssessed",
                              "type" : "Property"
                           }
                        }
                     } ]
                  }
               } ]
            }
         }, {
            "localId" : "127",
            "locator" : "37:1-41:43",
            "name" : "Numerator 2",
            "context" : "Patient",
            "accessLevel" : "Public",
            "annotation" : [ {
               "type" : "Annotation",
               "s" : {
                  "r" : "127",
                  "s" : [ {
                     "value" : [ "define ","\"Numerator 2\"",":\n  " ]
                  }, {
                     "r" : "126",
                     "s" : [ {
                        "s" : [ {
                           "r" : "113",
                           "s" : [ {
                              "r" : "112",
                              "s" : [ {
                                 "s" : [ {
                                    "value" : [ "\"Radiation Treatment Management During Measurement Period with Cancer Diagnosis\"" ]
                                 } ]
                              } ]
                           }, {
                              "value" : [ " ","RadiationTherapy" ]
                           } ]
                        } ]
                     }, {
                        "value" : [ "\n    " ]
                     }, {
                        "r" : "125",
                        "s" : [ {
                           "value" : [ "with " ]
                        }, {
                           "r" : "115",
                           "s" : [ {
                              "r" : "114",
                              "s" : [ {
                                 "r" : "114",
                                 "s" : [ {
                                    "value" : [ "[","\"Assessment, Performed\"",": " ]
                                 }, {
                                    "s" : [ {
                                       "value" : [ "\"Standardized Pain Assessment Tool\"" ]
                                    } ]
                                 }, {
                                    "value" : [ "]" ]
                                 } ]
                              } ]
                           }, {
                              "value" : [ " ","PainAssessed" ]
                           } ]
                        }, {
                           "value" : [ "\n      such that " ]
                        }, {
                           "r" : "124",
                           "s" : [ {
                              "r" : "120",
                              "s" : [ {
                                 "r" : "117",
                                 "s" : [ {
                                    "r" : "116",
                                    "s" : [ {
                                       "value" : [ "PainAssessed" ]
                                    } ]
                                 }, {
                                    "value" : [ "." ]
                                 }, {
                                    "r" : "117",
                                    "s" : [ {
                                       "value" : [ "relevantDatetime" ]
                                    } ]
                                 } ]
                              }, {
                                 "r" : "120",
                                 "value" : [ " ","during"," " ]
                              }, {
                                 "r" : "119",
                                 "s" : [ {
                                    "r" : "118",
                                    "s" : [ {
                                       "value" : [ "RadiationTherapy" ]
                                    } ]
                                 }, {
                                    "value" : [ "." ]
                                 }, {
                                    "r" : "119",
                                    "s" : [ {
                                       "value" : [ "relevantPeriod" ]
                                    } ]
                                 } ]
                              } ]
                           }, {
                              "value" : [ "\n        and " ]
                           }, {
                              "r" : "123",
                              "s" : [ {
                                 "r" : "122",
                                 "s" : [ {
                                    "r" : "121",
                                    "s" : [ {
                                       "value" : [ "PainAssessed" ]
                                    } ]
                                 }, {
                                    "value" : [ "." ]
                                 }, {
                                    "r" : "122",
                                    "s" : [ {
                                       "value" : [ "result" ]
                                    } ]
                                 } ]
                              }, {
                                 "value" : [ " is not null" ]
                              } ]
                           } ]
                        } ]
                     } ]
                  } ]
               }
            } ],
            "expression" : {
               "localId" : "126",
               "locator" : "38:3-41:43",
               "type" : "Query",
               "source" : [ {
                  "localId" : "113",
                  "locator" : "38:3-38:99",
                  "alias" : "RadiationTherapy",
                  "expression" : {
                     "localId" : "112",
                     "locator" : "38:3-38:82",
                     "name" : "Radiation Treatment Management During Measurement Period with Cancer Diagnosis",
                     "type" : "ExpressionRef"
                  }
               } ],
               "relationship" : [ {
                  "localId" : "125",
                  "locator" : "39:5-41:43",
                  "alias" : "PainAssessed",
                  "type" : "With",
                  "expression" : {
                     "localId" : "114",
                     "locator" : "39:10-39:71",
                     "dataType" : "{urn:healthit-gov:qdm:v5_5}PositiveAssessmentPerformed",
                     "templateId" : "PositiveAssessmentPerformed",
                     "codeProperty" : "code",
                     "type" : "Retrieve",
                     "codes" : {
                        "locator" : "39:36-39:70",
                        "name" : "Standardized Pain Assessment Tool",
                        "type" : "ValueSetRef"
                     }
                  },
                  "suchThat" : {
                     "localId" : "124",
                     "locator" : "40:17-41:43",
                     "type" : "And",
                     "operand" : [ {
                        "localId" : "120",
                        "locator" : "40:17-40:84",
                        "type" : "In",
                        "operand" : [ {
                           "localId" : "117",
                           "locator" : "40:17-40:45",
                           "path" : "relevantDatetime",
                           "scope" : "PainAssessed",
                           "type" : "Property"
                        }, {
                           "localId" : "119",
                           "locator" : "40:54-40:84",
                           "path" : "relevantPeriod",
                           "scope" : "RadiationTherapy",
                           "type" : "Property"
                        } ]
                     }, {
                        "localId" : "123",
                        "locator" : "41:13-41:43",
                        "type" : "Not",
                        "operand" : {
                           "locator" : "41:13-41:43",
                           "type" : "IsNull",
                           "operand" : {
                              "localId" : "122",
                              "locator" : "41:13-41:31",
                              "path" : "result",
                              "scope" : "PainAssessed",
                              "type" : "Property"
                           }
                        }
                     } ]
                  }
               } ]
            }
         }, {
            "localId" : "129",
            "locator" : "49:1-50:51",
            "name" : "SDE Ethnicity",
            "context" : "Patient",
            "accessLevel" : "Public",
            "annotation" : [ {
               "type" : "Annotation",
               "s" : {
                  "r" : "129",
                  "s" : [ {
                     "value" : [ "define ","\"SDE Ethnicity\"",":\n  " ]
                  }, {
                     "r" : "128",
                     "s" : [ {
                        "value" : [ "[","\"Patient Characteristic Ethnicity\"",": " ]
                     }, {
                        "s" : [ {
                           "value" : [ "\"Ethnicity\"" ]
                        } ]
                     }, {
                        "value" : [ "]" ]
                     } ]
                  } ]
               }
            } ],
            "expression" : {
               "localId" : "128",
               "locator" : "50:3-50:51",
               "dataType" : "{urn:healthit-gov:qdm:v5_5}PatientCharacteristicEthnicity",
               "codeProperty" : "code",
               "type" : "Retrieve",
               "codes" : {
                  "locator" : "50:40-50:50",
                  "name" : "Ethnicity",
                  "type" : "ValueSetRef"
               }
            }
         }, {
            "localId" : "131",
            "locator" : "52:1-53:43",
            "name" : "SDE Payer",
            "context" : "Patient",
            "accessLevel" : "Public",
            "annotation" : [ {
               "type" : "Annotation",
               "s" : {
                  "r" : "131",
                  "s" : [ {
                     "value" : [ "define ","\"SDE Payer\"",":\n  " ]
                  }, {
                     "r" : "130",
                     "s" : [ {
                        "value" : [ "[","\"Patient Characteristic Payer\"",": " ]
                     }, {
                        "s" : [ {
                           "value" : [ "\"Payer\"" ]
                        } ]
                     }, {
                        "value" : [ "]" ]
                     } ]
                  } ]
               }
            } ],
            "expression" : {
               "localId" : "130",
               "locator" : "53:3-53:43",
               "dataType" : "{urn:healthit-gov:qdm:v5_5}PatientCharacteristicPayer",
               "codeProperty" : "code",
               "type" : "Retrieve",
               "codes" : {
                  "locator" : "53:36-53:42",
                  "name" : "Payer",
                  "type" : "ValueSetRef"
               }
            }
         }, {
            "localId" : "133",
            "locator" : "55:1-56:41",
            "name" : "SDE Race",
            "context" : "Patient",
            "accessLevel" : "Public",
            "annotation" : [ {
               "type" : "Annotation",
               "s" : {
                  "r" : "133",
                  "s" : [ {
                     "value" : [ "define ","\"SDE Race\"",":\n  " ]
                  }, {
                     "r" : "132",
                     "s" : [ {
                        "value" : [ "[","\"Patient Characteristic Race\"",": " ]
                     }, {
                        "s" : [ {
                           "value" : [ "\"Race\"" ]
                        } ]
                     }, {
                        "value" : [ "]" ]
                     } ]
                  } ]
               }
            } ],
            "expression" : {
               "localId" : "132",
               "locator" : "56:3-56:41",
               "dataType" : "{urn:healthit-gov:qdm:v5_5}PatientCharacteristicRace",
               "codeProperty" : "code",
               "type" : "Retrieve",
               "codes" : {
                  "locator" : "56:35-56:40",
                  "name" : "Race",
                  "type" : "ValueSetRef"
               }
            }
         }, {
            "localId" : "135",
            "locator" : "58:1-59:58",
            "name" : "SDE Sex",
            "context" : "Patient",
            "accessLevel" : "Public",
            "annotation" : [ {
               "type" : "Annotation",
               "s" : {
                  "r" : "135",
                  "s" : [ {
                     "value" : [ "define ","\"SDE Sex\"",":\n  " ]
                  }, {
                     "r" : "134",
                     "s" : [ {
                        "value" : [ "[","\"Patient Characteristic Sex\"",": " ]
                     }, {
                        "s" : [ {
                           "value" : [ "\"ONC Administrative Sex\"" ]
                        } ]
                     }, {
                        "value" : [ "]" ]
                     } ]
                  } ]
               }
            } ],
            "expression" : {
               "localId" : "134",
               "locator" : "59:3-59:58",
               "dataType" : "{urn:healthit-gov:qdm:v5_5}PatientCharacteristicSex",
               "codeProperty" : "code",
               "type" : "Retrieve",
               "codes" : {
                  "locator" : "59:34-59:57",
                  "name" : "ONC Administrative Sex",
                  "type" : "ValueSetRef"
               }
            }
         } ]
      }
   }
}