<?xml version="1.0" encoding="UTF-8" standalone="yes"?>
<QualityMeasureDocument xmlns="urn:hl7-org:v3" xmlns:cql-ext="urn:hhs-cql:hqmf-n1-extensions:v1"
                        xmlns:xsi="http://www.w3.org/2001/XMLSchema-instance">
         
      <!--
			**************************************************************
			Measure Details Section
			**************************************************************
		-->
         
      <typeId extension="POQM_HD000001UV02" root="2.16.840.1.113883.1.3"/>
   <templateId>
      <item extension="2019-05-01" root="2.16.840.1.113883.10.20.28.1.2"/>
   </templateId>
   <id root="2c928085-7198-38ee-0171-9da6456007ab"/>
   <code code="57024-2" codeSystem="2.16.840.1.113883.6.1">
      <displayName value="Health Quality Measure Document"/>
   </code>
   <title value="Controlling High Blood Pressure"/>
   <text
         value="Percentage of patients 18-85 years of age who had a diagnosis of hypertension overlapping the measurement period or the year prior to the measurement period, and whose most recent blood pressure was adequately controlled (&lt;140/90mmHg) during the measurement period"/>
   <statusCode code="COMPLETED"/>
   <setId root="abdc37cc-bac6-4156-9b91-d1be2c8b7268"/>
   <versionNumber value="9.2.000"/>
   <author>
      <responsibleParty classCode="ASSIGNED">
         <representedResponsibleOrganization classCode="ORG" determinerCode="INSTANCE">
            <id>
               <item root="2.16.840.1.113883.3.464"/>
            </id>
            <name>
               <item>
                  <part value="National Committee for Quality Assurance"/>
               </item>
            </name>
         </representedResponsibleOrganization>
      </responsibleParty>
   </author>
   <custodian>
      <responsibleParty classCode="ASSIGNED">
         <representedResponsibleOrganization classCode="ORG" determinerCode="INSTANCE">
            <id>
               <item root="40"/>
            </id>
            <name>
               <item>
                  <part value="National Committee for Quality Assurance"/>
               </item>
            </name>
         </representedResponsibleOrganization>
      </responsibleParty>
   </custodian>
   <!--Preventive Care Services-Initial Office Visit, 18 and Up-->
     	 <definition>
      <valueSet classCode="OBS" moodCode="DEF">
         <id root="2.16.840.1.113883.3.464.1003.101.12.1023"/>
         <title value="Preventive Care Services-Initial Office Visit, 18 and Up"/>
      </valueSet>
   </definition>
   <!--Dialysis Services-->
     	 <definition>
      <valueSet classCode="OBS" moodCode="DEF">
         <id root="2.16.840.1.113883.3.464.1003.109.12.1013"/>
         <title value="Dialysis Services"/>
      </valueSet>
   </definition>
   <!--Kidney Transplant-->
     	 <definition>
      <valueSet classCode="OBS" moodCode="DEF">
         <id root="2.16.840.1.113883.3.464.1003.109.12.1012"/>
         <title value="Kidney Transplant"/>
      </valueSet>
   </definition>
   <!--ONC Administrative Sex-->
     	 <definition>
      <valueSet classCode="OBS" moodCode="DEF">
         <id root="2.16.840.1.113762.1.4.1"/>
         <title value="ONC Administrative Sex"/>
      </valueSet>
   </definition>
   <!--ESRD Monthly Outpatient Services-->
     	 <definition>
      <valueSet classCode="OBS" moodCode="DEF">
         <id root="2.16.840.1.113883.3.464.1003.109.12.1014"/>
         <title value="ESRD Monthly Outpatient Services"/>
      </valueSet>
   </definition>
   <!--Hospice care ambulatory-->
     	 <definition>
      <valueSet classCode="OBS" moodCode="DEF">
         <id root="2.16.840.1.113762.1.4.1108.15"/>
         <title value="Hospice care ambulatory"/>
      </valueSet>
   </definition>
   <!--Home Healthcare Services-->
     	 <definition>
      <valueSet classCode="OBS" moodCode="DEF">
         <id root="2.16.840.1.113883.3.464.1003.101.12.1016"/>
         <title value="Home Healthcare Services"/>
      </valueSet>
   </definition>
   <!--ED-->
     	 <definition>
      <valueSet classCode="OBS" moodCode="DEF">
         <id root="2.16.840.1.113883.3.464.1003.101.12.1085"/>
         <title value="ED"/>
      </valueSet>
   </definition>
   <!--Nursing Facility Visit-->
     	 <definition>
      <valueSet classCode="OBS" moodCode="DEF">
         <id root="2.16.840.1.113883.3.464.1003.101.12.1012"/>
         <title value="Nursing Facility Visit"/>
      </valueSet>
   </definition>
   <!--Encounter Inpatient-->
     	 <definition>
      <valueSet classCode="OBS" moodCode="DEF">
         <id root="2.16.840.1.113883.3.666.5.307"/>
         <title value="Encounter Inpatient"/>
      </valueSet>
   </definition>
   <!--Race-->
     	 <definition>
      <valueSet classCode="OBS" moodCode="DEF">
         <id root="2.16.840.1.114222.4.11.836"/>
         <title value="Race"/>
      </valueSet>
   </definition>
   <!--Outpatient-->
     	 <definition>
      <valueSet classCode="OBS" moodCode="DEF">
         <id root="2.16.840.1.113883.3.464.1003.101.12.1087"/>
         <title value="Outpatient"/>
      </valueSet>
   </definition>
   <!--Acute Inpatient-->
     	 <definition>
      <valueSet classCode="OBS" moodCode="DEF">
         <id root="2.16.840.1.113883.3.464.1003.101.12.1083"/>
         <title value="Acute Inpatient"/>
      </valueSet>
   </definition>
   <!--Essential Hypertension-->
     	 <definition>
      <valueSet classCode="OBS" moodCode="DEF">
         <id root="2.16.840.1.113883.3.464.1003.104.12.1011"/>
         <title value="Essential Hypertension"/>
      </valueSet>
   </definition>
   <!--Payer-->
     	 <definition>
      <valueSet classCode="OBS" moodCode="DEF">
         <id root="2.16.840.1.114222.4.11.3591"/>
         <title value="Payer"/>
      </valueSet>
   </definition>
   <!--Nonacute Inpatient-->
     	 <definition>
      <valueSet classCode="OBS" moodCode="DEF">
         <id root="2.16.840.1.113883.3.464.1003.101.12.1084"/>
         <title value="Nonacute Inpatient"/>
      </valueSet>
   </definition>
   <!--Kidney Transplant Recipient-->
     	 <definition>
      <valueSet classCode="OBS" moodCode="DEF">
         <id root="2.16.840.1.113883.3.464.1003.109.12.1029"/>
         <title value="Kidney Transplant Recipient"/>
      </valueSet>
   </definition>
   <!--Annual Wellness Visit-->
     	 <definition>
      <valueSet classCode="OBS" moodCode="DEF">
         <id root="2.16.840.1.113883.3.526.3.1240"/>
         <title value="Annual Wellness Visit"/>
      </valueSet>
   </definition>
   <!--Frailty Encounter-->
     	 <definition>
      <valueSet classCode="OBS" moodCode="DEF">
         <id root="2.16.840.1.113883.3.464.1003.101.12.1088"/>
         <title value="Frailty Encounter"/>
      </valueSet>
   </definition>
   <!--Observation-->
     	 <definition>
      <valueSet classCode="OBS" moodCode="DEF">
         <id root="2.16.840.1.113883.3.464.1003.101.12.1086"/>
         <title value="Observation"/>
      </valueSet>
   </definition>
   <!--Frailty Diagnosis-->
     	 <definition>
      <valueSet classCode="OBS" moodCode="DEF">
         <id root="2.16.840.1.113883.3.464.1003.113.12.1074"/>
         <title value="Frailty Diagnosis"/>
      </valueSet>
   </definition>
   <!--Care Services in Long-Term Residential Facility-->
     	 <definition>
      <valueSet classCode="OBS" moodCode="DEF">
         <id root="2.16.840.1.113883.3.464.1003.101.12.1014"/>
         <title value="Care Services in Long-Term Residential Facility"/>
      </valueSet>
   </definition>
   <!--Dementia Medications-->
     	 <definition>
      <valueSet classCode="OBS" moodCode="DEF">
         <id root="2.16.840.1.113883.3.464.1003.196.12.1510"/>
         <title value="Dementia Medications"/>
      </valueSet>
   </definition>
   <!--Office Visit-->
     	 <definition>
      <valueSet classCode="OBS" moodCode="DEF">
         <id root="2.16.840.1.113883.3.464.1003.101.12.1001"/>
         <title value="Office Visit"/>
      </valueSet>
   </definition>
   <!--Vascular Access for Dialysis-->
     	 <definition>
      <valueSet classCode="OBS" moodCode="DEF">
         <id root="2.16.840.1.113883.3.464.1003.109.12.1011"/>
         <title value="Vascular Access for Dialysis"/>
      </valueSet>
   </definition>
   <!--Pregnancy-->
     	 <definition>
      <valueSet classCode="OBS" moodCode="DEF">
         <id root="2.16.840.1.113883.3.526.3.378"/>
         <title value="Pregnancy"/>
      </valueSet>
   </definition>
   <!--Ethnicity-->
     	 <definition>
      <valueSet classCode="OBS" moodCode="DEF">
         <id root="2.16.840.1.114222.4.11.837"/>
         <title value="Ethnicity"/>
      </valueSet>
   </definition>
   <!--Preventive Care Services - Established Office Visit, 18 and Up-->
     	 <definition>
      <valueSet classCode="OBS" moodCode="DEF">
         <id root="2.16.840.1.113883.3.464.1003.101.12.1025"/>
         <title value="Preventive Care Services - Established Office Visit, 18 and Up"/>
      </valueSet>
   </definition>
   <!--End Stage Renal Disease-->
     	 <definition>
      <valueSet classCode="OBS" moodCode="DEF">
         <id root="2.16.840.1.113883.3.526.3.353"/>
         <title value="End Stage Renal Disease"/>
      </valueSet>
   </definition>
   <!--Chronic Kidney Disease, Stage 5-->
     	 <definition>
      <valueSet classCode="OBS" moodCode="DEF">
         <id root="2.16.840.1.113883.3.526.3.1002"/>
         <title value="Chronic Kidney Disease, Stage 5"/>
      </valueSet>
   </definition>
   <!--Frailty Device-->
     	 <definition>
      <valueSet classCode="OBS" moodCode="DEF">
         <id root="2.16.840.1.113883.3.464.1003.118.12.1300"/>
         <title value="Frailty Device"/>
      </valueSet>
   </definition>
   <!--Frailty Symptom-->
     	 <definition>
      <valueSet classCode="OBS" moodCode="DEF">
         <id root="2.16.840.1.113883.3.464.1003.113.12.1075"/>
         <title value="Frailty Symptom"/>
      </valueSet>
   </definition>
   <!--Advanced Illness-->
     	 <definition>
      <valueSet classCode="OBS" moodCode="DEF">
         <id root="2.16.840.1.113883.3.464.1003.110.12.1082"/>
         <title value="Advanced Illness"/>
      </valueSet>
   </definition>
   <!--Systolic blood pressure-CODE:/CodeSystem/LOINC/Version/2.63/Code/8480-6/Info-->
      <definition>
      <cql-ext:code code="8480-6" codeSystem="2.16.840.1.113883.6.1" codeSystemName="LOINC">
         <displayName value="Systolic blood pressure"/>
      </cql-ext:code>
   </definition>
   <!--Diastolic blood pressure-CODE:/CodeSystem/LOINC/Version/2.63/Code/8462-4/Info-->
      <definition>
      <cql-ext:code code="8462-4" codeSystem="2.16.840.1.113883.6.1" codeSystemName="LOINC">
         <displayName value="Diastolic blood pressure"/>
      </cql-ext:code>
   </definition>
   <!--Birth date-CODE:/CodeSystem/LOINC/Version/2.65/Code/21112-8/Info-->
      <definition>
      <cql-ext:code code="21112-8" codeSystem="2.16.840.1.113883.6.1" codeSystemName="LOINC">
         <displayName value="Birth date"/>
      </cql-ext:code>
   </definition>
   <!--Discharge to healthcare facility for hospice care (procedure)-CODE:/CodeSystem/SNOMEDCT/Version/2017-09/Code/428371000124100/Info-->
      <definition>
      <cql-ext:code code="428371000124100" codeSystem="2.16.840.1.113883.6.96"
                    codeSystemName="SNOMEDCT">
         <displayName value="Discharge to healthcare facility for hospice care (procedure)"/>
      </cql-ext:code>
   </definition>
   <!--Discharge to home for hospice care (procedure)-CODE:/CodeSystem/SNOMEDCT/Version/2017-09/Code/428361000124107/Info-->
      <definition>
      <cql-ext:code code="428361000124107" codeSystem="2.16.840.1.113883.6.96"
                    codeSystemName="SNOMEDCT">
         <displayName value="Discharge to home for hospice care (procedure)"/>
      </cql-ext:code>
   </definition>
   <relatedDocument typeCode="COMP">
      <expressionDocument>
         <id root="E758D3FA-F49C-475F-B6F1-EB8AB96592AC"/>
         <text mediaType="text/cql">
            <reference value="https://emeasuretool.cms.gov/libraries/abdc37cc-bac6-4156-9b91-d1be2c8b7268/ControllingHighBloodPressure-9.2.000.cql"/>
            <translation mediaType="application/elm+xml">
               <reference value="https://emeasuretool.cms.gov/libraries/abdc37cc-bac6-4156-9b91-d1be2c8b7268/ControllingHighBloodPressure-9.2.000.xml"/>
            </translation>
            <translation mediaType="application/elm+json">
               <reference value="https://emeasuretool.cms.gov/libraries/abdc37cc-bac6-4156-9b91-d1be2c8b7268/ControllingHighBloodPressure-9.2.000.json"/>
            </translation>
         </text>
         <setId extension="abdc37cc-bac6-4156-9b91-d1be2c8b7268"
                identifierName="ControllingHighBloodPressure"
                root="https://emeasuretool.cms.gov/libraries"/>
         <versionNumber value="9.2.000"/>
      </expressionDocument>
   </relatedDocument>
   <relatedDocument typeCode="COMP">
      <expressionDocument>
         <id root="2c92808270b154160170d02469cf09f9"/>
         <text mediaType="text/cql">
            <reference value="https://emeasuretool.cms.gov/libraries/60aebe4a-ef31-4ff1-8cfb-93bd7ee79cf5/AdvancedIllnessandFrailtyExclusionECQM-5.5.000.cql"/>
            <translation mediaType="application/elm+xml">
               <reference value="https://emeasuretool.cms.gov/libraries/60aebe4a-ef31-4ff1-8cfb-93bd7ee79cf5/AdvancedIllnessandFrailtyExclusionECQM-5.5.000.xml"/>
            </translation>
            <translation mediaType="application/elm+json">
               <reference value="https://emeasuretool.cms.gov/libraries/60aebe4a-ef31-4ff1-8cfb-93bd7ee79cf5/AdvancedIllnessandFrailtyExclusionECQM-5.5.000.json"/>
            </translation>
         </text>
         <setId extension="60aebe4a-ef31-4ff1-8cfb-93bd7ee79cf5"
                identifierName="AdvancedIllnessandFrailtyExclusionECQM"
                root="https://emeasuretool.cms.gov/libraries"/>
         <versionNumber value="5.5.000"/>
      </expressionDocument>
   </relatedDocument>
   <relatedDocument typeCode="COMP">
      <expressionDocument>
         <id root="402803826cd4f54a016cde28210f096b"/>
         <text mediaType="text/cql">
            <reference value="https://emeasuretool.cms.gov/libraries/8bdc0a19-b210-4a58-8a07-f5d95a34eca9/MATGlobalCommonFunctions-5.0.000.cql"/>
            <translation mediaType="application/elm+xml">
               <reference value="https://emeasuretool.cms.gov/libraries/8bdc0a19-b210-4a58-8a07-f5d95a34eca9/MATGlobalCommonFunctions-5.0.000.xml"/>
            </translation>
            <translation mediaType="application/elm+json">
               <reference value="https://emeasuretool.cms.gov/libraries/8bdc0a19-b210-4a58-8a07-f5d95a34eca9/MATGlobalCommonFunctions-5.0.000.json"/>
            </translation>
         </text>
         <setId extension="8bdc0a19-b210-4a58-8a07-f5d95a34eca9"
                identifierName="MATGlobalCommonFunctions"
                root="https://emeasuretool.cms.gov/libraries"/>
         <versionNumber value="5.0.000"/>
      </expressionDocument>
   </relatedDocument>
   <relatedDocument typeCode="COMP">
      <expressionDocument>
         <id root="402803826c7bec34016cd4e75e34149c"/>
         <text mediaType="text/cql">
            <reference value="https://emeasuretool.cms.gov/libraries/47bbc6ea-a2f3-421d-85ca-fae959fcbafd/Adult_Outpatient_Encounters-1.3.000.cql"/>
            <translation mediaType="application/elm+xml">
               <reference value="https://emeasuretool.cms.gov/libraries/47bbc6ea-a2f3-421d-85ca-fae959fcbafd/Adult_Outpatient_Encounters-1.3.000.xml"/>
            </translation>
            <translation mediaType="application/elm+json">
               <reference value="https://emeasuretool.cms.gov/libraries/47bbc6ea-a2f3-421d-85ca-fae959fcbafd/Adult_Outpatient_Encounters-1.3.000.json"/>
            </translation>
         </text>
         <setId extension="47bbc6ea-a2f3-421d-85ca-fae959fcbafd"
                identifierName="Adult_Outpatient_Encounters"
                root="https://emeasuretool.cms.gov/libraries"/>
         <versionNumber value="1.3.000"/>
      </expressionDocument>
   </relatedDocument>
   <relatedDocument typeCode="COMP">
      <expressionDocument>
         <id root="402803826f15ff8b016f5c699acc0f17"/>
         <text mediaType="text/cql">
            <reference value="https://emeasuretool.cms.gov/libraries/64299b80-f383-4dc9-82e4-d6ef0b271b11/Hospice-2.2.000.cql"/>
            <translation mediaType="application/elm+xml">
               <reference value="https://emeasuretool.cms.gov/libraries/64299b80-f383-4dc9-82e4-d6ef0b271b11/Hospice-2.2.000.xml"/>
            </translation>
            <translation mediaType="application/elm+json">
               <reference value="https://emeasuretool.cms.gov/libraries/64299b80-f383-4dc9-82e4-d6ef0b271b11/Hospice-2.2.000.json"/>
            </translation>
         </text>
         <setId extension="64299b80-f383-4dc9-82e4-d6ef0b271b11" identifierName="Hospice"
                root="https://emeasuretool.cms.gov/libraries"/>
         <versionNumber value="2.2.000"/>
      </expressionDocument>
   </relatedDocument>
   <controlVariable>
      <measurePeriod>
         <id extension="measureperiod" root="b13625de-f177-401c-9763-6ed5c4487e32"/>
         <code code="MSRTP" codeSystem="2.16.840.1.113883.5.4">
            <originalText value="Measurement Period"/>
         </code>
         <value xsi:type="PIVL_TS">
            <phase highClosed="true" lowClosed="true">
               <low value="20200101"/>
               <width unit="a" value="1" xsi:type="PQ"/>
            </phase>
            <period unit="a" value="1"/>
         </value>
      </measurePeriod>
   </controlVariable>
   <subjectOf>
      <measureAttribute>
         <code nullFlavor="OTH">
            <originalText value="eCQM Identifier (Measure Authoring Tool)"/>
         </code>
         <value mediaType="text/plain" value="165" xsi:type="ED"/>
      </measureAttribute>
   </subjectOf>
   <subjectOf>
      <measureAttribute>
         <code nullFlavor="OTH">
            <originalText value="NQF Number"/>
         </code>
         <value mediaType="text/plain" value="Not Applicable" xsi:type="ED"/>
      </measureAttribute>
   </subjectOf>
   <subjectOf>
      <measureAttribute>
         <code code="COPY" codeSystem="2.16.840.1.113883.5.4">
            <displayName value="Copyright"/>
         </code>
         <value mediaType="text/plain"
                value="This Physician Performance Measure (Measure) and related data specifications are owned and were developed by the National Committee for Quality Assurance (NCQA). NCQA is not responsible for any use of the Measure. NCQA makes no representations, warranties, or endorsement about the quality of any organization or physician that uses or reports performance measures and NCQA has no liability to anyone who relies on such measures or specifications. NCQA holds a copyright in the Measure. The Measure can be reproduced and distributed, without modification, for noncommercial purposes (e.g., use by healthcare providers in connection with their practices) without obtaining approval from NCQA. Commercial use is defined as the sale, licensing, or distribution of the Measure for commercial gain, or incorporation of the Measure into a product or service that is sold, licensed or distributed for commercial gain. All commercial uses or requests for modification must be approved by NCQA and are subject to a license at the discretion of NCQA. (C) 2012-2019 National Committee for Quality Assurance. All Rights Reserved.  &#xA;&#xA;Limited proprietary coding is contained in the Measure specifications for user convenience. Users of proprietary code sets should obtain all necessary licenses from the owners of the code sets. NCQA disclaims all liability for use or accuracy of any third party codes contained in the specifications. &#xA;&#xA;CPT(R) contained in the Measure specifications is copyright 2004-2019 American Medical Association. LOINC(R) copyright 2004-2019 Regenstrief Institute, Inc. This material contains SNOMED Clinical Terms(R) (SNOMED CT[R]) copyright 2004-2019 International Health Terminology Standards Development Organisation. ICD-10 copyright 2019 World Health Organization. All Rights Reserved."
                xsi:type="ED"/>
      </measureAttribute>
   </subjectOf>
   <subjectOf>
      <measureAttribute>
         <code code="DISC" codeSystem="2.16.840.1.113883.5.4">
            <displayName value="Disclaimer"/>
         </code>
         <value mediaType="text/plain"
                value="The performance Measure is not a clinical guideline and does not establish a standard of medical care, and has not been tested for all potential applications. THE MEASURE AND SPECIFICATIONS ARE PROVIDED &quot;AS IS&quot; WITHOUT WARRANTY OF ANY KIND. &#xA;&#xA;Due to technical limitations, registered trademarks are indicated by (R) or [R] and unregistered trademarks are indicated by (TM) or [TM]."
                xsi:type="ED"/>
      </measureAttribute>
   </subjectOf>
   <subjectOf>
      <measureAttribute>
         <code code="MSRSCORE" codeSystem="2.16.840.1.113883.5.4">
            <displayName value="Measure Scoring"/>
         </code>
         <value code="PROPOR" codeSystem="2.16.840.1.113883.5.1063" xsi:type="CD">
            <displayName value="Proportion"/>
         </value>
      </measureAttribute>
   </subjectOf>
   <subjectOf>
      <measureAttribute>
         <code code="MSRTYPE" codeSystem="2.16.840.1.113883.5.4">
            <displayName value="Measure Type"/>
         </code>
         <value code="INTERM-OM" codeSystem="2.16.840.1.113883.5.1063" xsi:type="CD">
            <displayName value="INTERM-OM"/>
         </value>
      </measureAttribute>
   </subjectOf>
   <subjectOf>
      <measureAttribute>
         <code code="STRAT" codeSystem="2.16.840.1.113883.5.4">
            <displayName value="Stratification"/>
         </code>
         <value mediaType="text/plain" value="None" xsi:type="ED"/>
      </measureAttribute>
   </subjectOf>
   <subjectOf>
      <measureAttribute>
         <code code="MSRADJ" codeSystem="2.16.840.1.113883.5.4">
            <displayName value="Risk Adjustment"/>
         </code>
         <value mediaType="text/plain" value="None" xsi:type="ED"/>
      </measureAttribute>
   </subjectOf>
   <subjectOf>
      <measureAttribute>
         <code code="MSRAGG" codeSystem="2.16.840.1.113883.5.4">
            <displayName value="Rate Aggregation"/>
         </code>
         <value mediaType="text/plain" value="None" xsi:type="ED"/>
      </measureAttribute>
   </subjectOf>
   <subjectOf>
      <measureAttribute>
         <code code="RAT" codeSystem="2.16.840.1.113883.5.4">
            <displayName value="Rationale"/>
         </code>
         <value mediaType="text/plain"
                value="High blood pressure (HBP), also known as hypertension, is when the pressure in blood vessels is higher than normal (Centers for Disease Control and Prevention [CDC], 2016). The causes of hypertension are multiple and multifaceted and can be based on genetic predisposition, environmental risk factors, being overweight and obese, sodium intake, potassium intake, physical activity, and alcohol use. High Blood Pressure is common, according to the National Health and Nutrition Examination Survey (NHANES), approximately 85.7 million adults &gt;= 20 years of age had HBP (140/90 mm Hg) between 2011 to 2014 (Crim, 2012). Between 2011-2014 the prevalence of hypertension (&gt;=140/90 mm Hg) among US adults 60 and older was approximately 67.2 percent (Benjamin et al., 2017). &#xA;&#xA;HBP, known as the “silent killer,” increases risks of heart disease and stroke which are two of the leading causes of death in the U.S. (Yoon, Fryar, &amp; Carroll, 2015). A person who has HBP is four times more likely to die from a stroke and three times more likely to die from heart disease (CDC, 2012) The National Vital Statistics Systems Center for Disease Control and Prevention reported that in 2014 there were approximately 73,300 deaths directly due to HBP and 410,624 deaths with any mention of HBP (CDC, 20145).Between 2004 and 2014 the number of deaths due to HBP rose by 34.1 percent (Benjamin et al., 2017). Managing and treating HBP would reduce cardiovascular disease mortality for males and females by 30.4 percent and 38.0 percent, respectively (Patel et al., 2015).&#xA;&#xA;The estimated annual average direct and indirect cost of HBP from 2012 to 2013 was $51.2 billion (Benjamin et al., 2017). Total direct costs of HBP is projected to increase to $200 billion by 2030 (Benjamin et al., 2017). A study on cost-effectiveness on treating hypertension found that controlling HBP in patients with cardiovascular disease and systolic blood pressures of &gt;=160 mm Hg could be effective and cost-saving (Moran et al., 2015). &#xA;&#xA;Many studies have shown that controlling high blood pressure reduces cardiovascular events and mortality. The Systolic Blood Pressure Intervention Trial (SPRINT) investigated the impact of obtaining a SBP goal of &lt;120 mm Hg compared to a SBP goal of &lt;140 mm Hg among patients 50 and older with established cardiovascular disease and found that the patients with the former goal had reduced cardiovascular events and mortality (SPRINT Research Group et al., 2015). &#xA;&#xA;Controlling HBP will significantly reduce the risks of cardiovascular disease mortality and lead to better health outcomes like reduction of heart attacks, stroke, and kidney disease (James et al., 2014). Thus, the relationship between the measure (control of hypertension) and the long-term clinical outcomes listed is well established."
                xsi:type="ED"/>
      </measureAttribute>
   </subjectOf>
   <subjectOf>
      <measureAttribute>
         <code code="CRS" codeSystem="2.16.840.1.113883.5.4">
            <displayName value="Clinical Recommendation Statement"/>
         </code>
         <value mediaType="text/plain"
                value="The U.S. Preventive Services Task Force (2015) recommends screening for high blood pressure in adults age 18 years and older. This is a grade A recommendation.  &#xA;&#xA;American College of Cardiology/American Heart Association (2017) &#xA;&#xA;-For adults with confirmed hypertension and known CVD or 10-year ASCVD event risk of 10% or higher, a blood pressure target of less than 130/80 mmHg is recommended (Level of evidence: B-R (for systolic blood pressures), Level of evidence: C-EO (for diastolic blood pressure)) &#xA;&#xA;-For adults with confirmed hypertension, without additional markers of increased CVD risk, a blood pressure target of less than 130/80 mmHg may be reasonable (Note: clinical trial evidence is strongest for a target blood pressure of 140/90 mmHg in this population. However, observational studies suggest that these individuals often have a high lifetime risk and would benefit from blood pressure control earlier in life) (Level of evidence: B-NR (for systolic blood pressure), Level of evidence: C-EO (for diastolic blood pressure)) &#xA;&#xA;American College of Physicians and the American Academy of Family Physicians (2017):   &#xA;&#xA;-Initiate or intensify pharmacologic treatment in some adults aged 60 years or older at high cardiovascular risk, based on individualized assessment, to achieve a target systolic blood pressure of less than 140 mmHg (Grade: weak recommendation, Quality of evidence: low) &#xA;&#xA;-Initiate or intensify pharmacologic treatment in adults aged 60 years or older with a history of stroke or transient ischemic attack to achieve a target systolic blood pressure of less than 140 mmHg to reduce the risk of recurrent stroke (Grade: weak recommendation, Quality of evidence: moderate) &#xA;&#xA;American Diabetes Association (2019): &#xA;&#xA;-For individuals with diabetes and hypertension at higher cardiovascular risk (existing atherosclerotic cardiovascular disease or 10-year atherosclerotic cardiovascular disease risk &gt;15%), a blood pressure target of &lt;130/80 mmHg may be appropriate, if it can be safely attained (Level of evidence: C)-For individuals with diabetes and hypertension at lower risk for cardiovascular disease (10-year atherosclerotic cardiovascular disease risk &lt;15%), treat to a blood pressure target of &lt;140/90 mmHg (Level of evidence: A)"
                xsi:type="ED"/>
      </measureAttribute>
   </subjectOf>
   <subjectOf>
      <measureAttribute>
         <code code="IDUR" codeSystem="2.16.840.1.113883.5.4">
            <displayName value="Improvement Notation"/>
         </code>
         <value mediaType="text/plain" value="Higher score indicates better quality"
                xsi:type="ED"/>
      </measureAttribute>
   </subjectOf>
   <subjectOf>
      <measureAttribute>
         <code code="REF" codeSystem="2.16.840.1.113883.5.4">
            <displayName value="Reference"/>
         </code>
         <value mediaType="text/plain"
                value="American Diabetes Association. (2019). 10. Cardiovascular disease and risk management: Standards of medical care in diabetes—2019. Diabetes Care, 42(Suppl. 1), S103-S123. https://doi.org/10.2337/dc19S010"
                xsi:type="ED"/>
      </measureAttribute>
   </subjectOf>
   <subjectOf>
      <measureAttribute>
         <code code="REF" codeSystem="2.16.840.1.113883.5.4">
            <displayName value="Reference"/>
         </code>
         <value mediaType="text/plain"
                value="Benjamin, E. J., Blaha, M. J., Chiuve, S. E., et al. (2017). Heart disease and stroke statistics-2017 update: A report from the American Heart Association. Circulation, 135(10), e146-e603.doi: 10.1161/CIR.0000000000000485"
                xsi:type="ED"/>
      </measureAttribute>
   </subjectOf>
   <subjectOf>
      <measureAttribute>
         <code code="REF" codeSystem="2.16.840.1.113883.5.4">
            <displayName value="Reference"/>
         </code>
         <value mediaType="text/plain"
                value="Centers for Disease Control and Prevention. (2012). Vital signs: Getting blood pressure under control. Retrieved from https://www.cdc.gov/vitalsigns/hypertension/index.html"
                xsi:type="ED"/>
      </measureAttribute>
   </subjectOf>
   <subjectOf>
      <measureAttribute>
         <code code="REF" codeSystem="2.16.840.1.113883.5.4">
            <displayName value="Reference"/>
         </code>
         <value mediaType="text/plain"
                value="Centers for Disease Control and Prevention. Division for Heart Disease and Stroke Prevention. (2016). High blood pressure fact sheet. Retrieved from https://www.cdc.gov/dhdsp/data_statistics/fact_sheets/fs_bloodpressure.htm"
                xsi:type="ED"/>
      </measureAttribute>
   </subjectOf>
   <subjectOf>
      <measureAttribute>
         <code code="REF" codeSystem="2.16.840.1.113883.5.4">
            <displayName value="Reference"/>
         </code>
         <value mediaType="text/plain"
                value="Centers for Disease Control and Prevention, National Center for Health Statistics. (2015). Underlying Cause of Death 1999-2013 on CDC WONDER Online Database. Data are from the Multiple Cause of Death Files, 1999-2013, as compiled from data provided by the 57 vital statistics jurisdictions through the Vital Statistics Cooperative Program. Retrieved from http://wonder.cdc.gov/ucd-icd10.html"
                xsi:type="ED"/>
      </measureAttribute>
   </subjectOf>
   <subjectOf>
      <measureAttribute>
         <code code="REF" codeSystem="2.16.840.1.113883.5.4">
            <displayName value="Reference"/>
         </code>
         <value mediaType="text/plain"
                value="Crim, M. T., Yoon, S. S., Ortiz, E., et al. (2012). National surveillance definitions for hypertension prevalence and control among adults. Circulation: Cardiovascular Quality and Outcomes. 2012, ;5(3), :343-–351. doi: 10.1161/ CIRCOUTCOMES.111.963439."
                xsi:type="ED"/>
      </measureAttribute>
   </subjectOf>
   <subjectOf>
      <measureAttribute>
         <code code="REF" codeSystem="2.16.840.1.113883.5.4">
            <displayName value="Reference"/>
         </code>
         <value mediaType="text/plain"
                value="Moran, A. E., Odden, M. C., Thanataveerat, A., et al.Tzong KY, Rasmussen PW, Guzman D, Williams L, Bibbins-Domingo K, Coxson PG, Goldman L. (2015). Cost-effectiveness of hypertension therapy according to 2014 guidelines. [published correction appears in N Engl J. Med. 2015;372:1677]. New England Journal of Medicine. 2015 ;372, 447-455. doi:  10.1056/NEJMsa1406751. [published correction appears on page 1677]"
                xsi:type="ED"/>
      </measureAttribute>
   </subjectOf>
   <subjectOf>
      <measureAttribute>
         <code code="REF" codeSystem="2.16.840.1.113883.5.4">
            <displayName value="Reference"/>
         </code>
         <value mediaType="text/plain"
                value="Patel, S. A., Winkel, M., Ali, M. K., et al. (2015). Cardiovascular mortality associated with 5 leading risk factors: National and state preventable fractions estimated from survey data. Annals of Internal Medicine, 163(4), 245-253. doi: 10.7326/M14-1753"
                xsi:type="ED"/>
      </measureAttribute>
   </subjectOf>
   <subjectOf>
      <measureAttribute>
         <code code="REF" codeSystem="2.16.840.1.113883.5.4">
            <displayName value="Reference"/>
         </code>
         <value mediaType="text/plain"
                value="Qaseem, A., Wilt, T. J., Rich, R., et al. (2017). Pharmacologic treatment of hypertension in adults aged 60 years or older to higher versus lower blood pressure targets: A clinical practice guideline from the American College of Physicians and the American Academy of Family Physicians. Annals of Internal Medicine, 166(6), 430-437. Retrieved from https://annals.org/aim/fullarticle/2598413/pharmacologic-treatment-hypertension-adults-aged-60-years-older-higher-versus"
                xsi:type="ED"/>
      </measureAttribute>
   </subjectOf>
   <subjectOf>
      <measureAttribute>
         <code code="REF" codeSystem="2.16.840.1.113883.5.4">
            <displayName value="Reference"/>
         </code>
         <value mediaType="text/plain"
                value="SPRINT Research Group, Wright, J. T., Jr., Williamson,  J. D., et al. (2015). A randomized trial of intensive versus standard blood-pressure control. New England Journal of Medicine, 373(22), 2103–2116."
                xsi:type="ED"/>
      </measureAttribute>
   </subjectOf>
   <subjectOf>
      <measureAttribute>
         <code code="REF" codeSystem="2.16.840.1.113883.5.4">
            <displayName value="Reference"/>
         </code>
         <value mediaType="text/plain"
                value="U.S. Preventive Services Task Force. (2015). Screening for high blood pressure in adults: U.S. Preventive Services Task Force recommendation statement. Annals of Internal Medicine, 163(10), 778-787. Retrieved from https://annals.org/aim/fullarticle/2456129/screening-high-blood-pressure-adults-u-s-preventive-services-task"
                xsi:type="ED"/>
      </measureAttribute>
   </subjectOf>
   <subjectOf>
      <measureAttribute>
         <code code="REF" codeSystem="2.16.840.1.113883.5.4">
            <displayName value="Reference"/>
         </code>
         <value mediaType="text/plain"
                value="Whelton, P. K., Carey, R. M., Aronow, W. S., et al. (2017). Guideline for the prevention, detection, evaluation, and management of high blood pressure in adults: A report of the American College of Cardiology/American Heart Association Task Force on Clinical Practice Guidelines. Journal of the American College of Cardiology. https://doi.org/10.1161/HYP.0000000000000065"
                xsi:type="ED"/>
      </measureAttribute>
   </subjectOf>
   <subjectOf>
      <measureAttribute>
         <code code="REF" codeSystem="2.16.840.1.113883.5.4">
            <displayName value="Reference"/>
         </code>
         <value mediaType="text/plain"
                value="Yoon, S. S., Fryar, C. D., &amp; Carroll, M. D. (2015). Hypertension prevalence and control among adults: United States, 2011-2014. NCHS Data Brief No. 220. Hyattsville, MD: National Center for Health Statistics."
                xsi:type="ED"/>
      </measureAttribute>
   </subjectOf>
   <subjectOf>
      <measureAttribute>
         <code code="REF" codeSystem="2.16.840.1.113883.5.4">
            <displayName value="Reference"/>
         </code>
         <value mediaType="text/plain"
                value="Farley TA, Dalal MA, Mostashari F, Frieden TR. Deaths preventable in the US by improvements in the use of clinical preventive services. Am J Prev Med. 2010;38:600-9. Retrieved from https://www.ajpmonline.org/article/S0749-3797(10)00207-2/fulltext"
                xsi:type="ED"/>
      </measureAttribute>
   </subjectOf>
   <subjectOf>
      <measureAttribute>
         <code code="DEF" codeSystem="2.16.840.1.113883.5.4">
            <displayName value="Definition"/>
         </code>
         <value mediaType="text/plain" value="None" xsi:type="ED"/>
      </measureAttribute>
   </subjectOf>
   <subjectOf>
      <measureAttribute>
         <code code="GUIDE" codeSystem="2.16.840.1.113883.5.4">
            <displayName value="Guidance"/>
         </code>
         <value mediaType="text/plain"
                value="In reference to the numerator element, only blood pressure readings performed by a clinician or a remote monitoring device are acceptable for numerator compliance with this measure. &#xA;&#xA;Do not include BP readings:&#xA;-Taken during an acute inpatient stay or an ED visit&#xA;-Taken on the same day as a diagnostic test or diagnostic or therapeutic procedure that requires a change in diet or change in medication on or one day before the day of the test or procedure, with the exception of fasting blood tests.&#xA;-Reported by or taken by the member&#xA;&#xA;If no blood pressure is recorded during the measurement period, the patient's blood pressure is assumed &quot;not controlled.&quot;&#xA;&#xA;If there are multiple blood pressure readings on the same day, use the lowest systolic and the lowest diastolic reading as the most recent blood pressure reading.&#xA;&#xA;This eCQM is a patient-based measure.&#xA;&#xA;This version of the eCQM uses QDM version 5.5. Please refer to the eCQI resource center (https://ecqi.healthit.gov/qdm) for more information on the QDM."
                xsi:type="ED"/>
      </measureAttribute>
   </subjectOf>
   <subjectOf>
      <measureAttribute>
         <code code="TRANF" codeSystem="2.16.840.1.113883.5.4">
            <displayName value="Transmission Format"/>
         </code>
         <value mediaType="text/plain" value="TBD" xsi:type="ED"/>
      </measureAttribute>
   </subjectOf>
   <subjectOf>
      <measureAttribute>
         <code code="IPOP" codeSystem="2.16.840.1.113883.5.4">
            <displayName value="Initial Population"/>
         </code>
         <value mediaType="text/plain"
                value="Patients 18-85 years of age who had a visit and diagnosis of essential hypertension overlapping the measurement period or the year prior to the measurement period"
                xsi:type="ED"/>
      </measureAttribute>
   </subjectOf>
   <subjectOf>
      <measureAttribute>
         <code code="DENOM" codeSystem="2.16.840.1.113883.5.4">
            <displayName value="Denominator"/>
         </code>
         <value mediaType="text/plain" value="Equals Initial Population" xsi:type="ED"/>
      </measureAttribute>
   </subjectOf>
   <subjectOf>
      <measureAttribute>
         <code code="DENEX" codeSystem="2.16.840.1.113883.5.4">
            <displayName value="Denominator Exclusions"/>
         </code>
         <value mediaType="text/plain"
                value="Patients with evidence of end stage renal disease (ESRD), dialysis or renal transplant before or during the measurement period. Also exclude patients with a diagnosis of pregnancy during the measurement period.&#xA;&#xA;Exclude patients whose hospice care overlaps the measurement period.&#xA;&#xA;Exclude patients 66 and older who are living long term in an institution for more than 90 consecutive days during the measurement period. &#xA;&#xA;Exclude patients 66 and older with advanced illness and frailty because it is unlikely that patients will benefit from the services being measured."
                xsi:type="ED"/>
      </measureAttribute>
   </subjectOf>
   <subjectOf>
      <measureAttribute>
         <code code="NUMER" codeSystem="2.16.840.1.113883.5.4">
            <displayName value="Numerator"/>
         </code>
         <value mediaType="text/plain"
                value="Patients whose most recent blood pressure is adequately controlled (systolic blood pressure &lt; 140 mmHg and diastolic blood pressure &lt; 90 mmHg) during the measurement period"
                xsi:type="ED"/>
      </measureAttribute>
   </subjectOf>
   <subjectOf>
      <measureAttribute>
         <code code="NUMEX" codeSystem="2.16.840.1.113883.5.4">
            <displayName value="Numerator Exclusions"/>
         </code>
         <value mediaType="text/plain" value="Not Applicable" xsi:type="ED"/>
      </measureAttribute>
   </subjectOf>
   <subjectOf>
      <measureAttribute>
         <code code="DENEXCEP" codeSystem="2.16.840.1.113883.5.4">
            <displayName value="Denominator Exceptions"/>
         </code>
         <value mediaType="text/plain" value="None" xsi:type="ED"/>
      </measureAttribute>
   </subjectOf>
   <subjectOf>
      <measureAttribute>
         <code code="SDE" codeSystem="2.16.840.1.113883.5.4">
            <displayName value="Supplemental Data Elements"/>
         </code>
         <value mediaType="text/plain"
                value="For every patient evaluated by this measure also identify payer, race, ethnicity and sex"
                xsi:type="ED"/>
      </measureAttribute>
   </subjectOf>
   <componentOf>
      <qualityMeasureSet classCode="ACT">
         <id root=""/>
         <title value="None"/>
      </qualityMeasureSet>
   </componentOf>
   <!--Data Criteria Section-->
   <component>
      <dataCriteriaSection>
         <templateId>
            <item extension="2019-05-01" root="2.16.840.1.113883.10.20.28.2.6"/>
         </templateId>
         <code code="57025-9" codeSystem="2.16.840.1.113883.6.1"/>
         <title value="Data Criteria Section"/>
         <text/>
         <entry typeCode="DRIV">
            <localVariableName value="PreventiveCareServices-InitialOfficeVisit18andUp_EncounterPerformed_hYVmZ"/>
            <encounterCriteria classCode="ENC" moodCode="EVN">
               <templateId>
                  <item extension="2019-05-01" root="2.16.840.1.113883.10.20.28.4.5"/>
               </templateId>
               <id extension="PreventiveCareServices-InitialOfficeVisit18andUp_EncounterPerformed"
                   root="09201b3c-a8c5-4252-a331-7b3c3142000f"/>
               <code valueSet="2.16.840.1.113883.3.464.1003.101.12.1023"/>
               <title value="Encounter, Performed"/>
               <statusCode code="COMPLETED"/>
            </encounterCriteria>
         </entry>
         <entry typeCode="DRIV">
            <localVariableName value="DialysisServices_ProcedurePerformed_5NkIp"/>
            <procedureCriteria classCode="PROC" moodCode="EVN">
               <templateId>
                  <item extension="2019-05-01" root="2.16.840.1.113883.10.20.28.4.67"/>
               </templateId>
               <id extension="DialysisServices_ProcedurePerformed"
                   root="40280381-3d61-56a7-013e-66bc02f44dfa"/>
               <code valueSet="2.16.840.1.113883.3.464.1003.109.12.1013"/>
               <title value="Procedure, Performed"/>
               <statusCode code="COMPLETED"/>
            </procedureCriteria>
         </entry>
         <entry typeCode="DRIV">
            <localVariableName value="KidneyTransplant_ProcedurePerformed_2rpVV"/>
            <procedureCriteria classCode="PROC" moodCode="EVN">
               <templateId>
                  <item extension="2019-05-01" root="2.16.840.1.113883.10.20.28.4.67"/>
               </templateId>
               <id extension="KidneyTransplant_ProcedurePerformed"
                   root="40280381-3d61-56a7-013e-66bc02f44df9"/>
               <code valueSet="2.16.840.1.113883.3.464.1003.109.12.1012"/>
               <title value="Procedure, Performed"/>
               <statusCode code="COMPLETED"/>
            </procedureCriteria>
         </entry>
         <entry typeCode="DRIV">
            <localVariableName value="ONCAdministrativeSex_PatientCharacteristicSex_NoJhj"/>
            <observationCriteria classCode="OBS" moodCode="EVN">
               <templateId>
                  <item extension="2017-05-01" root="2.16.840.1.113883.10.20.28.4.55"/>
               </templateId>
               <id extension="ONCAdministrativeSex_PatientCharacteristicSex"
                   root="76135972-1e3d-421a-b5ac-08e43aaae4af"/>
               <code code="263495000" codeSystem="2.16.840.1.113883.6.96" codeSystemName="SNOMED CT">
                  <displayName value="Gender"/>
               </code>
               <title value="Patient Characteristic Sex"/>
               <statusCode code="COMPLETED"/>
               <value valueSet="2.16.840.1.113762.1.4.1" xsi:type="CD"/>
            </observationCriteria>
         </entry>
         <entry typeCode="DRIV">
            <localVariableName value="ESRDMonthlyOutpatientServices_EncounterPerformed_jv0pF"/>
            <encounterCriteria classCode="ENC" moodCode="EVN">
               <templateId>
                  <item extension="2019-05-01" root="2.16.840.1.113883.10.20.28.4.5"/>
               </templateId>
               <id extension="ESRDMonthlyOutpatientServices_EncounterPerformed"
                   root="40280381-3d61-56a7-013e-66bc02f44dfd"/>
               <code valueSet="2.16.840.1.113883.3.464.1003.109.12.1014"/>
               <title value="Encounter, Performed"/>
               <statusCode code="COMPLETED"/>
            </encounterCriteria>
         </entry>
         <entry typeCode="DRIV">
            <localVariableName value="Hospicecareambulatory_InterventionOrder_9FTox"/>
            <actCriteria classCode="ACT" moodCode="RQO">
               <templateId>
                  <item extension="2019-05-01" root="2.16.840.1.113883.10.20.28.4.35"/>
               </templateId>
               <id extension="Hospicecareambulatory_InterventionOrder"
                   root="95cca057-9695-4ee4-a5bd-eff4b54c6098"/>
               <code valueSet="2.16.840.1.113762.1.4.1108.15"/>
               <title value="Intervention, Order"/>
               <statusCode code="ACTIVE"/>
            </actCriteria>
         </entry>
         <entry typeCode="DRIV">
            <localVariableName value="Hospicecareambulatory_InterventionPerformed_j44ST"/>
            <actCriteria classCode="ACT" moodCode="EVN">
               <templateId>
                  <item extension="2019-05-01" root="2.16.840.1.113883.10.20.28.4.36"/>
               </templateId>
               <id extension="Hospicecareambulatory_InterventionPerformed"
                   root="95cca057-9695-4ee4-a5bd-eff4b54c6098"/>
               <code valueSet="2.16.840.1.113762.1.4.1108.15"/>
               <title value="Intervention, Performed"/>
               <statusCode code="COMPLETED"/>
            </actCriteria>
         </entry>
         <entry typeCode="DRIV">
            <localVariableName value="HomeHealthcareServices_EncounterPerformed_4nmKB"/>
            <encounterCriteria classCode="ENC" moodCode="EVN">
               <templateId>
                  <item extension="2019-05-01" root="2.16.840.1.113883.10.20.28.4.5"/>
               </templateId>
               <id extension="HomeHealthcareServices_EncounterPerformed"
                   root="4852fab7-616b-49c0-9945-90f8864ae335"/>
               <code valueSet="2.16.840.1.113883.3.464.1003.101.12.1016"/>
               <title value="Encounter, Performed"/>
               <statusCode code="COMPLETED"/>
            </encounterCriteria>
         </entry>
         <entry typeCode="DRIV">
            <localVariableName value="ED_EncounterPerformed_s26Ot"/>
            <encounterCriteria classCode="ENC" moodCode="EVN">
               <templateId>
                  <item extension="2019-05-01" root="2.16.840.1.113883.10.20.28.4.5"/>
               </templateId>
               <id extension="ED_EncounterPerformed" root="2f3b61fd-d4d2-4500-a649-dcb501994297"/>
               <code valueSet="2.16.840.1.113883.3.464.1003.101.12.1085"/>
               <title value="Encounter, Performed"/>
               <statusCode code="COMPLETED"/>
            </encounterCriteria>
         </entry>
         <entry typeCode="DRIV">
            <localVariableName value="NursingFacilityVisit_EncounterPerformed_MNluN"/>
            <encounterCriteria classCode="ENC" moodCode="EVN">
               <templateId>
                  <item extension="2019-05-01" root="2.16.840.1.113883.10.20.28.4.5"/>
               </templateId>
               <id extension="NursingFacilityVisit_EncounterPerformed"
                   root="87b7bdae-27e7-4d64-9e00-ad4c0a73b3a1"/>
               <code valueSet="2.16.840.1.113883.3.464.1003.101.12.1012"/>
               <title value="Encounter, Performed"/>
               <statusCode code="COMPLETED"/>
            </encounterCriteria>
         </entry>
         <entry typeCode="DRIV">
            <localVariableName value="EncounterInpatient_EncounterPerformed_O6kWg"/>
            <encounterCriteria classCode="ENC" moodCode="EVN">
               <templateId>
                  <item extension="2019-05-01" root="2.16.840.1.113883.10.20.28.4.5"/>
               </templateId>
               <id extension="EncounterInpatient_EncounterPerformed"
                   root="59c3933e-c568-4119-b89d-c29b7c752ef3"/>
               <code valueSet="2.16.840.1.113883.3.666.5.307"/>
               <title value="Encounter, Performed"/>
               <statusCode code="COMPLETED"/>
            </encounterCriteria>
         </entry>
         <entry typeCode="DRIV">
            <localVariableName value="Race_PatientCharacteristicRace_rAmgP"/>
            <observationCriteria classCode="OBS" moodCode="EVN">
               <templateId>
                  <item extension="2017-05-01" root="2.16.840.1.113883.10.20.28.4.59"/>
               </templateId>
               <id extension="Race_PatientCharacteristicRace"
                   root="a2a4523d-401e-417a-8a9a-b933316673b0"/>
               <code code="32624-9" codeSystem="2.16.840.1.113883.6.1" codeSystemName="LOINC">
                  <displayName value="Race"/>
               </code>
               <title value="Patient Characteristic Race"/>
               <statusCode code="COMPLETED"/>
               <value valueSet="2.16.840.1.114222.4.11.836" xsi:type="CD"/>
            </observationCriteria>
         </entry>
         <entry typeCode="DRIV">
            <localVariableName value="Outpatient_EncounterPerformed_E21lB"/>
            <encounterCriteria classCode="ENC" moodCode="EVN">
               <templateId>
                  <item extension="2019-05-01" root="2.16.840.1.113883.10.20.28.4.5"/>
               </templateId>
               <id extension="Outpatient_EncounterPerformed"
                   root="74132a0d-4844-43d8-a380-72d24f8efe6e"/>
               <code valueSet="2.16.840.1.113883.3.464.1003.101.12.1087"/>
               <title value="Encounter, Performed"/>
               <statusCode code="COMPLETED"/>
            </encounterCriteria>
         </entry>
         <entry typeCode="DRIV">
            <localVariableName value="AcuteInpatient_EncounterPerformed_L7kAE"/>
            <encounterCriteria classCode="ENC" moodCode="EVN">
               <templateId>
                  <item extension="2019-05-01" root="2.16.840.1.113883.10.20.28.4.5"/>
               </templateId>
               <id extension="AcuteInpatient_EncounterPerformed"
                   root="0c42fbd2-5784-4eeb-8c3f-dad620b76bd5"/>
               <code valueSet="2.16.840.1.113883.3.464.1003.101.12.1083"/>
               <title value="Encounter, Performed"/>
               <statusCode code="COMPLETED"/>
            </encounterCriteria>
         </entry>
         <entry typeCode="DRIV">
            <localVariableName value="EssentialHypertension_Diagnosis_nk41c"/>
            <observationCriteria classCode="OBS" moodCode="EVN">
               <templateId>
                  <item extension="2019-05-01" root="2.16.840.1.113883.10.20.28.4.110"/>
               </templateId>
               <id extension="EssentialHypertension_Diagnosis"
                   root="bb600ec1-fe38-445f-898b-0f80f597ceac"/>
               <code code="282291009" codeSystem="2.16.840.1.113883.6.96" codeSystemName="SNOMED CT">
                  <displayName value="Diagnosis"/>
               </code>
               <title value="Diagnosis"/>
               <statusCode code="COMPLETED"/>
               <value valueSet="2.16.840.1.113883.3.464.1003.104.12.1011" xsi:type="CD"/>
            </observationCriteria>
         </entry>
         <entry typeCode="DRIV">
            <localVariableName value="Payer_PatientCharacteristicPayer_zd7ei"/>
            <observationCriteria classCode="OBS" moodCode="EVN">
               <templateId>
                  <item extension="2017-05-01" root="2.16.840.1.113883.10.20.28.4.58"/>
               </templateId>
               <id extension="Payer_PatientCharacteristicPayer"
                   root="8135a6ef-5e71-40f9-8a9d-3f126fbdf69c"/>
               <code code="48768-6" codeSystem="2.16.840.1.113883.6.1" codeSystemName="LOINC">
                  <displayName value="Payer"/>
               </code>
               <title value="Patient Characteristic Payer"/>
               <statusCode code="COMPLETED"/>
               <value valueSet="2.16.840.1.114222.4.11.3591" xsi:type="CD"/>
            </observationCriteria>
         </entry>
         <entry typeCode="DRIV">
            <localVariableName value="NonacuteInpatient_EncounterPerformed_41XsM"/>
            <encounterCriteria classCode="ENC" moodCode="EVN">
               <templateId>
                  <item extension="2019-05-01" root="2.16.840.1.113883.10.20.28.4.5"/>
               </templateId>
               <id extension="NonacuteInpatient_EncounterPerformed"
                   root="091d1af8-71ce-42be-a29d-341c25b64454"/>
               <code valueSet="2.16.840.1.113883.3.464.1003.101.12.1084"/>
               <title value="Encounter, Performed"/>
               <statusCode code="COMPLETED"/>
            </encounterCriteria>
         </entry>
         <entry typeCode="DRIV">
            <localVariableName value="KidneyTransplantRecipient_Diagnosis_fozmW"/>
            <observationCriteria classCode="OBS" moodCode="EVN">
               <templateId>
                  <item extension="2019-05-01" root="2.16.840.1.113883.10.20.28.4.110"/>
               </templateId>
               <id extension="KidneyTransplantRecipient_Diagnosis"
                   root="6ba8d880-b996-4492-a20b-e6cb0d8c2aa5"/>
               <code code="282291009" codeSystem="2.16.840.1.113883.6.96" codeSystemName="SNOMED CT">
                  <displayName value="Diagnosis"/>
               </code>
               <title value="Diagnosis"/>
               <statusCode code="COMPLETED"/>
               <value valueSet="2.16.840.1.113883.3.464.1003.109.12.1029" xsi:type="CD"/>
            </observationCriteria>
         </entry>
         <entry typeCode="DRIV">
            <localVariableName value="AnnualWellnessVisit_EncounterPerformed_dSXrm"/>
            <encounterCriteria classCode="ENC" moodCode="EVN">
               <templateId>
                  <item extension="2019-05-01" root="2.16.840.1.113883.10.20.28.4.5"/>
               </templateId>
               <id extension="AnnualWellnessVisit_EncounterPerformed"
                   root="d44294a7-4e9f-4cae-ba8c-04ec713826fb"/>
               <code valueSet="2.16.840.1.113883.3.526.3.1240"/>
               <title value="Encounter, Performed"/>
               <statusCode code="COMPLETED"/>
            </encounterCriteria>
         </entry>
         <entry typeCode="DRIV">
            <localVariableName value="FrailtyEncounter_EncounterPerformed_93AN1"/>
            <encounterCriteria classCode="ENC" moodCode="EVN">
               <templateId>
                  <item extension="2019-05-01" root="2.16.840.1.113883.10.20.28.4.5"/>
               </templateId>
               <id extension="FrailtyEncounter_EncounterPerformed"
                   root="f49a4332-bb2f-4685-8788-3946d624776e"/>
               <code valueSet="2.16.840.1.113883.3.464.1003.101.12.1088"/>
               <title value="Encounter, Performed"/>
               <statusCode code="COMPLETED"/>
            </encounterCriteria>
         </entry>
         <entry typeCode="DRIV">
            <localVariableName value="Observation_EncounterPerformed_urSIw"/>
            <encounterCriteria classCode="ENC" moodCode="EVN">
               <templateId>
                  <item extension="2019-05-01" root="2.16.840.1.113883.10.20.28.4.5"/>
               </templateId>
               <id extension="Observation_EncounterPerformed"
                   root="65b06ccd-427f-499f-b5bf-aa9f350d0ca7"/>
               <code valueSet="2.16.840.1.113883.3.464.1003.101.12.1086"/>
               <title value="Encounter, Performed"/>
               <statusCode code="COMPLETED"/>
            </encounterCriteria>
         </entry>
         <entry typeCode="DRIV">
            <localVariableName value="FrailtyDiagnosis_Diagnosis_kejx8"/>
            <observationCriteria classCode="OBS" moodCode="EVN">
               <templateId>
                  <item extension="2019-05-01" root="2.16.840.1.113883.10.20.28.4.110"/>
               </templateId>
               <id extension="FrailtyDiagnosis_Diagnosis"
                   root="ffe64f65-5595-4ccc-8663-935a1017f45b"/>
               <code code="282291009" codeSystem="2.16.840.1.113883.6.96" codeSystemName="SNOMED CT">
                  <displayName value="Diagnosis"/>
               </code>
               <title value="Diagnosis"/>
               <statusCode code="COMPLETED"/>
               <value valueSet="2.16.840.1.113883.3.464.1003.113.12.1074" xsi:type="CD"/>
            </observationCriteria>
         </entry>
         <entry typeCode="DRIV">
            <localVariableName value="CareServicesinLong-TermResidentialFacility_EncounterPerformed_4FGWO"/>
            <encounterCriteria classCode="ENC" moodCode="EVN">
               <templateId>
                  <item extension="2019-05-01" root="2.16.840.1.113883.10.20.28.4.5"/>
               </templateId>
               <id extension="CareServicesinLong-TermResidentialFacility_EncounterPerformed"
                   root="00ddc2b5-be46-4bea-8312-38982e5b9666"/>
               <code valueSet="2.16.840.1.113883.3.464.1003.101.12.1014"/>
               <title value="Encounter, Performed"/>
               <statusCode code="COMPLETED"/>
            </encounterCriteria>
         </entry>
         <entry typeCode="DRIV">
            <localVariableName value="DementiaMedications_MedicationActive_mZOTj"/>
            <substanceAdministrationCriteria classCode="SBADM" moodCode="EVN">
               <templateId>
                  <item extension="2019-05-01" root="2.16.840.1.113883.10.20.28.4.44"/>
               </templateId>
               <id extension="DementiaMedications_MedicationActive"
                   root="8d5f9441-8c89-47a0-86ec-f41fdca53424"/>
               <title value="Medication, Active"/>
               <statusCode code="ACTIVE"/>
			            <participation typeCode="CSM">
                  <role classCode="MANU">
                     <playingMaterial classCode="MMAT" determinerCode="KIND">
                        <code valueSet="2.16.840.1.113883.3.464.1003.196.12.1510"/>
                     </playingMaterial>
                  </role>
               </participation>
		          </substanceAdministrationCriteria>
         </entry>
         <entry typeCode="DRIV">
            <localVariableName value="OfficeVisit_EncounterPerformed_kYn5i"/>
            <encounterCriteria classCode="ENC" moodCode="EVN">
               <templateId>
                  <item extension="2019-05-01" root="2.16.840.1.113883.10.20.28.4.5"/>
               </templateId>
               <id extension="OfficeVisit_EncounterPerformed"
                   root="ccaea27f-c786-41f6-9f67-90ed125d1c0d"/>
               <code valueSet="2.16.840.1.113883.3.464.1003.101.12.1001"/>
               <title value="Encounter, Performed"/>
               <statusCode code="COMPLETED"/>
            </encounterCriteria>
         </entry>
         <entry typeCode="DRIV">
            <localVariableName value="VascularAccessforDialysis_ProcedurePerformed_xMFoA"/>
            <procedureCriteria classCode="PROC" moodCode="EVN">
               <templateId>
                  <item extension="2019-05-01" root="2.16.840.1.113883.10.20.28.4.67"/>
               </templateId>
               <id extension="VascularAccessforDialysis_ProcedurePerformed"
                   root="40280381-3d61-56a7-013e-66bc02f44dfe"/>
               <code valueSet="2.16.840.1.113883.3.464.1003.109.12.1011"/>
               <title value="Procedure, Performed"/>
               <statusCode code="COMPLETED"/>
            </procedureCriteria>
         </entry>
         <entry typeCode="DRIV">
            <localVariableName value="Pregnancy_Diagnosis_vYYfy"/>
            <observationCriteria classCode="OBS" moodCode="EVN">
               <templateId>
                  <item extension="2019-05-01" root="2.16.840.1.113883.10.20.28.4.110"/>
               </templateId>
               <id extension="Pregnancy_Diagnosis" root="40280381-3d61-56a7-013e-66bc02f54e0a"/>
               <code code="282291009" codeSystem="2.16.840.1.113883.6.96" codeSystemName="SNOMED CT">
                  <displayName value="Diagnosis"/>
               </code>
               <title value="Diagnosis"/>
               <statusCode code="COMPLETED"/>
               <value valueSet="2.16.840.1.113883.3.526.3.378" xsi:type="CD"/>
            </observationCriteria>
         </entry>
         <entry typeCode="DRIV">
            <localVariableName value="Ethnicity_PatientCharacteristicEthnicity_TDi4W"/>
            <observationCriteria classCode="OBS" moodCode="EVN">
               <templateId>
                  <item extension="2017-05-01" root="2.16.840.1.113883.10.20.28.4.56"/>
               </templateId>
               <id extension="Ethnicity_PatientCharacteristicEthnicity"
                   root="f5610527-c474-43a2-97b7-6b52334363cc"/>
               <code code="54133-4" codeSystem="2.16.840.1.113883.6.1" codeSystemName="LOINC">
                  <displayName value="Ethnicity"/>
               </code>
               <title value="Patient Characteristic Ethnicity"/>
               <statusCode code="COMPLETED"/>
               <value valueSet="2.16.840.1.114222.4.11.837" xsi:type="CD"/>
            </observationCriteria>
         </entry>
         <entry typeCode="DRIV">
            <localVariableName value="PreventiveCareServices-EstablishedOfficeVisit18andUp_EncounterPerformed_ULu8a"/>
            <encounterCriteria classCode="ENC" moodCode="EVN">
               <templateId>
                  <item extension="2019-05-01" root="2.16.840.1.113883.10.20.28.4.5"/>
               </templateId>
               <id extension="PreventiveCareServices-EstablishedOfficeVisit18andUp_EncounterPerformed"
                   root="b1ad8105-2d49-41b5-b606-0f82e227158f"/>
               <code valueSet="2.16.840.1.113883.3.464.1003.101.12.1025"/>
               <title value="Encounter, Performed"/>
               <statusCode code="COMPLETED"/>
            </encounterCriteria>
         </entry>
         <entry typeCode="DRIV">
            <localVariableName value="EndStageRenalDisease_Diagnosis_kA4tr"/>
            <observationCriteria classCode="OBS" moodCode="EVN">
               <templateId>
                  <item extension="2019-05-01" root="2.16.840.1.113883.10.20.28.4.110"/>
               </templateId>
               <id extension="EndStageRenalDisease_Diagnosis"
                   root="40280381-3d61-56a7-013e-66bc02f54e0b"/>
               <code code="282291009" codeSystem="2.16.840.1.113883.6.96" codeSystemName="SNOMED CT">
                  <displayName value="Diagnosis"/>
               </code>
               <title value="Diagnosis"/>
               <statusCode code="COMPLETED"/>
               <value valueSet="2.16.840.1.113883.3.526.3.353" xsi:type="CD"/>
            </observationCriteria>
         </entry>
         <entry typeCode="DRIV">
            <localVariableName value="ChronicKidneyDiseaseStage5_Diagnosis_Hv6gx"/>
            <observationCriteria classCode="OBS" moodCode="EVN">
               <templateId>
                  <item extension="2019-05-01" root="2.16.840.1.113883.10.20.28.4.110"/>
               </templateId>
               <id extension="ChronicKidneyDiseaseStage5_Diagnosis"
                   root="40280381-3d61-56a7-013e-66bc02f54e0c"/>
               <code code="282291009" codeSystem="2.16.840.1.113883.6.96" codeSystemName="SNOMED CT">
                  <displayName value="Diagnosis"/>
               </code>
               <title value="Diagnosis"/>
               <statusCode code="COMPLETED"/>
               <value valueSet="2.16.840.1.113883.3.526.3.1002" xsi:type="CD"/>
            </observationCriteria>
         </entry>
         <entry typeCode="DRIV">
            <localVariableName value="FrailtyDevice_DeviceOrder_4FtLp"/>
            <supplyCriteria classCode="SPLY" moodCode="RQO">
               <templateId>
                  <item extension="2019-05-01" root="2.16.840.1.113883.10.20.28.4.15"/>
               </templateId>
               <id extension="FrailtyDevice_DeviceOrder"
                   root="09d12239-3f43-47e8-9d01-84e20943e503"/>
               <title value="Device, Order"/>
               <statusCode code="ACTIVE"/>
			            <participation typeCode="DEV">
                  <role classCode="MANU">
                     <playingDevice classCode="DEV" determinerCode="KIND">
                        <code valueSet="2.16.840.1.113883.3.464.1003.118.12.1300"/>
                     </playingDevice>
                  </role>
               </participation>
		          </supplyCriteria>
         </entry>
         <entry typeCode="DRIV">
            <localVariableName value="FrailtyDevice_DeviceApplied_0KoHW"/>
            <procedureCriteria classCode="PROC" moodCode="EVN">
               <templateId>
                  <item extension="2019-05-01" root="2.16.840.1.113883.10.20.28.4.13"/>
               </templateId>
               <id extension="FrailtyDevice_DeviceApplied"
                   root="09d12239-3f43-47e8-9d01-84e20943e503"/>
               <code code="360030002" codeSystem="2.16.840.1.113883.6.96">
                  <displayName value="Application of Device"/>
               </code>
               <title value="Device, Applied"/>
               <statusCode code="COMPLETED"/>
			            <participation typeCode="DEV">
                  <role classCode="MANU">
                     <playingDevice classCode="DEV" determinerCode="KIND">
                        <code valueSet="2.16.840.1.113883.3.464.1003.118.12.1300"/>
                     </playingDevice>
                  </role>
               </participation>
		          </procedureCriteria>
         </entry>
         <entry typeCode="DRIV">
            <localVariableName value="FrailtySymptom_Symptom_1Sk11"/>
            <observationCriteria classCode="OBS" moodCode="EVN">
               <templateId>
                  <item extension="2019-05-01" root="2.16.840.1.113883.10.20.28.4.116"/>
               </templateId>
               <id extension="FrailtySymptom_Symptom" root="bfcb65b5-61f2-49b8-a2e9-f648e6a818c0"/>
               <code code="418799008" codeSystem="2.16.840.1.113883.6.96" codeSystemName="SNOMED CT">
                  <displayName value="Symptom"/>
               </code>
               <title value="Symptom"/>
               <statusCode code="COMPLETED"/>
               <value valueSet="2.16.840.1.113883.3.464.1003.113.12.1075" xsi:type="CD"/>
            </observationCriteria>
         </entry>
         <entry typeCode="DRIV">
            <observationCriteria classCode="OBS" moodCode="EVN">
               <templateId>
                  <item extension="2019-05-01" root="2.16.840.1.113883.10.20.28.4.62"/>
               </templateId>
               <id extension="8480-6_PhysicalExamPerformed"
                   root="531D5585-B87B-4262-82F2-58C096DC58A5"/>
               <code code="5880005" codeSystem="2.16.840.1.113883.6.96" codeSystemName="SNOMED CT">
                  <displayName value="physical examination"/>
               </code>
               <title value="Physical Exam, Performed"/>
               <statusCode code="COMPLETED"/>
               <value code="8480-6" codeSystem="2.16.840.1.113883.6.1" codeSystemName="LOINC"
                      xsi:type="CD"/>
            </observationCriteria>
         </entry>
         <entry typeCode="DRIV">
            <observationCriteria classCode="OBS" moodCode="EVN">
               <templateId>
                  <item extension="2019-05-01" root="2.16.840.1.113883.10.20.28.4.62"/>
               </templateId>
               <id extension="8462-4_PhysicalExamPerformed"
                   root="7DB75E5C-E12E-46F4-9DE3-59E19E68A780"/>
               <code code="5880005" codeSystem="2.16.840.1.113883.6.96" codeSystemName="SNOMED CT">
                  <displayName value="physical examination"/>
               </code>
               <title value="Physical Exam, Performed"/>
               <statusCode code="COMPLETED"/>
               <value code="8462-4" codeSystem="2.16.840.1.113883.6.1" codeSystemName="LOINC"
                      xsi:type="CD"/>
            </observationCriteria>
         </entry>
         <entry typeCode="DRIV">
            <observationCriteria classCode="OBS" moodCode="EVN">
               <templateId>
                  <item extension="2017-05-01" root="2.16.840.1.113883.10.20.28.4.54"/>
               </templateId>
               <id extension="21112-8_PatientCharacteristicBirthdate"
                   root="CD00F702-067A-4344-A87B-A57B9F0BB9D6"/>
               <code code="21112-8" codeSystem="2.16.840.1.113883.6.1" codeSystemName="LOINC"/>
               <title value="Patient Characteristic Birthdate"/>
               <statusCode code="COMPLETED"/>
            </observationCriteria>
         </entry>
      </dataCriteriaSection>
   </component>
   <component>
      <populationCriteriaSection>
         <templateId>
            <item extension="2017-08-01" root="2.16.840.1.113883.10.20.28.2.7"/>
         </templateId>
         <id extension="PopulationCriteria1" root="8D6EAA32-5F4A-4756-ABD8-5E93E9BBA169"/>
         <code code="57026-7" codeSystem="2.16.840.1.113883.6.1"/>
         <title value="Population Criteria Section"/>
         <text/>
         <component typeCode="COMP">
            <initialPopulationCriteria classCode="OBS" moodCode="EVN">
               <id extension="initialPopulation" root="87338BA5-170B-4264-9E59-6A4A3A57C785"/>
               <code code="IPOP" codeSystem="2.16.840.1.113883.5.4" codeSystemName="Act Code"/>
               <precondition typeCode="PRCN">
                  <criteriaReference classCode="OBS" moodCode="EVN">
                     <id extension="ControllingHighBloodPressure.&quot;Initial Population&quot;"
                         root="E758D3FA-F49C-475F-B6F1-EB8AB96592AC"/>
                  </criteriaReference>
               </precondition>
            </initialPopulationCriteria>
         </component>
         <component typeCode="COMP">
            <denominatorCriteria classCode="OBS" moodCode="EVN">
               <id extension="denominator" root="B2E2AA67-26CD-48CB-9536-094F1D047149"/>
               <code code="DENOM" codeSystem="2.16.840.1.113883.5.4" codeSystemName="Act Code"/>
               <precondition typeCode="PRCN">
                  <criteriaReference classCode="OBS" moodCode="EVN">
                     <id extension="ControllingHighBloodPressure.&quot;Denominator&quot;"
                         root="E758D3FA-F49C-475F-B6F1-EB8AB96592AC"/>
                  </criteriaReference>
               </precondition>
            </denominatorCriteria>
         </component>
         <component typeCode="COMP">
            <denominatorExclusionCriteria classCode="OBS" moodCode="EVN">
               <id extension="denominatorExclusions" root="9B6EDB4C-A390-4833-A135-2A2AC6334126"/>
               <code code="DENEX" codeSystem="2.16.840.1.113883.5.4" codeSystemName="Act Code"/>
               <precondition typeCode="PRCN">
                  <criteriaReference classCode="OBS" moodCode="EVN">
                     <id extension="ControllingHighBloodPressure.&quot;Denominator Exclusions&quot;"
                         root="E758D3FA-F49C-475F-B6F1-EB8AB96592AC"/>
                  </criteriaReference>
               </precondition>
            </denominatorExclusionCriteria>
         </component>
         <component typeCode="COMP">
            <numeratorCriteria classCode="OBS" moodCode="EVN">
               <id extension="numerator" root="63DAFD4E-CBD5-4BEE-BE19-E64337356748"/>
               <code code="NUMER" codeSystem="2.16.840.1.113883.5.4" codeSystemName="Act Code"/>
               <precondition typeCode="PRCN">
                  <criteriaReference classCode="OBS" moodCode="EVN">
                     <id extension="ControllingHighBloodPressure.&quot;Numerator&quot;"
                         root="E758D3FA-F49C-475F-B6F1-EB8AB96592AC"/>
                  </criteriaReference>
               </precondition>
            </numeratorCriteria>
         </component>
         <component typeCode="COMP">
            <cql-ext:supplementalDataElement>
               <id extension="Supplemental Data Elements"
                   root="EEB70F78-F39A-4836-BE82-5C4EB464901D"/>
               <code code="SDE" codeSystem="2.16.840.1.113883.5.4" codeSystemName="Act Code"/>
               <precondition typeCode="PRCN">
                  <criteriaReference classCode="OBS" moodCode="EVN">
                     <id extension="ControllingHighBloodPressure.&quot;SDE Ethnicity&quot;"
                         root="E758D3FA-F49C-475F-B6F1-EB8AB96592AC"/>
                  </criteriaReference>
               </precondition>
            </cql-ext:supplementalDataElement>
         </component>
         <component typeCode="COMP">
            <cql-ext:supplementalDataElement>
               <id extension="Supplemental Data Elements"
                   root="74920F0A-7D1E-4330-B969-F0DC493B13BC"/>
               <code code="SDE" codeSystem="2.16.840.1.113883.5.4" codeSystemName="Act Code"/>
               <precondition typeCode="PRCN">
                  <criteriaReference classCode="OBS" moodCode="EVN">
                     <id extension="ControllingHighBloodPressure.&quot;SDE Payer&quot;"
                         root="E758D3FA-F49C-475F-B6F1-EB8AB96592AC"/>
                  </criteriaReference>
               </precondition>
            </cql-ext:supplementalDataElement>
         </component>
         <component typeCode="COMP">
            <cql-ext:supplementalDataElement>
               <id extension="Supplemental Data Elements"
                   root="5EE9306A-566E-4289-9E3C-B74CBD1FCED3"/>
               <code code="SDE" codeSystem="2.16.840.1.113883.5.4" codeSystemName="Act Code"/>
               <precondition typeCode="PRCN">
                  <criteriaReference classCode="OBS" moodCode="EVN">
                     <id extension="ControllingHighBloodPressure.&quot;SDE Race&quot;"
                         root="E758D3FA-F49C-475F-B6F1-EB8AB96592AC"/>
                  </criteriaReference>
               </precondition>
            </cql-ext:supplementalDataElement>
         </component>
         <component typeCode="COMP">
            <cql-ext:supplementalDataElement>
               <id extension="Supplemental Data Elements"
                   root="FC349632-94C5-4F47-9E19-198D0E313E38"/>
               <code code="SDE" codeSystem="2.16.840.1.113883.5.4" codeSystemName="Act Code"/>
               <precondition typeCode="PRCN">
                  <criteriaReference classCode="OBS" moodCode="EVN">
                     <id extension="ControllingHighBloodPressure.&quot;SDE Sex&quot;"
                         root="E758D3FA-F49C-475F-B6F1-EB8AB96592AC"/>
                  </criteriaReference>
               </precondition>
            </cql-ext:supplementalDataElement>
         </component>
      </populationCriteriaSection>
   </component>
</QualityMeasureDocument>