{
   "library" : {
      "identifier" : {
         "id" : "AdultMajorDepressiveDisorderMDDSuicideRiskAssessment",
         "version" : "8.1.000"
      },
      "schemaIdentifier" : {
         "id" : "urn:hl7-org:elm",
         "version" : "r1"
      },
      "usings" : {
         "def" : [ {
            "localIdentifier" : "System",
            "uri" : "urn:hl7-org:elm-types:r1"
         }, {
            "localId" : "1",
            "locator" : "3:1-3:23",
            "localIdentifier" : "QDM",
            "uri" : "urn:healthit-gov:qdm:v5_4",
            "version" : "5.4"
         } ]
      },
      "includes" : {
         "def" : [ {
            "localId" : "2",
            "locator" : "5:1-5:64",
            "localIdentifier" : "Global",
            "path" : "MATGlobalCommonFunctions",
            "version" : "4.0.000"
         } ]
      },
      "parameters" : {
         "def" : [ {
            "localId" : "23",
            "locator" : "26:1-26:49",
            "name" : "Measurement Period",
            "accessLevel" : "Public",
            "parameterTypeSpecifier" : {
               "localId" : "22",
               "locator" : "26:32-26:49",
               "type" : "IntervalTypeSpecifier",
               "pointType" : {
                  "localId" : "21",
                  "locator" : "26:41-26:48",
                  "name" : "{urn:hl7-org:elm-types:r1}DateTime",
                  "type" : "NamedTypeSpecifier"
               }
            }
         } ]
      },
      "codeSystems" : {
         "def" : [ {
            "localId" : "3",
            "locator" : "7:1-7:51",
            "name" : "LOINC",
            "id" : "urn:oid:2.16.840.1.113883.6.1",
            "accessLevel" : "Public"
         }, {
            "localId" : "4",
            "locator" : "8:1-8:55",
            "name" : "SNOMEDCT",
            "id" : "urn:oid:2.16.840.1.113883.6.96",
            "accessLevel" : "Public"
         } ]
      },
      "valueSets" : {
         "def" : [ {
            "localId" : "5",
            "locator" : "10:1-10:89",
            "name" : "Emergency Department Visit",
            "id" : "urn:oid:2.16.840.1.113883.3.464.1003.101.12.1010",
            "accessLevel" : "Public"
         }, {
            "localId" : "6",
            "locator" : "11:1-11:58",
            "name" : "Ethnicity",
            "id" : "urn:oid:2.16.840.1.114222.4.11.837",
            "accessLevel" : "Public"
         }, {
            "localId" : "7",
            "locator" : "12:1-12:85",
            "name" : "Major Depressive Disorder-Active",
            "id" : "urn:oid:2.16.840.1.113883.3.526.3.1491",
            "accessLevel" : "Public"
         }, {
            "localId" : "8",
            "locator" : "13:1-13:75",
            "name" : "Office Visit",
            "id" : "urn:oid:2.16.840.1.113883.3.464.1003.101.12.1001",
            "accessLevel" : "Public"
         }, {
            "localId" : "9",
            "locator" : "14:1-14:68",
            "name" : "ONC Administrative Sex",
            "id" : "urn:oid:2.16.840.1.113762.1.4.1",
            "accessLevel" : "Public"
         }, {
            "localId" : "10",
            "locator" : "15:1-15:86",
            "name" : "Outpatient Consultation",
            "id" : "urn:oid:2.16.840.1.113883.3.464.1003.101.12.1008",
            "accessLevel" : "Public"
         }, {
            "localId" : "11",
            "locator" : "16:1-16:55",
            "name" : "Payer",
            "id" : "urn:oid:2.16.840.1.114222.4.11.3591",
            "accessLevel" : "Public"
         }, {
            "localId" : "12",
            "locator" : "17:1-17:88",
            "name" : "Psych Visit - Diagnostic Evaluation",
            "id" : "urn:oid:2.16.840.1.113883.3.526.3.1492",
            "accessLevel" : "Public"
         }, {
            "localId" : "13",
            "locator" : "18:1-18:80",
            "name" : "Psych Visit - Psychotherapy",
            "id" : "urn:oid:2.16.840.1.113883.3.526.3.1496",
            "accessLevel" : "Public"
         }, {
            "localId" : "14",
            "locator" : "19:1-19:67",
            "name" : "Psychoanalysis",
            "id" : "urn:oid:2.16.840.1.113883.3.526.3.1141",
            "accessLevel" : "Public"
         }, {
            "localId" : "15",
            "locator" : "20:1-20:53",
            "name" : "Race",
            "id" : "urn:oid:2.16.840.1.114222.4.11.836",
            "accessLevel" : "Public"
         }, {
            "localId" : "16",
            "locator" : "21:1-21:82",
            "name" : "Telehealth Services",
            "id" : "urn:oid:2.16.840.1.113883.3.464.1003.101.12.1031",
            "accessLevel" : "Public"
         } ]
      },
      "codes" : {
         "def" : [ {
            "localId" : "18",
            "locator" : "23:1-23:62",
            "name" : "Birth date",
            "id" : "21112-8",
            "display" : "Birth date",
            "accessLevel" : "Public",
            "codeSystem" : {
               "localId" : "17",
               "locator" : "23:35-23:41",
               "name" : "LOINC"
            }
         }, {
            "localId" : "20",
            "locator" : "24:1-24:117",
            "name" : "Suicide risk assessment (procedure)",
            "id" : "225337009",
            "display" : "Suicide risk assessment (procedure)",
            "accessLevel" : "Public",
            "codeSystem" : {
               "localId" : "19",
               "locator" : "24:62-24:71",
               "name" : "SNOMEDCT"
            }
         } ]
      },
      "statements" : {
         "def" : [ {
            "locator" : "28:1-28:15",
            "name" : "Patient",
            "context" : "Patient",
            "expression" : {
               "type" : "SingletonFrom",
               "operand" : {
                  "locator" : "28:1-28:15",
                  "dataType" : "{urn:healthit-gov:qdm:v5_4}Patient",
                  "templateId" : "Patient",
                  "type" : "Retrieve"
               }
            }
         }, {
            "localId" : "25",
            "locator" : "30:1-31:50",
            "name" : "SDE Ethnicity",
            "context" : "Patient",
            "accessLevel" : "Public",
            "annotation" : [ {
               "type" : "Annotation",
               "s" : {
                  "r" : "25",
                  "s" : [ {
                     "value" : [ "define ","\"SDE Ethnicity\"",":\n\t" ]
                  }, {
                     "r" : "24",
                     "s" : [ {
                        "value" : [ "[","\"Patient Characteristic Ethnicity\"",": " ]
                     }, {
                        "s" : [ {
                           "value" : [ "\"Ethnicity\"" ]
                        } ]
                     }, {
                        "value" : [ "]" ]
                     } ]
                  } ]
               }
            } ],
            "expression" : {
               "localId" : "24",
               "locator" : "31:2-31:50",
               "dataType" : "{urn:healthit-gov:qdm:v5_4}PatientCharacteristicEthnicity",
               "codeProperty" : "code",
               "type" : "Retrieve",
               "codes" : {
                  "name" : "Ethnicity",
                  "type" : "ValueSetRef"
               }
            }
         }, {
            "localId" : "27",
            "locator" : "33:1-34:42",
            "name" : "SDE Payer",
            "context" : "Patient",
            "accessLevel" : "Public",
            "annotation" : [ {
               "type" : "Annotation",
               "s" : {
                  "r" : "27",
                  "s" : [ {
                     "value" : [ "define ","\"SDE Payer\"",":\n\t" ]
                  }, {
                     "r" : "26",
                     "s" : [ {
                        "value" : [ "[","\"Patient Characteristic Payer\"",": " ]
                     }, {
                        "s" : [ {
                           "value" : [ "\"Payer\"" ]
                        } ]
                     }, {
                        "value" : [ "]" ]
                     } ]
                  } ]
               }
            } ],
            "expression" : {
               "localId" : "26",
               "locator" : "34:2-34:42",
               "dataType" : "{urn:healthit-gov:qdm:v5_4}PatientCharacteristicPayer",
               "codeProperty" : "code",
               "type" : "Retrieve",
               "codes" : {
                  "name" : "Payer",
                  "type" : "ValueSetRef"
               }
            }
         }, {
            "localId" : "29",
            "locator" : "36:1-37:40",
            "name" : "SDE Race",
            "context" : "Patient",
            "accessLevel" : "Public",
            "annotation" : [ {
               "type" : "Annotation",
               "s" : {
                  "r" : "29",
                  "s" : [ {
                     "value" : [ "define ","\"SDE Race\"",":\n\t" ]
                  }, {
                     "r" : "28",
                     "s" : [ {
                        "value" : [ "[","\"Patient Characteristic Race\"",": " ]
                     }, {
                        "s" : [ {
                           "value" : [ "\"Race\"" ]
                        } ]
                     }, {
                        "value" : [ "]" ]
                     } ]
                  } ]
               }
            } ],
            "expression" : {
               "localId" : "28",
               "locator" : "37:2-37:40",
               "dataType" : "{urn:healthit-gov:qdm:v5_4}PatientCharacteristicRace",
               "codeProperty" : "code",
               "type" : "Retrieve",
               "codes" : {
                  "name" : "Race",
                  "type" : "ValueSetRef"
               }
            }
         }, {
            "localId" : "31",
            "locator" : "39:1-40:57",
            "name" : "SDE Sex",
            "context" : "Patient",
            "accessLevel" : "Public",
            "annotation" : [ {
               "type" : "Annotation",
               "s" : {
                  "r" : "31",
                  "s" : [ {
                     "value" : [ "define ","\"SDE Sex\"",":\n\t" ]
                  }, {
                     "r" : "30",
                     "s" : [ {
                        "value" : [ "[","\"Patient Characteristic Sex\"",": " ]
                     }, {
                        "s" : [ {
                           "value" : [ "\"ONC Administrative Sex\"" ]
                        } ]
                     }, {
                        "value" : [ "]" ]
                     } ]
                  } ]
               }
            } ],
            "expression" : {
               "localId" : "30",
               "locator" : "40:2-40:57",
               "dataType" : "{urn:healthit-gov:qdm:v5_4}PatientCharacteristicSex",
               "codeProperty" : "code",
               "type" : "Retrieve",
               "codes" : {
                  "name" : "ONC Administrative Sex",
                  "type" : "ValueSetRef"
               }
            }
         }, {
            "localId" : "54",
            "locator" : "52:1-62:3",
            "name" : "Major Depressive Disorder Encounter",
            "context" : "Patient",
            "accessLevel" : "Public",
            "annotation" : [ {
               "type" : "Annotation",
               "s" : {
                  "r" : "54",
                  "s" : [ {
                     "value" : [ "define ","\"Major Depressive Disorder Encounter\"",":\n\t" ]
                  }, {
                     "r" : "53",
                     "s" : [ {
                        "s" : [ {
                           "r" : "45",
                           "s" : [ {
                              "r" : "44",
                              "s" : [ {
                                 "value" : [ "( " ]
                              }, {
                                 "r" : "44",
                                 "s" : [ {
                                    "r" : "42",
                                    "s" : [ {
                                       "r" : "40",
                                       "s" : [ {
                                          "r" : "38",
                                          "s" : [ {
                                             "r" : "36",
                                             "s" : [ {
                                                "r" : "34",
                                                "s" : [ {
                                                   "r" : "32",
                                                   "s" : [ {
                                                      "value" : [ "[","\"Encounter, Performed\"",": " ]
                                                   }, {
                                                      "s" : [ {
                                                         "value" : [ "\"Psych Visit - Diagnostic Evaluation\"" ]
                                                      } ]
                                                   }, {
                                                      "value" : [ "]" ]
                                                   } ]
                                                }, {
                                                   "value" : [ "\n\t\tunion " ]
                                                }, {
                                                   "r" : "33",
                                                   "s" : [ {
                                                      "value" : [ "[","\"Encounter, Performed\"",": " ]
                                                   }, {
                                                      "s" : [ {
                                                         "value" : [ "\"Emergency Department Visit\"" ]
                                                      } ]
                                                   }, {
                                                      "value" : [ "]" ]
                                                   } ]
                                                } ]
                                             }, {
                                                "value" : [ "\n\t\tunion " ]
                                             }, {
                                                "r" : "35",
                                                "s" : [ {
                                                   "value" : [ "[","\"Encounter, Performed\"",": " ]
                                                }, {
                                                   "s" : [ {
                                                      "value" : [ "\"Office Visit\"" ]
                                                   } ]
                                                }, {
                                                   "value" : [ "]" ]
                                                } ]
                                             } ]
                                          }, {
                                             "value" : [ "\n\t\tunion " ]
                                          }, {
                                             "r" : "37",
                                             "s" : [ {
                                                "value" : [ "[","\"Encounter, Performed\"",": " ]
                                             }, {
                                                "s" : [ {
                                                   "value" : [ "\"Outpatient Consultation\"" ]
                                                } ]
                                             }, {
                                                "value" : [ "]" ]
                                             } ]
                                          } ]
                                       }, {
                                          "value" : [ "\n\t\tunion " ]
                                       }, {
                                          "r" : "39",
                                          "s" : [ {
                                             "value" : [ "[","\"Encounter, Performed\"",": " ]
                                          }, {
                                             "s" : [ {
                                                "value" : [ "\"Psych Visit - Psychotherapy\"" ]
                                             } ]
                                          }, {
                                             "value" : [ "]" ]
                                          } ]
                                       } ]
                                    }, {
                                       "value" : [ "\n\t\tunion " ]
                                    }, {
                                       "r" : "41",
                                       "s" : [ {
                                          "value" : [ "[","\"Encounter, Performed\"",": " ]
                                       }, {
                                          "s" : [ {
                                             "value" : [ "\"Psychoanalysis\"" ]
                                          } ]
                                       }, {
                                          "value" : [ "]" ]
                                       } ]
                                    } ]
                                 }, {
                                    "value" : [ "\n\t\tunion " ]
                                 }, {
                                    "r" : "43",
                                    "s" : [ {
                                       "value" : [ "[","\"Encounter, Performed\"",": " ]
                                    }, {
                                       "s" : [ {
                                          "value" : [ "\"Telehealth Services\"" ]
                                       } ]
                                    }, {
                                       "value" : [ "]" ]
                                    } ]
                                 } ]
                              }, {
                                 "value" : [ " )" ]
                              } ]
                           }, {
                              "value" : [ " ","ValidEncounter" ]
                           } ]
                        } ]
                     }, {
                        "value" : [ "\n\t\t" ]
                     }, {
                        "r" : "52",
                        "s" : [ {
                           "value" : [ "where " ]
                        }, {
                           "r" : "52",
                           "s" : [ {
                              "value" : [ "exists " ]
                           }, {
                              "r" : "51",
                              "s" : [ {
                                 "value" : [ "( " ]
                              }, {
                                 "r" : "51",
                                 "s" : [ {
                                    "s" : [ {
                                       "r" : "47",
                                       "s" : [ {
                                          "r" : "46",
                                          "s" : [ {
                                             "s" : [ {
                                                "value" : [ "ValidEncounter",".","diagnoses" ]
                                             } ]
                                          } ]
                                       }, {
                                          "value" : [ " ","EncounterDiagnosis" ]
                                       } ]
                                    } ]
                                 }, {
                                    "value" : [ "\n\t\t\t\t" ]
                                 }, {
                                    "r" : "50",
                                    "s" : [ {
                                       "value" : [ "where " ]
                                    }, {
                                       "r" : "50",
                                       "s" : [ {
                                          "r" : "48",
                                          "s" : [ {
                                             "value" : [ "EncounterDiagnosis" ]
                                          } ]
                                       }, {
                                          "value" : [ " in " ]
                                       }, {
                                          "r" : "49",
                                          "s" : [ {
                                             "value" : [ "\"Major Depressive Disorder-Active\"" ]
                                          } ]
                                       } ]
                                    } ]
                                 } ]
                              }, {
                                 "value" : [ "\n\t\t)" ]
                              } ]
                           } ]
                        } ]
                     } ]
                  } ]
               }
            } ],
            "expression" : {
               "localId" : "53",
               "locator" : "53:2-62:3",
               "type" : "Query",
               "source" : [ {
                  "localId" : "45",
                  "locator" : "53:2-59:72",
                  "alias" : "ValidEncounter",
                  "expression" : {
                     "localId" : "44",
                     "locator" : "53:2-59:57",
                     "type" : "Union",
                     "operand" : [ {
                        "localId" : "42",
                        "locator" : "53:4-58:50",
                        "type" : "Union",
                        "operand" : [ {
                           "localId" : "38",
                           "locator" : "53:4-56:59",
                           "type" : "Union",
                           "operand" : [ {
                              "localId" : "34",
                              "locator" : "53:4-54:62",
                              "type" : "Union",
                              "operand" : [ {
                                 "localId" : "32",
                                 "locator" : "53:4-53:66",
                                 "dataType" : "{urn:healthit-gov:qdm:v5_4}PositiveEncounterPerformed",
                                 "templateId" : "PositiveEncounterPerformed",
                                 "codeProperty" : "code",
                                 "type" : "Retrieve",
                                 "codes" : {
                                    "name" : "Psych Visit - Diagnostic Evaluation",
                                    "type" : "ValueSetRef"
                                 }
                              }, {
                                 "localId" : "33",
                                 "locator" : "54:9-54:62",
                                 "dataType" : "{urn:healthit-gov:qdm:v5_4}PositiveEncounterPerformed",
                                 "templateId" : "PositiveEncounterPerformed",
                                 "codeProperty" : "code",
                                 "type" : "Retrieve",
                                 "codes" : {
                                    "name" : "Emergency Department Visit",
                                    "type" : "ValueSetRef"
                                 }
                              } ]
                           }, {
                              "type" : "Union",
                              "operand" : [ {
                                 "localId" : "35",
                                 "locator" : "55:9-55:48",
                                 "dataType" : "{urn:healthit-gov:qdm:v5_4}PositiveEncounterPerformed",
                                 "templateId" : "PositiveEncounterPerformed",
                                 "codeProperty" : "code",
                                 "type" : "Retrieve",
                                 "codes" : {
                                    "name" : "Office Visit",
                                    "type" : "ValueSetRef"
                                 }
                              }, {
                                 "localId" : "37",
                                 "locator" : "56:9-56:59",
                                 "dataType" : "{urn:healthit-gov:qdm:v5_4}PositiveEncounterPerformed",
                                 "templateId" : "PositiveEncounterPerformed",
                                 "codeProperty" : "code",
                                 "type" : "Retrieve",
                                 "codes" : {
                                    "name" : "Outpatient Consultation",
                                    "type" : "ValueSetRef"
                                 }
                              } ]
                           } ]
                        }, {
                           "type" : "Union",
                           "operand" : [ {
                              "localId" : "39",
                              "locator" : "57:9-57:63",
                              "dataType" : "{urn:healthit-gov:qdm:v5_4}PositiveEncounterPerformed",
                              "templateId" : "PositiveEncounterPerformed",
                              "codeProperty" : "code",
                              "type" : "Retrieve",
                              "codes" : {
                                 "name" : "Psych Visit - Psychotherapy",
                                 "type" : "ValueSetRef"
                              }
                           }, {
                              "localId" : "41",
                              "locator" : "58:9-58:50",
                              "dataType" : "{urn:healthit-gov:qdm:v5_4}PositiveEncounterPerformed",
                              "templateId" : "PositiveEncounterPerformed",
                              "codeProperty" : "code",
                              "type" : "Retrieve",
                              "codes" : {
                                 "name" : "Psychoanalysis",
                                 "type" : "ValueSetRef"
                              }
                           } ]
                        } ]
                     }, {
                        "localId" : "43",
                        "locator" : "59:9-59:55",
                        "dataType" : "{urn:healthit-gov:qdm:v5_4}PositiveEncounterPerformed",
                        "templateId" : "PositiveEncounterPerformed",
                        "codeProperty" : "code",
                        "type" : "Retrieve",
                        "codes" : {
                           "name" : "Telehealth Services",
                           "type" : "ValueSetRef"
                        }
                     } ]
                  }
               } ],
               "relationship" : [ ],
               "where" : {
                  "localId" : "52",
                  "locator" : "60:3-62:3",
                  "type" : "Exists",
                  "operand" : {
                     "localId" : "51",
                     "locator" : "60:16-62:3",
                     "type" : "Query",
                     "source" : [ {
                        "localId" : "47",
                        "locator" : "60:18-60:60",
                        "alias" : "EncounterDiagnosis",
                        "expression" : {
                           "localId" : "46",
                           "locator" : "60:18-60:41",
                           "path" : "diagnoses",
                           "scope" : "ValidEncounter",
                           "type" : "Property"
                        }
                     } ],
                     "relationship" : [ ],
                     "where" : {
                        "localId" : "50",
                        "locator" : "61:5-61:66",
                        "type" : "InValueSet",
                        "code" : {
                           "localId" : "48",
                           "locator" : "61:11-61:28",
                           "name" : "EncounterDiagnosis",
                           "type" : "AliasRef"
                        },
                        "valueset" : {
                           "localId" : "49",
                           "locator" : "61:33-61:66",
                           "name" : "Major Depressive Disorder-Active"
                        }
                     }
                  }
               }
            }
         }, {
            "localId" : "76",
            "locator" : "45:1-50:77",
            "name" : "New or Recurrent Major Depressive Disorder Encounter",
            "context" : "Patient",
            "accessLevel" : "Public",
            "annotation" : [ {
               "type" : "Annotation",
               "s" : {
                  "r" : "76",
                  "s" : [ {
                     "value" : [ "define ","\"New or Recurrent Major Depressive Disorder Encounter\"",":\n\t" ]
                  }, {
                     "r" : "75",
                     "s" : [ {
                        "s" : [ {
                           "r" : "56",
                           "s" : [ {
                              "r" : "55",
                              "s" : [ {
                                 "s" : [ {
                                    "value" : [ "\"Major Depressive Disorder Encounter\"" ]
                                 } ]
                              } ]
                           }, {
                              "value" : [ " ","NewOrRecurrentMDDEncounter" ]
                           } ]
                        } ]
                     }, {
                        "value" : [ "\n\t\t" ]
                     }, {
                        "r" : "70",
                        "s" : [ {
                           "value" : [ "without " ]
                        }, {
                           "r" : "58",
                           "s" : [ {
                              "r" : "57",
                              "s" : [ {
                                 "s" : [ {
                                    "value" : [ "\"Major Depressive Disorder Encounter\"" ]
                                 } ]
                              } ]
                           }, {
                              "value" : [ " ","PriorMDDEpisodeEncounter" ]
                           } ]
                        }, {
                           "value" : [ "\n\t\t\tsuch that " ]
                        }, {
                           "r" : "69",
                           "s" : [ {
                              "r" : "61",
                              "s" : [ {
                                 "r" : "59",
                                 "s" : [ {
                                    "value" : [ "PriorMDDEpisodeEncounter" ]
                                 } ]
                              }, {
                                 "value" : [ " ","!~"," " ]
                              }, {
                                 "r" : "60",
                                 "s" : [ {
                                    "value" : [ "NewOrRecurrentMDDEncounter" ]
                                 } ]
                              } ]
                           }, {
                              "value" : [ "\n\t\t\t\tand " ]
                           }, {
                              "r" : "68",
                              "s" : [ {
                                 "r" : "63",
                                 "s" : [ {
                                    "r" : "62",
                                    "s" : [ {
                                       "value" : [ "PriorMDDEpisodeEncounter" ]
                                    } ]
                                 }, {
                                    "value" : [ "." ]
                                 }, {
                                    "r" : "63",
                                    "s" : [ {
                                       "value" : [ "relevantPeriod" ]
                                    } ]
                                 } ]
                              }, {
                                 "value" : [ " " ]
                              }, {
                                 "r" : "68",
                                 "s" : [ {
                                    "value" : [ "ends " ]
                                 }, {
                                    "r" : "67",
                                    "s" : [ {
                                       "value" : [ "104 ","days" ]
                                    } ]
                                 }, {
                                    "value" : [ " or less before day of" ]
                                 } ]
                              }, {
                                 "value" : [ " " ]
                              }, {
                                 "r" : "66",
                                 "s" : [ {
                                    "value" : [ "start of " ]
                                 }, {
                                    "r" : "65",
                                    "s" : [ {
                                       "r" : "64",
                                       "s" : [ {
                                          "value" : [ "NewOrRecurrentMDDEncounter" ]
                                       } ]
                                    }, {
                                       "value" : [ "." ]
                                    }, {
                                       "r" : "65",
                                       "s" : [ {
                                          "value" : [ "relevantPeriod" ]
                                       } ]
                                    } ]
                                 } ]
                              } ]
                           } ]
                        } ]
                     }, {
                        "value" : [ "\n\t\t" ]
                     }, {
                        "r" : "74",
                        "s" : [ {
                           "value" : [ "where " ]
                        }, {
                           "r" : "74",
                           "s" : [ {
                              "r" : "72",
                              "s" : [ {
                                 "r" : "71",
                                 "s" : [ {
                                    "value" : [ "NewOrRecurrentMDDEncounter" ]
                                 } ]
                              }, {
                                 "value" : [ "." ]
                              }, {
                                 "r" : "72",
                                 "s" : [ {
                                    "value" : [ "relevantPeriod" ]
                                 } ]
                              } ]
                           }, {
                              "value" : [ " ","during"," " ]
                           }, {
                              "r" : "73",
                              "s" : [ {
                                 "value" : [ "\"Measurement Period\"" ]
                              } ]
                           } ]
                        } ]
                     } ]
                  } ]
               }
            } ],
            "expression" : {
               "localId" : "75",
               "locator" : "46:2-50:77",
               "type" : "Query",
               "source" : [ {
                  "localId" : "56",
                  "locator" : "46:2-46:65",
                  "alias" : "NewOrRecurrentMDDEncounter",
                  "expression" : {
                     "localId" : "55",
                     "locator" : "46:2-46:38",
                     "name" : "Major Depressive Disorder Encounter",
                     "type" : "ExpressionRef"
                  }
               } ],
               "relationship" : [ {
                  "localId" : "70",
                  "locator" : "47:3-49:134",
                  "alias" : "PriorMDDEpisodeEncounter",
                  "type" : "Without",
                  "expression" : {
                     "localId" : "57",
                     "locator" : "47:11-47:47",
                     "name" : "Major Depressive Disorder Encounter",
                     "type" : "ExpressionRef"
                  },
                  "suchThat" : {
                     "localId" : "69",
                     "locator" : "48:14-49:134",
                     "type" : "And",
                     "operand" : [ {
                        "localId" : "61",
                        "locator" : "48:14-48:67",
                        "type" : "Not",
                        "operand" : {
                           "locator" : "48:14-48:67",
                           "type" : "Equivalent",
                           "operand" : [ {
                              "localId" : "59",
                              "locator" : "48:14-48:37",
                              "name" : "PriorMDDEpisodeEncounter",
                              "type" : "AliasRef"
                           }, {
                              "localId" : "60",
                              "locator" : "48:42-48:67",
                              "name" : "NewOrRecurrentMDDEncounter",
                              "type" : "AliasRef"
                           } ]
                        }
                     }, {
                        "localId" : "68",
                        "locator" : "49:9-49:134",
                        "precision" : "Day",
                        "type" : "In",
                        "operand" : [ {
                           "locator" : "49:49-49:52",
                           "type" : "End",
                           "operand" : {
                              "localId" : "63",
                              "locator" : "49:9-49:47",
                              "path" : "relevantPeriod",
                              "scope" : "PriorMDDEpisodeEncounter",
                              "type" : "Property"
                           }
                        }, {
                           "locator" : "49:54-49:69",
                           "lowClosed" : true,
                           "highClosed" : false,
                           "type" : "Interval",
                           "low" : {
                              "locator" : "49:85-49:134",
                              "type" : "Subtract",
                              "operand" : [ {
                                 "localId" : "66",
                                 "locator" : "49:85-49:134",
                                 "type" : "Start",
                                 "operand" : {
                                    "localId" : "65",
                                    "locator" : "49:94-49:134",
                                    "path" : "relevantPeriod",
                                    "scope" : "NewOrRecurrentMDDEncounter",
                                    "type" : "Property"
                                 }
                              }, {
                                 "localId" : "67",
                                 "locator" : "49:54-49:61",
                                 "value" : 104,
                                 "unit" : "days",
                                 "type" : "Quantity"
                              } ]
                           },
                           "high" : {
                              "localId" : "66",
                              "locator" : "49:85-49:134",
                              "type" : "Start",
                              "operand" : {
                                 "localId" : "65",
                                 "locator" : "49:94-49:134",
                                 "path" : "relevantPeriod",
                                 "scope" : "NewOrRecurrentMDDEncounter",
                                 "type" : "Property"
                              }
                           }
                        } ]
                     } ]
                  }
               } ],
               "where" : {
                  "localId" : "74",
                  "locator" : "50:3-50:77",
                  "type" : "IncludedIn",
                  "operand" : [ {
                     "localId" : "72",
                     "locator" : "50:9-50:49",
                     "path" : "relevantPeriod",
                     "scope" : "NewOrRecurrentMDDEncounter",
                     "type" : "Property"
                  }, {
                     "localId" : "73",
                     "locator" : "50:58-50:77",
                     "name" : "Measurement Period",
                     "type" : "ParameterRef"
                  } ]
               }
            }
         }, {
            "localId" : "91",
            "locator" : "69:1-72:103",
            "name" : "Initial Population",
            "context" : "Patient",
            "accessLevel" : "Public",
            "annotation" : [ {
               "type" : "Annotation",
               "s" : {
                  "r" : "91",
                  "s" : [ {
                     "value" : [ "define ","\"Initial Population\"",":\n\t" ]
                  }, {
                     "r" : "90",
                     "s" : [ {
                        "s" : [ {
                           "r" : "78",
                           "s" : [ {
                              "r" : "77",
                              "s" : [ {
                                 "s" : [ {
                                    "value" : [ "\"New or Recurrent Major Depressive Disorder Encounter\"" ]
                                 } ]
                              } ]
                           }, {
                              "value" : [ " ","NewOrRecurrentMDDEncounter" ]
                           } ]
                        } ]
                     }, {
                        "value" : [ "\n\t\t" ]
                     }, {
                        "r" : "89",
                        "s" : [ {
                           "value" : [ "with " ]
                        }, {
                           "r" : "80",
                           "s" : [ {
                              "r" : "79",
                              "s" : [ {
                                 "r" : "79",
                                 "s" : [ {
                                    "value" : [ "[","\"Patient Characteristic Birthdate\"",": " ]
                                 }, {
                                    "s" : [ {
                                       "value" : [ "\"Birth date\"" ]
                                    } ]
                                 }, {
                                    "value" : [ "]" ]
                                 } ]
                              } ]
                           }, {
                              "value" : [ " ","BirthDate" ]
                           } ]
                        }, {
                           "value" : [ "\n\t\t\tsuch that " ]
                        }, {
                           "r" : "88",
                           "s" : [ {
                              "r" : "86",
                              "s" : [ {
                                 "r" : "81",
                                 "s" : [ {
                                    "value" : [ "Global" ]
                                 } ]
                              }, {
                                 "value" : [ "." ]
                              }, {
                                 "r" : "86",
                                 "s" : [ {
                                    "value" : [ "\"CalendarAgeInYearsAt\"","(" ]
                                 }, {
                                    "r" : "83",
                                    "s" : [ {
                                       "r" : "82",
                                       "s" : [ {
                                          "value" : [ "BirthDate" ]
                                       } ]
                                    }, {
                                       "value" : [ "." ]
                                    }, {
                                       "r" : "83",
                                       "s" : [ {
                                          "value" : [ "birthDatetime" ]
                                       } ]
                                    } ]
                                 }, {
                                    "value" : [ ", " ]
                                 }, {
                                    "r" : "85",
                                    "s" : [ {
                                       "value" : [ "start of " ]
                                    }, {
                                       "r" : "84",
                                       "s" : [ {
                                          "value" : [ "\"Measurement Period\"" ]
                                       } ]
                                    } ]
                                 }, {
                                    "value" : [ ")" ]
                                 } ]
                              } ]
                           }, {
                              "value" : [ ">="," ","17" ]
                           } ]
                        } ]
                     } ]
                  } ]
               }
            } ],
            "expression" : {
               "localId" : "90",
               "locator" : "70:2-72:103",
               "type" : "Query",
               "source" : [ {
                  "localId" : "78",
                  "locator" : "70:2-70:82",
                  "alias" : "NewOrRecurrentMDDEncounter",
                  "expression" : {
                     "localId" : "77",
                     "locator" : "70:2-70:55",
                     "name" : "New or Recurrent Major Depressive Disorder Encounter",
                     "type" : "ExpressionRef"
                  }
               } ],
               "relationship" : [ {
                  "localId" : "89",
                  "locator" : "71:3-72:103",
                  "alias" : "BirthDate",
                  "type" : "With",
                  "expression" : {
                     "localId" : "79",
                     "locator" : "71:8-71:57",
                     "dataType" : "{urn:healthit-gov:qdm:v5_4}PatientCharacteristicBirthdate",
                     "codeProperty" : "code",
                     "type" : "Retrieve",
                     "codes" : {
                        "type" : "ToList",
                        "operand" : {
                           "name" : "Birth date",
                           "type" : "CodeRef"
                        }
                     }
                  },
                  "suchThat" : {
                     "localId" : "88",
                     "locator" : "72:14-72:103",
                     "type" : "GreaterOrEqual",
                     "operand" : [ {
                        "localId" : "86",
                        "locator" : "72:14-72:98",
                        "name" : "CalendarAgeInYearsAt",
                        "libraryName" : "Global",
                        "type" : "FunctionRef",
                        "operand" : [ {
                           "localId" : "83",
                           "locator" : "72:44-72:66",
                           "path" : "birthDatetime",
                           "scope" : "BirthDate",
                           "type" : "Property"
                        }, {
                           "localId" : "85",
                           "locator" : "72:69-72:97",
                           "type" : "Start",
                           "operand" : {
                              "localId" : "84",
                              "locator" : "72:78-72:97",
                              "name" : "Measurement Period",
                              "type" : "ParameterRef"
                           }
                        } ]
                     }, {
                        "localId" : "87",
                        "locator" : "72:102-72:103",
                        "valueType" : "{urn:hl7-org:elm-types:r1}Integer",
                        "value" : "17",
                        "type" : "Literal"
                     } ]
                  }
               } ]
            }
         }, {
            "localId" : "93",
            "locator" : "42:1-43:21",
            "name" : "Denominator",
            "context" : "Patient",
            "accessLevel" : "Public",
            "annotation" : [ {
               "type" : "Annotation",
               "s" : {
                  "r" : "93",
                  "s" : [ {
                     "value" : [ "define ","\"Denominator\"",":\n\t" ]
                  }, {
                     "r" : "92",
                     "s" : [ {
                        "value" : [ "\"Initial Population\"" ]
                     } ]
                  } ]
               }
            } ],
            "expression" : {
               "localId" : "92",
               "locator" : "43:2-43:21",
               "name" : "Initial Population",
               "type" : "ExpressionRef"
            }
         }, {
            "localId" : "105",
            "locator" : "64:1-67:98",
            "name" : "Numerator",
            "context" : "Patient",
            "accessLevel" : "Public",
            "annotation" : [ {
               "type" : "Annotation",
               "s" : {
                  "r" : "105",
                  "s" : [ {
                     "value" : [ "define ","\"Numerator\"",":\n\t" ]
                  }, {
                     "r" : "104",
                     "s" : [ {
                        "s" : [ {
                           "r" : "95",
                           "s" : [ {
                              "r" : "94",
                              "s" : [ {
                                 "s" : [ {
                                    "value" : [ "\"New or Recurrent Major Depressive Disorder Encounter\"" ]
                                 } ]
                              } ]
                           }, {
                              "value" : [ " ","NewOrRecurrentMDDEncounter" ]
                           } ]
                        } ]
                     }, {
                        "value" : [ "\n\t\t" ]
                     }, {
                        "r" : "103",
                        "s" : [ {
                           "value" : [ "with " ]
                        }, {
                           "r" : "97",
                           "s" : [ {
                              "r" : "96",
                              "s" : [ {
                                 "r" : "96",
                                 "s" : [ {
                                    "value" : [ "[","\"Intervention, Performed\"",": " ]
                                 }, {
                                    "s" : [ {
                                       "value" : [ "\"Suicide risk assessment (procedure)\"" ]
                                    } ]
                                 }, {
                                    "value" : [ "]" ]
                                 } ]
                              } ]
                           }, {
                              "value" : [ " ","SuicideRiskAssessment" ]
                           } ]
                        }, {
                           "value" : [ "\n\t\t\tsuch that " ]
                        }, {
                           "r" : "102",
                           "s" : [ {
                              "r" : "99",
                              "s" : [ {
                                 "r" : "98",
                                 "s" : [ {
                                    "value" : [ "SuicideRiskAssessment" ]
                                 } ]
                              }, {
                                 "value" : [ "." ]
                              }, {
                                 "r" : "99",
                                 "s" : [ {
                                    "value" : [ "relevantPeriod" ]
                                 } ]
                              } ]
                           }, {
                              "value" : [ " ","during"," " ]
                           }, {
                              "r" : "101",
                              "s" : [ {
                                 "r" : "100",
                                 "s" : [ {
                                    "value" : [ "NewOrRecurrentMDDEncounter" ]
                                 } ]
                              }, {
                                 "value" : [ "." ]
                              }, {
                                 "r" : "101",
                                 "s" : [ {
                                    "value" : [ "relevantPeriod" ]
                                 } ]
                              } ]
                           } ]
                        } ]
                     } ]
                  } ]
               }
            } ],
            "expression" : {
               "localId" : "104",
               "locator" : "65:2-67:98",
               "type" : "Query",
               "source" : [ {
                  "localId" : "95",
                  "locator" : "65:2-65:82",
                  "alias" : "NewOrRecurrentMDDEncounter",
                  "expression" : {
                     "localId" : "94",
                     "locator" : "65:2-65:55",
                     "name" : "New or Recurrent Major Depressive Disorder Encounter",
                     "type" : "ExpressionRef"
                  }
               } ],
               "relationship" : [ {
                  "localId" : "103",
                  "locator" : "66:3-67:98",
                  "alias" : "SuicideRiskAssessment",
                  "type" : "With",
                  "expression" : {
                     "localId" : "96",
                     "locator" : "66:8-66:73",
                     "dataType" : "{urn:healthit-gov:qdm:v5_4}PositiveInterventionPerformed",
                     "templateId" : "PositiveInterventionPerformed",
                     "codeProperty" : "code",
                     "type" : "Retrieve",
                     "codes" : {
                        "type" : "ToList",
                        "operand" : {
                           "name" : "Suicide risk assessment (procedure)",
                           "type" : "CodeRef"
                        }
                     }
                  },
                  "suchThat" : {
                     "localId" : "102",
                     "locator" : "67:14-67:98",
                     "type" : "IncludedIn",
                     "operand" : [ {
                        "localId" : "99",
                        "locator" : "67:14-67:49",
                        "path" : "relevantPeriod",
                        "scope" : "SuicideRiskAssessment",
                        "type" : "Property"
                     }, {
                        "localId" : "101",
                        "locator" : "67:58-67:98",
                        "path" : "relevantPeriod",
                        "scope" : "NewOrRecurrentMDDEncounter",
                        "type" : "Property"
                     } ]
                  }
               } ]
            }
         } ]
      }
   }
}