{
   "library" : {
      "identifier" : {
         "id" : "Adult_Outpatient_Encounters",
         "version" : "1.3.000"
      },
      "schemaIdentifier" : {
         "id" : "urn:hl7-org:elm",
         "version" : "r1"
      },
      "usings" : {
         "def" : [ {
            "localIdentifier" : "System",
            "uri" : "urn:hl7-org:elm-types:r1"
         }, {
            "localId" : "1",
            "locator" : "3:1-3:23",
            "localIdentifier" : "QDM",
            "uri" : "urn:healthit-gov:qdm:v5_5",
            "version" : "5.5"
         } ]
      },
      "parameters" : {
         "def" : [ {
            "localId" : "9",
            "locator" : "11:1-11:49",
            "name" : "Measurement Period",
            "accessLevel" : "Public",
            "parameterTypeSpecifier" : {
               "localId" : "8",
               "locator" : "11:32-11:49",
               "type" : "IntervalTypeSpecifier",
               "pointType" : {
                  "localId" : "7",
                  "locator" : "11:41-11:48",
                  "name" : "{urn:hl7-org:elm-types:r1}DateTime",
                  "type" : "NamedTypeSpecifier"
               }
            }
         } ]
      },
      "valueSets" : {
         "def" : [ {
            "localId" : "2",
            "locator" : "5:1-5:74",
            "name" : "Annual Wellness Visit",
            "id" : "urn:oid:2.16.840.1.113883.3.526.3.1240",
            "accessLevel" : "Public"
         }, {
            "localId" : "3",
            "locator" : "6:1-6:87",
            "name" : "Home Healthcare Services",
            "id" : "urn:oid:2.16.840.1.113883.3.464.1003.101.12.1016",
            "accessLevel" : "Public"
         }, {
            "localId" : "4",
            "locator" : "7:1-7:75",
            "name" : "Office Visit",
            "id" : "urn:oid:2.16.840.1.113883.3.464.1003.101.12.1001",
            "accessLevel" : "Public"
         }, {
            "localId" : "5",
            "locator" : "8:1-8:125",
            "name" : "Preventive Care Services - Established Office Visit, 18 and Up",
            "id" : "urn:oid:2.16.840.1.113883.3.464.1003.101.12.1025",
            "accessLevel" : "Public"
         }, {
            "localId" : "6",
            "locator" : "9:1-9:119",
            "name" : "Preventive Care Services-Initial Office Visit, 18 and Up",
            "id" : "urn:oid:2.16.840.1.113883.3.464.1003.101.12.1023",
            "accessLevel" : "Public"
         } ]
      },
      "statements" : {
         "def" : [ {
            "locator" : "13:1-13:15",
            "name" : "Patient",
            "context" : "Patient",
            "expression" : {
               "type" : "SingletonFrom",
               "operand" : {
                  "locator" : "13:1-13:15",
                  "dataType" : "{urn:healthit-gov:qdm:v5_5}Patient",
                  "templateId" : "Patient",
                  "type" : "Retrieve"
               }
            }
         }, {
            "localId" : "25",
            "locator" : "15:1-21:66",
            "name" : "Qualifying Encounters",
            "context" : "Patient",
            "accessLevel" : "Public",
            "annotation" : [ {
               "type" : "Annotation",
               "s" : {
                  "r" : "25",
                  "s" : [ {
                     "value" : [ "define ","\"Qualifying Encounters\"",":\n  " ]
                  }, {
                     "r" : "24",
                     "s" : [ {
                        "s" : [ {
                           "r" : "19",
                           "s" : [ {
                              "r" : "18",
                              "s" : [ {
                                 "value" : [ "( " ]
                              }, {
                                 "r" : "18",
                                 "s" : [ {
                                    "r" : "16",
                                    "s" : [ {
                                       "r" : "14",
                                       "s" : [ {
                                          "r" : "12",
                                          "s" : [ {
                                             "r" : "10",
                                             "s" : [ {
                                                "value" : [ "[","\"Encounter, Performed\"",": " ]
                                             }, {
                                                "s" : [ {
                                                   "value" : [ "\"Office Visit\"" ]
                                                } ]
                                             }, {
                                                "value" : [ "]" ]
                                             } ]
                                          }, {
                                             "value" : [ "\n  \tunion " ]
                                          }, {
                                             "r" : "11",
                                             "s" : [ {
                                                "value" : [ "[","\"Encounter, Performed\"",": " ]
                                             }, {
                                                "s" : [ {
                                                   "value" : [ "\"Annual Wellness Visit\"" ]
                                                } ]
                                             }, {
                                                "value" : [ "]" ]
                                             } ]
                                          } ]
                                       }, {
                                          "value" : [ "\n  \tunion " ]
                                       }, {
                                          "r" : "13",
                                          "s" : [ {
                                             "value" : [ "[","\"Encounter, Performed\"",": " ]
                                          }, {
                                             "s" : [ {
                                                "value" : [ "\"Preventive Care Services - Established Office Visit, 18 and Up\"" ]
                                             } ]
                                          }, {
                                             "value" : [ "]" ]
                                          } ]
                                       } ]
                                    }, {
                                       "value" : [ "\n  \tunion " ]
                                    }, {
                                       "r" : "15",
                                       "s" : [ {
                                          "value" : [ "[","\"Encounter, Performed\"",": " ]
                                       }, {
                                          "s" : [ {
                                             "value" : [ "\"Preventive Care Services-Initial Office Visit, 18 and Up\"" ]
                                          } ]
                                       }, {
                                          "value" : [ "]" ]
                                       } ]
                                    } ]
                                 }, {
                                    "value" : [ "\n  \tunion " ]
                                 }, {
                                    "r" : "17",
                                    "s" : [ {
                                       "value" : [ "[","\"Encounter, Performed\"",": " ]
                                    }, {
                                       "s" : [ {
                                          "value" : [ "\"Home Healthcare Services\"" ]
                                       } ]
                                    }, {
                                       "value" : [ "]" ]
                                    } ]
                                 } ]
                              }, {
                                 "value" : [ " )" ]
                              } ]
                           }, {
                              "value" : [ " ","ValidEncounter" ]
                           } ]
                        } ]
                     }, {
                        "value" : [ "\n  \t" ]
                     }, {
                        "r" : "23",
                        "s" : [ {
                           "value" : [ "where " ]
                        }, {
                           "r" : "23",
                           "s" : [ {
                              "r" : "21",
                              "s" : [ {
                                 "r" : "20",
                                 "s" : [ {
                                    "value" : [ "ValidEncounter" ]
                                 } ]
                              }, {
                                 "value" : [ "." ]
                              }, {
                                 "r" : "21",
                                 "s" : [ {
                                    "value" : [ "relevantPeriod" ]
                                 } ]
                              } ]
                           }, {
                              "r" : "23",
                              "value" : [ " ","during"," " ]
                           }, {
                              "r" : "22",
                              "s" : [ {
                                 "value" : [ "\"Measurement Period\"" ]
                              } ]
                           } ]
                        } ]
                     } ]
                  } ]
               }
            } ],
            "expression" : {
               "localId" : "24",
               "locator" : "16:3-21:66",
               "type" : "Query",
               "source" : [ {
                  "localId" : "19",
                  "locator" : "16:3-20:78",
                  "alias" : "ValidEncounter",
                  "expression" : {
                     "localId" : "18",
                     "locator" : "16:3-20:63",
                     "type" : "Union",
                     "operand" : [ {
                        "localId" : "16",
                        "locator" : "16:5-19:93",
                        "type" : "Union",
                        "operand" : [ {
                           "localId" : "12",
                           "locator" : "16:5-17:58",
                           "type" : "Union",
                           "operand" : [ {
                              "localId" : "10",
                              "locator" : "16:5-16:44",
                              "dataType" : "{urn:healthit-gov:qdm:v5_5}PositiveEncounterPerformed",
                              "templateId" : "PositiveEncounterPerformed",
                              "codeProperty" : "code",
                              "type" : "Retrieve",
                              "codes" : {
                                 "locator" : "16:30-16:43",
                                 "name" : "Office Visit",
                                 "type" : "ValueSetRef"
                              }
                           }, {
                              "localId" : "11",
                              "locator" : "17:10-17:58",
                              "dataType" : "{urn:healthit-gov:qdm:v5_5}PositiveEncounterPerformed",
                              "templateId" : "PositiveEncounterPerformed",
                              "codeProperty" : "code",
                              "type" : "Retrieve",
                              "codes" : {
                                 "locator" : "17:35-17:57",
                                 "name" : "Annual Wellness Visit",
                                 "type" : "ValueSetRef"
                              }
                           } ]
                        }, {
                           "type" : "Union",
                           "operand" : [ {
                              "localId" : "13",
                              "locator" : "18:10-18:99",
                              "dataType" : "{urn:healthit-gov:qdm:v5_5}PositiveEncounterPerformed",
                              "templateId" : "PositiveEncounterPerformed",
                              "codeProperty" : "code",
                              "type" : "Retrieve",
                              "codes" : {
                                 "locator" : "18:35-18:98",
                                 "name" : "Preventive Care Services - Established Office Visit, 18 and Up",
                                 "type" : "ValueSetRef"
                              }
                           }, {
                              "localId" : "15",
                              "locator" : "19:10-19:93",
                              "dataType" : "{urn:healthit-gov:qdm:v5_5}PositiveEncounterPerformed",
                              "templateId" : "PositiveEncounterPerformed",
                              "codeProperty" : "code",
                              "type" : "Retrieve",
                              "codes" : {
                                 "locator" : "19:35-19:92",
                                 "name" : "Preventive Care Services-Initial Office Visit, 18 and Up",
                                 "type" : "ValueSetRef"
                              }
                           } ]
                        } ]
                     }, {
                        "localId" : "17",
                        "locator" : "20:10-20:61",
                        "dataType" : "{urn:healthit-gov:qdm:v5_5}PositiveEncounterPerformed",
                        "templateId" : "PositiveEncounterPerformed",
                        "codeProperty" : "code",
                        "type" : "Retrieve",
                        "codes" : {
                           "locator" : "20:35-20:60",
                           "name" : "Home Healthcare Services",
                           "type" : "ValueSetRef"
                        }
                     } ]
                  }
               } ],
               "relationship" : [ ],
               "where" : {
                  "localId" : "23",
                  "locator" : "21:4-21:66",
                  "type" : "IncludedIn",
                  "operand" : [ {
                     "localId" : "21",
                     "locator" : "21:10-21:38",
                     "path" : "relevantPeriod",
                     "scope" : "ValidEncounter",
                     "type" : "Property"
                  }, {
                     "localId" : "22",
                     "locator" : "21:47-21:66",
                     "name" : "Measurement Period",
                     "type" : "ParameterRef"
                  } ]
               }
            }
         } ]
      }
   }
}