<?xml version="1.0" encoding="UTF-8"?>
<library xmlns="urn:hl7-org:elm:r1" xmlns:t="urn:hl7-org:elm-types:r1" xmlns:xsi="http://www.w3.org/2001/XMLSchema-instance" xmlns:xsd="http://www.w3.org/2001/XMLSchema" xmlns:fhir="http://hl7.org/fhir" xmlns:qdm43="urn:healthit-gov:qdm:v4_3" xmlns:qdm53="urn:healthit-gov:qdm:v5_3" xmlns:a="urn:hl7-org:cql-annotations:r1">
   <identifier id="Hospice" version="2.2.000"/>
   <schemaIdentifier id="urn:hl7-org:elm" version="r1"/>
   <usings>
      <def localIdentifier="System" uri="urn:hl7-org:elm-types:r1"/>
      <def localId="1" locator="3:1-3:23" localIdentifier="QDM" uri="urn:healthit-gov:qdm:v5_5" version="5.5"/>
   </usings>
   <parameters>
      <def localId="11" locator="13:1-13:49" name="Measurement Period" accessLevel="Public">
         <parameterTypeSpecifier localId="10" locator="13:32-13:49" xsi:type="IntervalTypeSpecifier">
            <pointType localId="9" locator="13:41-13:48" name="t:DateTime" xsi:type="NamedTypeSpecifier"/>
         </parameterTypeSpecifier>
      </def>
   </parameters>
   <codeSystems>
      <def localId="2" locator="5:1-5:55" name="SNOMEDCT" id="urn:oid:2.16.840.1.113883.6.96" accessLevel="Public"/>
   </codeSystems>
   <valueSets>
      <def localId="3" locator="7:1-7:71" name="Encounter Inpatient" id="urn:oid:2.16.840.1.113883.3.666.5.307" accessLevel="Public"/>
      <def localId="4" locator="8:1-8:75" name="Hospice care ambulatory" id="urn:oid:2.16.840.1.113762.1.4.1108.15" accessLevel="Public"/>
   </valueSets>
   <codes>
      <def localId="6" locator="10:1-10:175" name="Discharge to healthcare facility for hospice care (procedure)" id="428371000124100" display="Discharge to healthcare facility for hospice care (procedure)" accessLevel="Public">
         <codeSystem localId="5" locator="10:94-10:103" name="SNOMEDCT"/>
      </def>
      <def localId="8" locator="11:1-11:145" name="Discharge to home for hospice care (procedure)" id="428361000124107" display="Discharge to home for hospice care (procedure)" accessLevel="Public">
         <codeSystem localId="7" locator="11:79-11:88" name="SNOMEDCT"/>
      </def>
   </codes>
   <statements>
      <def locator="15:1-15:15" name="Patient" context="Patient">
         <expression xsi:type="SingletonFrom">
            <operand locator="15:1-15:15" xmlns:ns0="urn:healthit-gov:qdm:v5_5" dataType="ns0:Patient" templateId="Patient" xsi:type="Retrieve"/>
         </expression>
      </def>
      <def localId="48" locator="17:1-29:5" name="Has Hospice" context="Patient" accessLevel="Public">
         <annotation xsi:type="a:Annotation">
            <a:s r="48">
               <a:s>define &quot;Has Hospice&quot;:
  </a:s>
               <a:s r="47">
                  <a:s r="38">
                     <a:s r="29">
                        <a:s>exists </a:s>
                        <a:s r="28">
                           <a:s>( </a:s>
                           <a:s r="28">
                              <a:s>
                                 <a:s r="13">
                                    <a:s r="12">
                                       <a:s r="12">
                                          <a:s>[&quot;Encounter, Performed&quot;: </a:s>
                                          <a:s>
                                             <a:s>&quot;Encounter Inpatient&quot;</a:s>
                                          </a:s>
                                          <a:s>]</a:s>
                                       </a:s>
                                    </a:s>
                                    <a:s> DischargeHospice</a:s>
                                 </a:s>
                              </a:s>
                              <a:s>
      </a:s>
                              <a:s r="27">
                                 <a:s>where </a:s>
                                 <a:s r="27">
                                    <a:s r="22">
                                       <a:s>( </a:s>
                                       <a:s r="22">
                                          <a:s r="17">
                                             <a:s r="15">
                                                <a:s r="14">
                                                   <a:s>DischargeHospice</a:s>
                                                </a:s>
                                                <a:s>.</a:s>
                                                <a:s r="15">
                                                   <a:s>dischargeDisposition</a:s>
                                                </a:s>
                                             </a:s>
                                             <a:s> ~ </a:s>
                                             <a:s r="16">
                                                <a:s>&quot;Discharge to home for hospice care (procedure)&quot;</a:s>
                                             </a:s>
                                          </a:s>
                                          <a:s>
          or </a:s>
                                          <a:s r="21">
                                             <a:s r="19">
                                                <a:s r="18">
                                                   <a:s>DischargeHospice</a:s>
                                                </a:s>
                                                <a:s>.</a:s>
                                                <a:s r="19">
                                                   <a:s>dischargeDisposition</a:s>
                                                </a:s>
                                             </a:s>
                                             <a:s> ~ </a:s>
                                             <a:s r="20">
                                                <a:s>&quot;Discharge to healthcare facility for hospice care (procedure)&quot;</a:s>
                                             </a:s>
                                          </a:s>
                                       </a:s>
                                       <a:s>
      )</a:s>
                                    </a:s>
                                    <a:s>
        and </a:s>
                                    <a:s r="26">
                                       <a:s r="24">
                                          <a:s r="23">
                                             <a:s>DischargeHospice</a:s>
                                          </a:s>
                                          <a:s>.</a:s>
                                          <a:s r="24">
                                             <a:s>relevantPeriod</a:s>
                                          </a:s>
                                       </a:s>
                                       <a:s r="26"> ends during </a:s>
                                       <a:s r="25">
                                          <a:s>&quot;Measurement Period&quot;</a:s>
                                       </a:s>
                                    </a:s>
                                 </a:s>
                              </a:s>
                           </a:s>
                           <a:s>
  )</a:s>
                        </a:s>
                     </a:s>
                     <a:s>
    or </a:s>
                     <a:s r="37">
                        <a:s>exists </a:s>
                        <a:s r="36">
                           <a:s>( </a:s>
                           <a:s r="36">
                              <a:s>
                                 <a:s r="31">
                                    <a:s r="30">
                                       <a:s r="30">
                                          <a:s>[&quot;Intervention, Order&quot;: </a:s>
                                          <a:s>
                                             <a:s>&quot;Hospice care ambulatory&quot;</a:s>
                                          </a:s>
                                          <a:s>]</a:s>
                                       </a:s>
                                    </a:s>
                                    <a:s> HospiceOrder</a:s>
                                 </a:s>
                              </a:s>
                              <a:s>
        </a:s>
                              <a:s r="35">
                                 <a:s>where </a:s>
                                 <a:s r="35">
                                    <a:s r="33">
                                       <a:s r="32">
                                          <a:s>HospiceOrder</a:s>
                                       </a:s>
                                       <a:s>.</a:s>
                                       <a:s r="33">
                                          <a:s>authorDatetime</a:s>
                                       </a:s>
                                    </a:s>
                                    <a:s r="35"> during </a:s>
                                    <a:s r="34">
                                       <a:s>&quot;Measurement Period&quot;</a:s>
                                    </a:s>
                                 </a:s>
                              </a:s>
                           </a:s>
                           <a:s>
    )</a:s>
                        </a:s>
                     </a:s>
                  </a:s>
                  <a:s>
    or </a:s>
                  <a:s r="46">
                     <a:s>exists </a:s>
                     <a:s r="45">
                        <a:s>( </a:s>
                        <a:s r="45">
                           <a:s>
                              <a:s r="40">
                                 <a:s r="39">
                                    <a:s r="39">
                                       <a:s>[&quot;Intervention, Performed&quot;: </a:s>
                                       <a:s>
                                          <a:s>&quot;Hospice care ambulatory&quot;</a:s>
                                       </a:s>
                                       <a:s>]</a:s>
                                    </a:s>
                                 </a:s>
                                 <a:s> HospicePerformed</a:s>
                              </a:s>
                           </a:s>
                           <a:s>
        </a:s>
                           <a:s r="44">
                              <a:s>where </a:s>
                              <a:s r="44">
                                 <a:s r="42">
                                    <a:s r="41">
                                       <a:s>HospicePerformed</a:s>
                                    </a:s>
                                    <a:s>.</a:s>
                                    <a:s r="42">
                                       <a:s>relevantPeriod</a:s>
                                    </a:s>
                                 </a:s>
                                 <a:s r="44"> overlaps </a:s>
                                 <a:s r="43">
                                    <a:s>&quot;Measurement Period&quot;</a:s>
                                 </a:s>
                              </a:s>
                           </a:s>
                        </a:s>
                        <a:s>
    )</a:s>
                     </a:s>
                  </a:s>
               </a:s>
            </a:s>
         </annotation>
         <expression localId="47" locator="18:3-29:5" xsi:type="Or">
            <operand localId="38" locator="18:3-26:5" xsi:type="Or">
               <operand localId="29" locator="18:3-23:3" xsi:type="Exists">
                  <operand localId="28" locator="18:10-23:3" xsi:type="Query">
                     <source localId="13" locator="18:12-18:75" alias="DischargeHospice">
                        <expression localId="12" locator="18:12-18:58" xmlns:ns1="urn:healthit-gov:qdm:v5_5" dataType="ns1:PositiveEncounterPerformed" templateId="PositiveEncounterPerformed" codeProperty="code" xsi:type="Retrieve">
                           <codes locator="18:37-18:57" name="Encounter Inpatient" xsi:type="ValueSetRef"/>
                        </expression>
                     </source>
                     <where localId="27" locator="19:7-22:76" xsi:type="And">
                        <operand localId="22" locator="19:13-21:7" xsi:type="Or">
                           <operand localId="17" locator="19:15-19:102" xsi:type="Equivalent">
                              <operand localId="15" locator="19:15-19:51" path="dischargeDisposition" scope="DischargeHospice" xsi:type="Property"/>
                              <operand localId="16" locator="19:55-19:102" name="Discharge to home for hospice care (procedure)" xsi:type="CodeRef"/>
                           </operand>
                           <operand localId="21" locator="20:14-20:116" xsi:type="Equivalent">
                              <operand localId="19" locator="20:14-20:50" path="dischargeDisposition" scope="DischargeHospice" xsi:type="Property"/>
                              <operand localId="20" locator="20:54-20:116" name="Discharge to healthcare facility for hospice care (procedure)" xsi:type="CodeRef"/>
                           </operand>
                        </operand>
                        <operand localId="26" locator="22:13-22:76" xsi:type="In">
                           <operand locator="22:45-22:48" xsi:type="End">
                              <operand localId="24" locator="22:13-22:43" path="relevantPeriod" scope="DischargeHospice" xsi:type="Property"/>
                           </operand>
                           <operand localId="25" locator="22:57-22:76" name="Measurement Period" xsi:type="ParameterRef"/>
                        </operand>
                     </where>
                  </operand>
               </operand>
               <operand localId="37" locator="24:8-26:5" xsi:type="Exists">
                  <operand localId="36" locator="24:15-26:5" xsi:type="Query">
                     <source localId="31" locator="24:17-24:79" alias="HospiceOrder">
                        <expression localId="30" locator="24:17-24:66" xmlns:ns2="urn:healthit-gov:qdm:v5_5" dataType="ns2:PositiveInterventionOrder" templateId="PositiveInterventionOrder" codeProperty="code" xsi:type="Retrieve">
                           <codes locator="24:41-24:65" name="Hospice care ambulatory" xsi:type="ValueSetRef"/>
                        </expression>
                     </source>
                     <where localId="35" locator="25:9-25:69" xsi:type="In">
                        <operand localId="33" locator="25:15-25:41" path="authorDatetime" scope="HospiceOrder" xsi:type="Property"/>
                        <operand localId="34" locator="25:50-25:69" name="Measurement Period" xsi:type="ParameterRef"/>
                     </where>
                  </operand>
               </operand>
            </operand>
            <operand localId="46" locator="27:8-29:5" xsi:type="Exists">
               <operand localId="45" locator="27:15-29:5" xsi:type="Query">
                  <source localId="40" locator="27:17-27:87" alias="HospicePerformed">
                     <expression localId="39" locator="27:17-27:70" xmlns:ns3="urn:healthit-gov:qdm:v5_5" dataType="ns3:PositiveInterventionPerformed" templateId="PositiveInterventionPerformed" codeProperty="code" xsi:type="Retrieve">
                        <codes locator="27:45-27:69" name="Hospice care ambulatory" xsi:type="ValueSetRef"/>
                     </expression>
                  </source>
                  <where localId="44" locator="28:9-28:75" xsi:type="Overlaps">
                     <operand localId="42" locator="28:15-28:45" path="relevantPeriod" scope="HospicePerformed" xsi:type="Property"/>
                     <operand localId="43" locator="28:56-28:75" name="Measurement Period" xsi:type="ParameterRef"/>
                  </where>
               </operand>
            </operand>
         </expression>
      </def>
   </statements>
</library>
