{
   "library" : {
      "identifier" : {
         "id" : "POAGOpticNerveEvaluation",
         "version" : "9.2.000"
      },
      "schemaIdentifier" : {
         "id" : "urn:hl7-org:elm",
         "version" : "r1"
      },
      "usings" : {
         "def" : [ {
            "localIdentifier" : "System",
            "uri" : "urn:hl7-org:elm-types:r1"
         }, {
            "localId" : "1",
            "locator" : "3:1-3:23",
            "localIdentifier" : "QDM",
            "uri" : "urn:healthit-gov:qdm:v5_5",
            "version" : "5.5"
         } ]
      },
      "includes" : {
         "def" : [ {
            "localId" : "2",
            "locator" : "5:1-5:64",
            "localIdentifier" : "Global",
            "path" : "MATGlobalCommonFunctions",
            "version" : "5.0.000"
         } ]
      },
      "parameters" : {
         "def" : [ {
            "localId" : "21",
            "locator" : "25:1-25:49",
            "name" : "Measurement Period",
            "accessLevel" : "Public",
            "parameterTypeSpecifier" : {
               "localId" : "20",
               "locator" : "25:32-25:49",
               "type" : "IntervalTypeSpecifier",
               "pointType" : {
                  "localId" : "19",
                  "locator" : "25:41-25:48",
                  "name" : "{urn:hl7-org:elm-types:r1}DateTime",
                  "type" : "NamedTypeSpecifier"
               }
            }
         } ]
      },
      "codeSystems" : {
         "def" : [ {
            "localId" : "3",
            "locator" : "7:1-7:51",
            "name" : "LOINC",
            "id" : "urn:oid:2.16.840.1.113883.6.1",
            "accessLevel" : "Public"
         } ]
      },
      "valueSets" : {
         "def" : [ {
            "localId" : "4",
            "locator" : "9:1-9:110",
            "name" : "Care Services in Long-Term Residential Facility",
            "id" : "urn:oid:2.16.840.1.113883.3.464.1003.101.12.1014",
            "accessLevel" : "Public"
         }, {
            "localId" : "5",
            "locator" : "10:1-10:70",
            "name" : "Cup to Disc Ratio",
            "id" : "urn:oid:2.16.840.1.113883.3.526.3.1333",
            "accessLevel" : "Public"
         }, {
            "localId" : "6",
            "locator" : "11:1-11:58",
            "name" : "Ethnicity",
            "id" : "urn:oid:2.16.840.1.114222.4.11.837",
            "accessLevel" : "Public"
         }, {
            "localId" : "7",
            "locator" : "12:1-12:67",
            "name" : "Medical Reason",
            "id" : "urn:oid:2.16.840.1.113883.3.526.3.1007",
            "accessLevel" : "Public"
         }, {
            "localId" : "8",
            "locator" : "13:1-13:85",
            "name" : "Nursing Facility Visit",
            "id" : "urn:oid:2.16.840.1.113883.3.464.1003.101.12.1012",
            "accessLevel" : "Public"
         }, {
            "localId" : "9",
            "locator" : "14:1-14:75",
            "name" : "Office Visit",
            "id" : "urn:oid:2.16.840.1.113883.3.464.1003.101.12.1001",
            "accessLevel" : "Public"
         }, {
            "localId" : "10",
            "locator" : "15:1-15:68",
            "name" : "ONC Administrative Sex",
            "id" : "urn:oid:2.16.840.1.113762.1.4.1",
            "accessLevel" : "Public"
         }, {
            "localId" : "11",
            "locator" : "16:1-16:78",
            "name" : "Ophthalmological Services",
            "id" : "urn:oid:2.16.840.1.113883.3.526.3.1285",
            "accessLevel" : "Public"
         }, {
            "localId" : "12",
            "locator" : "17:1-17:97",
            "name" : "Optic Disc Exam for Structural Abnormalities",
            "id" : "urn:oid:2.16.840.1.113883.3.526.3.1334",
            "accessLevel" : "Public"
         }, {
            "localId" : "13",
            "locator" : "18:1-18:86",
            "name" : "Outpatient Consultation",
            "id" : "urn:oid:2.16.840.1.113883.3.464.1003.101.12.1008",
            "accessLevel" : "Public"
         }, {
            "localId" : "14",
            "locator" : "19:1-19:55",
            "name" : "Payer",
            "id" : "urn:oid:2.16.840.1.114222.4.11.3591",
            "accessLevel" : "Public"
         }, {
            "localId" : "15",
            "locator" : "20:1-20:79",
            "name" : "Primary Open-Angle Glaucoma",
            "id" : "urn:oid:2.16.840.1.113883.3.526.3.326",
            "accessLevel" : "Public"
         }, {
            "localId" : "16",
            "locator" : "21:1-21:53",
            "name" : "Race",
            "id" : "urn:oid:2.16.840.1.114222.4.11.836",
            "accessLevel" : "Public"
         } ]
      },
      "codes" : {
         "def" : [ {
            "localId" : "18",
            "locator" : "23:1-23:62",
            "name" : "Birth date",
            "id" : "21112-8",
            "display" : "Birth date",
            "accessLevel" : "Public",
            "codeSystem" : {
               "localId" : "17",
               "locator" : "23:35-23:41",
               "name" : "LOINC"
            }
         } ]
      },
      "statements" : {
         "def" : [ {
            "locator" : "27:1-27:15",
            "name" : "Patient",
            "context" : "Patient",
            "expression" : {
               "type" : "SingletonFrom",
               "operand" : {
                  "locator" : "27:1-27:15",
                  "dataType" : "{urn:healthit-gov:qdm:v5_5}Patient",
                  "templateId" : "Patient",
                  "type" : "Retrieve"
               }
            }
         }, {
            "localId" : "23",
            "locator" : "29:1-30:51",
            "name" : "SDE Ethnicity",
            "context" : "Patient",
            "accessLevel" : "Public",
            "annotation" : [ {
               "type" : "Annotation",
               "s" : {
                  "r" : "23",
                  "s" : [ {
                     "value" : [ "define ","\"SDE Ethnicity\"",":\n  " ]
                  }, {
                     "r" : "22",
                     "s" : [ {
                        "value" : [ "[","\"Patient Characteristic Ethnicity\"",": " ]
                     }, {
                        "s" : [ {
                           "value" : [ "\"Ethnicity\"" ]
                        } ]
                     }, {
                        "value" : [ "]" ]
                     } ]
                  } ]
               }
            } ],
            "expression" : {
               "localId" : "22",
               "locator" : "30:3-30:51",
               "dataType" : "{urn:healthit-gov:qdm:v5_5}PatientCharacteristicEthnicity",
               "codeProperty" : "code",
               "type" : "Retrieve",
               "codes" : {
                  "locator" : "30:40-30:50",
                  "name" : "Ethnicity",
                  "type" : "ValueSetRef"
               }
            }
         }, {
            "localId" : "25",
            "locator" : "32:1-33:43",
            "name" : "SDE Payer",
            "context" : "Patient",
            "accessLevel" : "Public",
            "annotation" : [ {
               "type" : "Annotation",
               "s" : {
                  "r" : "25",
                  "s" : [ {
                     "value" : [ "define ","\"SDE Payer\"",":\n  " ]
                  }, {
                     "r" : "24",
                     "s" : [ {
                        "value" : [ "[","\"Patient Characteristic Payer\"",": " ]
                     }, {
                        "s" : [ {
                           "value" : [ "\"Payer\"" ]
                        } ]
                     }, {
                        "value" : [ "]" ]
                     } ]
                  } ]
               }
            } ],
            "expression" : {
               "localId" : "24",
               "locator" : "33:3-33:43",
               "dataType" : "{urn:healthit-gov:qdm:v5_5}PatientCharacteristicPayer",
               "codeProperty" : "code",
               "type" : "Retrieve",
               "codes" : {
                  "locator" : "33:36-33:42",
                  "name" : "Payer",
                  "type" : "ValueSetRef"
               }
            }
         }, {
            "localId" : "27",
            "locator" : "35:1-36:41",
            "name" : "SDE Race",
            "context" : "Patient",
            "accessLevel" : "Public",
            "annotation" : [ {
               "type" : "Annotation",
               "s" : {
                  "r" : "27",
                  "s" : [ {
                     "value" : [ "define ","\"SDE Race\"",":\n  " ]
                  }, {
                     "r" : "26",
                     "s" : [ {
                        "value" : [ "[","\"Patient Characteristic Race\"",": " ]
                     }, {
                        "s" : [ {
                           "value" : [ "\"Race\"" ]
                        } ]
                     }, {
                        "value" : [ "]" ]
                     } ]
                  } ]
               }
            } ],
            "expression" : {
               "localId" : "26",
               "locator" : "36:3-36:41",
               "dataType" : "{urn:healthit-gov:qdm:v5_5}PatientCharacteristicRace",
               "codeProperty" : "code",
               "type" : "Retrieve",
               "codes" : {
                  "locator" : "36:35-36:40",
                  "name" : "Race",
                  "type" : "ValueSetRef"
               }
            }
         }, {
            "localId" : "29",
            "locator" : "38:1-39:58",
            "name" : "SDE Sex",
            "context" : "Patient",
            "accessLevel" : "Public",
            "annotation" : [ {
               "type" : "Annotation",
               "s" : {
                  "r" : "29",
                  "s" : [ {
                     "value" : [ "define ","\"SDE Sex\"",":\n  " ]
                  }, {
                     "r" : "28",
                     "s" : [ {
                        "value" : [ "[","\"Patient Characteristic Sex\"",": " ]
                     }, {
                        "s" : [ {
                           "value" : [ "\"ONC Administrative Sex\"" ]
                        } ]
                     }, {
                        "value" : [ "]" ]
                     } ]
                  } ]
               }
            } ],
            "expression" : {
               "localId" : "28",
               "locator" : "39:3-39:58",
               "dataType" : "{urn:healthit-gov:qdm:v5_5}PatientCharacteristicSex",
               "codeProperty" : "code",
               "type" : "Retrieve",
               "codes" : {
                  "locator" : "39:34-39:57",
                  "name" : "ONC Administrative Sex",
                  "type" : "ValueSetRef"
               }
            }
         }, {
            "localId" : "45",
            "locator" : "41:1-47:72",
            "name" : "Face to Face Encounter During Measurement Period",
            "context" : "Patient",
            "accessLevel" : "Public",
            "annotation" : [ {
               "type" : "Annotation",
               "s" : {
                  "r" : "45",
                  "s" : [ {
                     "value" : [ "define ","\"Face to Face Encounter During Measurement Period\"",":\n  " ]
                  }, {
                     "r" : "44",
                     "s" : [ {
                        "s" : [ {
                           "r" : "39",
                           "s" : [ {
                              "r" : "38",
                              "s" : [ {
                                 "value" : [ "( " ]
                              }, {
                                 "r" : "38",
                                 "s" : [ {
                                    "r" : "36",
                                    "s" : [ {
                                       "r" : "34",
                                       "s" : [ {
                                          "r" : "32",
                                          "s" : [ {
                                             "r" : "30",
                                             "s" : [ {
                                                "value" : [ "[","\"Encounter, Performed\"",": " ]
                                             }, {
                                                "s" : [ {
                                                   "value" : [ "\"Office Visit\"" ]
                                                } ]
                                             }, {
                                                "value" : [ "]" ]
                                             } ]
                                          }, {
                                             "value" : [ "\n    union " ]
                                          }, {
                                             "r" : "31",
                                             "s" : [ {
                                                "value" : [ "[","\"Encounter, Performed\"",": " ]
                                             }, {
                                                "s" : [ {
                                                   "value" : [ "\"Ophthalmological Services\"" ]
                                                } ]
                                             }, {
                                                "value" : [ "]" ]
                                             } ]
                                          } ]
                                       }, {
                                          "value" : [ "\n    union " ]
                                       }, {
                                          "r" : "33",
                                          "s" : [ {
                                             "value" : [ "[","\"Encounter, Performed\"",": " ]
                                          }, {
                                             "s" : [ {
                                                "value" : [ "\"Outpatient Consultation\"" ]
                                             } ]
                                          }, {
                                             "value" : [ "]" ]
                                          } ]
                                       } ]
                                    }, {
                                       "value" : [ "\n    union " ]
                                    }, {
                                       "r" : "35",
                                       "s" : [ {
                                          "value" : [ "[","\"Encounter, Performed\"",": " ]
                                       }, {
                                          "s" : [ {
                                             "value" : [ "\"Nursing Facility Visit\"" ]
                                          } ]
                                       }, {
                                          "value" : [ "]" ]
                                       } ]
                                    } ]
                                 }, {
                                    "value" : [ "\n    union " ]
                                 }, {
                                    "r" : "37",
                                    "s" : [ {
                                       "value" : [ "[","\"Encounter, Performed\"",": " ]
                                    }, {
                                       "s" : [ {
                                          "value" : [ "\"Care Services in Long-Term Residential Facility\"" ]
                                       } ]
                                    }, {
                                       "value" : [ "]" ]
                                    } ]
                                 } ]
                              }, {
                                 "value" : [ " )" ]
                              } ]
                           }, {
                              "value" : [ " ","FaceToFaceEncounter" ]
                           } ]
                        } ]
                     }, {
                        "value" : [ "\n    " ]
                     }, {
                        "r" : "43",
                        "s" : [ {
                           "value" : [ "where " ]
                        }, {
                           "r" : "43",
                           "s" : [ {
                              "r" : "41",
                              "s" : [ {
                                 "r" : "40",
                                 "s" : [ {
                                    "value" : [ "FaceToFaceEncounter" ]
                                 } ]
                              }, {
                                 "value" : [ "." ]
                              }, {
                                 "r" : "41",
                                 "s" : [ {
                                    "value" : [ "relevantPeriod" ]
                                 } ]
                              } ]
                           }, {
                              "r" : "43",
                              "value" : [ " ","during"," " ]
                           }, {
                              "r" : "42",
                              "s" : [ {
                                 "value" : [ "\"Measurement Period\"" ]
                              } ]
                           } ]
                        } ]
                     } ]
                  } ]
               }
            } ],
            "expression" : {
               "localId" : "44",
               "locator" : "42:3-47:72",
               "type" : "Query",
               "source" : [ {
                  "localId" : "39",
                  "locator" : "42:3-46:107",
                  "alias" : "FaceToFaceEncounter",
                  "expression" : {
                     "localId" : "38",
                     "locator" : "42:3-46:87",
                     "type" : "Union",
                     "operand" : [ {
                        "localId" : "36",
                        "locator" : "42:5-45:60",
                        "type" : "Union",
                        "operand" : [ {
                           "localId" : "32",
                           "locator" : "42:5-43:63",
                           "type" : "Union",
                           "operand" : [ {
                              "localId" : "30",
                              "locator" : "42:5-42:44",
                              "dataType" : "{urn:healthit-gov:qdm:v5_5}PositiveEncounterPerformed",
                              "templateId" : "PositiveEncounterPerformed",
                              "codeProperty" : "code",
                              "type" : "Retrieve",
                              "codes" : {
                                 "locator" : "42:30-42:43",
                                 "name" : "Office Visit",
                                 "type" : "ValueSetRef"
                              }
                           }, {
                              "localId" : "31",
                              "locator" : "43:11-43:63",
                              "dataType" : "{urn:healthit-gov:qdm:v5_5}PositiveEncounterPerformed",
                              "templateId" : "PositiveEncounterPerformed",
                              "codeProperty" : "code",
                              "type" : "Retrieve",
                              "codes" : {
                                 "locator" : "43:36-43:62",
                                 "name" : "Ophthalmological Services",
                                 "type" : "ValueSetRef"
                              }
                           } ]
                        }, {
                           "type" : "Union",
                           "operand" : [ {
                              "localId" : "33",
                              "locator" : "44:11-44:61",
                              "dataType" : "{urn:healthit-gov:qdm:v5_5}PositiveEncounterPerformed",
                              "templateId" : "PositiveEncounterPerformed",
                              "codeProperty" : "code",
                              "type" : "Retrieve",
                              "codes" : {
                                 "locator" : "44:36-44:60",
                                 "name" : "Outpatient Consultation",
                                 "type" : "ValueSetRef"
                              }
                           }, {
                              "localId" : "35",
                              "locator" : "45:11-45:60",
                              "dataType" : "{urn:healthit-gov:qdm:v5_5}PositiveEncounterPerformed",
                              "templateId" : "PositiveEncounterPerformed",
                              "codeProperty" : "code",
                              "type" : "Retrieve",
                              "codes" : {
                                 "locator" : "45:36-45:59",
                                 "name" : "Nursing Facility Visit",
                                 "type" : "ValueSetRef"
                              }
                           } ]
                        } ]
                     }, {
                        "localId" : "37",
                        "locator" : "46:11-46:85",
                        "dataType" : "{urn:healthit-gov:qdm:v5_5}PositiveEncounterPerformed",
                        "templateId" : "PositiveEncounterPerformed",
                        "codeProperty" : "code",
                        "type" : "Retrieve",
                        "codes" : {
                           "locator" : "46:36-46:84",
                           "name" : "Care Services in Long-Term Residential Facility",
                           "type" : "ValueSetRef"
                        }
                     } ]
                  }
               } ],
               "relationship" : [ ],
               "where" : {
                  "localId" : "43",
                  "locator" : "47:5-47:72",
                  "type" : "IncludedIn",
                  "operand" : [ {
                     "localId" : "41",
                     "locator" : "47:11-47:44",
                     "path" : "relevantPeriod",
                     "scope" : "FaceToFaceEncounter",
                     "type" : "Property"
                  }, {
                     "localId" : "42",
                     "locator" : "47:53-47:72",
                     "name" : "Measurement Period",
                     "type" : "ParameterRef"
                  } ]
               }
            }
         }, {
            "localId" : "69",
            "locator" : "58:1-61:106",
            "name" : "Primary Open Angle Glaucoma Encounter",
            "context" : "Patient",
            "accessLevel" : "Public",
            "annotation" : [ {
               "type" : "Annotation",
               "s" : {
                  "r" : "69",
                  "s" : [ {
                     "value" : [ "define ","\"Primary Open Angle Glaucoma Encounter\"",":\n  " ]
                  }, {
                     "r" : "68",
                     "s" : [ {
                        "s" : [ {
                           "r" : "59",
                           "s" : [ {
                              "r" : "58",
                              "s" : [ {
                                 "s" : [ {
                                    "value" : [ "\"Face to Face Encounter During Measurement Period\"" ]
                                 } ]
                              } ]
                           }, {
                              "value" : [ " ","ValidFaceToFaceEncounter" ]
                           } ]
                        } ]
                     }, {
                        "value" : [ "\n    " ]
                     }, {
                        "r" : "67",
                        "s" : [ {
                           "value" : [ "with " ]
                        }, {
                           "r" : "61",
                           "s" : [ {
                              "r" : "60",
                              "s" : [ {
                                 "r" : "60",
                                 "s" : [ {
                                    "value" : [ "[","\"Diagnosis\"",": " ]
                                 }, {
                                    "s" : [ {
                                       "value" : [ "\"Primary Open-Angle Glaucoma\"" ]
                                    } ]
                                 }, {
                                    "value" : [ "]" ]
                                 } ]
                              } ]
                           }, {
                              "value" : [ " ","PrimaryOpenAngleGlaucoma" ]
                           } ]
                        }, {
                           "value" : [ "\n      such that " ]
                        }, {
                           "r" : "66",
                           "s" : [ {
                              "r" : "63",
                              "s" : [ {
                                 "r" : "62",
                                 "s" : [ {
                                    "value" : [ "PrimaryOpenAngleGlaucoma" ]
                                 } ]
                              }, {
                                 "value" : [ "." ]
                              }, {
                                 "r" : "63",
                                 "s" : [ {
                                    "value" : [ "prevalencePeriod" ]
                                 } ]
                              } ]
                           }, {
                              "r" : "66",
                              "value" : [ " ","overlaps"," " ]
                           }, {
                              "r" : "65",
                              "s" : [ {
                                 "r" : "64",
                                 "s" : [ {
                                    "value" : [ "ValidFaceToFaceEncounter" ]
                                 } ]
                              }, {
                                 "value" : [ "." ]
                              }, {
                                 "r" : "65",
                                 "s" : [ {
                                    "value" : [ "relevantPeriod" ]
                                 } ]
                              } ]
                           } ]
                        } ]
                     } ]
                  } ]
               }
            } ],
            "expression" : {
               "localId" : "68",
               "locator" : "59:3-61:106",
               "type" : "Query",
               "source" : [ {
                  "localId" : "59",
                  "locator" : "59:3-59:77",
                  "alias" : "ValidFaceToFaceEncounter",
                  "expression" : {
                     "localId" : "58",
                     "locator" : "59:3-59:52",
                     "name" : "Face to Face Encounter During Measurement Period",
                     "type" : "ExpressionRef"
                  }
               } ],
               "relationship" : [ {
                  "localId" : "67",
                  "locator" : "60:5-61:106",
                  "alias" : "PrimaryOpenAngleGlaucoma",
                  "type" : "With",
                  "expression" : {
                     "localId" : "60",
                     "locator" : "60:10-60:53",
                     "dataType" : "{urn:healthit-gov:qdm:v5_5}Diagnosis",
                     "codeProperty" : "code",
                     "type" : "Retrieve",
                     "codes" : {
                        "locator" : "60:24-60:52",
                        "name" : "Primary Open-Angle Glaucoma",
                        "type" : "ValueSetRef"
                     }
                  },
                  "suchThat" : {
                     "localId" : "66",
                     "locator" : "61:17-61:106",
                     "type" : "Overlaps",
                     "operand" : [ {
                        "localId" : "63",
                        "locator" : "61:17-61:57",
                        "path" : "prevalencePeriod",
                        "scope" : "PrimaryOpenAngleGlaucoma",
                        "type" : "Property"
                     }, {
                        "localId" : "65",
                        "locator" : "61:68-61:106",
                        "path" : "relevantPeriod",
                        "scope" : "ValidFaceToFaceEncounter",
                        "type" : "Property"
                     } ]
                  }
               } ]
            }
         }, {
            "localId" : "73",
            "locator" : "73:1-77:54",
            "name" : "Initial Population",
            "context" : "Patient",
            "accessLevel" : "Public",
            "annotation" : [ {
               "type" : "Annotation",
               "s" : {
                  "r" : "73",
                  "s" : [ {
                     "value" : [ "define ","\"Initial Population\"",":\n  " ]
                  }, {
                     "r" : "72",
                     "s" : [ {
                        "r" : "57",
                        "s" : [ {
                           "value" : [ "exists " ]
                        }, {
                           "r" : "56",
                           "s" : [ {
                              "value" : [ "( " ]
                           }, {
                              "r" : "56",
                              "s" : [ {
                                 "s" : [ {
                                    "r" : "47",
                                    "s" : [ {
                                       "r" : "46",
                                       "s" : [ {
                                          "r" : "46",
                                          "s" : [ {
                                             "value" : [ "[","\"Patient Characteristic Birthdate\"",": " ]
                                          }, {
                                             "s" : [ {
                                                "value" : [ "\"Birth date\"" ]
                                             } ]
                                          }, {
                                             "value" : [ "]" ]
                                          } ]
                                       } ]
                                    }, {
                                       "value" : [ " ","BirthDate" ]
                                    } ]
                                 } ]
                              }, {
                                 "value" : [ "\n      " ]
                              }, {
                                 "r" : "55",
                                 "s" : [ {
                                    "value" : [ "where " ]
                                 }, {
                                    "r" : "55",
                                    "s" : [ {
                                       "r" : "53",
                                       "s" : [ {
                                          "r" : "48",
                                          "s" : [ {
                                             "value" : [ "Global" ]
                                          } ]
                                       }, {
                                          "value" : [ "." ]
                                       }, {
                                          "r" : "53",
                                          "s" : [ {
                                             "value" : [ "\"CalendarAgeInYearsAt\""," ( " ]
                                          }, {
                                             "r" : "50",
                                             "s" : [ {
                                                "r" : "49",
                                                "s" : [ {
                                                   "value" : [ "BirthDate" ]
                                                } ]
                                             }, {
                                                "value" : [ "." ]
                                             }, {
                                                "r" : "50",
                                                "s" : [ {
                                                   "value" : [ "birthDatetime" ]
                                                } ]
                                             } ]
                                          }, {
                                             "value" : [ ", " ]
                                          }, {
                                             "r" : "52",
                                             "s" : [ {
                                                "value" : [ "start of " ]
                                             }, {
                                                "r" : "51",
                                                "s" : [ {
                                                   "value" : [ "\"Measurement Period\"" ]
                                                } ]
                                             } ]
                                          }, {
                                             "value" : [ " )" ]
                                          } ]
                                       } ]
                                    }, {
                                       "r" : "54",
                                       "value" : [ " ",">="," ","18" ]
                                    } ]
                                 } ]
                              } ]
                           }, {
                              "value" : [ "\n  )" ]
                           } ]
                        } ]
                     }, {
                        "value" : [ "\n    and " ]
                     }, {
                        "r" : "71",
                        "s" : [ {
                           "value" : [ "exists " ]
                        }, {
                           "r" : "70",
                           "s" : [ {
                              "value" : [ "\"Primary Open Angle Glaucoma Encounter\"" ]
                           } ]
                        } ]
                     } ]
                  } ]
               }
            } ],
            "expression" : {
               "localId" : "72",
               "locator" : "74:3-77:54",
               "type" : "And",
               "operand" : [ {
                  "localId" : "57",
                  "locator" : "74:3-76:3",
                  "type" : "Exists",
                  "operand" : {
                     "localId" : "56",
                     "locator" : "74:10-76:3",
                     "type" : "Query",
                     "source" : [ {
                        "localId" : "47",
                        "locator" : "74:12-74:71",
                        "alias" : "BirthDate",
                        "expression" : {
                           "localId" : "46",
                           "locator" : "74:12-74:61",
                           "dataType" : "{urn:healthit-gov:qdm:v5_5}PatientCharacteristicBirthdate",
                           "codeProperty" : "code",
                           "type" : "Retrieve",
                           "codes" : {
                              "type" : "ToList",
                              "operand" : {
                                 "locator" : "74:49-74:60",
                                 "name" : "Birth date",
                                 "type" : "CodeRef"
                              }
                           }
                        }
                     } ],
                     "relationship" : [ ],
                     "where" : {
                        "localId" : "55",
                        "locator" : "75:7-75:106",
                        "type" : "GreaterOrEqual",
                        "operand" : [ {
                           "localId" : "53",
                           "locator" : "75:13-75:100",
                           "name" : "CalendarAgeInYearsAt",
                           "libraryName" : "Global",
                           "type" : "FunctionRef",
                           "operand" : [ {
                              "localId" : "50",
                              "locator" : "75:45-75:67",
                              "path" : "birthDatetime",
                              "scope" : "BirthDate",
                              "type" : "Property"
                           }, {
                              "localId" : "52",
                              "locator" : "75:70-75:98",
                              "type" : "Start",
                              "operand" : {
                                 "localId" : "51",
                                 "locator" : "75:79-75:98",
                                 "name" : "Measurement Period",
                                 "type" : "ParameterRef"
                              }
                           } ]
                        }, {
                           "localId" : "54",
                           "locator" : "75:105-75:106",
                           "valueType" : "{urn:hl7-org:elm-types:r1}Integer",
                           "value" : "18",
                           "type" : "Literal"
                        } ]
                     }
                  }
               }, {
                  "localId" : "71",
                  "locator" : "77:9-77:54",
                  "type" : "Exists",
                  "operand" : {
                     "localId" : "70",
                     "locator" : "77:16-77:54",
                     "name" : "Primary Open Angle Glaucoma Encounter",
                     "type" : "ExpressionRef"
                  }
               } ]
            }
         }, {
            "localId" : "75",
            "locator" : "49:1-50:22",
            "name" : "Denominator",
            "context" : "Patient",
            "accessLevel" : "Public",
            "annotation" : [ {
               "type" : "Annotation",
               "s" : {
                  "r" : "75",
                  "s" : [ {
                     "value" : [ "define ","\"Denominator\"",":\n  " ]
                  }, {
                     "r" : "74",
                     "s" : [ {
                        "value" : [ "\"Initial Population\"" ]
                     } ]
                  } ]
               }
            } ],
            "expression" : {
               "localId" : "74",
               "locator" : "50:3-50:22",
               "name" : "Initial Population",
               "type" : "ExpressionRef"
            }
         }, {
            "localId" : "91",
            "locator" : "52:1-56:73",
            "name" : "Medical Reason for Not Performing Cup to Disc Ratio",
            "context" : "Patient",
            "accessLevel" : "Public",
            "annotation" : [ {
               "type" : "Annotation",
               "s" : {
                  "r" : "91",
                  "s" : [ {
                     "value" : [ "define ","\"Medical Reason for Not Performing Cup to Disc Ratio\"",":\n  " ]
                  }, {
                     "r" : "90",
                     "s" : [ {
                        "s" : [ {
                           "r" : "77",
                           "s" : [ {
                              "r" : "76",
                              "s" : [ {
                                 "r" : "76",
                                 "s" : [ {
                                    "value" : [ "[","\"Diagnostic Study, Not Performed\"",": " ]
                                 }, {
                                    "s" : [ {
                                       "value" : [ "\"Cup to Disc Ratio\"" ]
                                    } ]
                                 }, {
                                    "value" : [ "]" ]
                                 } ]
                              } ]
                           }, {
                              "value" : [ " ","CupToDiscExamNotPerformed" ]
                           } ]
                        } ]
                     }, {
                        "value" : [ "\n    " ]
                     }, {
                        "r" : "85",
                        "s" : [ {
                           "value" : [ "with " ]
                        }, {
                           "r" : "79",
                           "s" : [ {
                              "r" : "78",
                              "s" : [ {
                                 "s" : [ {
                                    "value" : [ "\"Primary Open Angle Glaucoma Encounter\"" ]
                                 } ]
                              } ]
                           }, {
                              "value" : [ " ","EncounterWithPOAG" ]
                           } ]
                        }, {
                           "value" : [ "\n      such that " ]
                        }, {
                           "r" : "84",
                           "s" : [ {
                              "r" : "81",
                              "s" : [ {
                                 "r" : "80",
                                 "s" : [ {
                                    "value" : [ "CupToDiscExamNotPerformed" ]
                                 } ]
                              }, {
                                 "value" : [ "." ]
                              }, {
                                 "r" : "81",
                                 "s" : [ {
                                    "value" : [ "authorDatetime" ]
                                 } ]
                              } ]
                           }, {
                              "r" : "84",
                              "value" : [ " ","during"," " ]
                           }, {
                              "r" : "83",
                              "s" : [ {
                                 "r" : "82",
                                 "s" : [ {
                                    "value" : [ "EncounterWithPOAG" ]
                                 } ]
                              }, {
                                 "value" : [ "." ]
                              }, {
                                 "r" : "83",
                                 "s" : [ {
                                    "value" : [ "relevantPeriod" ]
                                 } ]
                              } ]
                           } ]
                        } ]
                     }, {
                        "value" : [ "\n    " ]
                     }, {
                        "r" : "89",
                        "s" : [ {
                           "value" : [ "where " ]
                        }, {
                           "r" : "89",
                           "s" : [ {
                              "r" : "87",
                              "s" : [ {
                                 "r" : "86",
                                 "s" : [ {
                                    "value" : [ "CupToDiscExamNotPerformed" ]
                                 } ]
                              }, {
                                 "value" : [ "." ]
                              }, {
                                 "r" : "87",
                                 "s" : [ {
                                    "value" : [ "negationRationale" ]
                                 } ]
                              } ]
                           }, {
                              "value" : [ " in " ]
                           }, {
                              "r" : "88",
                              "s" : [ {
                                 "value" : [ "\"Medical Reason\"" ]
                              } ]
                           } ]
                        } ]
                     } ]
                  } ]
               }
            } ],
            "expression" : {
               "localId" : "90",
               "locator" : "53:3-56:73",
               "type" : "Query",
               "source" : [ {
                  "localId" : "77",
                  "locator" : "53:3-53:84",
                  "alias" : "CupToDiscExamNotPerformed",
                  "expression" : {
                     "localId" : "76",
                     "locator" : "53:3-53:58",
                     "dataType" : "{urn:healthit-gov:qdm:v5_5}NegativeDiagnosticStudyPerformed",
                     "templateId" : "NegativeDiagnosticStudyPerformed",
                     "codeProperty" : "code",
                     "type" : "Retrieve",
                     "codes" : {
                        "locator" : "53:39-53:57",
                        "name" : "Cup to Disc Ratio",
                        "type" : "ValueSetRef"
                     }
                  }
               } ],
               "relationship" : [ {
                  "localId" : "85",
                  "locator" : "54:5-55:96",
                  "alias" : "EncounterWithPOAG",
                  "type" : "With",
                  "expression" : {
                     "localId" : "78",
                     "locator" : "54:10-54:48",
                     "name" : "Primary Open Angle Glaucoma Encounter",
                     "type" : "ExpressionRef"
                  },
                  "suchThat" : {
                     "localId" : "84",
                     "locator" : "55:17-55:96",
                     "type" : "In",
                     "operand" : [ {
                        "localId" : "81",
                        "locator" : "55:17-55:56",
                        "path" : "authorDatetime",
                        "scope" : "CupToDiscExamNotPerformed",
                        "type" : "Property"
                     }, {
                        "localId" : "83",
                        "locator" : "55:65-55:96",
                        "path" : "relevantPeriod",
                        "scope" : "EncounterWithPOAG",
                        "type" : "Property"
                     } ]
                  }
               } ],
               "where" : {
                  "localId" : "89",
                  "locator" : "56:5-56:73",
                  "type" : "InValueSet",
                  "code" : {
                     "localId" : "87",
                     "locator" : "56:11-56:53",
                     "path" : "negationRationale",
                     "scope" : "CupToDiscExamNotPerformed",
                     "type" : "Property"
                  },
                  "valueset" : {
                     "localId" : "88",
                     "locator" : "56:58-56:73",
                     "name" : "Medical Reason"
                  }
               }
            }
         }, {
            "localId" : "107",
            "locator" : "63:1-67:73",
            "name" : "Medical Reason for Not Performing Optic Disc Exam",
            "context" : "Patient",
            "accessLevel" : "Public",
            "annotation" : [ {
               "type" : "Annotation",
               "s" : {
                  "r" : "107",
                  "s" : [ {
                     "value" : [ "define ","\"Medical Reason for Not Performing Optic Disc Exam\"",":\n  " ]
                  }, {
                     "r" : "106",
                     "s" : [ {
                        "s" : [ {
                           "r" : "93",
                           "s" : [ {
                              "r" : "92",
                              "s" : [ {
                                 "r" : "92",
                                 "s" : [ {
                                    "value" : [ "[","\"Diagnostic Study, Not Performed\"",": " ]
                                 }, {
                                    "s" : [ {
                                       "value" : [ "\"Optic Disc Exam for Structural Abnormalities\"" ]
                                    } ]
                                 }, {
                                    "value" : [ "]" ]
                                 } ]
                              } ]
                           }, {
                              "value" : [ " ","OpticDiscExamNotPerformed" ]
                           } ]
                        } ]
                     }, {
                        "value" : [ "\n    " ]
                     }, {
                        "r" : "101",
                        "s" : [ {
                           "value" : [ "with " ]
                        }, {
                           "r" : "95",
                           "s" : [ {
                              "r" : "94",
                              "s" : [ {
                                 "s" : [ {
                                    "value" : [ "\"Primary Open Angle Glaucoma Encounter\"" ]
                                 } ]
                              } ]
                           }, {
                              "value" : [ " ","EncounterWithPOAG" ]
                           } ]
                        }, {
                           "value" : [ "\n      such that " ]
                        }, {
                           "r" : "100",
                           "s" : [ {
                              "r" : "97",
                              "s" : [ {
                                 "r" : "96",
                                 "s" : [ {
                                    "value" : [ "OpticDiscExamNotPerformed" ]
                                 } ]
                              }, {
                                 "value" : [ "." ]
                              }, {
                                 "r" : "97",
                                 "s" : [ {
                                    "value" : [ "authorDatetime" ]
                                 } ]
                              } ]
                           }, {
                              "r" : "100",
                              "value" : [ " ","during"," " ]
                           }, {
                              "r" : "99",
                              "s" : [ {
                                 "r" : "98",
                                 "s" : [ {
                                    "value" : [ "EncounterWithPOAG" ]
                                 } ]
                              }, {
                                 "value" : [ "." ]
                              }, {
                                 "r" : "99",
                                 "s" : [ {
                                    "value" : [ "relevantPeriod" ]
                                 } ]
                              } ]
                           } ]
                        } ]
                     }, {
                        "value" : [ "\n    " ]
                     }, {
                        "r" : "105",
                        "s" : [ {
                           "value" : [ "where " ]
                        }, {
                           "r" : "105",
                           "s" : [ {
                              "r" : "103",
                              "s" : [ {
                                 "r" : "102",
                                 "s" : [ {
                                    "value" : [ "OpticDiscExamNotPerformed" ]
                                 } ]
                              }, {
                                 "value" : [ "." ]
                              }, {
                                 "r" : "103",
                                 "s" : [ {
                                    "value" : [ "negationRationale" ]
                                 } ]
                              } ]
                           }, {
                              "value" : [ " in " ]
                           }, {
                              "r" : "104",
                              "s" : [ {
                                 "value" : [ "\"Medical Reason\"" ]
                              } ]
                           } ]
                        } ]
                     } ]
                  } ]
               }
            } ],
            "expression" : {
               "localId" : "106",
               "locator" : "64:3-67:73",
               "type" : "Query",
               "source" : [ {
                  "localId" : "93",
                  "locator" : "64:3-64:111",
                  "alias" : "OpticDiscExamNotPerformed",
                  "expression" : {
                     "localId" : "92",
                     "locator" : "64:3-64:85",
                     "dataType" : "{urn:healthit-gov:qdm:v5_5}NegativeDiagnosticStudyPerformed",
                     "templateId" : "NegativeDiagnosticStudyPerformed",
                     "codeProperty" : "code",
                     "type" : "Retrieve",
                     "codes" : {
                        "locator" : "64:39-64:84",
                        "name" : "Optic Disc Exam for Structural Abnormalities",
                        "type" : "ValueSetRef"
                     }
                  }
               } ],
               "relationship" : [ {
                  "localId" : "101",
                  "locator" : "65:5-66:96",
                  "alias" : "EncounterWithPOAG",
                  "type" : "With",
                  "expression" : {
                     "localId" : "94",
                     "locator" : "65:10-65:48",
                     "name" : "Primary Open Angle Glaucoma Encounter",
                     "type" : "ExpressionRef"
                  },
                  "suchThat" : {
                     "localId" : "100",
                     "locator" : "66:17-66:96",
                     "type" : "In",
                     "operand" : [ {
                        "localId" : "97",
                        "locator" : "66:17-66:56",
                        "path" : "authorDatetime",
                        "scope" : "OpticDiscExamNotPerformed",
                        "type" : "Property"
                     }, {
                        "localId" : "99",
                        "locator" : "66:65-66:96",
                        "path" : "relevantPeriod",
                        "scope" : "EncounterWithPOAG",
                        "type" : "Property"
                     } ]
                  }
               } ],
               "where" : {
                  "localId" : "105",
                  "locator" : "67:5-67:73",
                  "type" : "InValueSet",
                  "code" : {
                     "localId" : "103",
                     "locator" : "67:11-67:53",
                     "path" : "negationRationale",
                     "scope" : "OpticDiscExamNotPerformed",
                     "type" : "Property"
                  },
                  "valueset" : {
                     "localId" : "104",
                     "locator" : "67:58-67:73",
                     "name" : "Medical Reason"
                  }
               }
            }
         }, {
            "localId" : "113",
            "locator" : "69:1-71:65",
            "name" : "Denominator Exceptions",
            "context" : "Patient",
            "accessLevel" : "Public",
            "annotation" : [ {
               "type" : "Annotation",
               "s" : {
                  "r" : "113",
                  "s" : [ {
                     "value" : [ "define ","\"Denominator Exceptions\"",":\n  " ]
                  }, {
                     "r" : "112",
                     "s" : [ {
                        "r" : "109",
                        "s" : [ {
                           "value" : [ "exists " ]
                        }, {
                           "r" : "108",
                           "s" : [ {
                              "value" : [ "\"Medical Reason for Not Performing Cup to Disc Ratio\"" ]
                           } ]
                        } ]
                     }, {
                        "value" : [ "\n    or " ]
                     }, {
                        "r" : "111",
                        "s" : [ {
                           "value" : [ "exists " ]
                        }, {
                           "r" : "110",
                           "s" : [ {
                              "value" : [ "\"Medical Reason for Not Performing Optic Disc Exam\"" ]
                           } ]
                        } ]
                     } ]
                  } ]
               }
            } ],
            "expression" : {
               "localId" : "112",
               "locator" : "70:3-71:65",
               "type" : "Or",
               "operand" : [ {
                  "localId" : "109",
                  "locator" : "70:3-70:62",
                  "type" : "Exists",
                  "operand" : {
                     "localId" : "108",
                     "locator" : "70:10-70:62",
                     "name" : "Medical Reason for Not Performing Cup to Disc Ratio",
                     "type" : "ExpressionRef"
                  }
               }, {
                  "localId" : "111",
                  "locator" : "71:8-71:65",
                  "type" : "Exists",
                  "operand" : {
                     "localId" : "110",
                     "locator" : "71:15-71:65",
                     "name" : "Medical Reason for Not Performing Optic Disc Exam",
                     "type" : "ExpressionRef"
                  }
               } ]
            }
         }, {
            "localId" : "128",
            "locator" : "79:1-83:51",
            "name" : "Optic Disc Exam Performed with Result",
            "context" : "Patient",
            "accessLevel" : "Public",
            "annotation" : [ {
               "type" : "Annotation",
               "s" : {
                  "r" : "128",
                  "s" : [ {
                     "value" : [ "define ","\"Optic Disc Exam Performed with Result\"",":\n  " ]
                  }, {
                     "r" : "127",
                     "s" : [ {
                        "s" : [ {
                           "r" : "115",
                           "s" : [ {
                              "r" : "114",
                              "s" : [ {
                                 "r" : "114",
                                 "s" : [ {
                                    "value" : [ "[","\"Diagnostic Study, Performed\"",": " ]
                                 }, {
                                    "s" : [ {
                                       "value" : [ "\"Optic Disc Exam for Structural Abnormalities\"" ]
                                    } ]
                                 }, {
                                    "value" : [ "]" ]
                                 } ]
                              } ]
                           }, {
                              "value" : [ " ","OpticDiscExamPerformed" ]
                           } ]
                        } ]
                     }, {
                        "value" : [ "\n    " ]
                     }, {
                        "r" : "123",
                        "s" : [ {
                           "value" : [ "with " ]
                        }, {
                           "r" : "117",
                           "s" : [ {
                              "r" : "116",
                              "s" : [ {
                                 "s" : [ {
                                    "value" : [ "\"Primary Open Angle Glaucoma Encounter\"" ]
                                 } ]
                              } ]
                           }, {
                              "value" : [ " ","EncounterWithPOAG" ]
                           } ]
                        }, {
                           "value" : [ "\n      such that " ]
                        }, {
                           "r" : "122",
                           "s" : [ {
                              "r" : "119",
                              "s" : [ {
                                 "r" : "118",
                                 "s" : [ {
                                    "value" : [ "OpticDiscExamPerformed" ]
                                 } ]
                              }, {
                                 "value" : [ "." ]
                              }, {
                                 "r" : "119",
                                 "s" : [ {
                                    "value" : [ "relevantDatetime" ]
                                 } ]
                              } ]
                           }, {
                              "r" : "122",
                              "value" : [ " ","during"," " ]
                           }, {
                              "r" : "121",
                              "s" : [ {
                                 "r" : "120",
                                 "s" : [ {
                                    "value" : [ "EncounterWithPOAG" ]
                                 } ]
                              }, {
                                 "value" : [ "." ]
                              }, {
                                 "r" : "121",
                                 "s" : [ {
                                    "value" : [ "relevantPeriod" ]
                                 } ]
                              } ]
                           } ]
                        } ]
                     }, {
                        "value" : [ "\n    " ]
                     }, {
                        "r" : "126",
                        "s" : [ {
                           "value" : [ "where " ]
                        }, {
                           "r" : "126",
                           "s" : [ {
                              "r" : "125",
                              "s" : [ {
                                 "r" : "124",
                                 "s" : [ {
                                    "value" : [ "OpticDiscExamPerformed" ]
                                 } ]
                              }, {
                                 "value" : [ "." ]
                              }, {
                                 "r" : "125",
                                 "s" : [ {
                                    "value" : [ "result" ]
                                 } ]
                              } ]
                           }, {
                              "value" : [ " is not null" ]
                           } ]
                        } ]
                     } ]
                  } ]
               }
            } ],
            "expression" : {
               "localId" : "127",
               "locator" : "80:3-83:51",
               "type" : "Query",
               "source" : [ {
                  "localId" : "115",
                  "locator" : "80:3-80:104",
                  "alias" : "OpticDiscExamPerformed",
                  "expression" : {
                     "localId" : "114",
                     "locator" : "80:3-80:81",
                     "dataType" : "{urn:healthit-gov:qdm:v5_5}PositiveDiagnosticStudyPerformed",
                     "templateId" : "PositiveDiagnosticStudyPerformed",
                     "codeProperty" : "code",
                     "type" : "Retrieve",
                     "codes" : {
                        "locator" : "80:35-80:80",
                        "name" : "Optic Disc Exam for Structural Abnormalities",
                        "type" : "ValueSetRef"
                     }
                  }
               } ],
               "relationship" : [ {
                  "localId" : "123",
                  "locator" : "81:5-82:95",
                  "alias" : "EncounterWithPOAG",
                  "type" : "With",
                  "expression" : {
                     "localId" : "116",
                     "locator" : "81:10-81:48",
                     "name" : "Primary Open Angle Glaucoma Encounter",
                     "type" : "ExpressionRef"
                  },
                  "suchThat" : {
                     "localId" : "122",
                     "locator" : "82:17-82:95",
                     "type" : "In",
                     "operand" : [ {
                        "localId" : "119",
                        "locator" : "82:17-82:55",
                        "path" : "relevantDatetime",
                        "scope" : "OpticDiscExamPerformed",
                        "type" : "Property"
                     }, {
                        "localId" : "121",
                        "locator" : "82:64-82:95",
                        "path" : "relevantPeriod",
                        "scope" : "EncounterWithPOAG",
                        "type" : "Property"
                     } ]
                  }
               } ],
               "where" : {
                  "localId" : "126",
                  "locator" : "83:5-83:51",
                  "type" : "Not",
                  "operand" : {
                     "locator" : "83:11-83:51",
                     "type" : "IsNull",
                     "operand" : {
                        "localId" : "125",
                        "locator" : "83:11-83:39",
                        "path" : "result",
                        "scope" : "OpticDiscExamPerformed",
                        "type" : "Property"
                     }
                  }
               }
            }
         }, {
            "localId" : "143",
            "locator" : "85:1-89:51",
            "name" : "Cup to Disc Ratio Performed with Result",
            "context" : "Patient",
            "accessLevel" : "Public",
            "annotation" : [ {
               "type" : "Annotation",
               "s" : {
                  "r" : "143",
                  "s" : [ {
                     "value" : [ "define ","\"Cup to Disc Ratio Performed with Result\"",":\n  " ]
                  }, {
                     "r" : "142",
                     "s" : [ {
                        "s" : [ {
                           "r" : "130",
                           "s" : [ {
                              "r" : "129",
                              "s" : [ {
                                 "r" : "129",
                                 "s" : [ {
                                    "value" : [ "[","\"Diagnostic Study, Performed\"",": " ]
                                 }, {
                                    "s" : [ {
                                       "value" : [ "\"Cup to Disc Ratio\"" ]
                                    } ]
                                 }, {
                                    "value" : [ "]" ]
                                 } ]
                              } ]
                           }, {
                              "value" : [ " ","CupToDiscExamPerformed" ]
                           } ]
                        } ]
                     }, {
                        "value" : [ "\n    " ]
                     }, {
                        "r" : "138",
                        "s" : [ {
                           "value" : [ "with " ]
                        }, {
                           "r" : "132",
                           "s" : [ {
                              "r" : "131",
                              "s" : [ {
                                 "s" : [ {
                                    "value" : [ "\"Primary Open Angle Glaucoma Encounter\"" ]
                                 } ]
                              } ]
                           }, {
                              "value" : [ " ","EncounterWithPOAG" ]
                           } ]
                        }, {
                           "value" : [ "\n      such that " ]
                        }, {
                           "r" : "137",
                           "s" : [ {
                              "r" : "134",
                              "s" : [ {
                                 "r" : "133",
                                 "s" : [ {
                                    "value" : [ "CupToDiscExamPerformed" ]
                                 } ]
                              }, {
                                 "value" : [ "." ]
                              }, {
                                 "r" : "134",
                                 "s" : [ {
                                    "value" : [ "relevantDatetime" ]
                                 } ]
                              } ]
                           }, {
                              "r" : "137",
                              "value" : [ " ","during"," " ]
                           }, {
                              "r" : "136",
                              "s" : [ {
                                 "r" : "135",
                                 "s" : [ {
                                    "value" : [ "EncounterWithPOAG" ]
                                 } ]
                              }, {
                                 "value" : [ "." ]
                              }, {
                                 "r" : "136",
                                 "s" : [ {
                                    "value" : [ "relevantPeriod" ]
                                 } ]
                              } ]
                           } ]
                        } ]
                     }, {
                        "value" : [ "\n    " ]
                     }, {
                        "r" : "141",
                        "s" : [ {
                           "value" : [ "where " ]
                        }, {
                           "r" : "141",
                           "s" : [ {
                              "r" : "140",
                              "s" : [ {
                                 "r" : "139",
                                 "s" : [ {
                                    "value" : [ "CupToDiscExamPerformed" ]
                                 } ]
                              }, {
                                 "value" : [ "." ]
                              }, {
                                 "r" : "140",
                                 "s" : [ {
                                    "value" : [ "result" ]
                                 } ]
                              } ]
                           }, {
                              "value" : [ " is not null" ]
                           } ]
                        } ]
                     } ]
                  } ]
               }
            } ],
            "expression" : {
               "localId" : "142",
               "locator" : "86:3-89:51",
               "type" : "Query",
               "source" : [ {
                  "localId" : "130",
                  "locator" : "86:3-86:77",
                  "alias" : "CupToDiscExamPerformed",
                  "expression" : {
                     "localId" : "129",
                     "locator" : "86:3-86:54",
                     "dataType" : "{urn:healthit-gov:qdm:v5_5}PositiveDiagnosticStudyPerformed",
                     "templateId" : "PositiveDiagnosticStudyPerformed",
                     "codeProperty" : "code",
                     "type" : "Retrieve",
                     "codes" : {
                        "locator" : "86:35-86:53",
                        "name" : "Cup to Disc Ratio",
                        "type" : "ValueSetRef"
                     }
                  }
               } ],
               "relationship" : [ {
                  "localId" : "138",
                  "locator" : "87:5-88:95",
                  "alias" : "EncounterWithPOAG",
                  "type" : "With",
                  "expression" : {
                     "localId" : "131",
                     "locator" : "87:10-87:48",
                     "name" : "Primary Open Angle Glaucoma Encounter",
                     "type" : "ExpressionRef"
                  },
                  "suchThat" : {
                     "localId" : "137",
                     "locator" : "88:17-88:95",
                     "type" : "In",
                     "operand" : [ {
                        "localId" : "134",
                        "locator" : "88:17-88:55",
                        "path" : "relevantDatetime",
                        "scope" : "CupToDiscExamPerformed",
                        "type" : "Property"
                     }, {
                        "localId" : "136",
                        "locator" : "88:64-88:95",
                        "path" : "relevantPeriod",
                        "scope" : "EncounterWithPOAG",
                        "type" : "Property"
                     } ]
                  }
               } ],
               "where" : {
                  "localId" : "141",
                  "locator" : "89:5-89:51",
                  "type" : "Not",
                  "operand" : {
                     "locator" : "89:11-89:51",
                     "type" : "IsNull",
                     "operand" : {
                        "localId" : "140",
                        "locator" : "89:11-89:39",
                        "path" : "result",
                        "scope" : "CupToDiscExamPerformed",
                        "type" : "Property"
                     }
                  }
               }
            }
         }, {
            "localId" : "149",
            "locator" : "91:1-93:54",
            "name" : "Numerator",
            "context" : "Patient",
            "accessLevel" : "Public",
            "annotation" : [ {
               "type" : "Annotation",
               "s" : {
                  "r" : "149",
                  "s" : [ {
                     "value" : [ "define ","\"Numerator\"",":\n  " ]
                  }, {
                     "r" : "148",
                     "s" : [ {
                        "r" : "145",
                        "s" : [ {
                           "value" : [ "exists " ]
                        }, {
                           "r" : "144",
                           "s" : [ {
                              "value" : [ "\"Cup to Disc Ratio Performed with Result\"" ]
                           } ]
                        } ]
                     }, {
                        "value" : [ "\n    and " ]
                     }, {
                        "r" : "147",
                        "s" : [ {
                           "value" : [ "exists " ]
                        }, {
                           "r" : "146",
                           "s" : [ {
                              "value" : [ "\"Optic Disc Exam Performed with Result\"" ]
                           } ]
                        } ]
                     } ]
                  } ]
               }
            } ],
            "expression" : {
               "localId" : "148",
               "locator" : "92:3-93:54",
               "type" : "And",
               "operand" : [ {
                  "localId" : "145",
                  "locator" : "92:3-92:50",
                  "type" : "Exists",
                  "operand" : {
                     "localId" : "144",
                     "locator" : "92:10-92:50",
                     "name" : "Cup to Disc Ratio Performed with Result",
                     "type" : "ExpressionRef"
                  }
               }, {
                  "localId" : "147",
                  "locator" : "93:9-93:54",
                  "type" : "Exists",
                  "operand" : {
                     "localId" : "146",
                     "locator" : "93:16-93:54",
                     "name" : "Optic Disc Exam Performed with Result",
                     "type" : "ExpressionRef"
                  }
               } ]
            }
         } ]
      }
   }
}