{
   "library" : {
      "identifier" : {
         "id" : "OncologyMedicalandRadiationPainIntensityQuantified",
         "version" : "8.1.000"
      },
      "schemaIdentifier" : {
         "id" : "urn:hl7-org:elm",
         "version" : "r1"
      },
      "usings" : {
         "def" : [ {
            "localIdentifier" : "System",
            "uri" : "urn:hl7-org:elm-types:r1"
         }, {
            "localId" : "1",
            "locator" : "3:1-3:23",
            "localIdentifier" : "QDM",
            "uri" : "urn:healthit-gov:qdm:v5_4",
            "version" : "5.4"
         } ]
      },
      "parameters" : {
         "def" : [ {
            "localId" : "13",
            "locator" : "15:1-15:49",
            "name" : "Measurement Period",
            "accessLevel" : "Public",
            "parameterTypeSpecifier" : {
               "localId" : "12",
               "locator" : "15:32-15:49",
               "type" : "IntervalTypeSpecifier",
               "pointType" : {
                  "localId" : "11",
                  "locator" : "15:41-15:48",
                  "name" : "{urn:hl7-org:elm-types:r1}DateTime",
                  "type" : "NamedTypeSpecifier"
               }
            }
         } ]
      },
      "valueSets" : {
         "def" : [ {
            "localId" : "2",
            "locator" : "5:1-5:59",
            "name" : "Cancer",
            "id" : "urn:oid:2.16.840.1.113883.3.526.3.1010",
            "accessLevel" : "Public"
         }, {
            "localId" : "3",
            "locator" : "6:1-6:80",
            "name" : "Chemotherapy Administration",
            "id" : "urn:oid:2.16.840.1.113883.3.526.3.1027",
            "accessLevel" : "Public"
         }, {
            "localId" : "4",
            "locator" : "7:1-7:58",
            "name" : "Ethnicity",
            "id" : "urn:oid:2.16.840.1.114222.4.11.837",
            "accessLevel" : "Public"
         }, {
            "localId" : "5",
            "locator" : "8:1-8:75",
            "name" : "Office Visit",
            "id" : "urn:oid:2.16.840.1.113883.3.464.1003.101.12.1001",
            "accessLevel" : "Public"
         }, {
            "localId" : "6",
            "locator" : "9:1-9:68",
            "name" : "ONC Administrative Sex",
            "id" : "urn:oid:2.16.840.1.113762.1.4.1",
            "accessLevel" : "Public"
         }, {
            "localId" : "7",
            "locator" : "10:1-10:55",
            "name" : "Payer",
            "id" : "urn:oid:2.16.840.1.114222.4.11.3591",
            "accessLevel" : "Public"
         }, {
            "localId" : "8",
            "locator" : "11:1-11:53",
            "name" : "Race",
            "id" : "urn:oid:2.16.840.1.114222.4.11.836",
            "accessLevel" : "Public"
         }, {
            "localId" : "9",
            "locator" : "12:1-12:83",
            "name" : "Radiation Treatment Management",
            "id" : "urn:oid:2.16.840.1.113883.3.526.3.1026",
            "accessLevel" : "Public"
         }, {
            "localId" : "10",
            "locator" : "13:1-13:86",
            "name" : "Standardized Pain Assessment Tool",
            "id" : "urn:oid:2.16.840.1.113883.3.526.3.1028",
            "accessLevel" : "Public"
         } ]
      },
      "statements" : {
         "def" : [ {
            "locator" : "17:1-17:15",
            "name" : "Patient",
            "context" : "Patient",
            "expression" : {
               "type" : "SingletonFrom",
               "operand" : {
                  "locator" : "17:1-17:15",
                  "dataType" : "{urn:healthit-gov:qdm:v5_4}Patient",
                  "templateId" : "Patient",
                  "type" : "Retrieve"
               }
            }
         }, {
            "localId" : "15",
            "locator" : "19:1-20:50",
            "name" : "SDE Ethnicity",
            "context" : "Patient",
            "accessLevel" : "Public",
            "annotation" : [ {
               "type" : "Annotation",
               "s" : {
                  "r" : "15",
                  "s" : [ {
                     "value" : [ "define ","\"SDE Ethnicity\"",":\n\t" ]
                  }, {
                     "r" : "14",
                     "s" : [ {
                        "value" : [ "[","\"Patient Characteristic Ethnicity\"",": " ]
                     }, {
                        "s" : [ {
                           "value" : [ "\"Ethnicity\"" ]
                        } ]
                     }, {
                        "value" : [ "]" ]
                     } ]
                  } ]
               }
            } ],
            "expression" : {
               "localId" : "14",
               "locator" : "20:2-20:50",
               "dataType" : "{urn:healthit-gov:qdm:v5_4}PatientCharacteristicEthnicity",
               "codeProperty" : "code",
               "type" : "Retrieve",
               "codes" : {
                  "name" : "Ethnicity",
                  "type" : "ValueSetRef"
               }
            }
         }, {
            "localId" : "17",
            "locator" : "22:1-23:42",
            "name" : "SDE Payer",
            "context" : "Patient",
            "accessLevel" : "Public",
            "annotation" : [ {
               "type" : "Annotation",
               "s" : {
                  "r" : "17",
                  "s" : [ {
                     "value" : [ "define ","\"SDE Payer\"",":\n\t" ]
                  }, {
                     "r" : "16",
                     "s" : [ {
                        "value" : [ "[","\"Patient Characteristic Payer\"",": " ]
                     }, {
                        "s" : [ {
                           "value" : [ "\"Payer\"" ]
                        } ]
                     }, {
                        "value" : [ "]" ]
                     } ]
                  } ]
               }
            } ],
            "expression" : {
               "localId" : "16",
               "locator" : "23:2-23:42",
               "dataType" : "{urn:healthit-gov:qdm:v5_4}PatientCharacteristicPayer",
               "codeProperty" : "code",
               "type" : "Retrieve",
               "codes" : {
                  "name" : "Payer",
                  "type" : "ValueSetRef"
               }
            }
         }, {
            "localId" : "19",
            "locator" : "25:1-26:40",
            "name" : "SDE Race",
            "context" : "Patient",
            "accessLevel" : "Public",
            "annotation" : [ {
               "type" : "Annotation",
               "s" : {
                  "r" : "19",
                  "s" : [ {
                     "value" : [ "define ","\"SDE Race\"",":\n\t" ]
                  }, {
                     "r" : "18",
                     "s" : [ {
                        "value" : [ "[","\"Patient Characteristic Race\"",": " ]
                     }, {
                        "s" : [ {
                           "value" : [ "\"Race\"" ]
                        } ]
                     }, {
                        "value" : [ "]" ]
                     } ]
                  } ]
               }
            } ],
            "expression" : {
               "localId" : "18",
               "locator" : "26:2-26:40",
               "dataType" : "{urn:healthit-gov:qdm:v5_4}PatientCharacteristicRace",
               "codeProperty" : "code",
               "type" : "Retrieve",
               "codes" : {
                  "name" : "Race",
                  "type" : "ValueSetRef"
               }
            }
         }, {
            "localId" : "21",
            "locator" : "28:1-29:57",
            "name" : "SDE Sex",
            "context" : "Patient",
            "accessLevel" : "Public",
            "annotation" : [ {
               "type" : "Annotation",
               "s" : {
                  "r" : "21",
                  "s" : [ {
                     "value" : [ "define ","\"SDE Sex\"",":\n\t" ]
                  }, {
                     "r" : "20",
                     "s" : [ {
                        "value" : [ "[","\"Patient Characteristic Sex\"",": " ]
                     }, {
                        "s" : [ {
                           "value" : [ "\"ONC Administrative Sex\"" ]
                        } ]
                     }, {
                        "value" : [ "]" ]
                     } ]
                  } ]
               }
            } ],
            "expression" : {
               "localId" : "20",
               "locator" : "29:2-29:57",
               "dataType" : "{urn:healthit-gov:qdm:v5_4}PatientCharacteristicSex",
               "codeProperty" : "code",
               "type" : "Retrieve",
               "codes" : {
                  "name" : "ONC Administrative Sex",
                  "type" : "ValueSetRef"
               }
            }
         }, {
            "localId" : "63",
            "locator" : "64:1-75:28",
            "name" : "Face to Face Encounter with Ongoing Chemotherapy",
            "context" : "Patient",
            "accessLevel" : "Public",
            "annotation" : [ {
               "type" : "Annotation",
               "s" : {
                  "r" : "63",
                  "s" : [ {
                     "value" : [ "define ","\"Face to Face Encounter with Ongoing Chemotherapy\"",":\n\t" ]
                  }, {
                     "r" : "62",
                     "s" : [ {
                        "s" : [ {
                           "value" : [ "from\n\t\t" ]
                        }, {
                           "r" : "23",
                           "s" : [ {
                              "r" : "22",
                              "s" : [ {
                                 "r" : "22",
                                 "s" : [ {
                                    "value" : [ "[","\"Encounter, Performed\"",": " ]
                                 }, {
                                    "s" : [ {
                                       "value" : [ "\"Office Visit\"" ]
                                    } ]
                                 }, {
                                    "value" : [ "]" ]
                                 } ]
                              } ]
                           }, {
                              "value" : [ " ","FaceToFaceEncounter" ]
                           } ]
                        }, {
                           "value" : [ ",\n\t\t" ]
                        }, {
                           "r" : "25",
                           "s" : [ {
                              "r" : "24",
                              "s" : [ {
                                 "r" : "24",
                                 "s" : [ {
                                    "value" : [ "[","\"Procedure, Performed\"",": " ]
                                 }, {
                                    "s" : [ {
                                       "value" : [ "\"Chemotherapy Administration\"" ]
                                    } ]
                                 }, {
                                    "value" : [ "]" ]
                                 } ]
                              } ]
                           }, {
                              "value" : [ " ","ChemoBeforeEncounter" ]
                           } ]
                        }, {
                           "value" : [ ",\n\t\t" ]
                        }, {
                           "r" : "27",
                           "s" : [ {
                              "r" : "26",
                              "s" : [ {
                                 "r" : "26",
                                 "s" : [ {
                                    "value" : [ "[","\"Procedure, Performed\"",": " ]
                                 }, {
                                    "s" : [ {
                                       "value" : [ "\"Chemotherapy Administration\"" ]
                                    } ]
                                 }, {
                                    "value" : [ "]" ]
                                 } ]
                              } ]
                           }, {
                              "value" : [ " ","ChemoAfterEncounter" ]
                           } ]
                        }, {
                           "value" : [ ",\n\t\t" ]
                        }, {
                           "r" : "29",
                           "s" : [ {
                              "r" : "28",
                              "s" : [ {
                                 "r" : "28",
                                 "s" : [ {
                                    "value" : [ "[","\"Diagnosis\"",": " ]
                                 }, {
                                    "s" : [ {
                                       "value" : [ "\"Cancer\"" ]
                                    } ]
                                 }, {
                                    "value" : [ "]" ]
                                 } ]
                              } ]
                           }, {
                              "value" : [ " ","Cancer" ]
                           } ]
                        } ]
                     }, {
                        "value" : [ "\n\t\t" ]
                     }, {
                        "r" : "59",
                        "s" : [ {
                           "value" : [ "where " ]
                        }, {
                           "r" : "59",
                           "s" : [ {
                              "r" : "54",
                              "s" : [ {
                                 "r" : "48",
                                 "s" : [ {
                                    "r" : "44",
                                    "s" : [ {
                                       "r" : "36",
                                       "s" : [ {
                                          "r" : "31",
                                          "s" : [ {
                                             "r" : "30",
                                             "s" : [ {
                                                "value" : [ "ChemoBeforeEncounter" ]
                                             } ]
                                          }, {
                                             "value" : [ "." ]
                                          }, {
                                             "r" : "31",
                                             "s" : [ {
                                                "value" : [ "relevantPeriod" ]
                                             } ]
                                          } ]
                                       }, {
                                          "value" : [ " " ]
                                       }, {
                                          "r" : "36",
                                          "s" : [ {
                                             "value" : [ "starts " ]
                                          }, {
                                             "r" : "35",
                                             "s" : [ {
                                                "value" : [ "30 ","days" ]
                                             } ]
                                          }, {
                                             "value" : [ " or less on or before day of" ]
                                          } ]
                                       }, {
                                          "value" : [ " " ]
                                       }, {
                                          "r" : "34",
                                          "s" : [ {
                                             "value" : [ "end of " ]
                                          }, {
                                             "r" : "33",
                                             "s" : [ {
                                                "r" : "32",
                                                "s" : [ {
                                                   "value" : [ "FaceToFaceEncounter" ]
                                                } ]
                                             }, {
                                                "value" : [ "." ]
                                             }, {
                                                "r" : "33",
                                                "s" : [ {
                                                   "value" : [ "relevantPeriod" ]
                                                } ]
                                             } ]
                                          } ]
                                       } ]
                                    }, {
                                       "value" : [ "\n\t\t\tand " ]
                                    }, {
                                       "r" : "43",
                                       "s" : [ {
                                          "r" : "38",
                                          "s" : [ {
                                             "r" : "37",
                                             "s" : [ {
                                                "value" : [ "ChemoAfterEncounter" ]
                                             } ]
                                          }, {
                                             "value" : [ "." ]
                                          }, {
                                             "r" : "38",
                                             "s" : [ {
                                                "value" : [ "relevantPeriod" ]
                                             } ]
                                          } ]
                                       }, {
                                          "value" : [ " " ]
                                       }, {
                                          "r" : "43",
                                          "s" : [ {
                                             "value" : [ "starts " ]
                                          }, {
                                             "r" : "42",
                                             "s" : [ {
                                                "value" : [ "30 ","days" ]
                                             } ]
                                          }, {
                                             "value" : [ " or less on or after day of" ]
                                          } ]
                                       }, {
                                          "value" : [ " " ]
                                       }, {
                                          "r" : "41",
                                          "s" : [ {
                                             "value" : [ "end of " ]
                                          }, {
                                             "r" : "40",
                                             "s" : [ {
                                                "r" : "39",
                                                "s" : [ {
                                                   "value" : [ "FaceToFaceEncounter" ]
                                                } ]
                                             }, {
                                                "value" : [ "." ]
                                             }, {
                                                "r" : "40",
                                                "s" : [ {
                                                   "value" : [ "relevantPeriod" ]
                                                } ]
                                             } ]
                                          } ]
                                       } ]
                                    } ]
                                 }, {
                                    "value" : [ "\n\t\t\tand " ]
                                 }, {
                                    "r" : "47",
                                    "s" : [ {
                                       "r" : "45",
                                       "s" : [ {
                                          "value" : [ "ChemoBeforeEncounter" ]
                                       } ]
                                    }, {
                                       "value" : [ " ","!~"," " ]
                                    }, {
                                       "r" : "46",
                                       "s" : [ {
                                          "value" : [ "ChemoAfterEncounter" ]
                                       } ]
                                    } ]
                                 } ]
                              }, {
                                 "value" : [ "\n\t\t\tand " ]
                              }, {
                                 "r" : "53",
                                 "s" : [ {
                                    "r" : "50",
                                    "s" : [ {
                                       "r" : "49",
                                       "s" : [ {
                                          "value" : [ "Cancer" ]
                                       } ]
                                    }, {
                                       "value" : [ "." ]
                                    }, {
                                       "r" : "50",
                                       "s" : [ {
                                          "value" : [ "prevalencePeriod" ]
                                       } ]
                                    } ]
                                 }, {
                                    "value" : [ " ","overlaps"," " ]
                                 }, {
                                    "r" : "52",
                                    "s" : [ {
                                       "r" : "51",
                                       "s" : [ {
                                          "value" : [ "FaceToFaceEncounter" ]
                                       } ]
                                    }, {
                                       "value" : [ "." ]
                                    }, {
                                       "r" : "52",
                                       "s" : [ {
                                          "value" : [ "relevantPeriod" ]
                                       } ]
                                    } ]
                                 } ]
                              } ]
                           }, {
                              "value" : [ "\n\t\t\tand " ]
                           }, {
                              "r" : "58",
                              "s" : [ {
                                 "r" : "56",
                                 "s" : [ {
                                    "r" : "55",
                                    "s" : [ {
                                       "value" : [ "FaceToFaceEncounter" ]
                                    } ]
                                 }, {
                                    "value" : [ "." ]
                                 }, {
                                    "r" : "56",
                                    "s" : [ {
                                       "value" : [ "relevantPeriod" ]
                                    } ]
                                 } ]
                              }, {
                                 "value" : [ " ","during"," " ]
                              }, {
                                 "r" : "57",
                                 "s" : [ {
                                    "value" : [ "\"Measurement Period\"" ]
                                 } ]
                              } ]
                           } ]
                        } ]
                     }, {
                        "value" : [ "\n\t\t" ]
                     }, {
                        "r" : "61",
                        "s" : [ {
                           "value" : [ "return " ]
                        }, {
                           "r" : "60",
                           "s" : [ {
                              "value" : [ "FaceToFaceEncounter" ]
                           } ]
                        } ]
                     } ]
                  } ]
               }
            } ],
            "expression" : {
               "localId" : "62",
               "locator" : "65:2-75:28",
               "type" : "Query",
               "source" : [ {
                  "localId" : "23",
                  "locator" : "66:3-66:62",
                  "alias" : "FaceToFaceEncounter",
                  "expression" : {
                     "localId" : "22",
                     "locator" : "66:3-66:42",
                     "dataType" : "{urn:healthit-gov:qdm:v5_4}PositiveEncounterPerformed",
                     "templateId" : "PositiveEncounterPerformed",
                     "codeProperty" : "code",
                     "type" : "Retrieve",
                     "codes" : {
                        "name" : "Office Visit",
                        "type" : "ValueSetRef"
                     }
                  }
               }, {
                  "localId" : "25",
                  "locator" : "67:3-67:78",
                  "alias" : "ChemoBeforeEncounter",
                  "expression" : {
                     "localId" : "24",
                     "locator" : "67:3-67:57",
                     "dataType" : "{urn:healthit-gov:qdm:v5_4}PositiveProcedurePerformed",
                     "templateId" : "PositiveProcedurePerformed",
                     "codeProperty" : "code",
                     "type" : "Retrieve",
                     "codes" : {
                        "name" : "Chemotherapy Administration",
                        "type" : "ValueSetRef"
                     }
                  }
               }, {
                  "localId" : "27",
                  "locator" : "68:3-68:77",
                  "alias" : "ChemoAfterEncounter",
                  "expression" : {
                     "localId" : "26",
                     "locator" : "68:3-68:57",
                     "dataType" : "{urn:healthit-gov:qdm:v5_4}PositiveProcedurePerformed",
                     "templateId" : "PositiveProcedurePerformed",
                     "codeProperty" : "code",
                     "type" : "Retrieve",
                     "codes" : {
                        "name" : "Chemotherapy Administration",
                        "type" : "ValueSetRef"
                     }
                  }
               }, {
                  "localId" : "29",
                  "locator" : "69:3-69:32",
                  "alias" : "Cancer",
                  "expression" : {
                     "localId" : "28",
                     "locator" : "69:3-69:25",
                     "dataType" : "{urn:healthit-gov:qdm:v5_4}Diagnosis",
                     "codeProperty" : "code",
                     "type" : "Retrieve",
                     "codes" : {
                        "name" : "Cancer",
                        "type" : "ValueSetRef"
                     }
                  }
               } ],
               "relationship" : [ ],
               "where" : {
                  "localId" : "59",
                  "locator" : "70:3-74:69",
                  "type" : "And",
                  "operand" : [ {
                     "localId" : "54",
                     "locator" : "70:9-73:74",
                     "type" : "And",
                     "operand" : [ {
                        "localId" : "48",
                        "locator" : "70:9-72:50",
                        "type" : "And",
                        "operand" : [ {
                           "localId" : "44",
                           "locator" : "70:9-71:125",
                           "type" : "And",
                           "operand" : [ {
                              "localId" : "36",
                              "locator" : "70:9-70:128",
                              "precision" : "Day",
                              "type" : "In",
                              "operand" : [ {
                                 "locator" : "70:45-70:50",
                                 "type" : "Start",
                                 "operand" : {
                                    "localId" : "31",
                                    "locator" : "70:9-70:43",
                                    "path" : "relevantPeriod",
                                    "scope" : "ChemoBeforeEncounter",
                                    "type" : "Property"
                                 }
                              }, {
                                 "locator" : "70:52-70:66",
                                 "lowClosed" : true,
                                 "highClosed" : true,
                                 "type" : "Interval",
                                 "low" : {
                                    "locator" : "70:88-70:128",
                                    "type" : "Subtract",
                                    "operand" : [ {
                                       "localId" : "34",
                                       "locator" : "70:88-70:128",
                                       "type" : "End",
                                       "operand" : {
                                          "localId" : "33",
                                          "locator" : "70:95-70:128",
                                          "path" : "relevantPeriod",
                                          "scope" : "FaceToFaceEncounter",
                                          "type" : "Property"
                                       }
                                    }, {
                                       "localId" : "35",
                                       "locator" : "70:52-70:58",
                                       "value" : 30,
                                       "unit" : "days",
                                       "type" : "Quantity"
                                    } ]
                                 },
                                 "high" : {
                                    "localId" : "34",
                                    "locator" : "70:88-70:128",
                                    "type" : "End",
                                    "operand" : {
                                       "localId" : "33",
                                       "locator" : "70:95-70:128",
                                       "path" : "relevantPeriod",
                                       "scope" : "FaceToFaceEncounter",
                                       "type" : "Property"
                                    }
                                 }
                              } ]
                           }, {
                              "localId" : "43",
                              "locator" : "71:8-71:125",
                              "precision" : "Day",
                              "type" : "In",
                              "operand" : [ {
                                 "locator" : "71:43-71:48",
                                 "type" : "Start",
                                 "operand" : {
                                    "localId" : "38",
                                    "locator" : "71:8-71:41",
                                    "path" : "relevantPeriod",
                                    "scope" : "ChemoAfterEncounter",
                                    "type" : "Property"
                                 }
                              }, {
                                 "locator" : "71:50-71:64",
                                 "lowClosed" : true,
                                 "highClosed" : true,
                                 "type" : "Interval",
                                 "low" : {
                                    "localId" : "41",
                                    "locator" : "71:85-71:125",
                                    "type" : "End",
                                    "operand" : {
                                       "localId" : "40",
                                       "locator" : "71:92-71:125",
                                       "path" : "relevantPeriod",
                                       "scope" : "FaceToFaceEncounter",
                                       "type" : "Property"
                                    }
                                 },
                                 "high" : {
                                    "locator" : "71:85-71:125",
                                    "type" : "Add",
                                    "operand" : [ {
                                       "localId" : "41",
                                       "locator" : "71:85-71:125",
                                       "type" : "End",
                                       "operand" : {
                                          "localId" : "40",
                                          "locator" : "71:92-71:125",
                                          "path" : "relevantPeriod",
                                          "scope" : "FaceToFaceEncounter",
                                          "type" : "Property"
                                       }
                                    }, {
                                       "localId" : "42",
                                       "locator" : "71:50-71:56",
                                       "value" : 30,
                                       "unit" : "days",
                                       "type" : "Quantity"
                                    } ]
                                 }
                              } ]
                           } ]
                        }, {
                           "localId" : "47",
                           "locator" : "72:8-72:50",
                           "type" : "Not",
                           "operand" : {
                              "locator" : "72:8-72:50",
                              "type" : "Equivalent",
                              "operand" : [ {
                                 "localId" : "45",
                                 "locator" : "72:8-72:27",
                                 "name" : "ChemoBeforeEncounter",
                                 "type" : "AliasRef"
                              }, {
                                 "localId" : "46",
                                 "locator" : "72:32-72:50",
                                 "name" : "ChemoAfterEncounter",
                                 "type" : "AliasRef"
                              } ]
                           }
                        } ]
                     }, {
                        "localId" : "53",
                        "locator" : "73:8-73:74",
                        "type" : "Overlaps",
                        "operand" : [ {
                           "localId" : "50",
                           "locator" : "73:8-73:30",
                           "path" : "prevalencePeriod",
                           "scope" : "Cancer",
                           "type" : "Property"
                        }, {
                           "localId" : "52",
                           "locator" : "73:41-73:74",
                           "path" : "relevantPeriod",
                           "scope" : "FaceToFaceEncounter",
                           "type" : "Property"
                        } ]
                     } ]
                  }, {
                     "localId" : "58",
                     "locator" : "74:8-74:69",
                     "type" : "IncludedIn",
                     "operand" : [ {
                        "localId" : "56",
                        "locator" : "74:8-74:41",
                        "path" : "relevantPeriod",
                        "scope" : "FaceToFaceEncounter",
                        "type" : "Property"
                     }, {
                        "localId" : "57",
                        "locator" : "74:50-74:69",
                        "name" : "Measurement Period",
                        "type" : "ParameterRef"
                     } ]
                  } ]
               },
               "return" : {
                  "localId" : "61",
                  "locator" : "75:3-75:28",
                  "expression" : {
                     "localId" : "60",
                     "locator" : "75:10-75:28",
                     "name" : "FaceToFaceEncounter",
                     "type" : "AliasRef"
                  }
               }
            }
         }, {
            "localId" : "65",
            "locator" : "61:1-62:51",
            "name" : "Initial Population 1",
            "context" : "Patient",
            "accessLevel" : "Public",
            "annotation" : [ {
               "type" : "Annotation",
               "s" : {
                  "r" : "65",
                  "s" : [ {
                     "value" : [ "define ","\"Initial Population 1\"",":\n\t" ]
                  }, {
                     "r" : "64",
                     "s" : [ {
                        "value" : [ "\"Face to Face Encounter with Ongoing Chemotherapy\"" ]
                     } ]
                  } ]
               }
            } ],
            "expression" : {
               "localId" : "64",
               "locator" : "62:2-62:51",
               "name" : "Face to Face Encounter with Ongoing Chemotherapy",
               "type" : "ExpressionRef"
            }
         }, {
            "localId" : "67",
            "locator" : "31:1-32:23",
            "name" : "Denominator 1",
            "context" : "Patient",
            "accessLevel" : "Public",
            "annotation" : [ {
               "type" : "Annotation",
               "s" : {
                  "r" : "67",
                  "s" : [ {
                     "value" : [ "define ","\"Denominator 1\"",":\n\t" ]
                  }, {
                     "r" : "66",
                     "s" : [ {
                        "value" : [ "\"Initial Population 1\"" ]
                     } ]
                  } ]
               }
            } ],
            "expression" : {
               "localId" : "66",
               "locator" : "32:2-32:23",
               "name" : "Initial Population 1",
               "type" : "ExpressionRef"
            }
         }, {
            "localId" : "75",
            "locator" : "37:1-39:78",
            "name" : "Radiation Treatment During Measurement Period",
            "context" : "Patient",
            "accessLevel" : "Public",
            "annotation" : [ {
               "type" : "Annotation",
               "s" : {
                  "r" : "75",
                  "s" : [ {
                     "value" : [ "define ","\"Radiation Treatment During Measurement Period\"",":\n\t" ]
                  }, {
                     "r" : "74",
                     "s" : [ {
                        "s" : [ {
                           "r" : "69",
                           "s" : [ {
                              "r" : "68",
                              "s" : [ {
                                 "r" : "68",
                                 "s" : [ {
                                    "value" : [ "[","\"Procedure, Performed\"",": " ]
                                 }, {
                                    "s" : [ {
                                       "value" : [ "\"Radiation Treatment Management\"" ]
                                    } ]
                                 }, {
                                    "value" : [ "]" ]
                                 } ]
                              } ]
                           }, {
                              "value" : [ " ","RadiationTreatmentProcedure" ]
                           } ]
                        } ]
                     }, {
                        "value" : [ "\n\t\t" ]
                     }, {
                        "r" : "73",
                        "s" : [ {
                           "value" : [ "where " ]
                        }, {
                           "r" : "73",
                           "s" : [ {
                              "r" : "71",
                              "s" : [ {
                                 "r" : "70",
                                 "s" : [ {
                                    "value" : [ "RadiationTreatmentProcedure" ]
                                 } ]
                              }, {
                                 "value" : [ "." ]
                              }, {
                                 "r" : "71",
                                 "s" : [ {
                                    "value" : [ "relevantPeriod" ]
                                 } ]
                              } ]
                           }, {
                              "value" : [ " ","during"," " ]
                           }, {
                              "r" : "72",
                              "s" : [ {
                                 "value" : [ "\"Measurement Period\"" ]
                              } ]
                           } ]
                        } ]
                     } ]
                  } ]
               }
            } ],
            "expression" : {
               "localId" : "74",
               "locator" : "38:2-39:78",
               "type" : "Query",
               "source" : [ {
                  "localId" : "69",
                  "locator" : "38:2-38:87",
                  "alias" : "RadiationTreatmentProcedure",
                  "expression" : {
                     "localId" : "68",
                     "locator" : "38:2-38:59",
                     "dataType" : "{urn:healthit-gov:qdm:v5_4}PositiveProcedurePerformed",
                     "templateId" : "PositiveProcedurePerformed",
                     "codeProperty" : "code",
                     "type" : "Retrieve",
                     "codes" : {
                        "name" : "Radiation Treatment Management",
                        "type" : "ValueSetRef"
                     }
                  }
               } ],
               "relationship" : [ ],
               "where" : {
                  "localId" : "73",
                  "locator" : "39:3-39:78",
                  "type" : "IncludedIn",
                  "operand" : [ {
                     "localId" : "71",
                     "locator" : "39:9-39:50",
                     "path" : "relevantPeriod",
                     "scope" : "RadiationTreatmentProcedure",
                     "type" : "Property"
                  }, {
                     "localId" : "72",
                     "locator" : "39:59-39:78",
                     "name" : "Measurement Period",
                     "type" : "ParameterRef"
                  } ]
               }
            }
         }, {
            "localId" : "87",
            "locator" : "41:1-44:79",
            "name" : "Radiation Treatment with Cancer Diagnosis",
            "context" : "Patient",
            "accessLevel" : "Public",
            "annotation" : [ {
               "type" : "Annotation",
               "s" : {
                  "r" : "87",
                  "s" : [ {
                     "value" : [ "define ","\"Radiation Treatment with Cancer Diagnosis\"",":\n\t" ]
                  }, {
                     "r" : "86",
                     "s" : [ {
                        "s" : [ {
                           "r" : "77",
                           "s" : [ {
                              "r" : "76",
                              "s" : [ {
                                 "s" : [ {
                                    "value" : [ "\"Radiation Treatment During Measurement Period\"" ]
                                 } ]
                              } ]
                           }, {
                              "value" : [ " ","RadiationTreatment" ]
                           } ]
                        } ]
                     }, {
                        "value" : [ "\n\t\t" ]
                     }, {
                        "r" : "85",
                        "s" : [ {
                           "value" : [ "with " ]
                        }, {
                           "r" : "79",
                           "s" : [ {
                              "r" : "78",
                              "s" : [ {
                                 "r" : "78",
                                 "s" : [ {
                                    "value" : [ "[","\"Diagnosis\"",": " ]
                                 }, {
                                    "s" : [ {
                                       "value" : [ "\"Cancer\"" ]
                                    } ]
                                 }, {
                                    "value" : [ "]" ]
                                 } ]
                              } ]
                           }, {
                              "value" : [ " ","Cancer" ]
                           } ]
                        }, {
                           "value" : [ "\n\t\t\tsuch that " ]
                        }, {
                           "r" : "84",
                           "s" : [ {
                              "r" : "81",
                              "s" : [ {
                                 "r" : "80",
                                 "s" : [ {
                                    "value" : [ "Cancer" ]
                                 } ]
                              }, {
                                 "value" : [ "." ]
                              }, {
                                 "r" : "81",
                                 "s" : [ {
                                    "value" : [ "prevalencePeriod" ]
                                 } ]
                              } ]
                           }, {
                              "value" : [ " ","overlaps"," " ]
                           }, {
                              "r" : "83",
                              "s" : [ {
                                 "r" : "82",
                                 "s" : [ {
                                    "value" : [ "RadiationTreatment" ]
                                 } ]
                              }, {
                                 "value" : [ "." ]
                              }, {
                                 "r" : "83",
                                 "s" : [ {
                                    "value" : [ "relevantPeriod" ]
                                 } ]
                              } ]
                           } ]
                        } ]
                     } ]
                  } ]
               }
            } ],
            "expression" : {
               "localId" : "86",
               "locator" : "42:2-44:79",
               "type" : "Query",
               "source" : [ {
                  "localId" : "77",
                  "locator" : "42:2-42:67",
                  "alias" : "RadiationTreatment",
                  "expression" : {
                     "localId" : "76",
                     "locator" : "42:2-42:48",
                     "name" : "Radiation Treatment During Measurement Period",
                     "type" : "ExpressionRef"
                  }
               } ],
               "relationship" : [ {
                  "localId" : "85",
                  "locator" : "43:3-44:79",
                  "alias" : "Cancer",
                  "type" : "With",
                  "expression" : {
                     "localId" : "78",
                     "locator" : "43:8-43:30",
                     "dataType" : "{urn:healthit-gov:qdm:v5_4}Diagnosis",
                     "codeProperty" : "code",
                     "type" : "Retrieve",
                     "codes" : {
                        "name" : "Cancer",
                        "type" : "ValueSetRef"
                     }
                  },
                  "suchThat" : {
                     "localId" : "84",
                     "locator" : "44:14-44:79",
                     "type" : "Overlaps",
                     "operand" : [ {
                        "localId" : "81",
                        "locator" : "44:14-44:36",
                        "path" : "prevalencePeriod",
                        "scope" : "Cancer",
                        "type" : "Property"
                     }, {
                        "localId" : "83",
                        "locator" : "44:47-44:79",
                        "path" : "relevantPeriod",
                        "scope" : "RadiationTreatment",
                        "type" : "Property"
                     } ]
                  }
               } ]
            }
         }, {
            "localId" : "89",
            "locator" : "52:1-53:44",
            "name" : "Initial Population 2",
            "context" : "Patient",
            "accessLevel" : "Public",
            "annotation" : [ {
               "type" : "Annotation",
               "s" : {
                  "r" : "89",
                  "s" : [ {
                     "value" : [ "define ","\"Initial Population 2\"",":\n\t" ]
                  }, {
                     "r" : "88",
                     "s" : [ {
                        "value" : [ "\"Radiation Treatment with Cancer Diagnosis\"" ]
                     } ]
                  } ]
               }
            } ],
            "expression" : {
               "localId" : "88",
               "locator" : "53:2-53:44",
               "name" : "Radiation Treatment with Cancer Diagnosis",
               "type" : "ExpressionRef"
            }
         }, {
            "localId" : "91",
            "locator" : "34:1-35:23",
            "name" : "Denominator 2",
            "context" : "Patient",
            "accessLevel" : "Public",
            "annotation" : [ {
               "type" : "Annotation",
               "s" : {
                  "r" : "91",
                  "s" : [ {
                     "value" : [ "define ","\"Denominator 2\"",":\n\t" ]
                  }, {
                     "r" : "90",
                     "s" : [ {
                        "value" : [ "\"Initial Population 2\"" ]
                     } ]
                  } ]
               }
            } ],
            "expression" : {
               "localId" : "90",
               "locator" : "35:2-35:23",
               "name" : "Initial Population 2",
               "type" : "ExpressionRef"
            }
         }, {
            "localId" : "107",
            "locator" : "46:1-50:39",
            "name" : "Numerator 2",
            "context" : "Patient",
            "accessLevel" : "Public",
            "annotation" : [ {
               "type" : "Annotation",
               "s" : {
                  "r" : "107",
                  "s" : [ {
                     "value" : [ "define ","\"Numerator 2\"",":\n\t" ]
                  }, {
                     "r" : "106",
                     "s" : [ {
                        "s" : [ {
                           "r" : "93",
                           "s" : [ {
                              "r" : "92",
                              "s" : [ {
                                 "s" : [ {
                                    "value" : [ "\"Radiation Treatment with Cancer Diagnosis\"" ]
                                 } ]
                              } ]
                           }, {
                              "value" : [ " ","RadiationTherapy" ]
                           } ]
                        } ]
                     }, {
                        "value" : [ "\n\t\t" ]
                     }, {
                        "r" : "105",
                        "s" : [ {
                           "value" : [ "with " ]
                        }, {
                           "r" : "95",
                           "s" : [ {
                              "r" : "94",
                              "s" : [ {
                                 "r" : "94",
                                 "s" : [ {
                                    "value" : [ "[","\"Assessment, Performed\"",": " ]
                                 }, {
                                    "s" : [ {
                                       "value" : [ "\"Standardized Pain Assessment Tool\"" ]
                                    } ]
                                 }, {
                                    "value" : [ "]" ]
                                 } ]
                              } ]
                           }, {
                              "value" : [ " ","PainAssessed" ]
                           } ]
                        }, {
                           "value" : [ "\n\t\t\tsuch that " ]
                        }, {
                           "r" : "104",
                           "s" : [ {
                              "r" : "100",
                              "s" : [ {
                                 "r" : "97",
                                 "s" : [ {
                                    "r" : "96",
                                    "s" : [ {
                                       "value" : [ "PainAssessed" ]
                                    } ]
                                 }, {
                                    "value" : [ "." ]
                                 }, {
                                    "r" : "97",
                                    "s" : [ {
                                       "value" : [ "authorDatetime" ]
                                    } ]
                                 } ]
                              }, {
                                 "value" : [ " ","during"," " ]
                              }, {
                                 "r" : "99",
                                 "s" : [ {
                                    "r" : "98",
                                    "s" : [ {
                                       "value" : [ "RadiationTherapy" ]
                                    } ]
                                 }, {
                                    "value" : [ "." ]
                                 }, {
                                    "r" : "99",
                                    "s" : [ {
                                       "value" : [ "relevantPeriod" ]
                                    } ]
                                 } ]
                              } ]
                           }, {
                              "value" : [ "\n\t\t\t\tand " ]
                           }, {
                              "r" : "103",
                              "s" : [ {
                                 "r" : "102",
                                 "s" : [ {
                                    "r" : "101",
                                    "s" : [ {
                                       "value" : [ "PainAssessed" ]
                                    } ]
                                 }, {
                                    "value" : [ "." ]
                                 }, {
                                    "r" : "102",
                                    "s" : [ {
                                       "value" : [ "result" ]
                                    } ]
                                 } ]
                              }, {
                                 "value" : [ " is not null" ]
                              } ]
                           } ]
                        } ]
                     } ]
                  } ]
               }
            } ],
            "expression" : {
               "localId" : "106",
               "locator" : "47:2-50:39",
               "type" : "Query",
               "source" : [ {
                  "localId" : "93",
                  "locator" : "47:2-47:61",
                  "alias" : "RadiationTherapy",
                  "expression" : {
                     "localId" : "92",
                     "locator" : "47:2-47:44",
                     "name" : "Radiation Treatment with Cancer Diagnosis",
                     "type" : "ExpressionRef"
                  }
               } ],
               "relationship" : [ {
                  "localId" : "105",
                  "locator" : "48:3-50:39",
                  "alias" : "PainAssessed",
                  "type" : "With",
                  "expression" : {
                     "localId" : "94",
                     "locator" : "48:8-48:69",
                     "dataType" : "{urn:healthit-gov:qdm:v5_4}PositiveAssessmentPerformed",
                     "templateId" : "PositiveAssessmentPerformed",
                     "codeProperty" : "code",
                     "type" : "Retrieve",
                     "codes" : {
                        "name" : "Standardized Pain Assessment Tool",
                        "type" : "ValueSetRef"
                     }
                  },
                  "suchThat" : {
                     "localId" : "104",
                     "locator" : "49:14-50:39",
                     "type" : "And",
                     "operand" : [ {
                        "localId" : "100",
                        "locator" : "49:14-49:79",
                        "type" : "In",
                        "operand" : [ {
                           "localId" : "97",
                           "locator" : "49:14-49:40",
                           "path" : "authorDatetime",
                           "scope" : "PainAssessed",
                           "type" : "Property"
                        }, {
                           "localId" : "99",
                           "locator" : "49:49-49:79",
                           "path" : "relevantPeriod",
                           "scope" : "RadiationTherapy",
                           "type" : "Property"
                        } ]
                     }, {
                        "localId" : "103",
                        "locator" : "50:9-50:39",
                        "type" : "Not",
                        "operand" : {
                           "locator" : "50:9-50:39",
                           "type" : "IsNull",
                           "operand" : {
                              "localId" : "102",
                              "locator" : "50:9-50:27",
                              "path" : "result",
                              "scope" : "PainAssessed",
                              "type" : "Property"
                           }
                        }
                     } ]
                  }
               } ]
            }
         }, {
            "localId" : "123",
            "locator" : "55:1-59:39",
            "name" : "Numerator 1",
            "context" : "Patient",
            "accessLevel" : "Public",
            "annotation" : [ {
               "type" : "Annotation",
               "s" : {
                  "r" : "123",
                  "s" : [ {
                     "value" : [ "define ","\"Numerator 1\"",":\n\t" ]
                  }, {
                     "r" : "122",
                     "s" : [ {
                        "s" : [ {
                           "r" : "109",
                           "s" : [ {
                              "r" : "108",
                              "s" : [ {
                                 "s" : [ {
                                    "value" : [ "\"Face to Face Encounter with Ongoing Chemotherapy\"" ]
                                 } ]
                              } ]
                           }, {
                              "value" : [ " ","FaceToFaceEncounterWithChemo" ]
                           } ]
                        } ]
                     }, {
                        "value" : [ "\n\t\t" ]
                     }, {
                        "r" : "121",
                        "s" : [ {
                           "value" : [ "with " ]
                        }, {
                           "r" : "111",
                           "s" : [ {
                              "r" : "110",
                              "s" : [ {
                                 "r" : "110",
                                 "s" : [ {
                                    "value" : [ "[","\"Assessment, Performed\"",": " ]
                                 }, {
                                    "s" : [ {
                                       "value" : [ "\"Standardized Pain Assessment Tool\"" ]
                                    } ]
                                 }, {
                                    "value" : [ "]" ]
                                 } ]
                              } ]
                           }, {
                              "value" : [ " ","PainAssessed" ]
                           } ]
                        }, {
                           "value" : [ "\n\t\t\tsuch that " ]
                        }, {
                           "r" : "120",
                           "s" : [ {
                              "r" : "116",
                              "s" : [ {
                                 "r" : "113",
                                 "s" : [ {
                                    "r" : "112",
                                    "s" : [ {
                                       "value" : [ "PainAssessed" ]
                                    } ]
                                 }, {
                                    "value" : [ "." ]
                                 }, {
                                    "r" : "113",
                                    "s" : [ {
                                       "value" : [ "authorDatetime" ]
                                    } ]
                                 } ]
                              }, {
                                 "value" : [ " ","during"," " ]
                              }, {
                                 "r" : "115",
                                 "s" : [ {
                                    "r" : "114",
                                    "s" : [ {
                                       "value" : [ "FaceToFaceEncounterWithChemo" ]
                                    } ]
                                 }, {
                                    "value" : [ "." ]
                                 }, {
                                    "r" : "115",
                                    "s" : [ {
                                       "value" : [ "relevantPeriod" ]
                                    } ]
                                 } ]
                              } ]
                           }, {
                              "value" : [ "\n\t\t\t\tand " ]
                           }, {
                              "r" : "119",
                              "s" : [ {
                                 "r" : "118",
                                 "s" : [ {
                                    "r" : "117",
                                    "s" : [ {
                                       "value" : [ "PainAssessed" ]
                                    } ]
                                 }, {
                                    "value" : [ "." ]
                                 }, {
                                    "r" : "118",
                                    "s" : [ {
                                       "value" : [ "result" ]
                                    } ]
                                 } ]
                              }, {
                                 "value" : [ " is not null" ]
                              } ]
                           } ]
                        } ]
                     } ]
                  } ]
               }
            } ],
            "expression" : {
               "localId" : "122",
               "locator" : "56:2-59:39",
               "type" : "Query",
               "source" : [ {
                  "localId" : "109",
                  "locator" : "56:2-56:80",
                  "alias" : "FaceToFaceEncounterWithChemo",
                  "expression" : {
                     "localId" : "108",
                     "locator" : "56:2-56:51",
                     "name" : "Face to Face Encounter with Ongoing Chemotherapy",
                     "type" : "ExpressionRef"
                  }
               } ],
               "relationship" : [ {
                  "localId" : "121",
                  "locator" : "57:3-59:39",
                  "alias" : "PainAssessed",
                  "type" : "With",
                  "expression" : {
                     "localId" : "110",
                     "locator" : "57:8-57:69",
                     "dataType" : "{urn:healthit-gov:qdm:v5_4}PositiveAssessmentPerformed",
                     "templateId" : "PositiveAssessmentPerformed",
                     "codeProperty" : "code",
                     "type" : "Retrieve",
                     "codes" : {
                        "name" : "Standardized Pain Assessment Tool",
                        "type" : "ValueSetRef"
                     }
                  },
                  "suchThat" : {
                     "localId" : "120",
                     "locator" : "58:14-59:39",
                     "type" : "And",
                     "operand" : [ {
                        "localId" : "116",
                        "locator" : "58:14-58:91",
                        "type" : "In",
                        "operand" : [ {
                           "localId" : "113",
                           "locator" : "58:14-58:40",
                           "path" : "authorDatetime",
                           "scope" : "PainAssessed",
                           "type" : "Property"
                        }, {
                           "localId" : "115",
                           "locator" : "58:49-58:91",
                           "path" : "relevantPeriod",
                           "scope" : "FaceToFaceEncounterWithChemo",
                           "type" : "Property"
                        } ]
                     }, {
                        "localId" : "119",
                        "locator" : "59:9-59:39",
                        "type" : "Not",
                        "operand" : {
                           "locator" : "59:9-59:39",
                           "type" : "IsNull",
                           "operand" : {
                              "localId" : "118",
                              "locator" : "59:9-59:27",
                              "path" : "result",
                              "scope" : "PainAssessed",
                              "type" : "Property"
                           }
                        }
                     } ]
                  }
               } ]
            }
         } ]
      }
   }
}