{
   "library" : {
      "identifier" : {
         "id" : "PneumococcalVaccinationStatusforOlderAdults",
         "version" : "8.1.000"
      },
      "schemaIdentifier" : {
         "id" : "urn:hl7-org:elm",
         "version" : "r1"
      },
      "usings" : {
         "def" : [ {
            "localIdentifier" : "System",
            "uri" : "urn:hl7-org:elm-types:r1"
         }, {
            "localId" : "1",
            "locator" : "3:1-3:23",
            "localIdentifier" : "QDM",
            "uri" : "urn:healthit-gov:qdm:v5_4",
            "version" : "5.4"
         } ]
      },
      "includes" : {
         "def" : [ {
            "localId" : "2",
            "locator" : "5:1-5:64",
            "localIdentifier" : "Global",
            "path" : "MATGlobalCommonFunctions",
            "version" : "4.0.000"
         }, {
            "localId" : "3",
            "locator" : "6:1-6:48",
            "localIdentifier" : "Hospice",
            "path" : "Hospice",
            "version" : "2.0.000"
         } ]
      },
      "parameters" : {
         "def" : [ {
            "localId" : "23",
            "locator" : "27:1-27:49",
            "name" : "Measurement Period",
            "accessLevel" : "Public",
            "parameterTypeSpecifier" : {
               "localId" : "22",
               "locator" : "27:32-27:49",
               "type" : "IntervalTypeSpecifier",
               "pointType" : {
                  "localId" : "21",
                  "locator" : "27:41-27:48",
                  "name" : "{urn:hl7-org:elm-types:r1}DateTime",
                  "type" : "NamedTypeSpecifier"
               }
            }
         } ]
      },
      "codeSystems" : {
         "def" : [ {
            "localId" : "4",
            "locator" : "8:1-8:51",
            "name" : "LOINC",
            "id" : "urn:oid:2.16.840.1.113883.6.1",
            "accessLevel" : "Public"
         } ]
      },
      "valueSets" : {
         "def" : [ {
            "localId" : "5",
            "locator" : "10:1-10:74",
            "name" : "Annual Wellness Visit",
            "id" : "urn:oid:2.16.840.1.113883.3.526.3.1240",
            "accessLevel" : "Public"
         }, {
            "localId" : "6",
            "locator" : "11:1-11:110",
            "name" : "Care Services in Long-Term Residential Facility",
            "id" : "urn:oid:2.16.840.1.113883.3.464.1003.101.12.1014",
            "accessLevel" : "Public"
         }, {
            "localId" : "7",
            "locator" : "12:1-12:100",
            "name" : "Discharge Services - Nursing Facility",
            "id" : "urn:oid:2.16.840.1.113883.3.464.1003.101.11.1065",
            "accessLevel" : "Public"
         }, {
            "localId" : "8",
            "locator" : "13:1-13:58",
            "name" : "Ethnicity",
            "id" : "urn:oid:2.16.840.1.114222.4.11.837",
            "accessLevel" : "Public"
         }, {
            "localId" : "9",
            "locator" : "14:1-14:87",
            "name" : "Home Healthcare Services",
            "id" : "urn:oid:2.16.840.1.113883.3.464.1003.101.12.1016",
            "accessLevel" : "Public"
         }, {
            "localId" : "10",
            "locator" : "15:1-15:85",
            "name" : "Nursing Facility Visit",
            "id" : "urn:oid:2.16.840.1.113883.3.464.1003.101.12.1012",
            "accessLevel" : "Public"
         }, {
            "localId" : "11",
            "locator" : "16:1-16:75",
            "name" : "Office Visit",
            "id" : "urn:oid:2.16.840.1.113883.3.464.1003.101.12.1001",
            "accessLevel" : "Public"
         }, {
            "localId" : "12",
            "locator" : "17:1-17:68",
            "name" : "ONC Administrative Sex",
            "id" : "urn:oid:2.16.840.1.113762.1.4.1",
            "accessLevel" : "Public"
         }, {
            "localId" : "13",
            "locator" : "18:1-18:55",
            "name" : "Payer",
            "id" : "urn:oid:2.16.840.1.114222.4.11.3591",
            "accessLevel" : "Public"
         }, {
            "localId" : "14",
            "locator" : "19:1-19:83",
            "name" : "Pneumococcal Vaccine",
            "id" : "urn:oid:2.16.840.1.113883.3.464.1003.110.12.1027",
            "accessLevel" : "Public"
         }, {
            "localId" : "15",
            "locator" : "20:1-20:96",
            "name" : "Pneumococcal Vaccine Administered",
            "id" : "urn:oid:2.16.840.1.113883.3.464.1003.110.12.1034",
            "accessLevel" : "Public"
         }, {
            "localId" : "16",
            "locator" : "21:1-21:125",
            "name" : "Preventive Care Services - Established Office Visit, 18 and Up",
            "id" : "urn:oid:2.16.840.1.113883.3.464.1003.101.12.1025",
            "accessLevel" : "Public"
         }, {
            "localId" : "17",
            "locator" : "22:1-22:119",
            "name" : "Preventive Care Services-Initial Office Visit, 18 and Up",
            "id" : "urn:oid:2.16.840.1.113883.3.464.1003.101.12.1023",
            "accessLevel" : "Public"
         }, {
            "localId" : "18",
            "locator" : "23:1-23:53",
            "name" : "Race",
            "id" : "urn:oid:2.16.840.1.114222.4.11.836",
            "accessLevel" : "Public"
         } ]
      },
      "codes" : {
         "def" : [ {
            "localId" : "20",
            "locator" : "25:1-25:62",
            "name" : "Birth date",
            "id" : "21112-8",
            "display" : "Birth date",
            "accessLevel" : "Public",
            "codeSystem" : {
               "localId" : "19",
               "locator" : "25:35-25:41",
               "name" : "LOINC"
            }
         } ]
      },
      "statements" : {
         "def" : [ {
            "locator" : "29:1-29:15",
            "name" : "Patient",
            "context" : "Patient",
            "expression" : {
               "type" : "SingletonFrom",
               "operand" : {
                  "locator" : "29:1-29:15",
                  "dataType" : "{urn:healthit-gov:qdm:v5_4}Patient",
                  "templateId" : "Patient",
                  "type" : "Retrieve"
               }
            }
         }, {
            "localId" : "25",
            "locator" : "31:1-32:50",
            "name" : "SDE Ethnicity",
            "context" : "Patient",
            "accessLevel" : "Public",
            "annotation" : [ {
               "type" : "Annotation",
               "s" : {
                  "r" : "25",
                  "s" : [ {
                     "value" : [ "define ","\"SDE Ethnicity\"",":\n\t" ]
                  }, {
                     "r" : "24",
                     "s" : [ {
                        "value" : [ "[","\"Patient Characteristic Ethnicity\"",": " ]
                     }, {
                        "s" : [ {
                           "value" : [ "\"Ethnicity\"" ]
                        } ]
                     }, {
                        "value" : [ "]" ]
                     } ]
                  } ]
               }
            } ],
            "expression" : {
               "localId" : "24",
               "locator" : "32:2-32:50",
               "dataType" : "{urn:healthit-gov:qdm:v5_4}PatientCharacteristicEthnicity",
               "codeProperty" : "code",
               "type" : "Retrieve",
               "codes" : {
                  "name" : "Ethnicity",
                  "type" : "ValueSetRef"
               }
            }
         }, {
            "localId" : "27",
            "locator" : "34:1-35:42",
            "name" : "SDE Payer",
            "context" : "Patient",
            "accessLevel" : "Public",
            "annotation" : [ {
               "type" : "Annotation",
               "s" : {
                  "r" : "27",
                  "s" : [ {
                     "value" : [ "define ","\"SDE Payer\"",":\n\t" ]
                  }, {
                     "r" : "26",
                     "s" : [ {
                        "value" : [ "[","\"Patient Characteristic Payer\"",": " ]
                     }, {
                        "s" : [ {
                           "value" : [ "\"Payer\"" ]
                        } ]
                     }, {
                        "value" : [ "]" ]
                     } ]
                  } ]
               }
            } ],
            "expression" : {
               "localId" : "26",
               "locator" : "35:2-35:42",
               "dataType" : "{urn:healthit-gov:qdm:v5_4}PatientCharacteristicPayer",
               "codeProperty" : "code",
               "type" : "Retrieve",
               "codes" : {
                  "name" : "Payer",
                  "type" : "ValueSetRef"
               }
            }
         }, {
            "localId" : "29",
            "locator" : "37:1-38:40",
            "name" : "SDE Race",
            "context" : "Patient",
            "accessLevel" : "Public",
            "annotation" : [ {
               "type" : "Annotation",
               "s" : {
                  "r" : "29",
                  "s" : [ {
                     "value" : [ "define ","\"SDE Race\"",":\n\t" ]
                  }, {
                     "r" : "28",
                     "s" : [ {
                        "value" : [ "[","\"Patient Characteristic Race\"",": " ]
                     }, {
                        "s" : [ {
                           "value" : [ "\"Race\"" ]
                        } ]
                     }, {
                        "value" : [ "]" ]
                     } ]
                  } ]
               }
            } ],
            "expression" : {
               "localId" : "28",
               "locator" : "38:2-38:40",
               "dataType" : "{urn:healthit-gov:qdm:v5_4}PatientCharacteristicRace",
               "codeProperty" : "code",
               "type" : "Retrieve",
               "codes" : {
                  "name" : "Race",
                  "type" : "ValueSetRef"
               }
            }
         }, {
            "localId" : "31",
            "locator" : "40:1-41:57",
            "name" : "SDE Sex",
            "context" : "Patient",
            "accessLevel" : "Public",
            "annotation" : [ {
               "type" : "Annotation",
               "s" : {
                  "r" : "31",
                  "s" : [ {
                     "value" : [ "define ","\"SDE Sex\"",":\n\t" ]
                  }, {
                     "r" : "30",
                     "s" : [ {
                        "value" : [ "[","\"Patient Characteristic Sex\"",": " ]
                     }, {
                        "s" : [ {
                           "value" : [ "\"ONC Administrative Sex\"" ]
                        } ]
                     }, {
                        "value" : [ "]" ]
                     } ]
                  } ]
               }
            } ],
            "expression" : {
               "localId" : "30",
               "locator" : "41:2-41:57",
               "dataType" : "{urn:healthit-gov:qdm:v5_4}PatientCharacteristicSex",
               "codeProperty" : "code",
               "type" : "Retrieve",
               "codes" : {
                  "name" : "ONC Administrative Sex",
                  "type" : "ValueSetRef"
               }
            }
         }, {
            "localId" : "65",
            "locator" : "46:1-55:65",
            "name" : "Qualifying Encounters",
            "context" : "Patient",
            "accessLevel" : "Public",
            "annotation" : [ {
               "type" : "Annotation",
               "s" : {
                  "r" : "65",
                  "s" : [ {
                     "value" : [ "define ","\"Qualifying Encounters\"",":\n\t" ]
                  }, {
                     "r" : "64",
                     "s" : [ {
                        "s" : [ {
                           "r" : "59",
                           "s" : [ {
                              "r" : "58",
                              "s" : [ {
                                 "value" : [ "( " ]
                              }, {
                                 "r" : "58",
                                 "s" : [ {
                                    "r" : "56",
                                    "s" : [ {
                                       "r" : "54",
                                       "s" : [ {
                                          "r" : "52",
                                          "s" : [ {
                                             "r" : "50",
                                             "s" : [ {
                                                "r" : "48",
                                                "s" : [ {
                                                   "r" : "46",
                                                   "s" : [ {
                                                      "r" : "44",
                                                      "s" : [ {
                                                         "value" : [ "[","\"Encounter, Performed\"",": " ]
                                                      }, {
                                                         "s" : [ {
                                                            "value" : [ "\"Office Visit\"" ]
                                                         } ]
                                                      }, {
                                                         "value" : [ "]" ]
                                                      } ]
                                                   }, {
                                                      "value" : [ "\n\t\tunion " ]
                                                   }, {
                                                      "r" : "45",
                                                      "s" : [ {
                                                         "value" : [ "[","\"Encounter, Performed\"",": " ]
                                                      }, {
                                                         "s" : [ {
                                                            "value" : [ "\"Annual Wellness Visit\"" ]
                                                         } ]
                                                      }, {
                                                         "value" : [ "]" ]
                                                      } ]
                                                   } ]
                                                }, {
                                                   "value" : [ "\n\t\tunion " ]
                                                }, {
                                                   "r" : "47",
                                                   "s" : [ {
                                                      "value" : [ "[","\"Encounter, Performed\"",": " ]
                                                   }, {
                                                      "s" : [ {
                                                         "value" : [ "\"Preventive Care Services - Established Office Visit, 18 and Up\"" ]
                                                      } ]
                                                   }, {
                                                      "value" : [ "]" ]
                                                   } ]
                                                } ]
                                             }, {
                                                "value" : [ "\n\t\tunion " ]
                                             }, {
                                                "r" : "49",
                                                "s" : [ {
                                                   "value" : [ "[","\"Encounter, Performed\"",": " ]
                                                }, {
                                                   "s" : [ {
                                                      "value" : [ "\"Preventive Care Services-Initial Office Visit, 18 and Up\"" ]
                                                   } ]
                                                }, {
                                                   "value" : [ "]" ]
                                                } ]
                                             } ]
                                          }, {
                                             "value" : [ "\n\t\tunion " ]
                                          }, {
                                             "r" : "51",
                                             "s" : [ {
                                                "value" : [ "[","\"Encounter, Performed\"",": " ]
                                             }, {
                                                "s" : [ {
                                                   "value" : [ "\"Home Healthcare Services\"" ]
                                                } ]
                                             }, {
                                                "value" : [ "]" ]
                                             } ]
                                          } ]
                                       }, {
                                          "value" : [ "\n\t\tunion " ]
                                       }, {
                                          "r" : "53",
                                          "s" : [ {
                                             "value" : [ "[","\"Encounter, Performed\"",": " ]
                                          }, {
                                             "s" : [ {
                                                "value" : [ "\"Care Services in Long-Term Residential Facility\"" ]
                                             } ]
                                          }, {
                                             "value" : [ "]" ]
                                          } ]
                                       } ]
                                    }, {
                                       "value" : [ "\n\t\tunion " ]
                                    }, {
                                       "r" : "55",
                                       "s" : [ {
                                          "value" : [ "[","\"Encounter, Performed\"",": " ]
                                       }, {
                                          "s" : [ {
                                             "value" : [ "\"Nursing Facility Visit\"" ]
                                          } ]
                                       }, {
                                          "value" : [ "]" ]
                                       } ]
                                    } ]
                                 }, {
                                    "value" : [ "\n\t\tunion " ]
                                 }, {
                                    "r" : "57",
                                    "s" : [ {
                                       "value" : [ "[","\"Encounter, Performed\"",": " ]
                                    }, {
                                       "s" : [ {
                                          "value" : [ "\"Discharge Services - Nursing Facility\"" ]
                                       } ]
                                    }, {
                                       "value" : [ "]" ]
                                    } ]
                                 } ]
                              }, {
                                 "value" : [ " )" ]
                              } ]
                           }, {
                              "value" : [ " ","ValidEncounter" ]
                           } ]
                        } ]
                     }, {
                        "value" : [ "\n\t\t" ]
                     }, {
                        "r" : "63",
                        "s" : [ {
                           "value" : [ "where " ]
                        }, {
                           "r" : "63",
                           "s" : [ {
                              "r" : "61",
                              "s" : [ {
                                 "r" : "60",
                                 "s" : [ {
                                    "value" : [ "ValidEncounter" ]
                                 } ]
                              }, {
                                 "value" : [ "." ]
                              }, {
                                 "r" : "61",
                                 "s" : [ {
                                    "value" : [ "relevantPeriod" ]
                                 } ]
                              } ]
                           }, {
                              "value" : [ " ","during"," " ]
                           }, {
                              "r" : "62",
                              "s" : [ {
                                 "value" : [ "\"Measurement Period\"" ]
                              } ]
                           } ]
                        } ]
                     } ]
                  } ]
               }
            } ],
            "expression" : {
               "localId" : "64",
               "locator" : "47:2-55:65",
               "type" : "Query",
               "source" : [ {
                  "localId" : "59",
                  "locator" : "47:2-54:90",
                  "alias" : "ValidEncounter",
                  "expression" : {
                     "localId" : "58",
                     "locator" : "47:2-54:75",
                     "type" : "Union",
                     "operand" : [ {
                        "localId" : "54",
                        "locator" : "47:4-52:83",
                        "type" : "Union",
                        "operand" : [ {
                           "localId" : "50",
                           "locator" : "47:4-50:92",
                           "type" : "Union",
                           "operand" : [ {
                              "localId" : "46",
                              "locator" : "47:4-48:57",
                              "type" : "Union",
                              "operand" : [ {
                                 "localId" : "44",
                                 "locator" : "47:4-47:43",
                                 "dataType" : "{urn:healthit-gov:qdm:v5_4}PositiveEncounterPerformed",
                                 "templateId" : "PositiveEncounterPerformed",
                                 "codeProperty" : "code",
                                 "type" : "Retrieve",
                                 "codes" : {
                                    "name" : "Office Visit",
                                    "type" : "ValueSetRef"
                                 }
                              }, {
                                 "localId" : "45",
                                 "locator" : "48:9-48:57",
                                 "dataType" : "{urn:healthit-gov:qdm:v5_4}PositiveEncounterPerformed",
                                 "templateId" : "PositiveEncounterPerformed",
                                 "codeProperty" : "code",
                                 "type" : "Retrieve",
                                 "codes" : {
                                    "name" : "Annual Wellness Visit",
                                    "type" : "ValueSetRef"
                                 }
                              } ]
                           }, {
                              "type" : "Union",
                              "operand" : [ {
                                 "localId" : "47",
                                 "locator" : "49:9-49:98",
                                 "dataType" : "{urn:healthit-gov:qdm:v5_4}PositiveEncounterPerformed",
                                 "templateId" : "PositiveEncounterPerformed",
                                 "codeProperty" : "code",
                                 "type" : "Retrieve",
                                 "codes" : {
                                    "name" : "Preventive Care Services - Established Office Visit, 18 and Up",
                                    "type" : "ValueSetRef"
                                 }
                              }, {
                                 "localId" : "49",
                                 "locator" : "50:9-50:92",
                                 "dataType" : "{urn:healthit-gov:qdm:v5_4}PositiveEncounterPerformed",
                                 "templateId" : "PositiveEncounterPerformed",
                                 "codeProperty" : "code",
                                 "type" : "Retrieve",
                                 "codes" : {
                                    "name" : "Preventive Care Services-Initial Office Visit, 18 and Up",
                                    "type" : "ValueSetRef"
                                 }
                              } ]
                           } ]
                        }, {
                           "type" : "Union",
                           "operand" : [ {
                              "localId" : "51",
                              "locator" : "51:9-51:60",
                              "dataType" : "{urn:healthit-gov:qdm:v5_4}PositiveEncounterPerformed",
                              "templateId" : "PositiveEncounterPerformed",
                              "codeProperty" : "code",
                              "type" : "Retrieve",
                              "codes" : {
                                 "name" : "Home Healthcare Services",
                                 "type" : "ValueSetRef"
                              }
                           }, {
                              "localId" : "53",
                              "locator" : "52:9-52:83",
                              "dataType" : "{urn:healthit-gov:qdm:v5_4}PositiveEncounterPerformed",
                              "templateId" : "PositiveEncounterPerformed",
                              "codeProperty" : "code",
                              "type" : "Retrieve",
                              "codes" : {
                                 "name" : "Care Services in Long-Term Residential Facility",
                                 "type" : "ValueSetRef"
                              }
                           } ]
                        } ]
                     }, {
                        "type" : "Union",
                        "operand" : [ {
                           "localId" : "55",
                           "locator" : "53:9-53:58",
                           "dataType" : "{urn:healthit-gov:qdm:v5_4}PositiveEncounterPerformed",
                           "templateId" : "PositiveEncounterPerformed",
                           "codeProperty" : "code",
                           "type" : "Retrieve",
                           "codes" : {
                              "name" : "Nursing Facility Visit",
                              "type" : "ValueSetRef"
                           }
                        }, {
                           "localId" : "57",
                           "locator" : "54:9-54:73",
                           "dataType" : "{urn:healthit-gov:qdm:v5_4}PositiveEncounterPerformed",
                           "templateId" : "PositiveEncounterPerformed",
                           "codeProperty" : "code",
                           "type" : "Retrieve",
                           "codes" : {
                              "name" : "Discharge Services - Nursing Facility",
                              "type" : "ValueSetRef"
                           }
                        } ]
                     } ]
                  }
               } ],
               "relationship" : [ ],
               "where" : {
                  "localId" : "63",
                  "locator" : "55:3-55:65",
                  "type" : "IncludedIn",
                  "operand" : [ {
                     "localId" : "61",
                     "locator" : "55:9-55:37",
                     "path" : "relevantPeriod",
                     "scope" : "ValidEncounter",
                     "type" : "Property"
                  }, {
                     "localId" : "62",
                     "locator" : "55:46-55:65",
                     "name" : "Measurement Period",
                     "type" : "ParameterRef"
                  } ]
               }
            }
         }, {
            "localId" : "69",
            "locator" : "68:1-72:36",
            "name" : "Initial Population",
            "context" : "Patient",
            "accessLevel" : "Public",
            "annotation" : [ {
               "type" : "Annotation",
               "s" : {
                  "r" : "69",
                  "s" : [ {
                     "value" : [ "define ","\"Initial Population\"",":\n\t" ]
                  }, {
                     "r" : "68",
                     "s" : [ {
                        "r" : "43",
                        "s" : [ {
                           "value" : [ "exists " ]
                        }, {
                           "r" : "42",
                           "s" : [ {
                              "value" : [ "( " ]
                           }, {
                              "r" : "42",
                              "s" : [ {
                                 "s" : [ {
                                    "r" : "33",
                                    "s" : [ {
                                       "r" : "32",
                                       "s" : [ {
                                          "r" : "32",
                                          "s" : [ {
                                             "value" : [ "[","\"Patient Characteristic Birthdate\"",": " ]
                                          }, {
                                             "s" : [ {
                                                "value" : [ "\"Birth date\"" ]
                                             } ]
                                          }, {
                                             "value" : [ "]" ]
                                          } ]
                                       } ]
                                    }, {
                                       "value" : [ " ","BirthDate" ]
                                    } ]
                                 } ]
                              }, {
                                 "value" : [ "\n\t\t\t" ]
                              }, {
                                 "r" : "41",
                                 "s" : [ {
                                    "value" : [ "where " ]
                                 }, {
                                    "r" : "41",
                                    "s" : [ {
                                       "r" : "39",
                                       "s" : [ {
                                          "r" : "34",
                                          "s" : [ {
                                             "value" : [ "Global" ]
                                          } ]
                                       }, {
                                          "value" : [ "." ]
                                       }, {
                                          "r" : "39",
                                          "s" : [ {
                                             "value" : [ "\"CalendarAgeInYearsAt\"","(" ]
                                          }, {
                                             "r" : "36",
                                             "s" : [ {
                                                "r" : "35",
                                                "s" : [ {
                                                   "value" : [ "BirthDate" ]
                                                } ]
                                             }, {
                                                "value" : [ "." ]
                                             }, {
                                                "r" : "36",
                                                "s" : [ {
                                                   "value" : [ "birthDatetime" ]
                                                } ]
                                             } ]
                                          }, {
                                             "value" : [ ", " ]
                                          }, {
                                             "r" : "38",
                                             "s" : [ {
                                                "value" : [ "start of " ]
                                             }, {
                                                "r" : "37",
                                                "s" : [ {
                                                   "value" : [ "\"Measurement Period\"" ]
                                                } ]
                                             } ]
                                          }, {
                                             "value" : [ ")" ]
                                          } ]
                                       } ]
                                    }, {
                                       "value" : [ ">="," ","65" ]
                                    } ]
                                 } ]
                              } ]
                           }, {
                              "value" : [ "\n\t)" ]
                           } ]
                        } ]
                     }, {
                        "value" : [ "\n\t\tand " ]
                     }, {
                        "r" : "67",
                        "s" : [ {
                           "value" : [ "exists " ]
                        }, {
                           "r" : "66",
                           "s" : [ {
                              "value" : [ "\"Qualifying Encounters\"" ]
                           } ]
                        } ]
                     } ]
                  } ]
               }
            } ],
            "expression" : {
               "localId" : "68",
               "locator" : "69:2-72:36",
               "type" : "And",
               "operand" : [ {
                  "localId" : "43",
                  "locator" : "69:2-71:2",
                  "type" : "Exists",
                  "operand" : {
                     "localId" : "42",
                     "locator" : "69:9-71:2",
                     "type" : "Query",
                     "source" : [ {
                        "localId" : "33",
                        "locator" : "69:11-69:70",
                        "alias" : "BirthDate",
                        "expression" : {
                           "localId" : "32",
                           "locator" : "69:11-69:60",
                           "dataType" : "{urn:healthit-gov:qdm:v5_4}PatientCharacteristicBirthdate",
                           "codeProperty" : "code",
                           "type" : "Retrieve",
                           "codes" : {
                              "type" : "ToList",
                              "operand" : {
                                 "name" : "Birth date",
                                 "type" : "CodeRef"
                              }
                           }
                        }
                     } ],
                     "relationship" : [ ],
                     "where" : {
                        "localId" : "41",
                        "locator" : "70:4-70:99",
                        "type" : "GreaterOrEqual",
                        "operand" : [ {
                           "localId" : "39",
                           "locator" : "70:10-70:94",
                           "name" : "CalendarAgeInYearsAt",
                           "libraryName" : "Global",
                           "type" : "FunctionRef",
                           "operand" : [ {
                              "localId" : "36",
                              "locator" : "70:40-70:62",
                              "path" : "birthDatetime",
                              "scope" : "BirthDate",
                              "type" : "Property"
                           }, {
                              "localId" : "38",
                              "locator" : "70:65-70:93",
                              "type" : "Start",
                              "operand" : {
                                 "localId" : "37",
                                 "locator" : "70:74-70:93",
                                 "name" : "Measurement Period",
                                 "type" : "ParameterRef"
                              }
                           } ]
                        }, {
                           "localId" : "40",
                           "locator" : "70:98-70:99",
                           "valueType" : "{urn:hl7-org:elm-types:r1}Integer",
                           "value" : "65",
                           "type" : "Literal"
                        } ]
                     }
                  }
               }, {
                  "localId" : "67",
                  "locator" : "72:7-72:36",
                  "type" : "Exists",
                  "operand" : {
                     "localId" : "66",
                     "locator" : "72:14-72:36",
                     "name" : "Qualifying Encounters",
                     "type" : "ExpressionRef"
                  }
               } ]
            }
         }, {
            "localId" : "71",
            "locator" : "43:1-44:21",
            "name" : "Denominator",
            "context" : "Patient",
            "accessLevel" : "Public",
            "annotation" : [ {
               "type" : "Annotation",
               "s" : {
                  "r" : "71",
                  "s" : [ {
                     "value" : [ "define ","\"Denominator\"",":\n\t" ]
                  }, {
                     "r" : "70",
                     "s" : [ {
                        "value" : [ "\"Initial Population\"" ]
                     } ]
                  } ]
               }
            } ],
            "expression" : {
               "localId" : "70",
               "locator" : "44:2-44:21",
               "name" : "Initial Population",
               "type" : "ExpressionRef"
            }
         }, {
            "localId" : "91",
            "locator" : "57:1-63:3",
            "name" : "Numerator",
            "context" : "Patient",
            "accessLevel" : "Public",
            "annotation" : [ {
               "type" : "Annotation",
               "s" : {
                  "r" : "91",
                  "s" : [ {
                     "value" : [ "define ","\"Numerator\"",":\n\t" ]
                  }, {
                     "r" : "90",
                     "s" : [ {
                        "r" : "80",
                        "s" : [ {
                           "value" : [ "exists " ]
                        }, {
                           "r" : "79",
                           "s" : [ {
                              "value" : [ "( " ]
                           }, {
                              "r" : "79",
                              "s" : [ {
                                 "s" : [ {
                                    "r" : "73",
                                    "s" : [ {
                                       "r" : "72",
                                       "s" : [ {
                                          "r" : "72",
                                          "s" : [ {
                                             "value" : [ "[","\"Immunization, Administered\"",": " ]
                                          }, {
                                             "s" : [ {
                                                "value" : [ "\"Pneumococcal Vaccine\"" ]
                                             } ]
                                          }, {
                                             "value" : [ "]" ]
                                          } ]
                                       } ]
                                    }, {
                                       "value" : [ " ","PneumococcalVaccine" ]
                                    } ]
                                 } ]
                              }, {
                                 "value" : [ "\n\t\t\t" ]
                              }, {
                                 "r" : "78",
                                 "s" : [ {
                                    "value" : [ "where " ]
                                 }, {
                                    "r" : "78",
                                    "s" : [ {
                                       "r" : "75",
                                       "s" : [ {
                                          "r" : "74",
                                          "s" : [ {
                                             "value" : [ "PneumococcalVaccine" ]
                                          } ]
                                       }, {
                                          "value" : [ "." ]
                                       }, {
                                          "r" : "75",
                                          "s" : [ {
                                             "value" : [ "authorDatetime" ]
                                          } ]
                                       } ]
                                    }, {
                                       "value" : [ " ","on or before"," " ]
                                    }, {
                                       "r" : "77",
                                       "s" : [ {
                                          "value" : [ "end of " ]
                                       }, {
                                          "r" : "76",
                                          "s" : [ {
                                             "value" : [ "\"Measurement Period\"" ]
                                          } ]
                                       } ]
                                    } ]
                                 } ]
                              } ]
                           }, {
                              "value" : [ "\n\t)" ]
                           } ]
                        } ]
                     }, {
                        "value" : [ "\n\t\tor " ]
                     }, {
                        "r" : "89",
                        "s" : [ {
                           "value" : [ "exists " ]
                        }, {
                           "r" : "88",
                           "s" : [ {
                              "value" : [ "( " ]
                           }, {
                              "r" : "88",
                              "s" : [ {
                                 "s" : [ {
                                    "r" : "82",
                                    "s" : [ {
                                       "r" : "81",
                                       "s" : [ {
                                          "r" : "81",
                                          "s" : [ {
                                             "value" : [ "[","\"Procedure, Performed\"",": " ]
                                          }, {
                                             "s" : [ {
                                                "value" : [ "\"Pneumococcal Vaccine Administered\"" ]
                                             } ]
                                          }, {
                                             "value" : [ "]" ]
                                          } ]
                                       } ]
                                    }, {
                                       "value" : [ " ","PneumococcalVaccineGiven" ]
                                    } ]
                                 } ]
                              }, {
                                 "value" : [ "\n\t\t\t\t" ]
                              }, {
                                 "r" : "87",
                                 "s" : [ {
                                    "value" : [ "where " ]
                                 }, {
                                    "r" : "87",
                                    "s" : [ {
                                       "r" : "84",
                                       "s" : [ {
                                          "r" : "83",
                                          "s" : [ {
                                             "value" : [ "PneumococcalVaccineGiven" ]
                                          } ]
                                       }, {
                                          "value" : [ "." ]
                                       }, {
                                          "r" : "84",
                                          "s" : [ {
                                             "value" : [ "relevantPeriod" ]
                                          } ]
                                       } ]
                                    }, {
                                       "value" : [ " ","starts on or before"," " ]
                                    }, {
                                       "r" : "86",
                                       "s" : [ {
                                          "value" : [ "end of " ]
                                       }, {
                                          "r" : "85",
                                          "s" : [ {
                                             "value" : [ "\"Measurement Period\"" ]
                                          } ]
                                       } ]
                                    } ]
                                 } ]
                              } ]
                           }, {
                              "value" : [ "\n\t\t)" ]
                           } ]
                        } ]
                     } ]
                  } ]
               }
            } ],
            "expression" : {
               "localId" : "90",
               "locator" : "58:2-63:3",
               "type" : "Or",
               "operand" : [ {
                  "localId" : "80",
                  "locator" : "58:2-60:2",
                  "type" : "Exists",
                  "operand" : {
                     "localId" : "79",
                     "locator" : "58:9-60:2",
                     "type" : "Query",
                     "source" : [ {
                        "localId" : "73",
                        "locator" : "58:11-58:84",
                        "alias" : "PneumococcalVaccine",
                        "expression" : {
                           "localId" : "72",
                           "locator" : "58:11-58:64",
                           "dataType" : "{urn:healthit-gov:qdm:v5_4}PositiveImmunizationAdministered",
                           "templateId" : "PositiveImmunizationAdministered",
                           "codeProperty" : "code",
                           "type" : "Retrieve",
                           "codes" : {
                              "name" : "Pneumococcal Vaccine",
                              "type" : "ValueSetRef"
                           }
                        }
                     } ],
                     "relationship" : [ ],
                     "where" : {
                        "localId" : "78",
                        "locator" : "59:4-59:84",
                        "type" : "SameOrBefore",
                        "operand" : [ {
                           "localId" : "75",
                           "locator" : "59:10-59:43",
                           "path" : "authorDatetime",
                           "scope" : "PneumococcalVaccine",
                           "type" : "Property"
                        }, {
                           "localId" : "77",
                           "locator" : "59:58-59:84",
                           "type" : "End",
                           "operand" : {
                              "localId" : "76",
                              "locator" : "59:65-59:84",
                              "name" : "Measurement Period",
                              "type" : "ParameterRef"
                           }
                        } ]
                     }
                  }
               }, {
                  "localId" : "89",
                  "locator" : "61:6-63:3",
                  "type" : "Exists",
                  "operand" : {
                     "localId" : "88",
                     "locator" : "61:13-63:3",
                     "type" : "Query",
                     "source" : [ {
                        "localId" : "82",
                        "locator" : "61:15-61:100",
                        "alias" : "PneumococcalVaccineGiven",
                        "expression" : {
                           "localId" : "81",
                           "locator" : "61:15-61:75",
                           "dataType" : "{urn:healthit-gov:qdm:v5_4}PositiveProcedurePerformed",
                           "templateId" : "PositiveProcedurePerformed",
                           "codeProperty" : "code",
                           "type" : "Retrieve",
                           "codes" : {
                              "name" : "Pneumococcal Vaccine Administered",
                              "type" : "ValueSetRef"
                           }
                        }
                     } ],
                     "relationship" : [ ],
                     "where" : {
                        "localId" : "87",
                        "locator" : "62:5-62:97",
                        "type" : "SameOrBefore",
                        "operand" : [ {
                           "locator" : "62:51-62:56",
                           "type" : "Start",
                           "operand" : {
                              "localId" : "84",
                              "locator" : "62:11-62:49",
                              "path" : "relevantPeriod",
                              "scope" : "PneumococcalVaccineGiven",
                              "type" : "Property"
                           }
                        }, {
                           "localId" : "86",
                           "locator" : "62:71-62:97",
                           "type" : "End",
                           "operand" : {
                              "localId" : "85",
                              "locator" : "62:78-62:97",
                              "name" : "Measurement Period",
                              "type" : "ParameterRef"
                           }
                        } ]
                     }
                  }
               } ]
            }
         }, {
            "localId" : "94",
            "locator" : "65:1-66:22",
            "name" : "Denominator Exclusions",
            "context" : "Patient",
            "accessLevel" : "Public",
            "annotation" : [ {
               "type" : "Annotation",
               "s" : {
                  "r" : "94",
                  "s" : [ {
                     "value" : [ "define ","\"Denominator Exclusions\"",":\n\t" ]
                  }, {
                     "r" : "93",
                     "s" : [ {
                        "r" : "92",
                        "s" : [ {
                           "value" : [ "Hospice" ]
                        } ]
                     }, {
                        "value" : [ "." ]
                     }, {
                        "r" : "93",
                        "s" : [ {
                           "value" : [ "\"Has Hospice\"" ]
                        } ]
                     } ]
                  } ]
               }
            } ],
            "expression" : {
               "localId" : "93",
               "locator" : "66:2-66:22",
               "name" : "Has Hospice",
               "libraryName" : "Hospice",
               "type" : "ExpressionRef"
            }
         } ]
      }
   }
}