<?xml version="1.0" encoding="UTF-8" standalone="yes"?>
<QualityMeasureDocument xmlns="urn:hl7-org:v3" xmlns:cql-ext="urn:hhs-cql:hqmf-n1-extensions:v1"
                        xmlns:xsi="http://www.w3.org/2001/XMLSchema-instance">
         
      <!--
			**************************************************************
			Measure Details Section
			**************************************************************
		-->
         
      <typeId extension="POQM_HD000001UV02" root="2.16.840.1.113883.1.3"/>
   <templateId>
      <item extension="2019-05-01" root="2.16.840.1.113883.10.20.28.1.2"/>
   </templateId>
   <id root="2c928085-7198-38ee-0171-9995e1f90412"/>
   <code code="57024-2" codeSystem="2.16.840.1.113883.6.1">
      <displayName value="Health Quality Measure Document"/>
   </code>
   <title
          value="Preventive Care and Screening: Body Mass Index (BMI) Screening and Follow-Up Plan"/>
   <text
         value="Percentage of patients aged 18 years and older with a BMI documented during the current encounter or within the previous twelve months AND who had a follow-up plan documented if most recent BMI was outside of normal parameters"/>
   <statusCode code="COMPLETED"/>
   <setId root="9a031bb8-3d9b-11e1-8634-00237d5bf174"/>
   <versionNumber value="9.3.000"/>
   <author>
      <responsibleParty classCode="ASSIGNED">
         <representedResponsibleOrganization classCode="ORG" determinerCode="INSTANCE">
            <id>
               <item root="83e9797c-adec-4446-8c35-3ffd5d981c66"/>
            </id>
            <name>
               <item>
                  <part value="PCPI(R) Foundation (PCPI[R])"/>
               </item>
            </name>
         </representedResponsibleOrganization>
      </responsibleParty>
   </author>
   <custodian>
      <responsibleParty classCode="ASSIGNED">
         <representedResponsibleOrganization classCode="ORG" determinerCode="INSTANCE">
            <id>
               <item root="93"/>
            </id>
            <name>
               <item>
                  <part value="Centers for Medicare &amp; Medicaid Services (CMS)"/>
               </item>
            </name>
         </representedResponsibleOrganization>
      </responsibleParty>
   </custodian>
   <!--Payer-->
     	 <definition>
      <valueSet classCode="OBS" moodCode="DEF">
         <id root="2.16.840.1.114222.4.11.3591"/>
         <title value="Payer"/>
      </valueSet>
   </definition>
   <!--ONC Administrative Sex-->
     	 <definition>
      <valueSet classCode="OBS" moodCode="DEF">
         <id root="2.16.840.1.113762.1.4.1"/>
         <title value="ONC Administrative Sex"/>
      </valueSet>
   </definition>
   <!--Hospice Care Ambulatory-->
     	 <definition>
      <valueSet classCode="OBS" moodCode="DEF">
         <id root="2.16.840.1.113883.3.526.3.1584"/>
         <title value="Hospice Care Ambulatory"/>
      </valueSet>
   </definition>
   <!--Medications for Above Normal BMI-->
     	 <definition>
      <valueSet classCode="OBS" moodCode="DEF">
         <id root="2.16.840.1.113883.3.526.3.1561"/>
         <title value="Medications for Above Normal BMI"/>
      </valueSet>
   </definition>
   <!--Pregnancy or Other Related Diagnoses-->
     	 <definition>
      <valueSet classCode="OBS" moodCode="DEF">
         <id root="2.16.840.1.113883.3.600.1.1623"/>
         <title value="Pregnancy or Other Related Diagnoses"/>
      </valueSet>
   </definition>
   <!--Ethnicity-->
     	 <definition>
      <valueSet classCode="OBS" moodCode="DEF">
         <id root="2.16.840.1.114222.4.11.837"/>
         <title value="Ethnicity"/>
      </valueSet>
   </definition>
   <!--Encounter to Evaluate BMI-->
     	 <definition>
      <valueSet classCode="OBS" moodCode="DEF">
         <id root="2.16.840.1.113883.3.600.1.1751"/>
         <title value="Encounter to Evaluate BMI"/>
      </valueSet>
   </definition>
   <!--Palliative or Hospice Care-->
     	 <definition>
      <valueSet classCode="OBS" moodCode="DEF">
         <id root="2.16.840.1.113883.3.600.1.1579"/>
         <title value="Palliative or Hospice Care"/>
      </valueSet>
   </definition>
   <!--Race-->
     	 <definition>
      <valueSet classCode="OBS" moodCode="DEF">
         <id root="2.16.840.1.114222.4.11.836"/>
         <title value="Race"/>
      </valueSet>
   </definition>
   <!--Referrals Where Weight Assessment May Occur-->
     	 <definition>
      <valueSet classCode="OBS" moodCode="DEF">
         <id root="2.16.840.1.113883.3.600.1.1527"/>
         <title value="Referrals Where Weight Assessment May Occur"/>
      </valueSet>
   </definition>
   <!--Medications for Below Normal BMI-->
     	 <definition>
      <valueSet classCode="OBS" moodCode="DEF">
         <id root="2.16.840.1.113883.3.526.3.1562"/>
         <title value="Medications for Below Normal BMI"/>
      </valueSet>
   </definition>
   <!--Follow Up for Above Normal BMI-->
     	 <definition>
      <valueSet classCode="OBS" moodCode="DEF">
         <id root="2.16.840.1.113883.3.600.1.1525"/>
         <title value="Follow Up for Above Normal BMI"/>
      </valueSet>
   </definition>
   <!--Follow Up for Below Normal BMI-->
     	 <definition>
      <valueSet classCode="OBS" moodCode="DEF">
         <id root="2.16.840.1.113883.3.600.1.1528"/>
         <title value="Follow Up for Below Normal BMI"/>
      </valueSet>
   </definition>
   <!--Medical Reason-->
     	 <definition>
      <valueSet classCode="OBS" moodCode="DEF">
         <id root="2.16.840.1.113883.3.526.3.1007"/>
         <title value="Medical Reason"/>
      </valueSet>
   </definition>
   <!--Overweight or Obese-->
     	 <definition>
      <valueSet classCode="OBS" moodCode="DEF">
         <id root="2.16.840.1.113762.1.4.1047.502"/>
         <title value="Overweight or Obese"/>
      </valueSet>
   </definition>
   <!--Patient Declined-->
     	 <definition>
      <valueSet classCode="OBS" moodCode="DEF">
         <id root="2.16.840.1.113883.3.526.3.1582"/>
         <title value="Patient Declined"/>
      </valueSet>
   </definition>
   <!--Birth date-CODE:/CodeSystem/LOINC/Version/2.65/Code/21112-8/Info-->
      <definition>
      <cql-ext:code code="21112-8" codeSystem="2.16.840.1.113883.6.1" codeSystemName="LOINC">
         <displayName value="Birth date"/>
      </cql-ext:code>
   </definition>
   <!--Body mass index (BMI) [Ratio]-CODE:/CodeSystem/LOINC/Version/2.63/Code/39156-5/Info-->
      <definition>
      <cql-ext:code code="39156-5" codeSystem="2.16.840.1.113883.6.1" codeSystemName="LOINC">
         <displayName value="Body mass index (BMI) [Ratio]"/>
      </cql-ext:code>
   </definition>
   <!--Encounter for palliative care-CODE:/CodeSystem/ICD10CM/Version/2017/Code/Z51.5/Info-->
      <definition>
      <cql-ext:code code="Z51.5" codeSystem="2.16.840.1.113883.6.90" codeSystemName="ICD10CM">
         <displayName value="Encounter for palliative care"/>
      </cql-ext:code>
   </definition>
   <!--Underweight (finding)-CODE:/CodeSystem/SNOMEDCT/Version/2019-09/Code/248342006/Info-->
      <definition>
      <cql-ext:code code="248342006" codeSystem="2.16.840.1.113883.6.96" codeSystemName="SNOMEDCT">
         <displayName value="Underweight (finding)"/>
      </cql-ext:code>
   </definition>
   <relatedDocument typeCode="COMP">
      <expressionDocument>
         <id root="3DD02C7A-A1E2-4C63-9463-DCF5FF775B50"/>
         <text mediaType="text/cql">
            <reference value="https://emeasuretool.cms.gov/libraries/9a031bb8-3d9b-11e1-8634-00237d5bf174/PCSBMIScreenAndFollowUp-9.3.000.cql"/>
            <translation mediaType="application/elm+xml">
               <reference value="https://emeasuretool.cms.gov/libraries/9a031bb8-3d9b-11e1-8634-00237d5bf174/PCSBMIScreenAndFollowUp-9.3.000.xml"/>
            </translation>
            <translation mediaType="application/elm+json">
               <reference value="https://emeasuretool.cms.gov/libraries/9a031bb8-3d9b-11e1-8634-00237d5bf174/PCSBMIScreenAndFollowUp-9.3.000.json"/>
            </translation>
         </text>
         <setId extension="9a031bb8-3d9b-11e1-8634-00237d5bf174"
                identifierName="PCSBMIScreenAndFollowUp"
                root="https://emeasuretool.cms.gov/libraries"/>
         <versionNumber value="9.3.000"/>
      </expressionDocument>
   </relatedDocument>
   <relatedDocument typeCode="COMP">
      <expressionDocument>
         <id root="402803826cd4f54a016cde28210f096b"/>
         <text mediaType="text/cql">
            <reference value="https://emeasuretool.cms.gov/libraries/8bdc0a19-b210-4a58-8a07-f5d95a34eca9/MATGlobalCommonFunctions-5.0.000.cql"/>
            <translation mediaType="application/elm+xml">
               <reference value="https://emeasuretool.cms.gov/libraries/8bdc0a19-b210-4a58-8a07-f5d95a34eca9/MATGlobalCommonFunctions-5.0.000.xml"/>
            </translation>
            <translation mediaType="application/elm+json">
               <reference value="https://emeasuretool.cms.gov/libraries/8bdc0a19-b210-4a58-8a07-f5d95a34eca9/MATGlobalCommonFunctions-5.0.000.json"/>
            </translation>
         </text>
         <setId extension="8bdc0a19-b210-4a58-8a07-f5d95a34eca9"
                identifierName="MATGlobalCommonFunctions"
                root="https://emeasuretool.cms.gov/libraries"/>
         <versionNumber value="5.0.000"/>
      </expressionDocument>
   </relatedDocument>
   <controlVariable>
      <measurePeriod>
         <id extension="measureperiod" root="44594315-8aab-4cdb-91e4-62331dc8e574"/>
         <code code="MSRTP" codeSystem="2.16.840.1.113883.5.4">
            <originalText value="Measurement Period"/>
         </code>
         <value xsi:type="PIVL_TS">
            <phase highClosed="true" lowClosed="true">
               <low value="20200101"/>
               <width unit="a" value="1" xsi:type="PQ"/>
            </phase>
            <period unit="a" value="1"/>
         </value>
      </measurePeriod>
   </controlVariable>
   <subjectOf>
      <measureAttribute>
         <code nullFlavor="OTH">
            <originalText value="eCQM Identifier (Measure Authoring Tool)"/>
         </code>
         <value mediaType="text/plain" value="69" xsi:type="ED"/>
      </measureAttribute>
   </subjectOf>
   <subjectOf>
      <measureAttribute>
         <code nullFlavor="OTH">
            <originalText value="NQF Number"/>
         </code>
         <value mediaType="text/plain" value="Not Applicable" xsi:type="ED"/>
      </measureAttribute>
   </subjectOf>
   <subjectOf>
      <measureAttribute>
         <code code="COPY" codeSystem="2.16.840.1.113883.5.4">
            <displayName value="Copyright"/>
         </code>
         <value mediaType="text/plain"
                value="Limited proprietary coding is contained in the measure specifications for convenience. Users of the proprietary code sets should obtain all necessary licenses from the owners of these code sets. PCPI disclaims all liability for use or accuracy of any Current Procedural Terminology (CPT[R]) or other coding contained in the specifications.&#xA;&#xA;CPT(R) contained in the Measure specifications is copyright 2004-2019 American Medical Association. LOINC(R) is copyright 2004-2019 Regenstrief Institute, Inc. This material contains SNOMED Clinical Terms(R) (SNOMED CT[R]) copyright 2004-2019 International Health Terminology Standards Development Organisation. ICD-10 is copyright 2019 World Health Organization. All Rights Reserved."
                xsi:type="ED"/>
      </measureAttribute>
   </subjectOf>
   <subjectOf>
      <measureAttribute>
         <code code="DISC" codeSystem="2.16.840.1.113883.5.4">
            <displayName value="Disclaimer"/>
         </code>
         <value mediaType="text/plain"
                value="These performance measures are not clinical guidelines and do not establish a standard of medical care, and have not been tested for all potential applications.&#xA;&#xA;THE MEASURES AND SPECIFICATIONS ARE PROVIDED &quot;AS IS&quot; WITHOUT WARRANTY OF ANY KIND.&#xA;&#xA;Due to technical limitations, registered trademarks are indicated by (R) or [R]."
                xsi:type="ED"/>
      </measureAttribute>
   </subjectOf>
   <subjectOf>
      <measureAttribute>
         <code code="MSRSCORE" codeSystem="2.16.840.1.113883.5.4">
            <displayName value="Measure Scoring"/>
         </code>
         <value code="PROPOR" codeSystem="2.16.840.1.113883.5.1063" xsi:type="CD">
            <displayName value="Proportion"/>
         </value>
      </measureAttribute>
   </subjectOf>
   <subjectOf>
      <measureAttribute>
         <code code="MSRTYPE" codeSystem="2.16.840.1.113883.5.4">
            <displayName value="Measure Type"/>
         </code>
         <value code="PROCESS" codeSystem="2.16.840.1.113883.5.1063" xsi:type="CD">
            <displayName value="PROCESS"/>
         </value>
      </measureAttribute>
   </subjectOf>
   <subjectOf>
      <measureAttribute>
         <code code="STRAT" codeSystem="2.16.840.1.113883.5.4">
            <displayName value="Stratification"/>
         </code>
         <value mediaType="text/plain" value="None" xsi:type="ED"/>
      </measureAttribute>
   </subjectOf>
   <subjectOf>
      <measureAttribute>
         <code code="MSRADJ" codeSystem="2.16.840.1.113883.5.4">
            <displayName value="Risk Adjustment"/>
         </code>
         <value mediaType="text/plain" value="None" xsi:type="ED"/>
      </measureAttribute>
   </subjectOf>
   <subjectOf>
      <measureAttribute>
         <code code="MSRAGG" codeSystem="2.16.840.1.113883.5.4">
            <displayName value="Rate Aggregation"/>
         </code>
         <value mediaType="text/plain" value="None" xsi:type="ED"/>
      </measureAttribute>
   </subjectOf>
   <subjectOf>
      <measureAttribute>
         <code code="RAT" codeSystem="2.16.840.1.113883.5.4">
            <displayName value="Rationale"/>
         </code>
         <value mediaType="text/plain"
                value="BMI Above Normal Parameters&#xA;&#xA;Obesity is a chronic, multifactorial disease with complex psychological, environmental (social and cultural), genetic, physiologic, metabolic and behavioral causes and consequences. The prevalence of overweight and obese people is increasing worldwide at an alarming rate in both developing and developed countries. Environmental and behavioral changes brought about by economic development, modernization and urbanization have been linked to the rise in global obesity. The health consequences are becoming apparent (Fitch, 2013).&#xA;&#xA;Hales et al. (2017), report that the prevalence of obesity among adults and youth in the United States was 39.8% and 18.5% respectively, from 2015-2016. They note that obesity prevalence was higher among adults in the 40-59 age bracket than those in the 20-39 age bracket, for both men and women. Hales et al. (2017) also disaggregated the data according to ethnicity and noted that obesity prevalence was higher among non-Hispanic black and Hispanic adults and youth when compared with other races ethnicities. While obesity prevalence was lower among non-Hispanic Asian men and women, obesity prevalence among men, was comparable between non-Hispanic black and non-Hispanic white men. Obesity prevalence was higher among Hispanic men compared with non-Hispanic black men. While the prevalence among non-Hispanic black and Hispanic women was comparable, the prevalence for both groups was higher than that of non-Hispanic white women. Most notably, Hales et al. (2017), report that the prevalence of obesity in the United States remains higher than the Healthy People 2020 goals of 14.5% among youth and 30.5% among adults.&#xA;&#xA;More than a third of U.S. adults have a body mass index [BMI] &gt;= 30 kg/m2; substantially at increased risk for diabetes and cardiovascular disease (CVD) (Flegal et al., 2012; Ogden et al., 2014). Behavioral weight management treatment has been identified as an effective first-line treatment for obesity with an average initial weight loss of eight to ten percent. This percentage weight loss is associated with a significant risk reduction for diabetes and CVD (Wadden, Butryn &amp; Wilson, 2007). Despite the availability of effective interventions, two-thirds of obese U.S. patients were not offered or referred to weight management treatment during their primary care visit between 2005 and 2006, (Ma et al., 2009). In addition, the rate of weight management counseling in primary care significantly decreased by ten percent (40% to 30%) between 1995-1996 and 2007-2008 (Kraschnewski et al., 2013). This suggests that the availability of evidence based clinical guidelines since 2008 obesity management in primary care remains suboptimal (Fitzpatrick &amp; Stevens, 2017).&#xA;&#xA;BMI continues to be a common and reasonably reliable measurement to identify overweight and obese adults who may be at an increased risk for future morbidity. Although good quality evidence supports obtaining a BMI, it is important to recognize it is not a perfect measurement. BMI is not a direct measure of adiposity and as a consequence it can over or underestimate adiposity. BMI is a derived value that correlates well with total body fat and markers of secondary complications, e.g., hypertension and dyslipidemia (Barlow &amp; the Expert Committee, 2007).&#xA;&#xA;In contrast with waist circumference, BMI and its associated disease and mortality risk appear to vary among ethnic subgroups. Female African American populations appear to have the lowest mortality risk at a BMI of 26.2-28.5 kg/m2 and 27.1-30.2 kg/m2 for women and men, respectively. In contrast, Asian populations may experience lowest mortality rates starting at a BMI of 23 to 24 kg/m2. The correlation between BMI and diabetes risk also varies by ethnicity (LeBlanc et al., 2011, pp. 2-3).    &#xA;&#xA;Screening for BMI and follow-up therefore is critical to closing this gap and contributes to quality goals of population health and cost reduction. However, due to concerns for other underlying conditions (such as bone health) or nutrition related deficiencies providers are cautioned to use clinical judgment and take these into account when considering weight management programs for overweight patients, especially the elderly (National Heart, Lung, and Blood Institute [NHLBI] Obesity Education Initiative, 1998, p. 91).&#xA;&#xA;It is important to enhance beneficiary access to all existing providers of Intensive Behavioral Therapy for obesity (IBT) which would result in decreased healthcare costs and lower obesity rates. Dietary counseling performed by a Registered Dietitian Nutritionist (RDN) is more effective than by a primary care clinician. IBT provided by RDNs for 6-12 months shows significant mean weight loss of up to 10% of body weight, maintained over one year’s time (Raynor &amp; Champagne, 2016). &#xA;&#xA;BMI below Normal Parameters &#xA;&#xA;On the other end of the body weight spectrum is underweight (BMI &lt; 18.5 kg/m2), which is equally detrimental to population health. When compared to normal weight individuals (BMI 18.5-25 kg/m2), underweight individuals have significantly higher death rates with a Hazard Ratio of 2.27 and 95% confidence intervals (CI) = 1.78, 2.90 (Borrell &amp; Lalitha, 2014). &#xA;&#xA;Poor nutrition or underlying health conditions can result in underweight (Fryar &amp; Ogden, 2012). The National Health and Nutrition Examination Survey (NHANES) results from the 2007-2010 indicate that women are more likely to be underweight than men. Therefore patients should be equally screened for underweight and followed up with nutritional counselling to reduce mortality and morbidity associated with underweight."
                xsi:type="ED"/>
      </measureAttribute>
   </subjectOf>
   <subjectOf>
      <measureAttribute>
         <code code="CRS" codeSystem="2.16.840.1.113883.5.4">
            <displayName value="Clinical Recommendation Statement"/>
         </code>
         <value mediaType="text/plain"
                value="All adults should be screened annually using a BMI measurement. BMI measurements &gt;= 25 kg/m2 should be used to initiate further evaluation of overweight or obesity after taking into account age, gender, ethnicity, fluid status, and muscularity; therefore, clinical evaluation and judgment must be used when BMI is employed as the anthropometric indicator of excess adiposity, particularly in athletes and those with sarcopenia (Garvey et al., 2016 AACE/ACE Guidelines, 2016, pp. 12-13) (Grade A).&#xA;&#xA;Overweight and Underweight Categories:&#xA;Underweight &lt; 18.5; Normal weight 18.5-24.9; Overweight 25-29.9; Obese class I 30-34.9; Obese class II 35-39.9; Obese class III &gt;= 40 (Garvey et al., 2016 AACE/ACE Guidelines, 2016, p. 15).&#xA;&#xA;BMI cutoff point value of &gt;= 23 kg/m2 should be used in the screening and confirmation of excess adiposity in Asian adults (Garvey et al., 2016 AACE/ACE Guidelines, 2016, p. 13) (Grade B).  &#xA;&#xA;Lifestyle/Behavioral Therapy for Overweight and Obesity should include behavioral interventions that enhance adherence to prescriptions for a reduced-calorie meal plan and increased physical activity (behavioral interventions can include: self-monitoring of weight, food intake, and physical activity; clear and reasonable goal-setting; education pertaining to obesity, nutrition, and physical activity; face-to-face and group meetings; stimulus control; systematic approaches for problem solving; stress reduction; cognitive restructuring [i.e., cognitive behavioral therapy], motivational interviewing; behavioral contracting; psychological counseling; and mobilization of social support structures) (Garvey et al., 2016 AACE/ACE Guidelines, 2016, p. 22) (Grade A).&#xA;&#xA;Behavioral lifestyle intervention should be tailored to a patient's ethnic, cultural, socioeconomic, and educational background (Garvey et al., 2016 AACE/ACE Guidelines, 2016, p. 22) (Grade B).&#xA;&#xA;The USPSTF recommends that clinicians offer or refer adults with a body mass index (BMI) of 30 kg/m2 or higher  to intensive, multicomponent behavioral interventions  (USPSTF, 2018) (Grade B).&#xA;&#xA;Interventions:&#xA;- Effective intensive behavioral interventions were designed to help participants achieve or maintain a &gt;= 5% weight loss through a combination of dietary changes and increased physical activity&#xA;- Most interventions lasted for 1 to 2 years, and the majority had &gt;= 12 sessions in the first year &#xA;- Most behavioral interventions focused on problem solving to identify barriers, self-monitoring of weight, peer support, and relapse prevention&#xA;- Interventions also provided tools to support weight loss or weight loss maintenance (e.g., pedometers, food scales, or exercise videos) (USPSTF, 2018)&#xA;&#xA;Nutritional safety for the elderly should be considered when recommending weight reduction. &quot;A clinical decision to forego obesity treatment in older adults should be guided by an evaluation of the potential benefits of weight reduction for day-to-day functioning and reduction of the risk of future cardiovascular events, as well as the patient's motivation for weight reduction. Care must be taken to ensure that any weight reduction program minimizes the likelihood of adverse effects on bone health or other aspects of nutritional status&quot; (NHLBI Obesity Education Initiative, 1998, p. 91) (Evidence Category D). In addition, weight reduction prescriptions in older persons should be accompanied by proper nutritional counseling and regular body weight monitoring (NHLBI Obesity Education Initiative, 1998, p. 91).&#xA;&#xA;The possibility that a standard approach to weight loss will work differently in diverse patient populations must be considered when setting expectations about treatment outcomes (NHLBI Obesity Education Initiative, 1998, p. 97) (Evidence Category B)."
                xsi:type="ED"/>
      </measureAttribute>
   </subjectOf>
   <subjectOf>
      <measureAttribute>
         <code code="IDUR" codeSystem="2.16.840.1.113883.5.4">
            <displayName value="Improvement Notation"/>
         </code>
         <value mediaType="text/plain" value="Higher score indicates better quality"
                xsi:type="ED"/>
      </measureAttribute>
   </subjectOf>
   <subjectOf>
      <measureAttribute>
         <code code="REF" codeSystem="2.16.840.1.113883.5.4">
            <displayName value="Reference"/>
         </code>
         <value mediaType="text/plain"
                value="Barlow, S. E., &amp; the Expert Committee. (2007). Expert committee recommendations regarding the prevention, assessment, and treatment of child and adolescent overweight and obesity: Summary report. Pediatrics, 120(Suppl. 4), S164-S192. doi:10.1542/peds.2007-2329C"
                xsi:type="ED"/>
      </measureAttribute>
   </subjectOf>
   <subjectOf>
      <measureAttribute>
         <code code="REF" codeSystem="2.16.840.1.113883.5.4">
            <displayName value="Reference"/>
         </code>
         <value mediaType="text/plain"
                value="Borrell, L. N., &amp; Samuel, L. (2014). Body mass index categories and mortality risk in U.S. adults: The effect of overweight and obesity on advancing death. American Journal of Public Health, 104(3), 512-519. doi:10.2105/AJPH.2013.301597"
                xsi:type="ED"/>
      </measureAttribute>
   </subjectOf>
   <subjectOf>
      <measureAttribute>
         <code code="REF" codeSystem="2.16.840.1.113883.5.4">
            <displayName value="Reference"/>
         </code>
         <value mediaType="text/plain"
                value="Centers for Disease Control and Prevention (CDC). (2012). National Health and Nutrition Examination Survey (NHANES). Prevalence of underweight among adults aged 20 and over:&#xA;United States, 1960–1962 Through 2011–2012. Retrieved from https://www.cdc.gov/nchs/data/hestat/underweight_adult_11_12/underweight_adult_11_12.htm"
                xsi:type="ED"/>
      </measureAttribute>
   </subjectOf>
   <subjectOf>
      <measureAttribute>
         <code code="REF" codeSystem="2.16.840.1.113883.5.4">
            <displayName value="Reference"/>
         </code>
         <value mediaType="text/plain"
                value="Diehr, P., O’Meara, E. S., Fitzpatrick A., Newman, A. B., Kuller, L., Burke, G. (2008). Weight, mortality, years of healthy life, and active life expectancy in older adults. Journal of the American Geriatrics Society, 56(1), 76-83. doi:10.1111/j.1532-5415.01500.x"
                xsi:type="ED"/>
      </measureAttribute>
   </subjectOf>
   <subjectOf>
      <measureAttribute>
         <code code="REF" codeSystem="2.16.840.1.113883.5.4">
            <displayName value="Reference"/>
         </code>
         <value mediaType="text/plain"
                value="Donini, L. M., Savina, C., Gennaro, E., De Felice, M. R., Rosano, A., Pandolfo, M. M., Del Balzo, V., …Chumlea, W. C. et al. (2012). A systematic review of the literature concerning the relationship between obesity and mortality in the elderly. The Journal of Nutrition, Health &amp; Aging, 16(1), 89-98. doi:10.1007/s12603-011-0073-x"
                xsi:type="ED"/>
      </measureAttribute>
   </subjectOf>
   <subjectOf>
      <measureAttribute>
         <code code="REF" codeSystem="2.16.840.1.113883.5.4">
            <displayName value="Reference"/>
         </code>
         <value mediaType="text/plain"
                value="Flegal, K. M., Carroll, M. D., Kit, B. K., &amp; Ogden, C. L. (2012). Prevalence of obesity and trends in the distribution of body mass index among U. S. adults, 1999-2010. JAMA, 307(5), 491-497. doi.10.1001/jama.2012.39"
                xsi:type="ED"/>
      </measureAttribute>
   </subjectOf>
   <subjectOf>
      <measureAttribute>
         <code code="REF" codeSystem="2.16.840.1.113883.5.4">
            <displayName value="Reference"/>
         </code>
         <value mediaType="text/plain"
                value="Fitch, A., Everling, L., Fox, C.,Goldberg, J., Heim, C., Johnson, K., …Webb, B. (2013, May). Prevention and management of obesity for adults. Bloomington, MN: Institute for Clinical Systems Improvement."
                xsi:type="ED"/>
      </measureAttribute>
   </subjectOf>
   <subjectOf>
      <measureAttribute>
         <code code="REF" codeSystem="2.16.840.1.113883.5.4">
            <displayName value="Reference"/>
         </code>
         <value mediaType="text/plain"
                value="Fitzpatrick, S. L., &amp; Stevens, V. J. (2017, June 1). Adult obesity management in primary care, 2008-2013. Preventive Medicine, 99, 128-133. Retrieved from http://dx.doi.org/10.1016/j.ypmed.2017.02.020 doi:10.1016.j.ypmed.2017.01.020"
                xsi:type="ED"/>
      </measureAttribute>
   </subjectOf>
   <subjectOf>
      <measureAttribute>
         <code code="REF" codeSystem="2.16.840.1.113883.5.4">
            <displayName value="Reference"/>
         </code>
         <value mediaType="text/plain"
                value="Fryar, C. D., &amp; Ogden, C. L. (2012). Prevalence of underweight among adults aged 20 and over: United States, 1960-1962 through 2007-2010. Hyattsville, MD: NCHS, Division of Health and Nutrition Examination Surveys. Retrieved from http://www.cdc.gov/nchs/data/hestat/underweight_adult_07_10/underweight_adult_07_10.pdf"
                xsi:type="ED"/>
      </measureAttribute>
   </subjectOf>
   <subjectOf>
      <measureAttribute>
         <code code="REF" codeSystem="2.16.840.1.113883.5.4">
            <displayName value="Reference"/>
         </code>
         <value mediaType="text/plain"
                value="Garvey, W. T., Mechanick, J. I., Brett, E. M., Garber, A. J., Hurley, D. L., Jastrebodd. A. M., …and Reviewers of the AACE/ACE Obesity Clinical Practice Guidelines. (2016). American Association of Clinical Endocrinologists and American College of Endocrinology comprehensive clinical practice guidelines for medical care of patients with obesity. Endocrine Practice, 22(Suppl. 3), 1-203. doi:10.4158/EP161365GL"
                xsi:type="ED"/>
      </measureAttribute>
   </subjectOf>
   <subjectOf>
      <measureAttribute>
         <code code="REF" codeSystem="2.16.840.1.113883.5.4">
            <displayName value="Reference"/>
         </code>
         <value mediaType="text/plain"
                value="Hales, C. M., Carroll, M. D., Fryar, C. D., et al. (2017, October). Prevalence of obesity among adults and youth: United States, 2015-2016. NCHS Data Brief No. 288. Retrieved from https://www.cdc.gov/nchs/products/databriefs/db288.htm"
                xsi:type="ED"/>
      </measureAttribute>
   </subjectOf>
   <subjectOf>
      <measureAttribute>
         <code code="REF" codeSystem="2.16.840.1.113883.5.4">
            <displayName value="Reference"/>
         </code>
         <value mediaType="text/plain"
                value="Holme, I., &amp; Tonstad, S. (2015). Survival in elderly men in relation to midlife and current BMI. Age and Ageing, 44(3), 434-439."
                xsi:type="ED"/>
      </measureAttribute>
   </subjectOf>
   <subjectOf>
      <measureAttribute>
         <code code="REF" codeSystem="2.16.840.1.113883.5.4">
            <displayName value="Reference"/>
         </code>
         <value mediaType="text/plain"
                value="LeBlanc, E., O’Connor, E., Whitlock, E. P., et al. (2011). Screening for and management of obesity and overweight in adults (Evidence Report No. 89; AHRQ Publication No. 11-05159-EF-1). Rockville, MD: Agency for Healthcare Research and Quality."
                xsi:type="ED"/>
      </measureAttribute>
   </subjectOf>
   <subjectOf>
      <measureAttribute>
         <code code="REF" codeSystem="2.16.840.1.113883.5.4">
            <displayName value="Reference"/>
         </code>
         <value mediaType="text/plain"
                value="Kraschnewski, J. L., Sciamanna, C. N, Stuckey, H. L., et al. (2013, February). A silent response to the obesity epidemic: Decline in US physician weight counseling, 51 (2). Retrieved from http://prowellness.vmhost.psu.edu/wp-content/uploads/obesity_epidemic.pdf"
                xsi:type="ED"/>
      </measureAttribute>
   </subjectOf>
   <subjectOf>
      <measureAttribute>
         <code code="REF" codeSystem="2.16.840.1.113883.5.4">
            <displayName value="Reference"/>
         </code>
         <value mediaType="text/plain"
                value="NHLBI Obesity Education Initiative. (1998). Clinical guidelines on the identification, evaluation, and treatment of overweight and obesity in adults (Report No. 98-4083). Bethesda, MD: NHLBI."
                xsi:type="ED"/>
      </measureAttribute>
   </subjectOf>
   <subjectOf>
      <measureAttribute>
         <code code="REF" codeSystem="2.16.840.1.113883.5.4">
            <displayName value="Reference"/>
         </code>
         <value mediaType="text/plain"
                value="Ogden, C.L., Carroll, M.D., Fryar, C.D., Flegal, K.M. (2015). Prevalence of obesity among adults and youth: United States, 2011–2014. NCHS data brief, no 219. Hyattsville, MD: National Center for Health Statistics. Retrieved from https://www.cdc.gov/nchs/data/databriefs/db219.pdf"
                xsi:type="ED"/>
      </measureAttribute>
   </subjectOf>
   <subjectOf>
      <measureAttribute>
         <code code="REF" codeSystem="2.16.840.1.113883.5.4">
            <displayName value="Reference"/>
         </code>
         <value mediaType="text/plain"
                value="Raynor, H. A., &amp; Champagne, C. M. (2016). Position of the Academy of Nutrition and Dietetics: Interventions for the treatment of overweight and obesity in adults. Journal of the Academy of Nutrition and Dietetics, 116(1), 129-147. doi:10.1016/jand.2015.10.031"
                xsi:type="ED"/>
      </measureAttribute>
   </subjectOf>
   <subjectOf>
      <measureAttribute>
         <code code="REF" codeSystem="2.16.840.1.113883.5.4">
            <displayName value="Reference"/>
         </code>
         <value mediaType="text/plain"
                value="U.S. Preventive Services Task Force. (2018). Behavioral weight loss interventions to prevent obesity-related morbidity and mortality in adults: U.S. Preventive Services Task Force recommendation statement. JAMA, 320(11), 1163–1171. doi:10.1001/jama.2018.13022"
                xsi:type="ED"/>
      </measureAttribute>
   </subjectOf>
   <subjectOf>
      <measureAttribute>
         <code code="REF" codeSystem="2.16.840.1.113883.5.4">
            <displayName value="Reference"/>
         </code>
         <value mediaType="text/plain"
                value="Wadden, T. A, Butryn, M. L., Wilson, C. (2007). Lifestyle modification for the management of obesity. Gastroenterology, 132 (6), 2226-2238. doi: 10.1053/j.gastro.2007.03.051"
                xsi:type="ED"/>
      </measureAttribute>
   </subjectOf>
   <subjectOf>
      <measureAttribute>
         <code code="DEF" codeSystem="2.16.840.1.113883.5.4">
            <displayName value="Definition"/>
         </code>
         <value mediaType="text/plain"
                value="Normal BMI Parameters:  Age 18 years and older BMI &gt;= 18.5 and &lt; 25 kg/m2&#xA;&#xA;BMI- Body mass index (BMI) is a number calculated using the Quetelet index: weight divided by height squared (W/H2) and is commonly used to classify weight categories. BMI can be calculated using:&#xA;&#xA;Metric Units:  BMI = Weight (kg) / (Height (m) x Height (m))    &#xA;OR             &#xA;English Units:  BMI = Weight (lbs.) / (Height (in) x Height (in)) x 703&#xA;&#xA;Follow-Up Plan - Proposed outline of treatment to be conducted as a result of a BMI out of normal parameters. A follow-up plan may include, but is not limited to: documentation of education, referral (for example a Registered Dietitian Nutritionist (RDN), occupational therapist, physical therapist, primary care provider, exercise physiologist, mental health professional, or surgeon) for lifestyle/behavioral therapy, pharmacological interventions, dietary supplements, exercise counseling and/or nutrition counseling"
                xsi:type="ED"/>
      </measureAttribute>
   </subjectOf>
   <subjectOf>
      <measureAttribute>
         <code code="GUIDE" codeSystem="2.16.840.1.113883.5.4">
            <displayName value="Guidance"/>
         </code>
         <value mediaType="text/plain"
                value="*  This eCQM is a patient-based measure. This measure is to be reported a minimum of once per reporting period for patients seen during the reporting period.&#xA;*  There is no diagnosis associated with this measure.&#xA;*  This measure may be reported by eligible professionals who perform the quality actions described in the measure based on the services provided at the time of the qualifying visit and the measure-specific denominator coding. &#xA;&#xA;BMI Measurement Guidance:&#xA;*  Height and Weight - An eligible professional or their staff is required to measure both height and weight. Both height and weight must be measured within twelve months of the current encounter and may be obtained from separate encounters. Self-reported values cannot be used.&#xA;*  The BMI may be documented in the medical record of the provider or in outside medical records obtained by the provider. &#xA;*  If the most recent documented BMI is outside of normal parameters, then a follow-up plan is documented during the encounter or during the previous twelve months of the current encounter. &#xA;*  If more than one BMI is reported during the measurement period, the most recent BMI will be used to determine if the performance has been met.&#xA;*  Review the exclusions and exceptions criteria to determine those patients that BMI measurement may not be appropriate or necessary. &#xA;&#xA;Follow-Up Plan Guidance: &#xA;&#xA; * The documented follow-up plan must be based on the most recent documented BMI, outside of normal parameters, example: &quot;Patient referred to nutrition counseling for BMI above or below normal parameters.&quot;&#xA;&#xA;(See Definitions for examples of follow-up plan treatments).&#xA;&#xA;Variation has been noted in studies exploring optimal BMI ranges for the elderly (see Donini et al., [2012]; Holme &amp; Tonstad [2015]; Diehr et al. [2008]). Notably however, all these studies have arrived at ranges that differ from the standard range for ages 18 and older, which is &gt;=18.5 and &lt; 25 kg/m2. For instance, both Donini et al. (2012) and Holme and Tonstad (2015) reported findings that suggest that higher BMI (higher than the upper end of 25kg/m2) in the elderly may be beneficial. Similarly, worse outcomes have been associated with being underweight (at a threshold higher than 18.5 kg/m2) at age 65 (Diehr et al. 2008). Because of optimal BMI range variation recommendations from these studies, no specific optimal BMI range for the elderly is used. However, it may be appropriate to exempt certain patients from a follow-up plan by applying the exception criteria. See denominator exception section for examples.&#xA;&#xA;This version of the eCQM uses QDM version 5.5.  Please refer to the eCQI resource center (https://ecqi.healthit.gov/qdm) for more information on the QDM."
                xsi:type="ED"/>
      </measureAttribute>
   </subjectOf>
   <subjectOf>
      <measureAttribute>
         <code code="TRANF" codeSystem="2.16.840.1.113883.5.4">
            <displayName value="Transmission Format"/>
         </code>
         <value mediaType="text/plain" value="TBD" xsi:type="ED"/>
      </measureAttribute>
   </subjectOf>
   <subjectOf>
      <measureAttribute>
         <code code="IPOP" codeSystem="2.16.840.1.113883.5.4">
            <displayName value="Initial Population"/>
         </code>
         <value mediaType="text/plain"
                value="All patients aged 18 and older on the date of the encounter with at least one eligible encounter during the measurement period"
                xsi:type="ED"/>
      </measureAttribute>
   </subjectOf>
   <subjectOf>
      <measureAttribute>
         <code code="DENOM" codeSystem="2.16.840.1.113883.5.4">
            <displayName value="Denominator"/>
         </code>
         <value mediaType="text/plain" value="Equals Initial Population" xsi:type="ED"/>
      </measureAttribute>
   </subjectOf>
   <subjectOf>
      <measureAttribute>
         <code code="DENEX" codeSystem="2.16.840.1.113883.5.4">
            <displayName value="Denominator Exclusions"/>
         </code>
         <value mediaType="text/plain"
                value="Patients who are pregnant &#xA;Patients receiving palliative or hospice care"
                xsi:type="ED"/>
      </measureAttribute>
   </subjectOf>
   <subjectOf>
      <measureAttribute>
         <code code="NUMER" codeSystem="2.16.840.1.113883.5.4">
            <displayName value="Numerator"/>
         </code>
         <value mediaType="text/plain"
                value="Patients with a documented BMI during the encounter or during the previous twelve months, AND when the BMI is outside of normal parameters, a follow-up plan is documented during the encounter or during the previous twelve months of the current encounter"
                xsi:type="ED"/>
      </measureAttribute>
   </subjectOf>
   <subjectOf>
      <measureAttribute>
         <code code="NUMEX" codeSystem="2.16.840.1.113883.5.4">
            <displayName value="Numerator Exclusions"/>
         </code>
         <value mediaType="text/plain" value="Not Applicable" xsi:type="ED"/>
      </measureAttribute>
   </subjectOf>
   <subjectOf>
      <measureAttribute>
         <code code="DENEXCEP" codeSystem="2.16.840.1.113883.5.4">
            <displayName value="Denominator Exceptions"/>
         </code>
         <value mediaType="text/plain"
                value="Patients with a documented medical reason for not documenting BMI or for not documenting a follow-up plan for a BMI outside normal parameters (e.g., elderly patients (65 or older) for whom weight reduction/weight gain would complicate other underlying health conditions such as illness or physical disability, mental illness, dementia, confusion, or nutritional deficiency such as vitamin/mineral deficiency; patients in an urgent or emergent medical situation where time is of the essence and to delay treatment would jeopardize the patient’s health status)&#xA;&#xA;Patients who refuse measurement of height and/or weight"
                xsi:type="ED"/>
      </measureAttribute>
   </subjectOf>
   <subjectOf>
      <measureAttribute>
         <code code="SDE" codeSystem="2.16.840.1.113883.5.4">
            <displayName value="Supplemental Data Elements"/>
         </code>
         <value mediaType="text/plain"
                value="For every patient evaluated by this measure also identify payer, race, ethnicity and sex"
                xsi:type="ED"/>
      </measureAttribute>
   </subjectOf>
   <componentOf>
      <qualityMeasureSet classCode="ACT">
         <id root=""/>
         <title value="None"/>
      </qualityMeasureSet>
   </componentOf>
   <!--Data Criteria Section-->
   <component>
      <dataCriteriaSection>
         <templateId>
            <item extension="2019-05-01" root="2.16.840.1.113883.10.20.28.2.6"/>
         </templateId>
         <code code="57025-9" codeSystem="2.16.840.1.113883.6.1"/>
         <title value="Data Criteria Section"/>
         <text/>
         <entry typeCode="DRIV">
            <localVariableName value="Payer_PatientCharacteristicPayer_8jKGH"/>
            <observationCriteria classCode="OBS" moodCode="EVN">
               <templateId>
                  <item extension="2017-05-01" root="2.16.840.1.113883.10.20.28.4.58"/>
               </templateId>
               <id extension="Payer_PatientCharacteristicPayer"
                   root="84f87cf9-e2fc-412e-84a1-ca137eda5d02"/>
               <code code="48768-6" codeSystem="2.16.840.1.113883.6.1" codeSystemName="LOINC">
                  <displayName value="Payer"/>
               </code>
               <title value="Patient Characteristic Payer"/>
               <statusCode code="COMPLETED"/>
               <value valueSet="2.16.840.1.114222.4.11.3591" xsi:type="CD"/>
            </observationCriteria>
         </entry>
         <entry typeCode="DRIV">
            <localVariableName value="ONCAdministrativeSex_PatientCharacteristicSex_pM5QK"/>
            <observationCriteria classCode="OBS" moodCode="EVN">
               <templateId>
                  <item extension="2017-05-01" root="2.16.840.1.113883.10.20.28.4.55"/>
               </templateId>
               <id extension="ONCAdministrativeSex_PatientCharacteristicSex"
                   root="79f35acf-8647-4ec9-8456-79e05be06667"/>
               <code code="263495000" codeSystem="2.16.840.1.113883.6.96" codeSystemName="SNOMED CT">
                  <displayName value="Gender"/>
               </code>
               <title value="Patient Characteristic Sex"/>
               <statusCode code="COMPLETED"/>
               <value valueSet="2.16.840.1.113762.1.4.1" xsi:type="CD"/>
            </observationCriteria>
         </entry>
         <entry typeCode="DRIV">
            <localVariableName value="HospiceCareAmbulatory_InterventionOrder_331Cy"/>
            <actCriteria classCode="ACT" moodCode="RQO">
               <templateId>
                  <item extension="2019-05-01" root="2.16.840.1.113883.10.20.28.4.35"/>
               </templateId>
               <id extension="HospiceCareAmbulatory_InterventionOrder"
                   root="71e2b999-ee68-4260-8d99-12da8e5d326b"/>
               <code valueSet="2.16.840.1.113883.3.526.3.1584"/>
               <title value="Intervention, Order"/>
               <statusCode code="ACTIVE"/>
            </actCriteria>
         </entry>
         <entry typeCode="DRIV">
            <localVariableName value="HospiceCareAmbulatory_InterventionPerformed_leuPM"/>
            <actCriteria classCode="ACT" moodCode="EVN">
               <templateId>
                  <item extension="2019-05-01" root="2.16.840.1.113883.10.20.28.4.36"/>
               </templateId>
               <id extension="HospiceCareAmbulatory_InterventionPerformed"
                   root="71e2b999-ee68-4260-8d99-12da8e5d326b"/>
               <code valueSet="2.16.840.1.113883.3.526.3.1584"/>
               <title value="Intervention, Performed"/>
               <statusCode code="COMPLETED"/>
            </actCriteria>
         </entry>
         <entry typeCode="DRIV">
            <localVariableName value="MedicationsforAboveNormalBMI_MedicationOrder_SaX6q"/>
            <substanceAdministrationCriteria classCode="SBADM" moodCode="RQO">
               <templateId>
                  <item extension="2019-05-01" root="2.16.840.1.113883.10.20.28.4.51"/>
               </templateId>
               <id extension="MedicationsforAboveNormalBMI_MedicationOrder"
                   root="85b9efdc-82b1-40c7-a16d-69d9da13360b"/>
               <title value="Medication, Order"/>
               <statusCode code="ACTIVE"/>
			            <participation typeCode="CSM">
                  <role classCode="MANU">
                     <playingMaterial classCode="MMAT" determinerCode="KIND">
                        <code valueSet="2.16.840.1.113883.3.526.3.1561"/>
                     </playingMaterial>
                  </role>
               </participation>
		          </substanceAdministrationCriteria>
         </entry>
         <entry typeCode="DRIV">
            <localVariableName value="MedicationsforAboveNormalBMI_MedicationNotOrdered_glhOx"/>
            <substanceAdministrationCriteria actionNegationInd="TRUE" classCode="SBADM" moodCode="RQO">
               <templateId>
                  <item extension="2019-05-01" root="2.16.840.1.113883.10.20.28.4.51"/>
               </templateId>
               <id extension="MedicationsforAboveNormalBMI_MedicationNotOrdered"
                   root="85b9efdc-82b1-40c7-a16d-69d9da13360b"/>
               <title value="Medication, Not Ordered"/>
               <statusCode code="ACTIVE"/>
			            <participation typeCode="CSM">
                  <role classCode="MANU">
                     <playingMaterial classCode="MMAT" determinerCode="KIND">
                        <code valueSet="2.16.840.1.113883.3.526.3.1561"/>
                     </playingMaterial>
                  </role>
               </participation>
		          </substanceAdministrationCriteria>
         </entry>
         <entry typeCode="DRIV">
            <localVariableName value="PregnancyorOtherRelatedDiagnoses_Diagnosis_iMeNQ"/>
            <observationCriteria classCode="OBS" moodCode="EVN">
               <templateId>
                  <item extension="2019-05-01" root="2.16.840.1.113883.10.20.28.4.110"/>
               </templateId>
               <id extension="PregnancyorOtherRelatedDiagnoses_Diagnosis"
                   root="82ee5fd8-40fb-4e56-88ad-006e3aa88b69"/>
               <code code="282291009" codeSystem="2.16.840.1.113883.6.96" codeSystemName="SNOMED CT">
                  <displayName value="Diagnosis"/>
               </code>
               <title value="Diagnosis"/>
               <statusCode code="COMPLETED"/>
               <value valueSet="2.16.840.1.113883.3.600.1.1623" xsi:type="CD"/>
            </observationCriteria>
         </entry>
         <entry typeCode="DRIV">
            <localVariableName value="Ethnicity_PatientCharacteristicEthnicity_q0VG8"/>
            <observationCriteria classCode="OBS" moodCode="EVN">
               <templateId>
                  <item extension="2017-05-01" root="2.16.840.1.113883.10.20.28.4.56"/>
               </templateId>
               <id extension="Ethnicity_PatientCharacteristicEthnicity"
                   root="03071542-80d3-4ab5-b3ef-1f5c9a4c7f07"/>
               <code code="54133-4" codeSystem="2.16.840.1.113883.6.1" codeSystemName="LOINC">
                  <displayName value="Ethnicity"/>
               </code>
               <title value="Patient Characteristic Ethnicity"/>
               <statusCode code="COMPLETED"/>
               <value valueSet="2.16.840.1.114222.4.11.837" xsi:type="CD"/>
            </observationCriteria>
         </entry>
         <entry typeCode="DRIV">
            <localVariableName value="EncountertoEvaluateBMI_EncounterPerformed_gTTWH"/>
            <encounterCriteria classCode="ENC" moodCode="EVN">
               <templateId>
                  <item extension="2019-05-01" root="2.16.840.1.113883.10.20.28.4.5"/>
               </templateId>
               <id extension="EncountertoEvaluateBMI_EncounterPerformed"
                   root="6080e2c9-ab66-414a-ae50-2179d25a1d52"/>
               <code valueSet="2.16.840.1.113883.3.600.1.1751"/>
               <title value="Encounter, Performed"/>
               <statusCode code="COMPLETED"/>
            </encounterCriteria>
         </entry>
         <entry typeCode="DRIV">
            <localVariableName value="PalliativeorHospiceCare_InterventionOrder_umYSQ"/>
            <actCriteria classCode="ACT" moodCode="RQO">
               <templateId>
                  <item extension="2019-05-01" root="2.16.840.1.113883.10.20.28.4.35"/>
               </templateId>
               <id extension="PalliativeorHospiceCare_InterventionOrder"
                   root="ba5a73af-3385-4788-a29e-1e6951774205"/>
               <code valueSet="2.16.840.1.113883.3.600.1.1579"/>
               <title value="Intervention, Order"/>
               <statusCode code="ACTIVE"/>
            </actCriteria>
         </entry>
         <entry typeCode="DRIV">
            <localVariableName value="PalliativeorHospiceCare_InterventionPerformed_g25VS"/>
            <actCriteria classCode="ACT" moodCode="EVN">
               <templateId>
                  <item extension="2019-05-01" root="2.16.840.1.113883.10.20.28.4.36"/>
               </templateId>
               <id extension="PalliativeorHospiceCare_InterventionPerformed"
                   root="ba5a73af-3385-4788-a29e-1e6951774205"/>
               <code valueSet="2.16.840.1.113883.3.600.1.1579"/>
               <title value="Intervention, Performed"/>
               <statusCode code="COMPLETED"/>
            </actCriteria>
         </entry>
         <entry typeCode="DRIV">
            <localVariableName value="Race_PatientCharacteristicRace_Cn87U"/>
            <observationCriteria classCode="OBS" moodCode="EVN">
               <templateId>
                  <item extension="2017-05-01" root="2.16.840.1.113883.10.20.28.4.59"/>
               </templateId>
               <id extension="Race_PatientCharacteristicRace"
                   root="3e217584-2c99-45f4-a2d5-ea048925bd62"/>
               <code code="32624-9" codeSystem="2.16.840.1.113883.6.1" codeSystemName="LOINC">
                  <displayName value="Race"/>
               </code>
               <title value="Patient Characteristic Race"/>
               <statusCode code="COMPLETED"/>
               <value valueSet="2.16.840.1.114222.4.11.836" xsi:type="CD"/>
            </observationCriteria>
         </entry>
         <entry typeCode="DRIV">
            <localVariableName value="ReferralsWhereWeightAssessmentMayOccur_InterventionOrder_rX5Hy"/>
            <actCriteria classCode="ACT" moodCode="RQO">
               <templateId>
                  <item extension="2019-05-01" root="2.16.840.1.113883.10.20.28.4.35"/>
               </templateId>
               <id extension="ReferralsWhereWeightAssessmentMayOccur_InterventionOrder"
                   root="74de7ca4-e8a0-46a9-9979-c0f0e13026a4"/>
               <code valueSet="2.16.840.1.113883.3.600.1.1527"/>
               <title value="Intervention, Order"/>
               <statusCode code="ACTIVE"/>
            </actCriteria>
         </entry>
         <entry typeCode="DRIV">
            <localVariableName value="ReferralsWhereWeightAssessmentMayOccur_InterventionNotOrdered_VTgJo"/>
            <actCriteria actionNegationInd="TRUE" classCode="ACT" moodCode="RQO">
               <templateId>
                  <item extension="2019-05-01" root="2.16.840.1.113883.10.20.28.4.35"/>
               </templateId>
               <id extension="ReferralsWhereWeightAssessmentMayOccur_InterventionNotOrdered"
                   root="74de7ca4-e8a0-46a9-9979-c0f0e13026a4"/>
               <code valueSet="2.16.840.1.113883.3.600.1.1527"/>
               <title value="Intervention, Not Ordered"/>
               <statusCode code="ACTIVE"/>
            </actCriteria>
         </entry>
         <entry typeCode="DRIV">
            <localVariableName value="MedicationsforBelowNormalBMI_MedicationOrder_wdj0E"/>
            <substanceAdministrationCriteria classCode="SBADM" moodCode="RQO">
               <templateId>
                  <item extension="2019-05-01" root="2.16.840.1.113883.10.20.28.4.51"/>
               </templateId>
               <id extension="MedicationsforBelowNormalBMI_MedicationOrder"
                   root="b579074f-8e10-4cb1-86d8-c2c49a415c3c"/>
               <title value="Medication, Order"/>
               <statusCode code="ACTIVE"/>
			            <participation typeCode="CSM">
                  <role classCode="MANU">
                     <playingMaterial classCode="MMAT" determinerCode="KIND">
                        <code valueSet="2.16.840.1.113883.3.526.3.1562"/>
                     </playingMaterial>
                  </role>
               </participation>
		          </substanceAdministrationCriteria>
         </entry>
         <entry typeCode="DRIV">
            <localVariableName value="MedicationsforBelowNormalBMI_MedicationNotOrdered_tU3Nb"/>
            <substanceAdministrationCriteria actionNegationInd="TRUE" classCode="SBADM" moodCode="RQO">
               <templateId>
                  <item extension="2019-05-01" root="2.16.840.1.113883.10.20.28.4.51"/>
               </templateId>
               <id extension="MedicationsforBelowNormalBMI_MedicationNotOrdered"
                   root="b579074f-8e10-4cb1-86d8-c2c49a415c3c"/>
               <title value="Medication, Not Ordered"/>
               <statusCode code="ACTIVE"/>
			            <participation typeCode="CSM">
                  <role classCode="MANU">
                     <playingMaterial classCode="MMAT" determinerCode="KIND">
                        <code valueSet="2.16.840.1.113883.3.526.3.1562"/>
                     </playingMaterial>
                  </role>
               </participation>
		          </substanceAdministrationCriteria>
         </entry>
         <entry typeCode="DRIV">
            <localVariableName value="FollowUpforAboveNormalBMI_InterventionPerformed_CDD37"/>
            <actCriteria classCode="ACT" moodCode="EVN">
               <templateId>
                  <item extension="2019-05-01" root="2.16.840.1.113883.10.20.28.4.36"/>
               </templateId>
               <id extension="FollowUpforAboveNormalBMI_InterventionPerformed"
                   root="40280381-3e93-d1af-013e-d6e2b78f1530"/>
               <code valueSet="2.16.840.1.113883.3.600.1.1525"/>
               <title value="Intervention, Performed"/>
               <statusCode code="COMPLETED"/>
            </actCriteria>
         </entry>
         <entry typeCode="DRIV">
            <localVariableName value="FollowUpforAboveNormalBMI_InterventionOrder_AEQ53"/>
            <actCriteria classCode="ACT" moodCode="RQO">
               <templateId>
                  <item extension="2019-05-01" root="2.16.840.1.113883.10.20.28.4.35"/>
               </templateId>
               <id extension="FollowUpforAboveNormalBMI_InterventionOrder"
                   root="40280381-3e93-d1af-013e-d6e2b78f1530"/>
               <code valueSet="2.16.840.1.113883.3.600.1.1525"/>
               <title value="Intervention, Order"/>
               <statusCode code="ACTIVE"/>
            </actCriteria>
         </entry>
         <entry typeCode="DRIV">
            <localVariableName value="FollowUpforAboveNormalBMI_InterventionNotOrdered_BtA4O"/>
            <actCriteria actionNegationInd="TRUE" classCode="ACT" moodCode="RQO">
               <templateId>
                  <item extension="2019-05-01" root="2.16.840.1.113883.10.20.28.4.35"/>
               </templateId>
               <id extension="FollowUpforAboveNormalBMI_InterventionNotOrdered"
                   root="40280381-3e93-d1af-013e-d6e2b78f1530"/>
               <code valueSet="2.16.840.1.113883.3.600.1.1525"/>
               <title value="Intervention, Not Ordered"/>
               <statusCode code="ACTIVE"/>
            </actCriteria>
         </entry>
         <entry typeCode="DRIV">
            <localVariableName value="FollowUpforAboveNormalBMI_InterventionNotPerformed_HwEUS"/>
            <actCriteria actionNegationInd="TRUE" classCode="ACT" moodCode="EVN">
               <templateId>
                  <item extension="2019-05-01" root="2.16.840.1.113883.10.20.28.4.36"/>
               </templateId>
               <id extension="FollowUpforAboveNormalBMI_InterventionNotPerformed"
                   root="40280381-3e93-d1af-013e-d6e2b78f1530"/>
               <code valueSet="2.16.840.1.113883.3.600.1.1525"/>
               <title value="Intervention, Not Performed"/>
               <statusCode code="COMPLETED"/>
            </actCriteria>
         </entry>
         <entry typeCode="DRIV">
            <localVariableName value="FollowUpforBelowNormalBMI_InterventionOrder_vb0bC"/>
            <actCriteria classCode="ACT" moodCode="RQO">
               <templateId>
                  <item extension="2019-05-01" root="2.16.840.1.113883.10.20.28.4.35"/>
               </templateId>
               <id extension="FollowUpforBelowNormalBMI_InterventionOrder"
                   root="40280381-3e93-d1af-013e-d6e2b78f1532"/>
               <code valueSet="2.16.840.1.113883.3.600.1.1528"/>
               <title value="Intervention, Order"/>
               <statusCode code="ACTIVE"/>
            </actCriteria>
         </entry>
         <entry typeCode="DRIV">
            <localVariableName value="FollowUpforBelowNormalBMI_InterventionPerformed_koa35"/>
            <actCriteria classCode="ACT" moodCode="EVN">
               <templateId>
                  <item extension="2019-05-01" root="2.16.840.1.113883.10.20.28.4.36"/>
               </templateId>
               <id extension="FollowUpforBelowNormalBMI_InterventionPerformed"
                   root="40280381-3e93-d1af-013e-d6e2b78f1532"/>
               <code valueSet="2.16.840.1.113883.3.600.1.1528"/>
               <title value="Intervention, Performed"/>
               <statusCode code="COMPLETED"/>
            </actCriteria>
         </entry>
         <entry typeCode="DRIV">
            <localVariableName value="FollowUpforBelowNormalBMI_InterventionNotOrdered_JYEsm"/>
            <actCriteria actionNegationInd="TRUE" classCode="ACT" moodCode="RQO">
               <templateId>
                  <item extension="2019-05-01" root="2.16.840.1.113883.10.20.28.4.35"/>
               </templateId>
               <id extension="FollowUpforBelowNormalBMI_InterventionNotOrdered"
                   root="40280381-3e93-d1af-013e-d6e2b78f1532"/>
               <code valueSet="2.16.840.1.113883.3.600.1.1528"/>
               <title value="Intervention, Not Ordered"/>
               <statusCode code="ACTIVE"/>
            </actCriteria>
         </entry>
         <entry typeCode="DRIV">
            <localVariableName value="FollowUpforBelowNormalBMI_InterventionNotPerformed_baEwy"/>
            <actCriteria actionNegationInd="TRUE" classCode="ACT" moodCode="EVN">
               <templateId>
                  <item extension="2019-05-01" root="2.16.840.1.113883.10.20.28.4.36"/>
               </templateId>
               <id extension="FollowUpforBelowNormalBMI_InterventionNotPerformed"
                   root="40280381-3e93-d1af-013e-d6e2b78f1532"/>
               <code valueSet="2.16.840.1.113883.3.600.1.1528"/>
               <title value="Intervention, Not Performed"/>
               <statusCode code="COMPLETED"/>
            </actCriteria>
         </entry>
         <entry typeCode="DRIV">
            <observationCriteria classCode="OBS" moodCode="EVN">
               <templateId>
                  <item extension="2017-05-01" root="2.16.840.1.113883.10.20.28.4.54"/>
               </templateId>
               <id extension="21112-8_PatientCharacteristicBirthdate"
                   root="73ED7896-5065-4147-BF69-4D0E1992226C"/>
               <code code="21112-8" codeSystem="2.16.840.1.113883.6.1" codeSystemName="LOINC"/>
               <title value="Patient Characteristic Birthdate"/>
               <statusCode code="COMPLETED"/>
            </observationCriteria>
         </entry>
         <entry typeCode="DRIV">
            <observationCriteria actionNegationInd="TRUE" classCode="OBS" moodCode="EVN">
               <templateId>
                  <item extension="2019-05-01" root="2.16.840.1.113883.10.20.28.4.62"/>
               </templateId>
               <id extension="39156-5_PhysicalExamNotPerformed"
                   root="AE68F57A-49D7-4E07-8734-629C79D45B0B"/>
               <code code="5880005" codeSystem="2.16.840.1.113883.6.96" codeSystemName="SNOMED CT">
                  <displayName value="physical examination"/>
               </code>
               <title value="Physical Exam, Not Performed"/>
               <statusCode code="COMPLETED"/>
               <value code="39156-5" codeSystem="2.16.840.1.113883.6.1" codeSystemName="LOINC"
                      xsi:type="CD"/>
            </observationCriteria>
         </entry>
         <entry typeCode="DRIV">
            <observationCriteria classCode="OBS" moodCode="EVN">
               <templateId>
                  <item extension="2019-05-01" root="2.16.840.1.113883.10.20.28.4.62"/>
               </templateId>
               <id extension="39156-5_PhysicalExamPerformed"
                   root="665264F4-D96F-4E81-992C-341525F173C6"/>
               <code code="5880005" codeSystem="2.16.840.1.113883.6.96" codeSystemName="SNOMED CT">
                  <displayName value="physical examination"/>
               </code>
               <title value="Physical Exam, Performed"/>
               <statusCode code="COMPLETED"/>
               <value code="39156-5" codeSystem="2.16.840.1.113883.6.1" codeSystemName="LOINC"
                      xsi:type="CD"/>
            </observationCriteria>
         </entry>
         <entry typeCode="DRIV">
            <encounterCriteria classCode="ENC" moodCode="EVN">
               <templateId>
                  <item extension="2019-05-01" root="2.16.840.1.113883.10.20.28.4.5"/>
               </templateId>
               <id extension="Z51.5_EncounterPerformed"
                   root="706D99AB-C81B-459E-A6A7-CA4669D58ED6"/>
               <code code="Z51.5" codeSystem="2.16.840.1.113883.6.90" codeSystemName="ICD10CM"/>
               <title value="Encounter, Performed"/>
               <statusCode code="COMPLETED"/>
            </encounterCriteria>
         </entry>
      </dataCriteriaSection>
   </component>
   <component>
      <populationCriteriaSection>
         <templateId>
            <item extension="2017-08-01" root="2.16.840.1.113883.10.20.28.2.7"/>
         </templateId>
         <id extension="PopulationCriteria1" root="ECB39769-1914-4EEE-8FF1-FC0B3E06C5DA"/>
         <code code="57026-7" codeSystem="2.16.840.1.113883.6.1"/>
         <title value="Population Criteria Section"/>
         <text/>
         <component typeCode="COMP">
            <initialPopulationCriteria classCode="OBS" moodCode="EVN">
               <id extension="initialPopulation" root="3E32D9BB-3E5D-4D04-A8FE-C3304B782E92"/>
               <code code="IPOP" codeSystem="2.16.840.1.113883.5.4" codeSystemName="Act Code"/>
               <precondition typeCode="PRCN">
                  <criteriaReference classCode="OBS" moodCode="EVN">
                     <id extension="PCSBMIScreenAndFollowUp.&quot;Initial Population&quot;"
                         root="3DD02C7A-A1E2-4C63-9463-DCF5FF775B50"/>
                  </criteriaReference>
               </precondition>
            </initialPopulationCriteria>
         </component>
         <component typeCode="COMP">
            <denominatorCriteria classCode="OBS" moodCode="EVN">
               <id extension="denominator" root="D6590CC1-1156-48B4-8455-5540F23FDDB5"/>
               <code code="DENOM" codeSystem="2.16.840.1.113883.5.4" codeSystemName="Act Code"/>
               <precondition typeCode="PRCN">
                  <criteriaReference classCode="OBS" moodCode="EVN">
                     <id extension="PCSBMIScreenAndFollowUp.&quot;Denominator&quot;"
                         root="3DD02C7A-A1E2-4C63-9463-DCF5FF775B50"/>
                  </criteriaReference>
               </precondition>
            </denominatorCriteria>
         </component>
         <component typeCode="COMP">
            <denominatorExclusionCriteria classCode="OBS" moodCode="EVN">
               <id extension="denominatorExclusions" root="4CA78179-B2BF-41DC-A84F-47CE165F5002"/>
               <code code="DENEX" codeSystem="2.16.840.1.113883.5.4" codeSystemName="Act Code"/>
               <precondition typeCode="PRCN">
                  <criteriaReference classCode="OBS" moodCode="EVN">
                     <id extension="PCSBMIScreenAndFollowUp.&quot;Denominator Exclusions&quot;"
                         root="3DD02C7A-A1E2-4C63-9463-DCF5FF775B50"/>
                  </criteriaReference>
               </precondition>
            </denominatorExclusionCriteria>
         </component>
         <component typeCode="COMP">
            <denominatorExceptionCriteria classCode="OBS" moodCode="EVN">
               <id extension="denominatorExceptions" root="5CFA9CF5-F847-4C43-B828-3EEA31E1B8E8"/>
               <code code="DENEXCEP" codeSystem="2.16.840.1.113883.5.4" codeSystemName="Act Code"/>
               <precondition typeCode="PRCN">
                  <criteriaReference classCode="OBS" moodCode="EVN">
                     <id extension="PCSBMIScreenAndFollowUp.&quot;Denominator Exceptions&quot;"
                         root="3DD02C7A-A1E2-4C63-9463-DCF5FF775B50"/>
                  </criteriaReference>
               </precondition>
            </denominatorExceptionCriteria>
         </component>
         <component typeCode="COMP">
            <numeratorCriteria classCode="OBS" moodCode="EVN">
               <id extension="numerator" root="462979D4-8A62-4DAC-9887-3085ED46BD2F"/>
               <code code="NUMER" codeSystem="2.16.840.1.113883.5.4" codeSystemName="Act Code"/>
               <precondition typeCode="PRCN">
                  <criteriaReference classCode="OBS" moodCode="EVN">
                     <id extension="PCSBMIScreenAndFollowUp.&quot;Numerator&quot;"
                         root="3DD02C7A-A1E2-4C63-9463-DCF5FF775B50"/>
                  </criteriaReference>
               </precondition>
            </numeratorCriteria>
         </component>
         <component typeCode="COMP">
            <cql-ext:supplementalDataElement>
               <id extension="Supplemental Data Elements"
                   root="F23EC290-320A-4DBF-B2D2-1EAC00C413E5"/>
               <code code="SDE" codeSystem="2.16.840.1.113883.5.4" codeSystemName="Act Code"/>
               <precondition typeCode="PRCN">
                  <criteriaReference classCode="OBS" moodCode="EVN">
                     <id extension="PCSBMIScreenAndFollowUp.&quot;SDE Ethnicity&quot;"
                         root="3DD02C7A-A1E2-4C63-9463-DCF5FF775B50"/>
                  </criteriaReference>
               </precondition>
            </cql-ext:supplementalDataElement>
         </component>
         <component typeCode="COMP">
            <cql-ext:supplementalDataElement>
               <id extension="Supplemental Data Elements"
                   root="2834C24A-B1EF-4AC2-BD3D-D55EE702BD5E"/>
               <code code="SDE" codeSystem="2.16.840.1.113883.5.4" codeSystemName="Act Code"/>
               <precondition typeCode="PRCN">
                  <criteriaReference classCode="OBS" moodCode="EVN">
                     <id extension="PCSBMIScreenAndFollowUp.&quot;SDE Payer&quot;"
                         root="3DD02C7A-A1E2-4C63-9463-DCF5FF775B50"/>
                  </criteriaReference>
               </precondition>
            </cql-ext:supplementalDataElement>
         </component>
         <component typeCode="COMP">
            <cql-ext:supplementalDataElement>
               <id extension="Supplemental Data Elements"
                   root="59B7A234-F273-4F39-96AD-325615CE7515"/>
               <code code="SDE" codeSystem="2.16.840.1.113883.5.4" codeSystemName="Act Code"/>
               <precondition typeCode="PRCN">
                  <criteriaReference classCode="OBS" moodCode="EVN">
                     <id extension="PCSBMIScreenAndFollowUp.&quot;SDE Race&quot;"
                         root="3DD02C7A-A1E2-4C63-9463-DCF5FF775B50"/>
                  </criteriaReference>
               </precondition>
            </cql-ext:supplementalDataElement>
         </component>
         <component typeCode="COMP">
            <cql-ext:supplementalDataElement>
               <id extension="Supplemental Data Elements"
                   root="7B03A7D0-4E70-4491-A094-89127DB728CB"/>
               <code code="SDE" codeSystem="2.16.840.1.113883.5.4" codeSystemName="Act Code"/>
               <precondition typeCode="PRCN">
                  <criteriaReference classCode="OBS" moodCode="EVN">
                     <id extension="PCSBMIScreenAndFollowUp.&quot;SDE Sex&quot;"
                         root="3DD02C7A-A1E2-4C63-9463-DCF5FF775B50"/>
                  </criteriaReference>
               </precondition>
            </cql-ext:supplementalDataElement>
         </component>
      </populationCriteriaSection>
   </component>
</QualityMeasureDocument>