{
   "library" : {
      "identifier" : {
         "id" : "PneumococcalVaccinationStatusforOlderAdults",
         "version" : "9.2.000"
      },
      "schemaIdentifier" : {
         "id" : "urn:hl7-org:elm",
         "version" : "r1"
      },
      "usings" : {
         "def" : [ {
            "localIdentifier" : "System",
            "uri" : "urn:hl7-org:elm-types:r1"
         }, {
            "localId" : "1",
            "locator" : "3:1-3:23",
            "localIdentifier" : "QDM",
            "uri" : "urn:healthit-gov:qdm:v5_5",
            "version" : "5.5"
         } ]
      },
      "includes" : {
         "def" : [ {
            "localId" : "2",
            "locator" : "5:1-5:64",
            "localIdentifier" : "Global",
            "path" : "MATGlobalCommonFunctions",
            "version" : "5.0.000"
         }, {
            "localId" : "3",
            "locator" : "6:1-6:48",
            "localIdentifier" : "Hospice",
            "path" : "Hospice",
            "version" : "2.2.000"
         } ]
      },
      "parameters" : {
         "def" : [ {
            "localId" : "23",
            "locator" : "27:1-27:49",
            "name" : "Measurement Period",
            "accessLevel" : "Public",
            "parameterTypeSpecifier" : {
               "localId" : "22",
               "locator" : "27:32-27:49",
               "type" : "IntervalTypeSpecifier",
               "pointType" : {
                  "localId" : "21",
                  "locator" : "27:41-27:48",
                  "name" : "{urn:hl7-org:elm-types:r1}DateTime",
                  "type" : "NamedTypeSpecifier"
               }
            }
         } ]
      },
      "codeSystems" : {
         "def" : [ {
            "localId" : "4",
            "locator" : "8:1-8:51",
            "name" : "LOINC",
            "id" : "urn:oid:2.16.840.1.113883.6.1",
            "accessLevel" : "Public"
         } ]
      },
      "valueSets" : {
         "def" : [ {
            "localId" : "5",
            "locator" : "10:1-10:74",
            "name" : "Annual Wellness Visit",
            "id" : "urn:oid:2.16.840.1.113883.3.526.3.1240",
            "accessLevel" : "Public"
         }, {
            "localId" : "6",
            "locator" : "11:1-11:110",
            "name" : "Care Services in Long-Term Residential Facility",
            "id" : "urn:oid:2.16.840.1.113883.3.464.1003.101.12.1014",
            "accessLevel" : "Public"
         }, {
            "localId" : "7",
            "locator" : "12:1-12:100",
            "name" : "Discharge Services - Nursing Facility",
            "id" : "urn:oid:2.16.840.1.113883.3.464.1003.101.11.1065",
            "accessLevel" : "Public"
         }, {
            "localId" : "8",
            "locator" : "13:1-13:58",
            "name" : "Ethnicity",
            "id" : "urn:oid:2.16.840.1.114222.4.11.837",
            "accessLevel" : "Public"
         }, {
            "localId" : "9",
            "locator" : "14:1-14:87",
            "name" : "Home Healthcare Services",
            "id" : "urn:oid:2.16.840.1.113883.3.464.1003.101.12.1016",
            "accessLevel" : "Public"
         }, {
            "localId" : "10",
            "locator" : "15:1-15:85",
            "name" : "Nursing Facility Visit",
            "id" : "urn:oid:2.16.840.1.113883.3.464.1003.101.12.1012",
            "accessLevel" : "Public"
         }, {
            "localId" : "11",
            "locator" : "16:1-16:75",
            "name" : "Office Visit",
            "id" : "urn:oid:2.16.840.1.113883.3.464.1003.101.12.1001",
            "accessLevel" : "Public"
         }, {
            "localId" : "12",
            "locator" : "17:1-17:68",
            "name" : "ONC Administrative Sex",
            "id" : "urn:oid:2.16.840.1.113762.1.4.1",
            "accessLevel" : "Public"
         }, {
            "localId" : "13",
            "locator" : "18:1-18:55",
            "name" : "Payer",
            "id" : "urn:oid:2.16.840.1.114222.4.11.3591",
            "accessLevel" : "Public"
         }, {
            "localId" : "14",
            "locator" : "19:1-19:83",
            "name" : "Pneumococcal Vaccine",
            "id" : "urn:oid:2.16.840.1.113883.3.464.1003.110.12.1027",
            "accessLevel" : "Public"
         }, {
            "localId" : "15",
            "locator" : "20:1-20:96",
            "name" : "Pneumococcal Vaccine Administered",
            "id" : "urn:oid:2.16.840.1.113883.3.464.1003.110.12.1034",
            "accessLevel" : "Public"
         }, {
            "localId" : "16",
            "locator" : "21:1-21:125",
            "name" : "Preventive Care Services - Established Office Visit, 18 and Up",
            "id" : "urn:oid:2.16.840.1.113883.3.464.1003.101.12.1025",
            "accessLevel" : "Public"
         }, {
            "localId" : "17",
            "locator" : "22:1-22:119",
            "name" : "Preventive Care Services-Initial Office Visit, 18 and Up",
            "id" : "urn:oid:2.16.840.1.113883.3.464.1003.101.12.1023",
            "accessLevel" : "Public"
         }, {
            "localId" : "18",
            "locator" : "23:1-23:53",
            "name" : "Race",
            "id" : "urn:oid:2.16.840.1.114222.4.11.836",
            "accessLevel" : "Public"
         } ]
      },
      "codes" : {
         "def" : [ {
            "localId" : "20",
            "locator" : "25:1-25:62",
            "name" : "Birth date",
            "id" : "21112-8",
            "display" : "Birth date",
            "accessLevel" : "Public",
            "codeSystem" : {
               "localId" : "19",
               "locator" : "25:35-25:41",
               "name" : "LOINC"
            }
         } ]
      },
      "statements" : {
         "def" : [ {
            "locator" : "29:1-29:15",
            "name" : "Patient",
            "context" : "Patient",
            "expression" : {
               "type" : "SingletonFrom",
               "operand" : {
                  "locator" : "29:1-29:15",
                  "dataType" : "{urn:healthit-gov:qdm:v5_5}Patient",
                  "templateId" : "Patient",
                  "type" : "Retrieve"
               }
            }
         }, {
            "localId" : "25",
            "locator" : "31:1-32:51",
            "name" : "SDE Ethnicity",
            "context" : "Patient",
            "accessLevel" : "Public",
            "annotation" : [ {
               "type" : "Annotation",
               "s" : {
                  "r" : "25",
                  "s" : [ {
                     "value" : [ "define ","\"SDE Ethnicity\"",":\n  " ]
                  }, {
                     "r" : "24",
                     "s" : [ {
                        "value" : [ "[","\"Patient Characteristic Ethnicity\"",": " ]
                     }, {
                        "s" : [ {
                           "value" : [ "\"Ethnicity\"" ]
                        } ]
                     }, {
                        "value" : [ "]" ]
                     } ]
                  } ]
               }
            } ],
            "expression" : {
               "localId" : "24",
               "locator" : "32:3-32:51",
               "dataType" : "{urn:healthit-gov:qdm:v5_5}PatientCharacteristicEthnicity",
               "codeProperty" : "code",
               "type" : "Retrieve",
               "codes" : {
                  "locator" : "32:40-32:50",
                  "name" : "Ethnicity",
                  "type" : "ValueSetRef"
               }
            }
         }, {
            "localId" : "27",
            "locator" : "34:1-35:43",
            "name" : "SDE Payer",
            "context" : "Patient",
            "accessLevel" : "Public",
            "annotation" : [ {
               "type" : "Annotation",
               "s" : {
                  "r" : "27",
                  "s" : [ {
                     "value" : [ "define ","\"SDE Payer\"",":\n  " ]
                  }, {
                     "r" : "26",
                     "s" : [ {
                        "value" : [ "[","\"Patient Characteristic Payer\"",": " ]
                     }, {
                        "s" : [ {
                           "value" : [ "\"Payer\"" ]
                        } ]
                     }, {
                        "value" : [ "]" ]
                     } ]
                  } ]
               }
            } ],
            "expression" : {
               "localId" : "26",
               "locator" : "35:3-35:43",
               "dataType" : "{urn:healthit-gov:qdm:v5_5}PatientCharacteristicPayer",
               "codeProperty" : "code",
               "type" : "Retrieve",
               "codes" : {
                  "locator" : "35:36-35:42",
                  "name" : "Payer",
                  "type" : "ValueSetRef"
               }
            }
         }, {
            "localId" : "29",
            "locator" : "37:1-38:41",
            "name" : "SDE Race",
            "context" : "Patient",
            "accessLevel" : "Public",
            "annotation" : [ {
               "type" : "Annotation",
               "s" : {
                  "r" : "29",
                  "s" : [ {
                     "value" : [ "define ","\"SDE Race\"",":\n  " ]
                  }, {
                     "r" : "28",
                     "s" : [ {
                        "value" : [ "[","\"Patient Characteristic Race\"",": " ]
                     }, {
                        "s" : [ {
                           "value" : [ "\"Race\"" ]
                        } ]
                     }, {
                        "value" : [ "]" ]
                     } ]
                  } ]
               }
            } ],
            "expression" : {
               "localId" : "28",
               "locator" : "38:3-38:41",
               "dataType" : "{urn:healthit-gov:qdm:v5_5}PatientCharacteristicRace",
               "codeProperty" : "code",
               "type" : "Retrieve",
               "codes" : {
                  "locator" : "38:35-38:40",
                  "name" : "Race",
                  "type" : "ValueSetRef"
               }
            }
         }, {
            "localId" : "31",
            "locator" : "40:1-41:58",
            "name" : "SDE Sex",
            "context" : "Patient",
            "accessLevel" : "Public",
            "annotation" : [ {
               "type" : "Annotation",
               "s" : {
                  "r" : "31",
                  "s" : [ {
                     "value" : [ "define ","\"SDE Sex\"",":\n  " ]
                  }, {
                     "r" : "30",
                     "s" : [ {
                        "value" : [ "[","\"Patient Characteristic Sex\"",": " ]
                     }, {
                        "s" : [ {
                           "value" : [ "\"ONC Administrative Sex\"" ]
                        } ]
                     }, {
                        "value" : [ "]" ]
                     } ]
                  } ]
               }
            } ],
            "expression" : {
               "localId" : "30",
               "locator" : "41:3-41:58",
               "dataType" : "{urn:healthit-gov:qdm:v5_5}PatientCharacteristicSex",
               "codeProperty" : "code",
               "type" : "Retrieve",
               "codes" : {
                  "locator" : "41:34-41:57",
                  "name" : "ONC Administrative Sex",
                  "type" : "ValueSetRef"
               }
            }
         }, {
            "localId" : "65",
            "locator" : "46:1-55:67",
            "name" : "Qualifying Encounters",
            "context" : "Patient",
            "accessLevel" : "Public",
            "annotation" : [ {
               "type" : "Annotation",
               "s" : {
                  "r" : "65",
                  "s" : [ {
                     "value" : [ "define ","\"Qualifying Encounters\"",":\n  " ]
                  }, {
                     "r" : "64",
                     "s" : [ {
                        "s" : [ {
                           "r" : "59",
                           "s" : [ {
                              "r" : "58",
                              "s" : [ {
                                 "value" : [ "( " ]
                              }, {
                                 "r" : "58",
                                 "s" : [ {
                                    "r" : "56",
                                    "s" : [ {
                                       "r" : "54",
                                       "s" : [ {
                                          "r" : "52",
                                          "s" : [ {
                                             "r" : "50",
                                             "s" : [ {
                                                "r" : "48",
                                                "s" : [ {
                                                   "r" : "46",
                                                   "s" : [ {
                                                      "r" : "44",
                                                      "s" : [ {
                                                         "value" : [ "[","\"Encounter, Performed\"",": " ]
                                                      }, {
                                                         "s" : [ {
                                                            "value" : [ "\"Office Visit\"" ]
                                                         } ]
                                                      }, {
                                                         "value" : [ "]" ]
                                                      } ]
                                                   }, {
                                                      "value" : [ "\n    union " ]
                                                   }, {
                                                      "r" : "45",
                                                      "s" : [ {
                                                         "value" : [ "[","\"Encounter, Performed\"",": " ]
                                                      }, {
                                                         "s" : [ {
                                                            "value" : [ "\"Annual Wellness Visit\"" ]
                                                         } ]
                                                      }, {
                                                         "value" : [ "]" ]
                                                      } ]
                                                   } ]
                                                }, {
                                                   "value" : [ "\n    union " ]
                                                }, {
                                                   "r" : "47",
                                                   "s" : [ {
                                                      "value" : [ "[","\"Encounter, Performed\"",": " ]
                                                   }, {
                                                      "s" : [ {
                                                         "value" : [ "\"Preventive Care Services - Established Office Visit, 18 and Up\"" ]
                                                      } ]
                                                   }, {
                                                      "value" : [ "]" ]
                                                   } ]
                                                } ]
                                             }, {
                                                "value" : [ "\n    union " ]
                                             }, {
                                                "r" : "49",
                                                "s" : [ {
                                                   "value" : [ "[","\"Encounter, Performed\"",": " ]
                                                }, {
                                                   "s" : [ {
                                                      "value" : [ "\"Preventive Care Services-Initial Office Visit, 18 and Up\"" ]
                                                   } ]
                                                }, {
                                                   "value" : [ "]" ]
                                                } ]
                                             } ]
                                          }, {
                                             "value" : [ "\n    union " ]
                                          }, {
                                             "r" : "51",
                                             "s" : [ {
                                                "value" : [ "[","\"Encounter, Performed\"",": " ]
                                             }, {
                                                "s" : [ {
                                                   "value" : [ "\"Home Healthcare Services\"" ]
                                                } ]
                                             }, {
                                                "value" : [ "]" ]
                                             } ]
                                          } ]
                                       }, {
                                          "value" : [ "\n    union " ]
                                       }, {
                                          "r" : "53",
                                          "s" : [ {
                                             "value" : [ "[","\"Encounter, Performed\"",": " ]
                                          }, {
                                             "s" : [ {
                                                "value" : [ "\"Care Services in Long-Term Residential Facility\"" ]
                                             } ]
                                          }, {
                                             "value" : [ "]" ]
                                          } ]
                                       } ]
                                    }, {
                                       "value" : [ "\n    union " ]
                                    }, {
                                       "r" : "55",
                                       "s" : [ {
                                          "value" : [ "[","\"Encounter, Performed\"",": " ]
                                       }, {
                                          "s" : [ {
                                             "value" : [ "\"Nursing Facility Visit\"" ]
                                          } ]
                                       }, {
                                          "value" : [ "]" ]
                                       } ]
                                    } ]
                                 }, {
                                    "value" : [ "\n    union " ]
                                 }, {
                                    "r" : "57",
                                    "s" : [ {
                                       "value" : [ "[","\"Encounter, Performed\"",": " ]
                                    }, {
                                       "s" : [ {
                                          "value" : [ "\"Discharge Services - Nursing Facility\"" ]
                                       } ]
                                    }, {
                                       "value" : [ "]" ]
                                    } ]
                                 } ]
                              }, {
                                 "value" : [ " )" ]
                              } ]
                           }, {
                              "value" : [ " ","ValidEncounter" ]
                           } ]
                        } ]
                     }, {
                        "value" : [ "\n    " ]
                     }, {
                        "r" : "63",
                        "s" : [ {
                           "value" : [ "where " ]
                        }, {
                           "r" : "63",
                           "s" : [ {
                              "r" : "61",
                              "s" : [ {
                                 "r" : "60",
                                 "s" : [ {
                                    "value" : [ "ValidEncounter" ]
                                 } ]
                              }, {
                                 "value" : [ "." ]
                              }, {
                                 "r" : "61",
                                 "s" : [ {
                                    "value" : [ "relevantPeriod" ]
                                 } ]
                              } ]
                           }, {
                              "r" : "63",
                              "value" : [ " ","during"," " ]
                           }, {
                              "r" : "62",
                              "s" : [ {
                                 "value" : [ "\"Measurement Period\"" ]
                              } ]
                           } ]
                        } ]
                     } ]
                  } ]
               }
            } ],
            "expression" : {
               "localId" : "64",
               "locator" : "47:3-55:67",
               "type" : "Query",
               "source" : [ {
                  "localId" : "59",
                  "locator" : "47:3-54:92",
                  "alias" : "ValidEncounter",
                  "expression" : {
                     "localId" : "58",
                     "locator" : "47:3-54:77",
                     "type" : "Union",
                     "operand" : [ {
                        "localId" : "54",
                        "locator" : "47:5-52:85",
                        "type" : "Union",
                        "operand" : [ {
                           "localId" : "50",
                           "locator" : "47:5-50:94",
                           "type" : "Union",
                           "operand" : [ {
                              "localId" : "46",
                              "locator" : "47:5-48:59",
                              "type" : "Union",
                              "operand" : [ {
                                 "localId" : "44",
                                 "locator" : "47:5-47:44",
                                 "dataType" : "{urn:healthit-gov:qdm:v5_5}PositiveEncounterPerformed",
                                 "templateId" : "PositiveEncounterPerformed",
                                 "codeProperty" : "code",
                                 "type" : "Retrieve",
                                 "codes" : {
                                    "locator" : "47:30-47:43",
                                    "name" : "Office Visit",
                                    "type" : "ValueSetRef"
                                 }
                              }, {
                                 "localId" : "45",
                                 "locator" : "48:11-48:59",
                                 "dataType" : "{urn:healthit-gov:qdm:v5_5}PositiveEncounterPerformed",
                                 "templateId" : "PositiveEncounterPerformed",
                                 "codeProperty" : "code",
                                 "type" : "Retrieve",
                                 "codes" : {
                                    "locator" : "48:36-48:58",
                                    "name" : "Annual Wellness Visit",
                                    "type" : "ValueSetRef"
                                 }
                              } ]
                           }, {
                              "type" : "Union",
                              "operand" : [ {
                                 "localId" : "47",
                                 "locator" : "49:11-49:100",
                                 "dataType" : "{urn:healthit-gov:qdm:v5_5}PositiveEncounterPerformed",
                                 "templateId" : "PositiveEncounterPerformed",
                                 "codeProperty" : "code",
                                 "type" : "Retrieve",
                                 "codes" : {
                                    "locator" : "49:36-49:99",
                                    "name" : "Preventive Care Services - Established Office Visit, 18 and Up",
                                    "type" : "ValueSetRef"
                                 }
                              }, {
                                 "localId" : "49",
                                 "locator" : "50:11-50:94",
                                 "dataType" : "{urn:healthit-gov:qdm:v5_5}PositiveEncounterPerformed",
                                 "templateId" : "PositiveEncounterPerformed",
                                 "codeProperty" : "code",
                                 "type" : "Retrieve",
                                 "codes" : {
                                    "locator" : "50:36-50:93",
                                    "name" : "Preventive Care Services-Initial Office Visit, 18 and Up",
                                    "type" : "ValueSetRef"
                                 }
                              } ]
                           } ]
                        }, {
                           "type" : "Union",
                           "operand" : [ {
                              "localId" : "51",
                              "locator" : "51:11-51:62",
                              "dataType" : "{urn:healthit-gov:qdm:v5_5}PositiveEncounterPerformed",
                              "templateId" : "PositiveEncounterPerformed",
                              "codeProperty" : "code",
                              "type" : "Retrieve",
                              "codes" : {
                                 "locator" : "51:36-51:61",
                                 "name" : "Home Healthcare Services",
                                 "type" : "ValueSetRef"
                              }
                           }, {
                              "localId" : "53",
                              "locator" : "52:11-52:85",
                              "dataType" : "{urn:healthit-gov:qdm:v5_5}PositiveEncounterPerformed",
                              "templateId" : "PositiveEncounterPerformed",
                              "codeProperty" : "code",
                              "type" : "Retrieve",
                              "codes" : {
                                 "locator" : "52:36-52:84",
                                 "name" : "Care Services in Long-Term Residential Facility",
                                 "type" : "ValueSetRef"
                              }
                           } ]
                        } ]
                     }, {
                        "type" : "Union",
                        "operand" : [ {
                           "localId" : "55",
                           "locator" : "53:11-53:60",
                           "dataType" : "{urn:healthit-gov:qdm:v5_5}PositiveEncounterPerformed",
                           "templateId" : "PositiveEncounterPerformed",
                           "codeProperty" : "code",
                           "type" : "Retrieve",
                           "codes" : {
                              "locator" : "53:36-53:59",
                              "name" : "Nursing Facility Visit",
                              "type" : "ValueSetRef"
                           }
                        }, {
                           "localId" : "57",
                           "locator" : "54:11-54:75",
                           "dataType" : "{urn:healthit-gov:qdm:v5_5}PositiveEncounterPerformed",
                           "templateId" : "PositiveEncounterPerformed",
                           "codeProperty" : "code",
                           "type" : "Retrieve",
                           "codes" : {
                              "locator" : "54:36-54:74",
                              "name" : "Discharge Services - Nursing Facility",
                              "type" : "ValueSetRef"
                           }
                        } ]
                     } ]
                  }
               } ],
               "relationship" : [ ],
               "where" : {
                  "localId" : "63",
                  "locator" : "55:5-55:67",
                  "type" : "IncludedIn",
                  "operand" : [ {
                     "localId" : "61",
                     "locator" : "55:11-55:39",
                     "path" : "relevantPeriod",
                     "scope" : "ValidEncounter",
                     "type" : "Property"
                  }, {
                     "localId" : "62",
                     "locator" : "55:48-55:67",
                     "name" : "Measurement Period",
                     "type" : "ParameterRef"
                  } ]
               }
            }
         }, {
            "localId" : "69",
            "locator" : "60:1-64:38",
            "name" : "Initial Population",
            "context" : "Patient",
            "accessLevel" : "Public",
            "annotation" : [ {
               "type" : "Annotation",
               "s" : {
                  "r" : "69",
                  "s" : [ {
                     "value" : [ "define ","\"Initial Population\"",":\n  " ]
                  }, {
                     "r" : "68",
                     "s" : [ {
                        "r" : "43",
                        "s" : [ {
                           "value" : [ "exists " ]
                        }, {
                           "r" : "42",
                           "s" : [ {
                              "value" : [ "( " ]
                           }, {
                              "r" : "42",
                              "s" : [ {
                                 "s" : [ {
                                    "r" : "33",
                                    "s" : [ {
                                       "r" : "32",
                                       "s" : [ {
                                          "r" : "32",
                                          "s" : [ {
                                             "value" : [ "[","\"Patient Characteristic Birthdate\"",": " ]
                                          }, {
                                             "s" : [ {
                                                "value" : [ "\"Birth date\"" ]
                                             } ]
                                          }, {
                                             "value" : [ "]" ]
                                          } ]
                                       } ]
                                    }, {
                                       "value" : [ " ","BirthDate" ]
                                    } ]
                                 } ]
                              }, {
                                 "value" : [ "\n      " ]
                              }, {
                                 "r" : "41",
                                 "s" : [ {
                                    "value" : [ "where " ]
                                 }, {
                                    "r" : "41",
                                    "s" : [ {
                                       "r" : "39",
                                       "s" : [ {
                                          "r" : "34",
                                          "s" : [ {
                                             "value" : [ "Global" ]
                                          } ]
                                       }, {
                                          "value" : [ "." ]
                                       }, {
                                          "r" : "39",
                                          "s" : [ {
                                             "value" : [ "\"CalendarAgeInYearsAt\""," ( " ]
                                          }, {
                                             "r" : "36",
                                             "s" : [ {
                                                "r" : "35",
                                                "s" : [ {
                                                   "value" : [ "BirthDate" ]
                                                } ]
                                             }, {
                                                "value" : [ "." ]
                                             }, {
                                                "r" : "36",
                                                "s" : [ {
                                                   "value" : [ "birthDatetime" ]
                                                } ]
                                             } ]
                                          }, {
                                             "value" : [ ", " ]
                                          }, {
                                             "r" : "38",
                                             "s" : [ {
                                                "value" : [ "start of " ]
                                             }, {
                                                "r" : "37",
                                                "s" : [ {
                                                   "value" : [ "\"Measurement Period\"" ]
                                                } ]
                                             } ]
                                          }, {
                                             "value" : [ " )" ]
                                          } ]
                                       } ]
                                    }, {
                                       "r" : "40",
                                       "value" : [ " ",">="," ","65" ]
                                    } ]
                                 } ]
                              } ]
                           }, {
                              "value" : [ "\n  )" ]
                           } ]
                        } ]
                     }, {
                        "value" : [ "\n    and " ]
                     }, {
                        "r" : "67",
                        "s" : [ {
                           "value" : [ "exists " ]
                        }, {
                           "r" : "66",
                           "s" : [ {
                              "value" : [ "\"Qualifying Encounters\"" ]
                           } ]
                        } ]
                     } ]
                  } ]
               }
            } ],
            "expression" : {
               "localId" : "68",
               "locator" : "61:3-64:38",
               "type" : "And",
               "operand" : [ {
                  "localId" : "43",
                  "locator" : "61:3-63:3",
                  "type" : "Exists",
                  "operand" : {
                     "localId" : "42",
                     "locator" : "61:10-63:3",
                     "type" : "Query",
                     "source" : [ {
                        "localId" : "33",
                        "locator" : "61:12-61:71",
                        "alias" : "BirthDate",
                        "expression" : {
                           "localId" : "32",
                           "locator" : "61:12-61:61",
                           "dataType" : "{urn:healthit-gov:qdm:v5_5}PatientCharacteristicBirthdate",
                           "codeProperty" : "code",
                           "type" : "Retrieve",
                           "codes" : {
                              "type" : "ToList",
                              "operand" : {
                                 "locator" : "61:49-61:60",
                                 "name" : "Birth date",
                                 "type" : "CodeRef"
                              }
                           }
                        }
                     } ],
                     "relationship" : [ ],
                     "where" : {
                        "localId" : "41",
                        "locator" : "62:7-62:106",
                        "type" : "GreaterOrEqual",
                        "operand" : [ {
                           "localId" : "39",
                           "locator" : "62:13-62:100",
                           "name" : "CalendarAgeInYearsAt",
                           "libraryName" : "Global",
                           "type" : "FunctionRef",
                           "operand" : [ {
                              "localId" : "36",
                              "locator" : "62:45-62:67",
                              "path" : "birthDatetime",
                              "scope" : "BirthDate",
                              "type" : "Property"
                           }, {
                              "localId" : "38",
                              "locator" : "62:70-62:98",
                              "type" : "Start",
                              "operand" : {
                                 "localId" : "37",
                                 "locator" : "62:79-62:98",
                                 "name" : "Measurement Period",
                                 "type" : "ParameterRef"
                              }
                           } ]
                        }, {
                           "localId" : "40",
                           "locator" : "62:105-62:106",
                           "valueType" : "{urn:hl7-org:elm-types:r1}Integer",
                           "value" : "65",
                           "type" : "Literal"
                        } ]
                     }
                  }
               }, {
                  "localId" : "67",
                  "locator" : "64:9-64:38",
                  "type" : "Exists",
                  "operand" : {
                     "localId" : "66",
                     "locator" : "64:16-64:38",
                     "name" : "Qualifying Encounters",
                     "type" : "ExpressionRef"
                  }
               } ]
            }
         }, {
            "localId" : "71",
            "locator" : "43:1-44:22",
            "name" : "Denominator",
            "context" : "Patient",
            "accessLevel" : "Public",
            "annotation" : [ {
               "type" : "Annotation",
               "s" : {
                  "r" : "71",
                  "s" : [ {
                     "value" : [ "define ","\"Denominator\"",":\n  " ]
                  }, {
                     "r" : "70",
                     "s" : [ {
                        "value" : [ "\"Initial Population\"" ]
                     } ]
                  } ]
               }
            } ],
            "expression" : {
               "localId" : "70",
               "locator" : "44:3-44:22",
               "name" : "Initial Population",
               "type" : "ExpressionRef"
            }
         }, {
            "localId" : "74",
            "locator" : "57:1-58:23",
            "name" : "Denominator Exclusions",
            "context" : "Patient",
            "accessLevel" : "Public",
            "annotation" : [ {
               "type" : "Annotation",
               "s" : {
                  "r" : "74",
                  "s" : [ {
                     "value" : [ "define ","\"Denominator Exclusions\"",":\n  " ]
                  }, {
                     "r" : "73",
                     "s" : [ {
                        "r" : "72",
                        "s" : [ {
                           "value" : [ "Hospice" ]
                        } ]
                     }, {
                        "value" : [ "." ]
                     }, {
                        "r" : "73",
                        "s" : [ {
                           "value" : [ "\"Has Hospice\"" ]
                        } ]
                     } ]
                  } ]
               }
            } ],
            "expression" : {
               "localId" : "73",
               "locator" : "58:3-58:23",
               "name" : "Has Hospice",
               "libraryName" : "Hospice",
               "type" : "ExpressionRef"
            }
         }, {
            "localId" : "94",
            "locator" : "66:1-74:5",
            "name" : "Numerator",
            "context" : "Patient",
            "accessLevel" : "Public",
            "annotation" : [ {
               "type" : "Annotation",
               "s" : {
                  "r" : "94",
                  "s" : [ {
                     "value" : [ "define ","\"Numerator\"",":\n  " ]
                  }, {
                     "r" : "93",
                     "s" : [ {
                        "r" : "83",
                        "s" : [ {
                           "value" : [ "exists " ]
                        }, {
                           "r" : "82",
                           "s" : [ {
                              "value" : [ "( " ]
                           }, {
                              "r" : "82",
                              "s" : [ {
                                 "s" : [ {
                                    "r" : "76",
                                    "s" : [ {
                                       "r" : "75",
                                       "s" : [ {
                                          "r" : "75",
                                          "s" : [ {
                                             "value" : [ "[","\"Immunization, Administered\"",": " ]
                                          }, {
                                             "s" : [ {
                                                "value" : [ "\"Pneumococcal Vaccine\"" ]
                                             } ]
                                          }, {
                                             "value" : [ "]" ]
                                          } ]
                                       } ]
                                    }, {
                                       "value" : [ " ","PneumococcalVaccine" ]
                                    } ]
                                 } ]
                              }, {
                                 "value" : [ "\n      " ]
                              }, {
                                 "r" : "81",
                                 "s" : [ {
                                    "value" : [ "where " ]
                                 }, {
                                    "r" : "81",
                                    "s" : [ {
                                       "r" : "78",
                                       "s" : [ {
                                          "r" : "77",
                                          "s" : [ {
                                             "value" : [ "PneumococcalVaccine" ]
                                          } ]
                                       }, {
                                          "value" : [ "." ]
                                       }, {
                                          "r" : "78",
                                          "s" : [ {
                                             "value" : [ "relevantDatetime" ]
                                          } ]
                                       } ]
                                    }, {
                                       "r" : "81",
                                       "value" : [ " ","on or before"," \n      " ]
                                    }, {
                                       "r" : "80",
                                       "s" : [ {
                                          "value" : [ "end of " ]
                                       }, {
                                          "r" : "79",
                                          "s" : [ {
                                             "value" : [ "\"Measurement Period\"" ]
                                          } ]
                                       } ]
                                    } ]
                                 } ]
                              } ]
                           }, {
                              "value" : [ "\n  )" ]
                           } ]
                        } ]
                     }, {
                        "value" : [ "\n    or " ]
                     }, {
                        "r" : "92",
                        "s" : [ {
                           "value" : [ "exists " ]
                        }, {
                           "r" : "91",
                           "s" : [ {
                              "value" : [ "( " ]
                           }, {
                              "r" : "91",
                              "s" : [ {
                                 "s" : [ {
                                    "r" : "85",
                                    "s" : [ {
                                       "r" : "84",
                                       "s" : [ {
                                          "r" : "84",
                                          "s" : [ {
                                             "value" : [ "[","\"Procedure, Performed\"",": " ]
                                          }, {
                                             "s" : [ {
                                                "value" : [ "\"Pneumococcal Vaccine Administered\"" ]
                                             } ]
                                          }, {
                                             "value" : [ "]" ]
                                          } ]
                                       } ]
                                    }, {
                                       "value" : [ " ","PneumococcalVaccineGiven" ]
                                    } ]
                                 } ]
                              }, {
                                 "value" : [ "\n        " ]
                              }, {
                                 "r" : "90",
                                 "s" : [ {
                                    "value" : [ "where " ]
                                 }, {
                                    "r" : "90",
                                    "s" : [ {
                                       "r" : "87",
                                       "s" : [ {
                                          "r" : "86",
                                          "s" : [ {
                                             "value" : [ "PneumococcalVaccineGiven" ]
                                          } ]
                                       }, {
                                          "value" : [ "." ]
                                       }, {
                                          "r" : "87",
                                          "s" : [ {
                                             "value" : [ "relevantDatetime" ]
                                          } ]
                                       } ]
                                    }, {
                                       "r" : "90",
                                       "value" : [ " ","on or before"," \n        " ]
                                    }, {
                                       "r" : "89",
                                       "s" : [ {
                                          "value" : [ "end of " ]
                                       }, {
                                          "r" : "88",
                                          "s" : [ {
                                             "value" : [ "\"Measurement Period\"" ]
                                          } ]
                                       } ]
                                    } ]
                                 } ]
                              } ]
                           }, {
                              "value" : [ "\n    )" ]
                           } ]
                        } ]
                     } ]
                  } ]
               }
            } ],
            "expression" : {
               "localId" : "93",
               "locator" : "67:3-74:5",
               "type" : "Or",
               "operand" : [ {
                  "localId" : "83",
                  "locator" : "67:3-70:3",
                  "type" : "Exists",
                  "operand" : {
                     "localId" : "82",
                     "locator" : "67:10-70:3",
                     "type" : "Query",
                     "source" : [ {
                        "localId" : "76",
                        "locator" : "67:12-67:85",
                        "alias" : "PneumococcalVaccine",
                        "expression" : {
                           "localId" : "75",
                           "locator" : "67:12-67:65",
                           "dataType" : "{urn:healthit-gov:qdm:v5_5}PositiveImmunizationAdministered",
                           "templateId" : "PositiveImmunizationAdministered",
                           "codeProperty" : "code",
                           "type" : "Retrieve",
                           "codes" : {
                              "locator" : "67:43-67:64",
                              "name" : "Pneumococcal Vaccine",
                              "type" : "ValueSetRef"
                           }
                        }
                     } ],
                     "relationship" : [ ],
                     "where" : {
                        "localId" : "81",
                        "locator" : "68:7-69:33",
                        "type" : "SameOrBefore",
                        "operand" : [ {
                           "localId" : "78",
                           "locator" : "68:13-68:48",
                           "path" : "relevantDatetime",
                           "scope" : "PneumococcalVaccine",
                           "type" : "Property"
                        }, {
                           "localId" : "80",
                           "locator" : "69:7-69:33",
                           "type" : "End",
                           "operand" : {
                              "localId" : "79",
                              "locator" : "69:14-69:33",
                              "name" : "Measurement Period",
                              "type" : "ParameterRef"
                           }
                        } ]
                     }
                  }
               }, {
                  "localId" : "92",
                  "locator" : "71:8-74:5",
                  "type" : "Exists",
                  "operand" : {
                     "localId" : "91",
                     "locator" : "71:15-74:5",
                     "type" : "Query",
                     "source" : [ {
                        "localId" : "85",
                        "locator" : "71:17-71:102",
                        "alias" : "PneumococcalVaccineGiven",
                        "expression" : {
                           "localId" : "84",
                           "locator" : "71:17-71:77",
                           "dataType" : "{urn:healthit-gov:qdm:v5_5}PositiveProcedurePerformed",
                           "templateId" : "PositiveProcedurePerformed",
                           "codeProperty" : "code",
                           "type" : "Retrieve",
                           "codes" : {
                              "locator" : "71:42-71:76",
                              "name" : "Pneumococcal Vaccine Administered",
                              "type" : "ValueSetRef"
                           }
                        }
                     } ],
                     "relationship" : [ ],
                     "where" : {
                        "localId" : "90",
                        "locator" : "72:9-73:35",
                        "type" : "SameOrBefore",
                        "operand" : [ {
                           "localId" : "87",
                           "locator" : "72:15-72:55",
                           "path" : "relevantDatetime",
                           "scope" : "PneumococcalVaccineGiven",
                           "type" : "Property"
                        }, {
                           "localId" : "89",
                           "locator" : "73:9-73:35",
                           "type" : "End",
                           "operand" : {
                              "localId" : "88",
                              "locator" : "73:16-73:35",
                              "name" : "Measurement Period",
                              "type" : "ParameterRef"
                           }
                        } ]
                     }
                  }
               } ]
            }
         } ]
      }
   }
}