<?xml version="1.0" encoding="UTF-8" standalone="yes"?>
<QualityMeasureDocument xmlns="urn:hl7-org:v3" xmlns:cql-ext="urn:hhs-cql:hqmf-n1-extensions:v1"
                        xmlns:xsi="http://www.w3.org/2001/XMLSchema-instance">
         
      <!--
			**************************************************************
			Measure Details Section
			**************************************************************
		-->
         
      <typeId extension="POQM_HD000001UV02" root="2.16.840.1.113883.1.3"/>
   <templateId>
      <item extension="2018-05-01" root="2.16.840.1.113883.10.20.28.1.2"/>
   </templateId>
   <id root="40280382-68d3-a5fe-0169-0c589537118f"/>
   <code code="57024-2" codeSystem="2.16.840.1.113883.6.1">
      <displayName value="Health Quality Measure Document"/>
   </code>
   <title value="Documentation of Current Medications in the Medical Record"/>
   <text
         value="Percentage of visits for patients aged 18 years and older for which the eligible professional or eligible clinician attests to documenting a list of current medications using all immediate resources available on the date of the encounter. This list must include ALL known prescriptions, over-the-counters, herbals, and vitamin/mineral/dietary (nutritional) supplements AND must contain the medications' name, dosage, frequency and route of administration."/>
   <statusCode code="COMPLETED"/>
   <setId root="9a032d9c-3d9b-11e1-8634-00237d5bf174"/>
   <versionNumber value="9.1.000"/>
   <author>
      <responsibleParty classCode="ASSIGNED">
         <representedResponsibleOrganization classCode="ORG" determinerCode="INSTANCE">
            <id>
               <item root="2.16.840.1.113883.3.7230"/>
            </id>
            <name>
               <item>
                  <part value="Quality Insights"/>
               </item>
            </name>
         </representedResponsibleOrganization>
      </responsibleParty>
   </author>
   <custodian>
      <responsibleParty classCode="ASSIGNED">
         <representedResponsibleOrganization classCode="ORG" determinerCode="INSTANCE">
            <id>
               <item root="9048cd4c-b61b-11e4-a71e-12e3f512a338"/>
            </id>
            <name>
               <item>
                  <part value="Centers for Medicare &amp; Medicaid Services (CMS)"/>
               </item>
            </name>
         </representedResponsibleOrganization>
      </responsibleParty>
   </custodian>
   <verifier>
      <responsibleParty classCode="ASSIGNED">
         <representedResponsibleOrganization classCode="ORG" determinerCode="INSTANCE">
            <id>
               <item root="2.16.840.1.113883.3.560"/>
            </id>
            <name>
               <item>
                  <part value="National Quality Forum"/>
               </item>
            </name>
         </representedResponsibleOrganization>
      </responsibleParty>
   </verifier>
   <!--Payer-->
     	 <definition>
      <valueSet classCode="OBS" moodCode="DEF">
         <id root="2.16.840.1.114222.4.11.3591"/>
         <title value="Payer"/>
      </valueSet>
   </definition>
   <!--ONC Administrative Sex-->
     	 <definition>
      <valueSet classCode="OBS" moodCode="DEF">
         <id root="2.16.840.1.113762.1.4.1"/>
         <title value="ONC Administrative Sex"/>
      </valueSet>
   </definition>
   <!--Ethnicity-->
     	 <definition>
      <valueSet classCode="OBS" moodCode="DEF">
         <id root="2.16.840.1.114222.4.11.837"/>
         <title value="Ethnicity"/>
      </valueSet>
   </definition>
   <!--Medications Encounter Code Set-->
     	 <definition>
      <valueSet classCode="OBS" moodCode="DEF">
         <id root="2.16.840.1.113883.3.600.1.1834"/>
         <title value="Medications Encounter Code Set"/>
      </valueSet>
   </definition>
   <!--Race-->
     	 <definition>
      <valueSet classCode="OBS" moodCode="DEF">
         <id root="2.16.840.1.114222.4.11.836"/>
         <title value="Race"/>
      </valueSet>
   </definition>
   <!--Medical or Other reason not done-->
     	 <definition>
      <valueSet classCode="OBS" moodCode="DEF">
         <id root="2.16.840.1.113883.3.600.1.1502"/>
         <title value="Medical or Other reason not done"/>
      </valueSet>
   </definition>
   <!--Birth date-CODE:/CodeSystem/LOINC/Version/2.65/Code/21112-8/Info-->
      <definition>
      <cql-ext:code code="21112-8" codeSystem="2.16.840.1.113883.6.1" codeSystemName="LOINC">
         <displayName value="Birth date"/>
      </cql-ext:code>
   </definition>
   <!--Documentation of current medications (procedure)-CODE:/CodeSystem/SNOMEDCT/Version/2017-09/Code/428191000124101/Info-->
      <definition>
      <cql-ext:code code="428191000124101" codeSystem="2.16.840.1.113883.6.96"
                    codeSystemName="SNOMEDCT">
         <displayName value="Documentation of current medications (procedure)"/>
      </cql-ext:code>
   </definition>
   <relatedDocument typeCode="COMP">
      <expressionDocument>
         <id root="AC167168-C9C0-4CBF-AD61-80564402934B"/>
         <text mediaType="text/cql">
            <reference value="https://emeasuretool.cms.gov/libraries/9a032d9c-3d9b-11e1-8634-00237d5bf174/DocumentationofCurrentMedicationsintheMedicalRecord-9.1.000.cql"/>
            <translation mediaType="application/elm+xml">
               <reference value="https://emeasuretool.cms.gov/libraries/9a032d9c-3d9b-11e1-8634-00237d5bf174/DocumentationofCurrentMedicationsintheMedicalRecord-9.1.000.xml"/>
            </translation>
            <translation mediaType="application/elm+json">
               <reference value="https://emeasuretool.cms.gov/libraries/9a032d9c-3d9b-11e1-8634-00237d5bf174/DocumentationofCurrentMedicationsintheMedicalRecord-9.1.000.json"/>
            </translation>
         </text>
         <setId extension="9a032d9c-3d9b-11e1-8634-00237d5bf174"
                identifierName="DocumentationofCurrentMedicationsintheMedicalRecord"
                root="https://emeasuretool.cms.gov/libraries"/>
         <versionNumber value="9.1.000"/>
      </expressionDocument>
   </relatedDocument>
   <relatedDocument typeCode="COMP">
      <expressionDocument>
         <id root="4028038268434da20168531138e502de"/>
         <text mediaType="text/cql">
            <reference value="https://emeasuretool.cms.gov/libraries/8bdc0a19-b210-4a58-8a07-f5d95a34eca9/MATGlobalCommonFunctions-4.0.000.cql"/>
            <translation mediaType="application/elm+xml">
               <reference value="https://emeasuretool.cms.gov/libraries/8bdc0a19-b210-4a58-8a07-f5d95a34eca9/MATGlobalCommonFunctions-4.0.000.xml"/>
            </translation>
            <translation mediaType="application/elm+json">
               <reference value="https://emeasuretool.cms.gov/libraries/8bdc0a19-b210-4a58-8a07-f5d95a34eca9/MATGlobalCommonFunctions-4.0.000.json"/>
            </translation>
         </text>
         <setId extension="8bdc0a19-b210-4a58-8a07-f5d95a34eca9"
                identifierName="MATGlobalCommonFunctions"
                root="https://emeasuretool.cms.gov/libraries"/>
         <versionNumber value="4.0.000"/>
      </expressionDocument>
   </relatedDocument>
   <controlVariable>
      <measurePeriod>
         <id extension="measureperiod" root="3ecdf432-d65f-4944-8ee0-02eaf21bf245"/>
         <code code="MSRTP" codeSystem="2.16.840.1.113883.5.4">
            <originalText value="Measurement Period"/>
         </code>
         <value xsi:type="PIVL_TS">
            <phase highClosed="true" lowClosed="true">
               <low value="20190101"/>
               <width unit="a" value="1" xsi:type="PQ"/>
            </phase>
            <period unit="a" value="1"/>
         </value>
      </measurePeriod>
   </controlVariable>
   <subjectOf>
      <measureAttribute>
         <code nullFlavor="OTH">
            <originalText value="eCQM Identifier (Measure Authoring Tool)"/>
         </code>
         <value mediaType="text/plain" value="68" xsi:type="ED"/>
      </measureAttribute>
   </subjectOf>
   <subjectOf>
      <measureAttribute>
         <code nullFlavor="OTH">
            <originalText value="NQF Number"/>
         </code>
         <value mediaType="text/plain" value="0419e" xsi:type="ED"/>
      </measureAttribute>
   </subjectOf>
   <subjectOf>
      <measureAttribute>
         <code code="COPY" codeSystem="2.16.840.1.113883.5.4">
            <displayName value="Copyright"/>
         </code>
         <value mediaType="text/plain"
                value="Limited proprietary coding is contained in the measure specifications for convenience. Users of the proprietary code sets should obtain all necessary licenses from the owners of these code sets. Quality Insights, Inc. disclaims all liability for use or accuracy of any Current Procedural Terminology (CPT[R]) or other coding contained in the specifications.&#xA;&#xA;CPT(R) contained in the Measure specifications is copyright 2007-2018 American Medical Association. LOINC(R) copyright 2004-2018 Regenstrief Institute, Inc. This material contains SNOMED Clinical Terms(R) (SNOMED CT[R]) copyright 2004-2018 International Health Terminology Standards Development Organisation. All Rights Reserved."
                xsi:type="ED"/>
      </measureAttribute>
   </subjectOf>
   <subjectOf>
      <measureAttribute>
         <code code="DISC" codeSystem="2.16.840.1.113883.5.4">
            <displayName value="Disclaimer"/>
         </code>
         <value mediaType="text/plain"
                value="These performance measures are not clinical guidelines and do not establish a standard of medical care, and have not been tested for all potential applications.&#xA;&#xA;THE MEASURES AND SPECIFICATIONS ARE PROVIDED “AS IS” WITHOUT WARRANTY OF ANY KIND.&#xA;&#xA;Due to technical limitations, registered trademarks are indicated by (R) or [R] and unregistered trademarks are indicated by (TM) or [TM]."
                xsi:type="ED"/>
      </measureAttribute>
   </subjectOf>
   <subjectOf>
      <measureAttribute>
         <code code="MSRSCORE" codeSystem="2.16.840.1.113883.5.4">
            <displayName value="Measure Scoring"/>
         </code>
         <value code="PROPOR" codeSystem="2.16.840.1.113883.5.1063" xsi:type="CD">
            <displayName value="Proportion"/>
         </value>
      </measureAttribute>
   </subjectOf>
   <subjectOf>
      <measureAttribute>
         <code code="MSRTYPE" codeSystem="2.16.840.1.113883.5.4">
            <displayName value="Measure Type"/>
         </code>
         <value code="PROCESS" codeSystem="2.16.840.1.113883.5.1063" xsi:type="CD">
            <displayName value="PROCESS"/>
         </value>
      </measureAttribute>
   </subjectOf>
   <subjectOf>
      <measureAttribute>
         <code code="STRAT" codeSystem="2.16.840.1.113883.5.4">
            <displayName value="Stratification"/>
         </code>
         <value mediaType="text/plain" value="None" xsi:type="ED"/>
      </measureAttribute>
   </subjectOf>
   <subjectOf>
      <measureAttribute>
         <code code="MSRADJ" codeSystem="2.16.840.1.113883.5.4">
            <displayName value="Risk Adjustment"/>
         </code>
         <value mediaType="text/plain" value="None" xsi:type="ED"/>
      </measureAttribute>
   </subjectOf>
   <subjectOf>
      <measureAttribute>
         <code code="MSRAGG" codeSystem="2.16.840.1.113883.5.4">
            <displayName value="Rate Aggregation"/>
         </code>
         <value mediaType="text/plain" value="None" xsi:type="ED"/>
      </measureAttribute>
   </subjectOf>
   <subjectOf>
      <measureAttribute>
         <code code="RAT" codeSystem="2.16.840.1.113883.5.4">
            <displayName value="Rationale"/>
         </code>
         <value mediaType="text/plain"
                value="According to the National Center for Health Statistics, during the years of 2011-2014, 46.9 percent of patients (both male and female) were being prescribed at least one prescription medication with 10.9 percent taking 5 or more medications. Additionally, 90.6 percent of patients (both male and female) aged 65 years and older are being prescribed at least one medication with 40.7 percent taking 5 or more medications (National Center for Health Statistics, 2017).  In this context, maintaining an accurate and complete medication list has proven to be a challenging documentation endeavor for various health care provider settings. While most of outpatient encounters (2/3) result in providers prescribing at least one medication, hospitals have been the focus of medication safety efforts (Stock, Scott, &amp; Gurtel, 2009). Nassaralla et al. (2007) caution that this is at odds with the current trend, where patients with chronic illnesses are increasingly being treated in the outpatient setting and require careful monitoring of multiple medications. Additionally, Nassaralla et al. (2007) reveal that it is in fact in outpatient settings where more fatal adverse drug events (ADE) occur when these are compared to those occurring in hospitals (1 of 131 outpatient deaths compared to 1 in 854 inpatient deaths). In the outpatient setting, adverse drug events (ADEs) occur 25% of the time and over one-third of these are considered preventable (Tache, Sonnichsen, &amp; Ashcroft, 2011). Particularly vulnerable are patients over 65 years, with evidence suggesting that the rate of ADEs per 10,000 person per year increases with age; 25-44 years old at 1.3; 45-64 at 2.2, and 65 + at 3.8 (Sarkar et al., 2011). Another vulnerable group is chronically ill individuals. These population groups are more likely to experience ADEs and subsequent hospitalization. &#xA;&#xA;A multiplicity of providers and inadequate care coordination among them has been identified as barriers to collecting complete and reliable medication records. Data indicate that reconciliation and documentation continues to be poorly executed with discrepancies occurring in 92% (74 of 80 patients) of medication lists among admittance to the emergency room. Of 80 patients included in the study, the home medications were reordered for 65% of patients on their admission and of the 65% the majority (29%) had a change in their dosing interval, while 23% had a change in their route of administration, and 13% had a change in dose. A total of 361 medication discrepancies, or the difference between the medications patients were taking before admission and those listed in there admission orders, were identified in at least 74 patients (Poornima et al., 2015). The study found that &quot;Through an appropriate reconciliation programme, around 80% of errors relating to medication and the potential harm caused by these errors could be reduced&quot; (Poornima et al., 2015, p. 243). &#xA;&#xA;Documentation of current medications in the medical record facilitates the process of medication review and reconciliation by the provider, which are necessary for reducing ADEs and promoting medication safety. The need for provider to provider coordination regarding medication records, and the existing gap in implementation, is highlighted in the American Medical Association's Physician's Role in Medication Reconciliation (2007), which states that &quot;critical patient information, including medical and medication histories, current medications the patient is receiving and taking, and sources of medications, is essential to the delivery of safe medical care. However, interruptions in the continuity of care and information gaps in patient health records are common and significantly affect patient outcomes&quot; (American Medical Association, 2007, p. 7). This is because clinical decisions based on information that is incomplete and/or inaccurate are likely to lead to medication error and ADEs. Weeks, Corbette, and Stream (2010) noted similar barriers and identified the utilization of health information technology as an opportunity for facilitating the creation of universal medication lists. One 2015 meta-analysis showed an association between EHR documentation with an overall RR of 0.46 (95% CI = 0.38 to 0.55; P &lt; 0.001) and ADEs with an overall RR of 0.66 (95% CI = 0.44 to 0.99; P = 0.045). This meta-analysis provides evidence that the use of the EHR can improve the quality of healthcare delivered to patients by reducing medication errors and ADEs (Campanella et al., 2016)."
                xsi:type="ED"/>
      </measureAttribute>
   </subjectOf>
   <subjectOf>
      <measureAttribute>
         <code code="CRS" codeSystem="2.16.840.1.113883.5.4">
            <displayName value="Clinical Recommendation Statement"/>
         </code>
         <value mediaType="text/plain"
                value="The Joint Commission's 2018 Ambulatory Care National Patient Safety Goals guide providers to maintain and communicate accurate patient medication information. Specifically, the section &quot;Use Medicines Safely NPSG.03.06.01&quot; states the following: &quot;Maintain and communicate accurate patient medication information. The types of information that clinicians use to reconcile medications include (among others) medication name, dose, frequency, route, and purpose. Organizations should identify the information that needs to be collected to reconcile current and newly ordered medications and to safely prescribe medications in the future&quot; (The Joint Commission, 2018.).  &#xA;&#xA;The National Quality Forum's 2010 update of the Safe Practices for Better Healthcare, states healthcare organizations must develop, reconcile, and communicate an accurate patient medication list throughout the continuum of care (p. 40)."
                xsi:type="ED"/>
      </measureAttribute>
   </subjectOf>
   <subjectOf>
      <measureAttribute>
         <code code="IDUR" codeSystem="2.16.840.1.113883.5.4">
            <displayName value="Improvement Notation"/>
         </code>
         <value mediaType="text/plain" value="Higher score indicates better quality"
                xsi:type="ED"/>
      </measureAttribute>
   </subjectOf>
   <subjectOf>
      <measureAttribute>
         <code code="REF" codeSystem="2.16.840.1.113883.5.4">
            <displayName value="Reference"/>
         </code>
         <value mediaType="text/plain"
                value="American Medical Association. (2007). The physician’s role in medication reconciliation:  Issues, strategies, and safety principles. Retrieved from https://pogoe.org/sites/default/files/Medication%20Reconciliation.pdf"
                xsi:type="ED"/>
      </measureAttribute>
   </subjectOf>
   <subjectOf>
      <measureAttribute>
         <code code="REF" codeSystem="2.16.840.1.113883.5.4">
            <displayName value="Reference"/>
         </code>
         <value mediaType="text/plain"
                value="Campanella, P., Lovato, E., Marone, C., et al. (2016). The impact of electronic health records on health care quality: A systematic review and meta-analysis. European Journal of Public Health, 26(1), 60-64."
                xsi:type="ED"/>
      </measureAttribute>
   </subjectOf>
   <subjectOf>
      <measureAttribute>
         <code code="REF" codeSystem="2.16.840.1.113883.5.4">
            <displayName value="Reference"/>
         </code>
         <value mediaType="text/plain"
                value="Nassaralla, C. L., Naessens, J. M., Chaudhry, R., et al. (2007). Implementation of a medication reconciliation process in an ambulatory internal medicine clinic.  Quality and Safety in Health Care, 16(2), 90-94."
                xsi:type="ED"/>
      </measureAttribute>
   </subjectOf>
   <subjectOf>
      <measureAttribute>
         <code code="REF" codeSystem="2.16.840.1.113883.5.4">
            <displayName value="Reference"/>
         </code>
         <value mediaType="text/plain"
                value="National Center for Health Statistics. (2017). Health, United States, 2017: Supplementary Table 79: Prescription drug use in the United States by sex, race, age, and origin. Retrieved from https://www.cdc.gov/nchs/data/hus/2017/079.pdf"
                xsi:type="ED"/>
      </measureAttribute>
   </subjectOf>
   <subjectOf>
      <measureAttribute>
         <code code="REF" codeSystem="2.16.840.1.113883.5.4">
            <displayName value="Reference"/>
         </code>
         <value mediaType="text/plain"
                value="National Quality Forum. (2010). Safe practices for better healthcare - 2010 update. Retrieved from http://www.qualityforum.org/Projects/Safe_Practices_2010.aspx"
                xsi:type="ED"/>
      </measureAttribute>
   </subjectOf>
   <subjectOf>
      <measureAttribute>
         <code code="REF" codeSystem="2.16.840.1.113883.5.4">
            <displayName value="Reference"/>
         </code>
         <value mediaType="text/plain"
                value="Poornima, P., Reshma, P., Ramakrishnan, T. V., et al. (2015). Medication reconciliation and medication error prevention in an emergency department of a tertiary care hospital. Journal of Young Pharmacists, 7(3), 241-249."
                xsi:type="ED"/>
      </measureAttribute>
   </subjectOf>
   <subjectOf>
      <measureAttribute>
         <code code="REF" codeSystem="2.16.840.1.113883.5.4">
            <displayName value="Reference"/>
         </code>
         <value mediaType="text/plain"
                value="Sarkar, U., Lopez, A., Maselli, J. H., et al. (2011). Adverse drug events in U.S. adult ambulatory medical care. Health Services Research, 46(5), 1517-1533."
                xsi:type="ED"/>
      </measureAttribute>
   </subjectOf>
   <subjectOf>
      <measureAttribute>
         <code code="REF" codeSystem="2.16.840.1.113883.5.4">
            <displayName value="Reference"/>
         </code>
         <value mediaType="text/plain"
                value="Stock, R., Scott, J., &amp; Gurtel, S. (2009). Using an electronic prescribing system to ensure accurate medication lists in a large multidisciplinary medical group.  The Joint Commission Journal on Quality and Patient Safety, 35(5), 271-277."
                xsi:type="ED"/>
      </measureAttribute>
   </subjectOf>
   <subjectOf>
      <measureAttribute>
         <code code="REF" codeSystem="2.16.840.1.113883.5.4">
            <displayName value="Reference"/>
         </code>
         <value mediaType="text/plain"
                value="Tache, S. V., Sonnichsen, A., &amp; Ashcroft, D. M. (2011). Prevalence of adverse drug events in ambulatory care: A systematic review. The Annals of Pharmacotherapy, 45(7-8), 977-989. doi: 10.1345/aph.1P627"
                xsi:type="ED"/>
      </measureAttribute>
   </subjectOf>
   <subjectOf>
      <measureAttribute>
         <code code="REF" codeSystem="2.16.840.1.113883.5.4">
            <displayName value="Reference"/>
         </code>
         <value mediaType="text/plain"
                value="The Joint Commission. (2018). National patient safety goals effective January 2018, Ambulatory health care accreditation program. Retrieved from https://www.jointcommission.org/assets/1/6/NPSG_Chapter_AHC_Jan2018.pdf"
                xsi:type="ED"/>
      </measureAttribute>
   </subjectOf>
   <subjectOf>
      <measureAttribute>
         <code code="REF" codeSystem="2.16.840.1.113883.5.4">
            <displayName value="Reference"/>
         </code>
         <value mediaType="text/plain"
                value="Weeks, D. L., Corbette, C. F., &amp; Stream, G. (2010). Beliefs of ambulatory care physicians about accuracy of patient medication records and technology-enhanced solutions to improve accuracy. Journal for Healthcare Quality, 32(5), 12-21."
                xsi:type="ED"/>
      </measureAttribute>
   </subjectOf>
   <subjectOf>
      <measureAttribute>
         <code code="DEF" codeSystem="2.16.840.1.113883.5.4">
            <displayName value="Definition"/>
         </code>
         <value mediaType="text/plain"
                value="Current Medications:&#xA;Medications the patient is presently taking including all prescriptions, over-the-counters, herbals and vitamin/mineral/dietary (nutritional) supplements with each medication's name, dosage, frequency and administered route.&#xA;&#xA;Route:&#xA;Documentation of the way the medication enters the body (some examples include but are not limited to:  oral, sublingual, subcutaneous injections, and/or topical)."
                xsi:type="ED"/>
      </measureAttribute>
   </subjectOf>
   <subjectOf>
      <measureAttribute>
         <code code="GUIDE" codeSystem="2.16.840.1.113883.5.4">
            <displayName value="Guidance"/>
         </code>
         <value mediaType="text/plain"
                value="This measure is to be reported for every encounter during the measurement period.&#xA;&#xA;Eligible professionals or eligible clinicians reporting this measure may document medication information received from the patient, authorized representative(s), caregiver(s) or other available healthcare resources. &#xA;&#xA;This list must include all prescriptions, over-the-counter (OTC) products, herbals, vitamins, minerals, dietary (nutritional) supplements AND must contain the medications' name, dosage, frequency and route of administration.&#xA;&#xA;This measure should also be reported if the eligible professional or eligible clinician documented the patient is not currently taking any medications.&#xA;&#xA;By reporting the action described in this measure, the provider attests to having documented a list of current medications utilizing all immediate resources available at the time of the encounter."
                xsi:type="ED"/>
      </measureAttribute>
   </subjectOf>
   <subjectOf>
      <measureAttribute>
         <code code="TRANF" codeSystem="2.16.840.1.113883.5.4">
            <displayName value="Transmission Format"/>
         </code>
         <value mediaType="text/plain" value="TBD" xsi:type="ED"/>
      </measureAttribute>
   </subjectOf>
   <subjectOf>
      <measureAttribute>
         <code code="IPOP" codeSystem="2.16.840.1.113883.5.4">
            <displayName value="Initial Population"/>
         </code>
         <value mediaType="text/plain"
                value="All visits occurring during the 12 month measurement period for patients aged 18 years and older"
                xsi:type="ED"/>
      </measureAttribute>
   </subjectOf>
   <subjectOf>
      <measureAttribute>
         <code code="DENOM" codeSystem="2.16.840.1.113883.5.4">
            <displayName value="Denominator"/>
         </code>
         <value mediaType="text/plain" value="Equals Initial Population" xsi:type="ED"/>
      </measureAttribute>
   </subjectOf>
   <subjectOf>
      <measureAttribute>
         <code code="DENEX" codeSystem="2.16.840.1.113883.5.4">
            <displayName value="Denominator Exclusions"/>
         </code>
         <value mediaType="text/plain" value="None" xsi:type="ED"/>
      </measureAttribute>
   </subjectOf>
   <subjectOf>
      <measureAttribute>
         <code code="NUMER" codeSystem="2.16.840.1.113883.5.4">
            <displayName value="Numerator"/>
         </code>
         <value mediaType="text/plain"
                value="Eligible professional or eligible clinician attests to documenting, updating or reviewing the patient's current medications using all immediate resources available on the date of the encounter. This list must include ALL known prescriptions, over-the-counters, herbals and vitamin/mineral/dietary (nutritional) supplements AND must contain the medications' name, dosages, frequency and route of administration."
                xsi:type="ED"/>
      </measureAttribute>
   </subjectOf>
   <subjectOf>
      <measureAttribute>
         <code code="NUMEX" codeSystem="2.16.840.1.113883.5.4">
            <displayName value="Numerator Exclusions"/>
         </code>
         <value mediaType="text/plain" value="Not Applicable" xsi:type="ED"/>
      </measureAttribute>
   </subjectOf>
   <subjectOf>
      <measureAttribute>
         <code code="DENEXCEP" codeSystem="2.16.840.1.113883.5.4">
            <displayName value="Denominator Exceptions"/>
         </code>
         <value mediaType="text/plain"
                value="Medical Reason:&#xA;Patient is in an urgent or emergent medical situation where time is of the essence and to delay treatment would jeopardize the patient's health status"
                xsi:type="ED"/>
      </measureAttribute>
   </subjectOf>
   <subjectOf>
      <measureAttribute>
         <code code="SDE" codeSystem="2.16.840.1.113883.5.4">
            <displayName value="Supplemental Data Elements"/>
         </code>
         <value mediaType="text/plain"
                value="For every patient evaluated by this measure also identify payer, race, ethnicity and sex"
                xsi:type="ED"/>
      </measureAttribute>
   </subjectOf>
   <componentOf>
      <qualityMeasureSet classCode="ACT">
         <id root="6dce68dd-2763-4af0-8cd7-9c2dd0f9ff4e"/>
         <title value="CLINICAL QUALITY MEASURE SET"/>
      </qualityMeasureSet>
   </componentOf>
   <!--Data Criteria Section-->
   <component>
      <dataCriteriaSection>
         <templateId>
            <item extension="2018-05-01" root="2.16.840.1.113883.10.20.28.2.6"/>
         </templateId>
         <code code="57025-9" codeSystem="2.16.840.1.113883.6.1"/>
         <title value="Data Criteria Section"/>
         <text/>
         <entry typeCode="DRIV">
            <localVariableName value="Payer_PatientCharacteristicPayer_hspkM"/>
            <observationCriteria classCode="OBS" moodCode="EVN">
               <templateId>
                  <item extension="2017-05-01" root="2.16.840.1.113883.10.20.28.4.58"/>
               </templateId>
               <id extension="Payer_PatientCharacteristicPayer"
                   root="153f6fc3-f36f-4886-b2a6-03c0c24dc38c"/>
               <code code="48768-6" codeSystem="2.16.840.1.113883.6.1" codeSystemName="LOINC">
                  <displayName value="Payer"/>
               </code>
               <title value="Patient Characteristic Payer"/>
               <statusCode code="COMPLETED"/>
               <value valueSet="2.16.840.1.114222.4.11.3591" xsi:type="CD"/>
            </observationCriteria>
         </entry>
         <entry typeCode="DRIV">
            <localVariableName value="ONCAdministrativeSex_PatientCharacteristicSex_Ns0mB"/>
            <observationCriteria classCode="OBS" moodCode="EVN">
               <templateId>
                  <item extension="2017-05-01" root="2.16.840.1.113883.10.20.28.4.55"/>
               </templateId>
               <id extension="ONCAdministrativeSex_PatientCharacteristicSex"
                   root="bedb5cef-288d-4caf-9735-eefafe2ed494"/>
               <code code="263495000" codeSystem="2.16.840.1.113883.6.96" codeSystemName="SNOMED CT">
                  <displayName value="Gender"/>
               </code>
               <title value="Patient Characteristic Sex"/>
               <statusCode code="COMPLETED"/>
               <value valueSet="2.16.840.1.113762.1.4.1" xsi:type="CD"/>
            </observationCriteria>
         </entry>
         <entry typeCode="DRIV">
            <localVariableName value="Ethnicity_PatientCharacteristicEthnicity_u1PYu"/>
            <observationCriteria classCode="OBS" moodCode="EVN">
               <templateId>
                  <item extension="2017-05-01" root="2.16.840.1.113883.10.20.28.4.56"/>
               </templateId>
               <id extension="Ethnicity_PatientCharacteristicEthnicity"
                   root="471e01a2-83ed-43b6-a73b-9017f4fdbdef"/>
               <code code="54133-4" codeSystem="2.16.840.1.113883.6.1" codeSystemName="LOINC">
                  <displayName value="Ethnicity"/>
               </code>
               <title value="Patient Characteristic Ethnicity"/>
               <statusCode code="COMPLETED"/>
               <value valueSet="2.16.840.1.114222.4.11.837" xsi:type="CD"/>
            </observationCriteria>
         </entry>
         <entry typeCode="DRIV">
            <localVariableName value="MedicationsEncounterCodeSet_EncounterPerformed_y5GrV"/>
            <encounterCriteria classCode="ENC" moodCode="EVN">
               <templateId>
                  <item extension="2017-08-01" root="2.16.840.1.113883.10.20.28.4.5"/>
               </templateId>
               <id extension="MedicationsEncounterCodeSet_EncounterPerformed"
                   root="7d5e623b-63be-46c5-b3bd-712973072700"/>
               <code valueSet="2.16.840.1.113883.3.600.1.1834"/>
               <title value="Encounter, Performed"/>
               <statusCode code="COMPLETED"/>
            </encounterCriteria>
         </entry>
         <entry typeCode="DRIV">
            <localVariableName value="Race_PatientCharacteristicRace_u15K2"/>
            <observationCriteria classCode="OBS" moodCode="EVN">
               <templateId>
                  <item extension="2017-05-01" root="2.16.840.1.113883.10.20.28.4.59"/>
               </templateId>
               <id extension="Race_PatientCharacteristicRace"
                   root="017e9ae6-a471-4f77-9097-eb15a04f9554"/>
               <code code="32624-9" codeSystem="2.16.840.1.113883.6.1" codeSystemName="LOINC">
                  <displayName value="Race"/>
               </code>
               <title value="Patient Characteristic Race"/>
               <statusCode code="COMPLETED"/>
               <value valueSet="2.16.840.1.114222.4.11.836" xsi:type="CD"/>
            </observationCriteria>
         </entry>
         <entry typeCode="DRIV">
            <observationCriteria classCode="OBS" moodCode="EVN">
               <templateId>
                  <item extension="2017-05-01" root="2.16.840.1.113883.10.20.28.4.54"/>
               </templateId>
               <id extension="21112-8_PatientCharacteristicBirthdate"
                   root="65EEB6E0-25FD-488E-B146-44666FDD9123"/>
               <code code="21112-8" codeSystem="2.16.840.1.113883.6.1" codeSystemName="LOINC"/>
               <title value="Patient Characteristic Birthdate"/>
               <statusCode code="COMPLETED"/>
            </observationCriteria>
         </entry>
         <entry typeCode="DRIV">
            <procedureCriteria actionNegationInd="TRUE" classCode="PROC" moodCode="EVN">
               <templateId>
                  <item extension="2018-05-01" root="2.16.840.1.113883.10.20.28.4.67"/>
               </templateId>
               <id extension="428191000124101_ProcedureNotPerformed"
                   root="703DB5C5-5AA7-4287-8490-FC784029DEE2"/>
               <code code="428191000124101" codeSystem="2.16.840.1.113883.6.96"
                     codeSystemName="SNOMEDCT"/>
               <title value="Procedure, Not Performed"/>
               <statusCode code="COMPLETED"/>
            </procedureCriteria>
         </entry>
         <entry typeCode="DRIV">
            <procedureCriteria classCode="PROC" moodCode="EVN">
               <templateId>
                  <item extension="2018-05-01" root="2.16.840.1.113883.10.20.28.4.67"/>
               </templateId>
               <id extension="428191000124101_ProcedurePerformed"
                   root="7E3439C3-ADA6-48A7-9E57-E403A24B87FF"/>
               <code code="428191000124101" codeSystem="2.16.840.1.113883.6.96"
                     codeSystemName="SNOMEDCT"/>
               <title value="Procedure, Performed"/>
               <statusCode code="COMPLETED"/>
            </procedureCriteria>
         </entry>
      </dataCriteriaSection>
   </component>
   <component>
      <populationCriteriaSection>
         <templateId>
            <item extension="2017-08-01" root="2.16.840.1.113883.10.20.28.2.7"/>
         </templateId>
         <id extension="PopulationCriteria1" root="B3825AED-B8DA-4A40-A255-DE89A9A52188"/>
         <code code="57026-7" codeSystem="2.16.840.1.113883.6.1"/>
         <title value="Population Criteria Section"/>
         <text/>
         <component typeCode="COMP">
            <initialPopulationCriteria classCode="OBS" moodCode="EVN">
               <id extension="initialPopulation" root="A6DABDC3-2E60-435D-BC94-888561EA383B"/>
               <code code="IPOP" codeSystem="2.16.840.1.113883.5.4" codeSystemName="Act Code"/>
               <precondition typeCode="PRCN">
                  <criteriaReference classCode="OBS" moodCode="EVN">
                     <id extension="DocumentationofCurrentMedicationsintheMedicalRecord.&quot;Initial Population&quot;"
                         root="AC167168-C9C0-4CBF-AD61-80564402934B"/>
                  </criteriaReference>
               </precondition>
            </initialPopulationCriteria>
         </component>
         <component typeCode="COMP">
            <denominatorCriteria classCode="OBS" moodCode="EVN">
               <id extension="denominator" root="AC6813F8-2411-4D4E-ACCD-3BCE094D8218"/>
               <code code="DENOM" codeSystem="2.16.840.1.113883.5.4" codeSystemName="Act Code"/>
               <precondition typeCode="PRCN">
                  <criteriaReference classCode="OBS" moodCode="EVN">
                     <id extension="DocumentationofCurrentMedicationsintheMedicalRecord.&quot;Denominator&quot;"
                         root="AC167168-C9C0-4CBF-AD61-80564402934B"/>
                  </criteriaReference>
               </precondition>
            </denominatorCriteria>
         </component>
         <component typeCode="COMP">
            <denominatorExceptionCriteria classCode="OBS" moodCode="EVN">
               <id extension="denominatorExceptions" root="D8B84799-2481-4AE1-965C-D8EA597173D1"/>
               <code code="DENEXCEP" codeSystem="2.16.840.1.113883.5.4" codeSystemName="Act Code"/>
               <precondition typeCode="PRCN">
                  <criteriaReference classCode="OBS" moodCode="EVN">
                     <id extension="DocumentationofCurrentMedicationsintheMedicalRecord.&quot;Denominator Exceptions&quot;"
                         root="AC167168-C9C0-4CBF-AD61-80564402934B"/>
                  </criteriaReference>
               </precondition>
            </denominatorExceptionCriteria>
         </component>
         <component typeCode="COMP">
            <numeratorCriteria classCode="OBS" moodCode="EVN">
               <id extension="numerator" root="E64BD324-C96C-4287-A515-D16B17778480"/>
               <code code="NUMER" codeSystem="2.16.840.1.113883.5.4" codeSystemName="Act Code"/>
               <precondition typeCode="PRCN">
                  <criteriaReference classCode="OBS" moodCode="EVN">
                     <id extension="DocumentationofCurrentMedicationsintheMedicalRecord.&quot;Numerator&quot;"
                         root="AC167168-C9C0-4CBF-AD61-80564402934B"/>
                  </criteriaReference>
               </precondition>
            </numeratorCriteria>
         </component>
         <component typeCode="COMP">
            <cql-ext:supplementalDataElement>
               <id extension="Supplemental Data Elements"
                   root="92738B5F-6BDF-40D0-8116-C22E942B8897"/>
               <code code="SDE" codeSystem="2.16.840.1.113883.5.4" codeSystemName="Act Code"/>
               <precondition typeCode="PRCN">
                  <criteriaReference classCode="OBS" moodCode="EVN">
                     <id extension="DocumentationofCurrentMedicationsintheMedicalRecord.&quot;SDE Ethnicity&quot;"
                         root="AC167168-C9C0-4CBF-AD61-80564402934B"/>
                  </criteriaReference>
               </precondition>
            </cql-ext:supplementalDataElement>
         </component>
         <component typeCode="COMP">
            <cql-ext:supplementalDataElement>
               <id extension="Supplemental Data Elements"
                   root="6F6E09F0-1322-4253-A689-CD4C89A50489"/>
               <code code="SDE" codeSystem="2.16.840.1.113883.5.4" codeSystemName="Act Code"/>
               <precondition typeCode="PRCN">
                  <criteriaReference classCode="OBS" moodCode="EVN">
                     <id extension="DocumentationofCurrentMedicationsintheMedicalRecord.&quot;SDE Payer&quot;"
                         root="AC167168-C9C0-4CBF-AD61-80564402934B"/>
                  </criteriaReference>
               </precondition>
            </cql-ext:supplementalDataElement>
         </component>
         <component typeCode="COMP">
            <cql-ext:supplementalDataElement>
               <id extension="Supplemental Data Elements"
                   root="49B1B4BC-323A-461C-9867-ED10EABCA406"/>
               <code code="SDE" codeSystem="2.16.840.1.113883.5.4" codeSystemName="Act Code"/>
               <precondition typeCode="PRCN">
                  <criteriaReference classCode="OBS" moodCode="EVN">
                     <id extension="DocumentationofCurrentMedicationsintheMedicalRecord.&quot;SDE Race&quot;"
                         root="AC167168-C9C0-4CBF-AD61-80564402934B"/>
                  </criteriaReference>
               </precondition>
            </cql-ext:supplementalDataElement>
         </component>
         <component typeCode="COMP">
            <cql-ext:supplementalDataElement>
               <id extension="Supplemental Data Elements"
                   root="D3177789-7857-4E5D-A53D-1C6FEADC856F"/>
               <code code="SDE" codeSystem="2.16.840.1.113883.5.4" codeSystemName="Act Code"/>
               <precondition typeCode="PRCN">
                  <criteriaReference classCode="OBS" moodCode="EVN">
                     <id extension="DocumentationofCurrentMedicationsintheMedicalRecord.&quot;SDE Sex&quot;"
                         root="AC167168-C9C0-4CBF-AD61-80564402934B"/>
                  </criteriaReference>
               </precondition>
            </cql-ext:supplementalDataElement>
         </component>
      </populationCriteriaSection>
   </component>
</QualityMeasureDocument>