<?xml version="1.0" encoding="UTF-8"?>
<library xmlns="urn:hl7-org:elm:r1" xmlns:t="urn:hl7-org:elm-types:r1" xmlns:xsi="http://www.w3.org/2001/XMLSchema-instance" xmlns:xsd="http://www.w3.org/2001/XMLSchema" xmlns:fhir="http://hl7.org/fhir" xmlns:qdm43="urn:healthit-gov:qdm:v4_3" xmlns:qdm53="urn:healthit-gov:qdm:v5_3" xmlns:a="urn:hl7-org:cql-annotations:r1">
   <identifier id="DocumentationofCurrentMedicationsintheMedicalRecord" version="9.1.000"/>
   <schemaIdentifier id="urn:hl7-org:elm" version="r1"/>
   <usings>
      <def localIdentifier="System" uri="urn:hl7-org:elm-types:r1"/>
      <def localId="1" locator="3:1-3:23" localIdentifier="QDM" uri="urn:healthit-gov:qdm:v5_4" version="5.4"/>
   </usings>
   <includes>
      <def localId="2" locator="5:1-5:64" localIdentifier="Global" path="MATGlobalCommonFunctions" version="4.0.000"/>
   </includes>
   <parameters>
      <def localId="17" locator="20:1-20:49" name="Measurement Period" accessLevel="Public">
         <parameterTypeSpecifier localId="16" locator="20:32-20:49" xsi:type="IntervalTypeSpecifier">
            <pointType localId="15" locator="20:41-20:48" name="t:DateTime" xsi:type="NamedTypeSpecifier"/>
         </parameterTypeSpecifier>
      </def>
   </parameters>
   <codeSystems>
      <def localId="3" locator="7:1-7:51" name="LOINC" id="urn:oid:2.16.840.1.113883.6.1" accessLevel="Public"/>
      <def localId="4" locator="8:1-8:55" name="SNOMEDCT" id="urn:oid:2.16.840.1.113883.6.96" accessLevel="Public"/>
   </codeSystems>
   <valueSets>
      <def localId="5" locator="10:1-10:58" name="Ethnicity" id="urn:oid:2.16.840.1.114222.4.11.837" accessLevel="Public"/>
      <def localId="6" locator="11:1-11:85" name="Medical or Other reason not done" id="urn:oid:2.16.840.1.113883.3.600.1.1502" accessLevel="Public"/>
      <def localId="7" locator="12:1-12:83" name="Medications Encounter Code Set" id="urn:oid:2.16.840.1.113883.3.600.1.1834" accessLevel="Public"/>
      <def localId="8" locator="13:1-13:68" name="ONC Administrative Sex" id="urn:oid:2.16.840.1.113762.1.4.1" accessLevel="Public"/>
      <def localId="9" locator="14:1-14:55" name="Payer" id="urn:oid:2.16.840.1.114222.4.11.3591" accessLevel="Public"/>
      <def localId="10" locator="15:1-15:53" name="Race" id="urn:oid:2.16.840.1.114222.4.11.836" accessLevel="Public"/>
   </valueSets>
   <codes>
      <def localId="12" locator="17:1-17:62" name="Birth date" id="21112-8" display="Birth date" accessLevel="Public">
         <codeSystem localId="11" locator="17:35-17:41" name="LOINC"/>
      </def>
      <def localId="14" locator="18:1-18:149" name="Documentation of current medications (procedure)" id="428191000124101" display="Documentation of current medications (procedure)" accessLevel="Public">
         <codeSystem localId="13" locator="18:81-18:90" name="SNOMEDCT"/>
      </def>
   </codes>
   <statements>
      <def locator="22:1-22:15" name="Patient" context="Patient">
         <expression xsi:type="SingletonFrom">
            <operand locator="22:1-22:15" xmlns:ns0="urn:healthit-gov:qdm:v5_4" dataType="ns0:Patient" templateId="Patient" xsi:type="Retrieve"/>
         </expression>
      </def>
      <def localId="19" locator="24:1-25:50" name="SDE Ethnicity" context="Patient" accessLevel="Public">
         <annotation xsi:type="a:Annotation">
            <a:s r="19">
               <a:s>define &quot;SDE Ethnicity&quot;:
	</a:s>
               <a:s r="18">
                  <a:s>[&quot;Patient Characteristic Ethnicity&quot;: </a:s>
                  <a:s>
                     <a:s>&quot;Ethnicity&quot;</a:s>
                  </a:s>
                  <a:s>]</a:s>
               </a:s>
            </a:s>
         </annotation>
         <expression localId="18" locator="25:2-25:50" xmlns:ns1="urn:healthit-gov:qdm:v5_4" dataType="ns1:PatientCharacteristicEthnicity" codeProperty="code" xsi:type="Retrieve">
            <codes name="Ethnicity" xsi:type="ValueSetRef"/>
         </expression>
      </def>
      <def localId="21" locator="27:1-28:42" name="SDE Payer" context="Patient" accessLevel="Public">
         <annotation xsi:type="a:Annotation">
            <a:s r="21">
               <a:s>define &quot;SDE Payer&quot;:
	</a:s>
               <a:s r="20">
                  <a:s>[&quot;Patient Characteristic Payer&quot;: </a:s>
                  <a:s>
                     <a:s>&quot;Payer&quot;</a:s>
                  </a:s>
                  <a:s>]</a:s>
               </a:s>
            </a:s>
         </annotation>
         <expression localId="20" locator="28:2-28:42" xmlns:ns2="urn:healthit-gov:qdm:v5_4" dataType="ns2:PatientCharacteristicPayer" codeProperty="code" xsi:type="Retrieve">
            <codes name="Payer" xsi:type="ValueSetRef"/>
         </expression>
      </def>
      <def localId="23" locator="30:1-31:40" name="SDE Race" context="Patient" accessLevel="Public">
         <annotation xsi:type="a:Annotation">
            <a:s r="23">
               <a:s>define &quot;SDE Race&quot;:
	</a:s>
               <a:s r="22">
                  <a:s>[&quot;Patient Characteristic Race&quot;: </a:s>
                  <a:s>
                     <a:s>&quot;Race&quot;</a:s>
                  </a:s>
                  <a:s>]</a:s>
               </a:s>
            </a:s>
         </annotation>
         <expression localId="22" locator="31:2-31:40" xmlns:ns3="urn:healthit-gov:qdm:v5_4" dataType="ns3:PatientCharacteristicRace" codeProperty="code" xsi:type="Retrieve">
            <codes name="Race" xsi:type="ValueSetRef"/>
         </expression>
      </def>
      <def localId="25" locator="33:1-34:57" name="SDE Sex" context="Patient" accessLevel="Public">
         <annotation xsi:type="a:Annotation">
            <a:s r="25">
               <a:s>define &quot;SDE Sex&quot;:
	</a:s>
               <a:s r="24">
                  <a:s>[&quot;Patient Characteristic Sex&quot;: </a:s>
                  <a:s>
                     <a:s>&quot;ONC Administrative Sex&quot;</a:s>
                  </a:s>
                  <a:s>]</a:s>
               </a:s>
            </a:s>
         </annotation>
         <expression localId="24" locator="34:2-34:57" xmlns:ns4="urn:healthit-gov:qdm:v5_4" dataType="ns4:PatientCharacteristicSex" codeProperty="code" xsi:type="Retrieve">
            <codes name="ONC Administrative Sex" xsi:type="ValueSetRef"/>
         </expression>
      </def>
      <def localId="33" locator="60:1-62:70" name="Qualifying Encounters During Measurement Period" context="Patient" accessLevel="Public">
         <annotation xsi:type="a:Annotation">
            <a:s r="33">
               <a:s>define &quot;Qualifying Encounters During Measurement Period&quot;:
	</a:s>
               <a:s r="32">
                  <a:s>
                     <a:s r="27">
                        <a:s r="26">
                           <a:s r="26">
                              <a:s>[&quot;Encounter, Performed&quot;: </a:s>
                              <a:s>
                                 <a:s>&quot;Medications Encounter Code Set&quot;</a:s>
                              </a:s>
                              <a:s>]</a:s>
                           </a:s>
                        </a:s>
                        <a:s> QualifyingEncounter</a:s>
                     </a:s>
                  </a:s>
                  <a:s>
		</a:s>
                  <a:s r="31">
                     <a:s>where </a:s>
                     <a:s r="31">
                        <a:s r="29">
                           <a:s r="28">
                              <a:s>QualifyingEncounter</a:s>
                           </a:s>
                           <a:s>.</a:s>
                           <a:s r="29">
                              <a:s>relevantPeriod</a:s>
                           </a:s>
                        </a:s>
                        <a:s> during </a:s>
                        <a:s r="30">
                           <a:s>&quot;Measurement Period&quot;</a:s>
                        </a:s>
                     </a:s>
                  </a:s>
               </a:s>
            </a:s>
         </annotation>
         <expression localId="32" locator="61:2-62:70" xsi:type="Query">
            <source localId="27" locator="61:2-61:79" alias="QualifyingEncounter">
               <expression localId="26" locator="61:2-61:59" xmlns:ns5="urn:healthit-gov:qdm:v5_4" dataType="ns5:PositiveEncounterPerformed" templateId="PositiveEncounterPerformed" codeProperty="code" xsi:type="Retrieve">
                  <codes name="Medications Encounter Code Set" xsi:type="ValueSetRef"/>
               </expression>
            </source>
            <where localId="31" locator="62:3-62:70" xsi:type="IncludedIn">
               <operand localId="29" locator="62:9-62:42" path="relevantPeriod" scope="QualifyingEncounter" xsi:type="Property"/>
               <operand localId="30" locator="62:51-62:70" name="Measurement Period" xsi:type="ParameterRef"/>
            </where>
         </expression>
      </def>
      <def localId="48" locator="64:1-66:98" name="Patient Age 18 or Older at Start of Measurement Period" context="Patient" accessLevel="Public">
         <annotation xsi:type="a:Annotation">
            <a:s r="48">
               <a:s>define &quot;Patient Age 18 or Older at Start of Measurement Period&quot;:
	</a:s>
               <a:s r="47">
                  <a:s>exists </a:s>
                  <a:s r="46">
                     <a:s>
                        <a:s r="37">
                           <a:s r="36">
                              <a:s r="36">
                                 <a:s>[&quot;Patient Characteristic Birthdate&quot;: </a:s>
                                 <a:s>
                                    <a:s>&quot;Birth date&quot;</a:s>
                                 </a:s>
                                 <a:s>]</a:s>
                              </a:s>
                           </a:s>
                           <a:s> BirthDate</a:s>
                        </a:s>
                     </a:s>
                     <a:s>
		</a:s>
                     <a:s r="45">
                        <a:s>where </a:s>
                        <a:s r="45">
                           <a:s r="43">
                              <a:s r="38">
                                 <a:s>Global</a:s>
                              </a:s>
                              <a:s>.</a:s>
                              <a:s r="43">
                                 <a:s>&quot;CalendarAgeInYearsAt&quot;(</a:s>
                                 <a:s r="40">
                                    <a:s r="39">
                                       <a:s>BirthDate</a:s>
                                    </a:s>
                                    <a:s>.</a:s>
                                    <a:s r="40">
                                       <a:s>birthDatetime</a:s>
                                    </a:s>
                                 </a:s>
                                 <a:s>, </a:s>
                                 <a:s r="42">
                                    <a:s>start of </a:s>
                                    <a:s r="41">
                                       <a:s>&quot;Measurement Period&quot;</a:s>
                                    </a:s>
                                 </a:s>
                                 <a:s>)</a:s>
                              </a:s>
                           </a:s>
                           <a:s>>= 18</a:s>
                        </a:s>
                     </a:s>
                  </a:s>
               </a:s>
            </a:s>
         </annotation>
         <expression localId="47" locator="65:2-66:98" xsi:type="Exists">
            <operand localId="46" locator="65:9-66:98" xsi:type="Query">
               <source localId="37" locator="65:9-65:68" alias="BirthDate">
                  <expression localId="36" locator="65:9-65:58" xmlns:ns6="urn:healthit-gov:qdm:v5_4" dataType="ns6:PatientCharacteristicBirthdate" codeProperty="code" xsi:type="Retrieve">
                     <codes xsi:type="ToList">
                        <operand name="Birth date" xsi:type="CodeRef"/>
                     </codes>
                  </expression>
               </source>
               <where localId="45" locator="66:3-66:98" xsi:type="GreaterOrEqual">
                  <operand localId="43" locator="66:9-66:93" name="CalendarAgeInYearsAt" libraryName="Global" xsi:type="FunctionRef">
                     <operand localId="40" locator="66:39-66:61" path="birthDatetime" scope="BirthDate" xsi:type="Property"/>
                     <operand localId="42" locator="66:64-66:92" xsi:type="Start">
                        <operand localId="41" locator="66:73-66:92" name="Measurement Period" xsi:type="ParameterRef"/>
                     </operand>
                  </operand>
                  <operand localId="44" locator="66:97-66:98" valueType="t:Integer" value="18" xsi:type="Literal"/>
               </where>
            </operand>
         </expression>
      </def>
      <def localId="51" locator="56:1-58:64" name="Initial Population" context="Patient" accessLevel="Public">
         <annotation xsi:type="a:Annotation">
            <a:s r="51">
               <a:s>define &quot;Initial Population&quot;:
	</a:s>
               <a:s r="50">
                  <a:s>
                     <a:s r="35">
                        <a:s r="34">
                           <a:s>
                              <a:s>&quot;Qualifying Encounters During Measurement Period&quot;</a:s>
                           </a:s>
                        </a:s>
                        <a:s> QualifyingEncounter</a:s>
                     </a:s>
                  </a:s>
                  <a:s>
		</a:s>
                  <a:s r="49">
                     <a:s>where </a:s>
                     <a:s r="49">
                        <a:s>&quot;Patient Age 18 or Older at Start of Measurement Period&quot;</a:s>
                     </a:s>
                  </a:s>
               </a:s>
            </a:s>
         </annotation>
         <expression localId="50" locator="57:2-58:64" xsi:type="Query">
            <source localId="35" locator="57:2-57:70" alias="QualifyingEncounter">
               <expression localId="34" locator="57:2-57:50" name="Qualifying Encounters During Measurement Period" xsi:type="ExpressionRef"/>
            </source>
            <where localId="49" locator="58:3-58:64" name="Patient Age 18 or Older at Start of Measurement Period" xsi:type="ExpressionRef"/>
         </expression>
      </def>
      <def localId="53" locator="36:1-37:21" name="Denominator" context="Patient" accessLevel="Public">
         <annotation xsi:type="a:Annotation">
            <a:s r="53">
               <a:s>define &quot;Denominator&quot;:
	</a:s>
               <a:s r="52">
                  <a:s>&quot;Initial Population&quot;</a:s>
               </a:s>
            </a:s>
         </annotation>
         <expression localId="52" locator="37:2-37:21" name="Initial Population" xsi:type="ExpressionRef"/>
      </def>
      <def localId="61" locator="39:1-41:76" name="Medications Not Documented for Medical Reason" context="Patient" accessLevel="Public">
         <annotation xsi:type="a:Annotation">
            <a:s r="61">
               <a:s>define &quot;Medications Not Documented for Medical Reason&quot;:
	</a:s>
               <a:s r="60">
                  <a:s>
                     <a:s r="55">
                        <a:s r="54">
                           <a:s r="54">
                              <a:s>[&quot;Procedure, Not Performed&quot;: </a:s>
                              <a:s>
                                 <a:s>&quot;Documentation of current medications (procedure)&quot;</a:s>
                              </a:s>
                              <a:s>]</a:s>
                           </a:s>
                        </a:s>
                        <a:s> NotPerformed</a:s>
                     </a:s>
                  </a:s>
                  <a:s>
		</a:s>
                  <a:s r="59">
                     <a:s>where </a:s>
                     <a:s r="59">
                        <a:s r="57">
                           <a:s r="56">
                              <a:s>NotPerformed</a:s>
                           </a:s>
                           <a:s>.</a:s>
                           <a:s r="57">
                              <a:s>negationRationale</a:s>
                           </a:s>
                        </a:s>
                        <a:s> in </a:s>
                        <a:s r="58">
                           <a:s>&quot;Medical or Other reason not done&quot;</a:s>
                        </a:s>
                     </a:s>
                  </a:s>
               </a:s>
            </a:s>
         </annotation>
         <expression localId="60" locator="40:2-41:76" xsi:type="Query">
            <source localId="55" locator="40:2-40:94" alias="NotPerformed">
               <expression localId="54" locator="40:2-40:81" xmlns:ns7="urn:healthit-gov:qdm:v5_4" dataType="ns7:NegativeProcedurePerformed" templateId="NegativeProcedurePerformed" codeProperty="code" xsi:type="Retrieve">
                  <codes xsi:type="ToList">
                     <operand name="Documentation of current medications (procedure)" xsi:type="CodeRef"/>
                  </codes>
               </expression>
            </source>
            <where localId="59" locator="41:3-41:76" xsi:type="InValueSet">
               <code localId="57" locator="41:9-41:38" path="negationRationale" scope="NotPerformed" xsi:type="Property"/>
               <valueset localId="58" locator="41:43-41:76" name="Medical or Other reason not done"/>
            </where>
         </expression>
      </def>
      <def localId="73" locator="43:1-46:107" name="Denominator Exceptions" context="Patient" accessLevel="Public">
         <annotation xsi:type="a:Annotation">
            <a:s r="73">
               <a:s>define &quot;Denominator Exceptions&quot;:
	</a:s>
               <a:s r="72">
                  <a:s>
                     <a:s r="63">
                        <a:s r="62">
                           <a:s>
                              <a:s>&quot;Qualifying Encounters During Measurement Period&quot;</a:s>
                           </a:s>
                        </a:s>
                        <a:s> EncounterDuringMeasurementPeriod</a:s>
                     </a:s>
                  </a:s>
                  <a:s>
		</a:s>
                  <a:s r="71">
                     <a:s>with </a:s>
                     <a:s r="65">
                        <a:s r="64">
                           <a:s>
                              <a:s>&quot;Medications Not Documented for Medical Reason&quot;</a:s>
                           </a:s>
                        </a:s>
                        <a:s> MedicationsNotDocumented</a:s>
                     </a:s>
                     <a:s>
			such that </a:s>
                     <a:s r="70">
                        <a:s r="67">
                           <a:s r="66">
                              <a:s>MedicationsNotDocumented</a:s>
                           </a:s>
                           <a:s>.</a:s>
                           <a:s r="67">
                              <a:s>authorDatetime</a:s>
                           </a:s>
                        </a:s>
                        <a:s> during </a:s>
                        <a:s r="69">
                           <a:s r="68">
                              <a:s>EncounterDuringMeasurementPeriod</a:s>
                           </a:s>
                           <a:s>.</a:s>
                           <a:s r="69">
                              <a:s>relevantPeriod</a:s>
                           </a:s>
                        </a:s>
                     </a:s>
                  </a:s>
               </a:s>
            </a:s>
         </annotation>
         <expression localId="72" locator="44:2-46:107" xsi:type="Query">
            <source localId="63" locator="44:2-44:83" alias="EncounterDuringMeasurementPeriod">
               <expression localId="62" locator="44:2-44:50" name="Qualifying Encounters During Measurement Period" xsi:type="ExpressionRef"/>
            </source>
            <relationship localId="71" locator="45:3-46:107" alias="MedicationsNotDocumented" xsi:type="With">
               <expression localId="64" locator="45:8-45:54" name="Medications Not Documented for Medical Reason" xsi:type="ExpressionRef"/>
               <suchThat localId="70" locator="46:14-46:107" xsi:type="In">
                  <operand localId="67" locator="46:14-46:52" path="authorDatetime" scope="MedicationsNotDocumented" xsi:type="Property"/>
                  <operand localId="69" locator="46:61-46:107" path="relevantPeriod" scope="EncounterDuringMeasurementPeriod" xsi:type="Property"/>
               </suchThat>
            </relationship>
         </expression>
      </def>
      <def localId="85" locator="48:1-51:114" name="Medications Documented During Qualifying Encounter" context="Patient" accessLevel="Public">
         <annotation xsi:type="a:Annotation">
            <a:s r="85">
               <a:s>define &quot;Medications Documented During Qualifying Encounter&quot;:
	</a:s>
               <a:s r="84">
                  <a:s>
                     <a:s r="75">
                        <a:s r="74">
                           <a:s>
                              <a:s>&quot;Qualifying Encounters During Measurement Period&quot;</a:s>
                           </a:s>
                        </a:s>
                        <a:s> QualifyingEncounterDuringMeasurementPeriod</a:s>
                     </a:s>
                  </a:s>
                  <a:s>
		</a:s>
                  <a:s r="83">
                     <a:s>with </a:s>
                     <a:s r="77">
                        <a:s r="76">
                           <a:s r="76">
                              <a:s>[&quot;Procedure, Performed&quot;: </a:s>
                              <a:s>
                                 <a:s>&quot;Documentation of current medications (procedure)&quot;</a:s>
                              </a:s>
                              <a:s>]</a:s>
                           </a:s>
                        </a:s>
                        <a:s> MedicationsDocumented</a:s>
                     </a:s>
                     <a:s>
			such that </a:s>
                     <a:s r="82">
                        <a:s r="79">
                           <a:s r="78">
                              <a:s>MedicationsDocumented</a:s>
                           </a:s>
                           <a:s>.</a:s>
                           <a:s r="79">
                              <a:s>relevantPeriod</a:s>
                           </a:s>
                        </a:s>
                        <a:s> during </a:s>
                        <a:s r="81">
                           <a:s r="80">
                              <a:s>QualifyingEncounterDuringMeasurementPeriod</a:s>
                           </a:s>
                           <a:s>.</a:s>
                           <a:s r="81">
                              <a:s>relevantPeriod</a:s>
                           </a:s>
                        </a:s>
                     </a:s>
                  </a:s>
               </a:s>
            </a:s>
         </annotation>
         <expression localId="84" locator="49:2-51:114" xsi:type="Query">
            <source localId="75" locator="49:2-49:93" alias="QualifyingEncounterDuringMeasurementPeriod">
               <expression localId="74" locator="49:2-49:50" name="Qualifying Encounters During Measurement Period" xsi:type="ExpressionRef"/>
            </source>
            <relationship localId="83" locator="50:3-51:114" alias="MedicationsDocumented" xsi:type="With">
               <expression localId="76" locator="50:8-50:83" xmlns:ns8="urn:healthit-gov:qdm:v5_4" dataType="ns8:PositiveProcedurePerformed" templateId="PositiveProcedurePerformed" codeProperty="code" xsi:type="Retrieve">
                  <codes xsi:type="ToList">
                     <operand name="Documentation of current medications (procedure)" xsi:type="CodeRef"/>
                  </codes>
               </expression>
               <suchThat localId="82" locator="51:14-51:114" xsi:type="IncludedIn">
                  <operand localId="79" locator="51:14-51:49" path="relevantPeriod" scope="MedicationsDocumented" xsi:type="Property"/>
                  <operand localId="81" locator="51:58-51:114" path="relevantPeriod" scope="QualifyingEncounterDuringMeasurementPeriod" xsi:type="Property"/>
               </suchThat>
            </relationship>
         </expression>
      </def>
      <def localId="87" locator="53:1-54:53" name="Numerator" context="Patient" accessLevel="Public">
         <annotation xsi:type="a:Annotation">
            <a:s r="87">
               <a:s>define &quot;Numerator&quot;:
	</a:s>
               <a:s r="86">
                  <a:s>&quot;Medications Documented During Qualifying Encounter&quot;</a:s>
               </a:s>
            </a:s>
         </annotation>
         <expression localId="86" locator="54:2-54:53" name="Medications Documented During Qualifying Encounter" xsi:type="ExpressionRef"/>
      </def>
   </statements>
</library>
