{
   "library" : {
      "identifier" : {
         "id" : "DocumentationofCurrentMedicationsintheMedicalRecord",
         "version" : "9.1.000"
      },
      "schemaIdentifier" : {
         "id" : "urn:hl7-org:elm",
         "version" : "r1"
      },
      "usings" : {
         "def" : [ {
            "localIdentifier" : "System",
            "uri" : "urn:hl7-org:elm-types:r1"
         }, {
            "localId" : "1",
            "locator" : "3:1-3:23",
            "localIdentifier" : "QDM",
            "uri" : "urn:healthit-gov:qdm:v5_4",
            "version" : "5.4"
         } ]
      },
      "includes" : {
         "def" : [ {
            "localId" : "2",
            "locator" : "5:1-5:64",
            "localIdentifier" : "Global",
            "path" : "MATGlobalCommonFunctions",
            "version" : "4.0.000"
         } ]
      },
      "parameters" : {
         "def" : [ {
            "localId" : "17",
            "locator" : "20:1-20:49",
            "name" : "Measurement Period",
            "accessLevel" : "Public",
            "parameterTypeSpecifier" : {
               "localId" : "16",
               "locator" : "20:32-20:49",
               "type" : "IntervalTypeSpecifier",
               "pointType" : {
                  "localId" : "15",
                  "locator" : "20:41-20:48",
                  "name" : "{urn:hl7-org:elm-types:r1}DateTime",
                  "type" : "NamedTypeSpecifier"
               }
            }
         } ]
      },
      "codeSystems" : {
         "def" : [ {
            "localId" : "3",
            "locator" : "7:1-7:51",
            "name" : "LOINC",
            "id" : "urn:oid:2.16.840.1.113883.6.1",
            "accessLevel" : "Public"
         }, {
            "localId" : "4",
            "locator" : "8:1-8:55",
            "name" : "SNOMEDCT",
            "id" : "urn:oid:2.16.840.1.113883.6.96",
            "accessLevel" : "Public"
         } ]
      },
      "valueSets" : {
         "def" : [ {
            "localId" : "5",
            "locator" : "10:1-10:58",
            "name" : "Ethnicity",
            "id" : "urn:oid:2.16.840.1.114222.4.11.837",
            "accessLevel" : "Public"
         }, {
            "localId" : "6",
            "locator" : "11:1-11:85",
            "name" : "Medical or Other reason not done",
            "id" : "urn:oid:2.16.840.1.113883.3.600.1.1502",
            "accessLevel" : "Public"
         }, {
            "localId" : "7",
            "locator" : "12:1-12:83",
            "name" : "Medications Encounter Code Set",
            "id" : "urn:oid:2.16.840.1.113883.3.600.1.1834",
            "accessLevel" : "Public"
         }, {
            "localId" : "8",
            "locator" : "13:1-13:68",
            "name" : "ONC Administrative Sex",
            "id" : "urn:oid:2.16.840.1.113762.1.4.1",
            "accessLevel" : "Public"
         }, {
            "localId" : "9",
            "locator" : "14:1-14:55",
            "name" : "Payer",
            "id" : "urn:oid:2.16.840.1.114222.4.11.3591",
            "accessLevel" : "Public"
         }, {
            "localId" : "10",
            "locator" : "15:1-15:53",
            "name" : "Race",
            "id" : "urn:oid:2.16.840.1.114222.4.11.836",
            "accessLevel" : "Public"
         } ]
      },
      "codes" : {
         "def" : [ {
            "localId" : "12",
            "locator" : "17:1-17:62",
            "name" : "Birth date",
            "id" : "21112-8",
            "display" : "Birth date",
            "accessLevel" : "Public",
            "codeSystem" : {
               "localId" : "11",
               "locator" : "17:35-17:41",
               "name" : "LOINC"
            }
         }, {
            "localId" : "14",
            "locator" : "18:1-18:149",
            "name" : "Documentation of current medications (procedure)",
            "id" : "428191000124101",
            "display" : "Documentation of current medications (procedure)",
            "accessLevel" : "Public",
            "codeSystem" : {
               "localId" : "13",
               "locator" : "18:81-18:90",
               "name" : "SNOMEDCT"
            }
         } ]
      },
      "statements" : {
         "def" : [ {
            "locator" : "22:1-22:15",
            "name" : "Patient",
            "context" : "Patient",
            "expression" : {
               "type" : "SingletonFrom",
               "operand" : {
                  "locator" : "22:1-22:15",
                  "dataType" : "{urn:healthit-gov:qdm:v5_4}Patient",
                  "templateId" : "Patient",
                  "type" : "Retrieve"
               }
            }
         }, {
            "localId" : "19",
            "locator" : "24:1-25:50",
            "name" : "SDE Ethnicity",
            "context" : "Patient",
            "accessLevel" : "Public",
            "annotation" : [ {
               "type" : "Annotation",
               "s" : {
                  "r" : "19",
                  "s" : [ {
                     "value" : [ "define ","\"SDE Ethnicity\"",":\n\t" ]
                  }, {
                     "r" : "18",
                     "s" : [ {
                        "value" : [ "[","\"Patient Characteristic Ethnicity\"",": " ]
                     }, {
                        "s" : [ {
                           "value" : [ "\"Ethnicity\"" ]
                        } ]
                     }, {
                        "value" : [ "]" ]
                     } ]
                  } ]
               }
            } ],
            "expression" : {
               "localId" : "18",
               "locator" : "25:2-25:50",
               "dataType" : "{urn:healthit-gov:qdm:v5_4}PatientCharacteristicEthnicity",
               "codeProperty" : "code",
               "type" : "Retrieve",
               "codes" : {
                  "name" : "Ethnicity",
                  "type" : "ValueSetRef"
               }
            }
         }, {
            "localId" : "21",
            "locator" : "27:1-28:42",
            "name" : "SDE Payer",
            "context" : "Patient",
            "accessLevel" : "Public",
            "annotation" : [ {
               "type" : "Annotation",
               "s" : {
                  "r" : "21",
                  "s" : [ {
                     "value" : [ "define ","\"SDE Payer\"",":\n\t" ]
                  }, {
                     "r" : "20",
                     "s" : [ {
                        "value" : [ "[","\"Patient Characteristic Payer\"",": " ]
                     }, {
                        "s" : [ {
                           "value" : [ "\"Payer\"" ]
                        } ]
                     }, {
                        "value" : [ "]" ]
                     } ]
                  } ]
               }
            } ],
            "expression" : {
               "localId" : "20",
               "locator" : "28:2-28:42",
               "dataType" : "{urn:healthit-gov:qdm:v5_4}PatientCharacteristicPayer",
               "codeProperty" : "code",
               "type" : "Retrieve",
               "codes" : {
                  "name" : "Payer",
                  "type" : "ValueSetRef"
               }
            }
         }, {
            "localId" : "23",
            "locator" : "30:1-31:40",
            "name" : "SDE Race",
            "context" : "Patient",
            "accessLevel" : "Public",
            "annotation" : [ {
               "type" : "Annotation",
               "s" : {
                  "r" : "23",
                  "s" : [ {
                     "value" : [ "define ","\"SDE Race\"",":\n\t" ]
                  }, {
                     "r" : "22",
                     "s" : [ {
                        "value" : [ "[","\"Patient Characteristic Race\"",": " ]
                     }, {
                        "s" : [ {
                           "value" : [ "\"Race\"" ]
                        } ]
                     }, {
                        "value" : [ "]" ]
                     } ]
                  } ]
               }
            } ],
            "expression" : {
               "localId" : "22",
               "locator" : "31:2-31:40",
               "dataType" : "{urn:healthit-gov:qdm:v5_4}PatientCharacteristicRace",
               "codeProperty" : "code",
               "type" : "Retrieve",
               "codes" : {
                  "name" : "Race",
                  "type" : "ValueSetRef"
               }
            }
         }, {
            "localId" : "25",
            "locator" : "33:1-34:57",
            "name" : "SDE Sex",
            "context" : "Patient",
            "accessLevel" : "Public",
            "annotation" : [ {
               "type" : "Annotation",
               "s" : {
                  "r" : "25",
                  "s" : [ {
                     "value" : [ "define ","\"SDE Sex\"",":\n\t" ]
                  }, {
                     "r" : "24",
                     "s" : [ {
                        "value" : [ "[","\"Patient Characteristic Sex\"",": " ]
                     }, {
                        "s" : [ {
                           "value" : [ "\"ONC Administrative Sex\"" ]
                        } ]
                     }, {
                        "value" : [ "]" ]
                     } ]
                  } ]
               }
            } ],
            "expression" : {
               "localId" : "24",
               "locator" : "34:2-34:57",
               "dataType" : "{urn:healthit-gov:qdm:v5_4}PatientCharacteristicSex",
               "codeProperty" : "code",
               "type" : "Retrieve",
               "codes" : {
                  "name" : "ONC Administrative Sex",
                  "type" : "ValueSetRef"
               }
            }
         }, {
            "localId" : "33",
            "locator" : "60:1-62:70",
            "name" : "Qualifying Encounters During Measurement Period",
            "context" : "Patient",
            "accessLevel" : "Public",
            "annotation" : [ {
               "type" : "Annotation",
               "s" : {
                  "r" : "33",
                  "s" : [ {
                     "value" : [ "define ","\"Qualifying Encounters During Measurement Period\"",":\n\t" ]
                  }, {
                     "r" : "32",
                     "s" : [ {
                        "s" : [ {
                           "r" : "27",
                           "s" : [ {
                              "r" : "26",
                              "s" : [ {
                                 "r" : "26",
                                 "s" : [ {
                                    "value" : [ "[","\"Encounter, Performed\"",": " ]
                                 }, {
                                    "s" : [ {
                                       "value" : [ "\"Medications Encounter Code Set\"" ]
                                    } ]
                                 }, {
                                    "value" : [ "]" ]
                                 } ]
                              } ]
                           }, {
                              "value" : [ " ","QualifyingEncounter" ]
                           } ]
                        } ]
                     }, {
                        "value" : [ "\n\t\t" ]
                     }, {
                        "r" : "31",
                        "s" : [ {
                           "value" : [ "where " ]
                        }, {
                           "r" : "31",
                           "s" : [ {
                              "r" : "29",
                              "s" : [ {
                                 "r" : "28",
                                 "s" : [ {
                                    "value" : [ "QualifyingEncounter" ]
                                 } ]
                              }, {
                                 "value" : [ "." ]
                              }, {
                                 "r" : "29",
                                 "s" : [ {
                                    "value" : [ "relevantPeriod" ]
                                 } ]
                              } ]
                           }, {
                              "value" : [ " ","during"," " ]
                           }, {
                              "r" : "30",
                              "s" : [ {
                                 "value" : [ "\"Measurement Period\"" ]
                              } ]
                           } ]
                        } ]
                     } ]
                  } ]
               }
            } ],
            "expression" : {
               "localId" : "32",
               "locator" : "61:2-62:70",
               "type" : "Query",
               "source" : [ {
                  "localId" : "27",
                  "locator" : "61:2-61:79",
                  "alias" : "QualifyingEncounter",
                  "expression" : {
                     "localId" : "26",
                     "locator" : "61:2-61:59",
                     "dataType" : "{urn:healthit-gov:qdm:v5_4}PositiveEncounterPerformed",
                     "templateId" : "PositiveEncounterPerformed",
                     "codeProperty" : "code",
                     "type" : "Retrieve",
                     "codes" : {
                        "name" : "Medications Encounter Code Set",
                        "type" : "ValueSetRef"
                     }
                  }
               } ],
               "relationship" : [ ],
               "where" : {
                  "localId" : "31",
                  "locator" : "62:3-62:70",
                  "type" : "IncludedIn",
                  "operand" : [ {
                     "localId" : "29",
                     "locator" : "62:9-62:42",
                     "path" : "relevantPeriod",
                     "scope" : "QualifyingEncounter",
                     "type" : "Property"
                  }, {
                     "localId" : "30",
                     "locator" : "62:51-62:70",
                     "name" : "Measurement Period",
                     "type" : "ParameterRef"
                  } ]
               }
            }
         }, {
            "localId" : "48",
            "locator" : "64:1-66:98",
            "name" : "Patient Age 18 or Older at Start of Measurement Period",
            "context" : "Patient",
            "accessLevel" : "Public",
            "annotation" : [ {
               "type" : "Annotation",
               "s" : {
                  "r" : "48",
                  "s" : [ {
                     "value" : [ "define ","\"Patient Age 18 or Older at Start of Measurement Period\"",":\n\t" ]
                  }, {
                     "r" : "47",
                     "s" : [ {
                        "value" : [ "exists " ]
                     }, {
                        "r" : "46",
                        "s" : [ {
                           "s" : [ {
                              "r" : "37",
                              "s" : [ {
                                 "r" : "36",
                                 "s" : [ {
                                    "r" : "36",
                                    "s" : [ {
                                       "value" : [ "[","\"Patient Characteristic Birthdate\"",": " ]
                                    }, {
                                       "s" : [ {
                                          "value" : [ "\"Birth date\"" ]
                                       } ]
                                    }, {
                                       "value" : [ "]" ]
                                    } ]
                                 } ]
                              }, {
                                 "value" : [ " ","BirthDate" ]
                              } ]
                           } ]
                        }, {
                           "value" : [ "\n\t\t" ]
                        }, {
                           "r" : "45",
                           "s" : [ {
                              "value" : [ "where " ]
                           }, {
                              "r" : "45",
                              "s" : [ {
                                 "r" : "43",
                                 "s" : [ {
                                    "r" : "38",
                                    "s" : [ {
                                       "value" : [ "Global" ]
                                    } ]
                                 }, {
                                    "value" : [ "." ]
                                 }, {
                                    "r" : "43",
                                    "s" : [ {
                                       "value" : [ "\"CalendarAgeInYearsAt\"","(" ]
                                    }, {
                                       "r" : "40",
                                       "s" : [ {
                                          "r" : "39",
                                          "s" : [ {
                                             "value" : [ "BirthDate" ]
                                          } ]
                                       }, {
                                          "value" : [ "." ]
                                       }, {
                                          "r" : "40",
                                          "s" : [ {
                                             "value" : [ "birthDatetime" ]
                                          } ]
                                       } ]
                                    }, {
                                       "value" : [ ", " ]
                                    }, {
                                       "r" : "42",
                                       "s" : [ {
                                          "value" : [ "start of " ]
                                       }, {
                                          "r" : "41",
                                          "s" : [ {
                                             "value" : [ "\"Measurement Period\"" ]
                                          } ]
                                       } ]
                                    }, {
                                       "value" : [ ")" ]
                                    } ]
                                 } ]
                              }, {
                                 "value" : [ ">="," ","18" ]
                              } ]
                           } ]
                        } ]
                     } ]
                  } ]
               }
            } ],
            "expression" : {
               "localId" : "47",
               "locator" : "65:2-66:98",
               "type" : "Exists",
               "operand" : {
                  "localId" : "46",
                  "locator" : "65:9-66:98",
                  "type" : "Query",
                  "source" : [ {
                     "localId" : "37",
                     "locator" : "65:9-65:68",
                     "alias" : "BirthDate",
                     "expression" : {
                        "localId" : "36",
                        "locator" : "65:9-65:58",
                        "dataType" : "{urn:healthit-gov:qdm:v5_4}PatientCharacteristicBirthdate",
                        "codeProperty" : "code",
                        "type" : "Retrieve",
                        "codes" : {
                           "type" : "ToList",
                           "operand" : {
                              "name" : "Birth date",
                              "type" : "CodeRef"
                           }
                        }
                     }
                  } ],
                  "relationship" : [ ],
                  "where" : {
                     "localId" : "45",
                     "locator" : "66:3-66:98",
                     "type" : "GreaterOrEqual",
                     "operand" : [ {
                        "localId" : "43",
                        "locator" : "66:9-66:93",
                        "name" : "CalendarAgeInYearsAt",
                        "libraryName" : "Global",
                        "type" : "FunctionRef",
                        "operand" : [ {
                           "localId" : "40",
                           "locator" : "66:39-66:61",
                           "path" : "birthDatetime",
                           "scope" : "BirthDate",
                           "type" : "Property"
                        }, {
                           "localId" : "42",
                           "locator" : "66:64-66:92",
                           "type" : "Start",
                           "operand" : {
                              "localId" : "41",
                              "locator" : "66:73-66:92",
                              "name" : "Measurement Period",
                              "type" : "ParameterRef"
                           }
                        } ]
                     }, {
                        "localId" : "44",
                        "locator" : "66:97-66:98",
                        "valueType" : "{urn:hl7-org:elm-types:r1}Integer",
                        "value" : "18",
                        "type" : "Literal"
                     } ]
                  }
               }
            }
         }, {
            "localId" : "51",
            "locator" : "56:1-58:64",
            "name" : "Initial Population",
            "context" : "Patient",
            "accessLevel" : "Public",
            "annotation" : [ {
               "type" : "Annotation",
               "s" : {
                  "r" : "51",
                  "s" : [ {
                     "value" : [ "define ","\"Initial Population\"",":\n\t" ]
                  }, {
                     "r" : "50",
                     "s" : [ {
                        "s" : [ {
                           "r" : "35",
                           "s" : [ {
                              "r" : "34",
                              "s" : [ {
                                 "s" : [ {
                                    "value" : [ "\"Qualifying Encounters During Measurement Period\"" ]
                                 } ]
                              } ]
                           }, {
                              "value" : [ " ","QualifyingEncounter" ]
                           } ]
                        } ]
                     }, {
                        "value" : [ "\n\t\t" ]
                     }, {
                        "r" : "49",
                        "s" : [ {
                           "value" : [ "where " ]
                        }, {
                           "r" : "49",
                           "s" : [ {
                              "value" : [ "\"Patient Age 18 or Older at Start of Measurement Period\"" ]
                           } ]
                        } ]
                     } ]
                  } ]
               }
            } ],
            "expression" : {
               "localId" : "50",
               "locator" : "57:2-58:64",
               "type" : "Query",
               "source" : [ {
                  "localId" : "35",
                  "locator" : "57:2-57:70",
                  "alias" : "QualifyingEncounter",
                  "expression" : {
                     "localId" : "34",
                     "locator" : "57:2-57:50",
                     "name" : "Qualifying Encounters During Measurement Period",
                     "type" : "ExpressionRef"
                  }
               } ],
               "relationship" : [ ],
               "where" : {
                  "localId" : "49",
                  "locator" : "58:3-58:64",
                  "name" : "Patient Age 18 or Older at Start of Measurement Period",
                  "type" : "ExpressionRef"
               }
            }
         }, {
            "localId" : "53",
            "locator" : "36:1-37:21",
            "name" : "Denominator",
            "context" : "Patient",
            "accessLevel" : "Public",
            "annotation" : [ {
               "type" : "Annotation",
               "s" : {
                  "r" : "53",
                  "s" : [ {
                     "value" : [ "define ","\"Denominator\"",":\n\t" ]
                  }, {
                     "r" : "52",
                     "s" : [ {
                        "value" : [ "\"Initial Population\"" ]
                     } ]
                  } ]
               }
            } ],
            "expression" : {
               "localId" : "52",
               "locator" : "37:2-37:21",
               "name" : "Initial Population",
               "type" : "ExpressionRef"
            }
         }, {
            "localId" : "61",
            "locator" : "39:1-41:76",
            "name" : "Medications Not Documented for Medical Reason",
            "context" : "Patient",
            "accessLevel" : "Public",
            "annotation" : [ {
               "type" : "Annotation",
               "s" : {
                  "r" : "61",
                  "s" : [ {
                     "value" : [ "define ","\"Medications Not Documented for Medical Reason\"",":\n\t" ]
                  }, {
                     "r" : "60",
                     "s" : [ {
                        "s" : [ {
                           "r" : "55",
                           "s" : [ {
                              "r" : "54",
                              "s" : [ {
                                 "r" : "54",
                                 "s" : [ {
                                    "value" : [ "[","\"Procedure, Not Performed\"",": " ]
                                 }, {
                                    "s" : [ {
                                       "value" : [ "\"Documentation of current medications (procedure)\"" ]
                                    } ]
                                 }, {
                                    "value" : [ "]" ]
                                 } ]
                              } ]
                           }, {
                              "value" : [ " ","NotPerformed" ]
                           } ]
                        } ]
                     }, {
                        "value" : [ "\n\t\t" ]
                     }, {
                        "r" : "59",
                        "s" : [ {
                           "value" : [ "where " ]
                        }, {
                           "r" : "59",
                           "s" : [ {
                              "r" : "57",
                              "s" : [ {
                                 "r" : "56",
                                 "s" : [ {
                                    "value" : [ "NotPerformed" ]
                                 } ]
                              }, {
                                 "value" : [ "." ]
                              }, {
                                 "r" : "57",
                                 "s" : [ {
                                    "value" : [ "negationRationale" ]
                                 } ]
                              } ]
                           }, {
                              "value" : [ " in " ]
                           }, {
                              "r" : "58",
                              "s" : [ {
                                 "value" : [ "\"Medical or Other reason not done\"" ]
                              } ]
                           } ]
                        } ]
                     } ]
                  } ]
               }
            } ],
            "expression" : {
               "localId" : "60",
               "locator" : "40:2-41:76",
               "type" : "Query",
               "source" : [ {
                  "localId" : "55",
                  "locator" : "40:2-40:94",
                  "alias" : "NotPerformed",
                  "expression" : {
                     "localId" : "54",
                     "locator" : "40:2-40:81",
                     "dataType" : "{urn:healthit-gov:qdm:v5_4}NegativeProcedurePerformed",
                     "templateId" : "NegativeProcedurePerformed",
                     "codeProperty" : "code",
                     "type" : "Retrieve",
                     "codes" : {
                        "type" : "ToList",
                        "operand" : {
                           "name" : "Documentation of current medications (procedure)",
                           "type" : "CodeRef"
                        }
                     }
                  }
               } ],
               "relationship" : [ ],
               "where" : {
                  "localId" : "59",
                  "locator" : "41:3-41:76",
                  "type" : "InValueSet",
                  "code" : {
                     "localId" : "57",
                     "locator" : "41:9-41:38",
                     "path" : "negationRationale",
                     "scope" : "NotPerformed",
                     "type" : "Property"
                  },
                  "valueset" : {
                     "localId" : "58",
                     "locator" : "41:43-41:76",
                     "name" : "Medical or Other reason not done"
                  }
               }
            }
         }, {
            "localId" : "73",
            "locator" : "43:1-46:107",
            "name" : "Denominator Exceptions",
            "context" : "Patient",
            "accessLevel" : "Public",
            "annotation" : [ {
               "type" : "Annotation",
               "s" : {
                  "r" : "73",
                  "s" : [ {
                     "value" : [ "define ","\"Denominator Exceptions\"",":\n\t" ]
                  }, {
                     "r" : "72",
                     "s" : [ {
                        "s" : [ {
                           "r" : "63",
                           "s" : [ {
                              "r" : "62",
                              "s" : [ {
                                 "s" : [ {
                                    "value" : [ "\"Qualifying Encounters During Measurement Period\"" ]
                                 } ]
                              } ]
                           }, {
                              "value" : [ " ","EncounterDuringMeasurementPeriod" ]
                           } ]
                        } ]
                     }, {
                        "value" : [ "\n\t\t" ]
                     }, {
                        "r" : "71",
                        "s" : [ {
                           "value" : [ "with " ]
                        }, {
                           "r" : "65",
                           "s" : [ {
                              "r" : "64",
                              "s" : [ {
                                 "s" : [ {
                                    "value" : [ "\"Medications Not Documented for Medical Reason\"" ]
                                 } ]
                              } ]
                           }, {
                              "value" : [ " ","MedicationsNotDocumented" ]
                           } ]
                        }, {
                           "value" : [ "\n\t\t\tsuch that " ]
                        }, {
                           "r" : "70",
                           "s" : [ {
                              "r" : "67",
                              "s" : [ {
                                 "r" : "66",
                                 "s" : [ {
                                    "value" : [ "MedicationsNotDocumented" ]
                                 } ]
                              }, {
                                 "value" : [ "." ]
                              }, {
                                 "r" : "67",
                                 "s" : [ {
                                    "value" : [ "authorDatetime" ]
                                 } ]
                              } ]
                           }, {
                              "value" : [ " ","during"," " ]
                           }, {
                              "r" : "69",
                              "s" : [ {
                                 "r" : "68",
                                 "s" : [ {
                                    "value" : [ "EncounterDuringMeasurementPeriod" ]
                                 } ]
                              }, {
                                 "value" : [ "." ]
                              }, {
                                 "r" : "69",
                                 "s" : [ {
                                    "value" : [ "relevantPeriod" ]
                                 } ]
                              } ]
                           } ]
                        } ]
                     } ]
                  } ]
               }
            } ],
            "expression" : {
               "localId" : "72",
               "locator" : "44:2-46:107",
               "type" : "Query",
               "source" : [ {
                  "localId" : "63",
                  "locator" : "44:2-44:83",
                  "alias" : "EncounterDuringMeasurementPeriod",
                  "expression" : {
                     "localId" : "62",
                     "locator" : "44:2-44:50",
                     "name" : "Qualifying Encounters During Measurement Period",
                     "type" : "ExpressionRef"
                  }
               } ],
               "relationship" : [ {
                  "localId" : "71",
                  "locator" : "45:3-46:107",
                  "alias" : "MedicationsNotDocumented",
                  "type" : "With",
                  "expression" : {
                     "localId" : "64",
                     "locator" : "45:8-45:54",
                     "name" : "Medications Not Documented for Medical Reason",
                     "type" : "ExpressionRef"
                  },
                  "suchThat" : {
                     "localId" : "70",
                     "locator" : "46:14-46:107",
                     "type" : "In",
                     "operand" : [ {
                        "localId" : "67",
                        "locator" : "46:14-46:52",
                        "path" : "authorDatetime",
                        "scope" : "MedicationsNotDocumented",
                        "type" : "Property"
                     }, {
                        "localId" : "69",
                        "locator" : "46:61-46:107",
                        "path" : "relevantPeriod",
                        "scope" : "EncounterDuringMeasurementPeriod",
                        "type" : "Property"
                     } ]
                  }
               } ]
            }
         }, {
            "localId" : "85",
            "locator" : "48:1-51:114",
            "name" : "Medications Documented During Qualifying Encounter",
            "context" : "Patient",
            "accessLevel" : "Public",
            "annotation" : [ {
               "type" : "Annotation",
               "s" : {
                  "r" : "85",
                  "s" : [ {
                     "value" : [ "define ","\"Medications Documented During Qualifying Encounter\"",":\n\t" ]
                  }, {
                     "r" : "84",
                     "s" : [ {
                        "s" : [ {
                           "r" : "75",
                           "s" : [ {
                              "r" : "74",
                              "s" : [ {
                                 "s" : [ {
                                    "value" : [ "\"Qualifying Encounters During Measurement Period\"" ]
                                 } ]
                              } ]
                           }, {
                              "value" : [ " ","QualifyingEncounterDuringMeasurementPeriod" ]
                           } ]
                        } ]
                     }, {
                        "value" : [ "\n\t\t" ]
                     }, {
                        "r" : "83",
                        "s" : [ {
                           "value" : [ "with " ]
                        }, {
                           "r" : "77",
                           "s" : [ {
                              "r" : "76",
                              "s" : [ {
                                 "r" : "76",
                                 "s" : [ {
                                    "value" : [ "[","\"Procedure, Performed\"",": " ]
                                 }, {
                                    "s" : [ {
                                       "value" : [ "\"Documentation of current medications (procedure)\"" ]
                                    } ]
                                 }, {
                                    "value" : [ "]" ]
                                 } ]
                              } ]
                           }, {
                              "value" : [ " ","MedicationsDocumented" ]
                           } ]
                        }, {
                           "value" : [ "\n\t\t\tsuch that " ]
                        }, {
                           "r" : "82",
                           "s" : [ {
                              "r" : "79",
                              "s" : [ {
                                 "r" : "78",
                                 "s" : [ {
                                    "value" : [ "MedicationsDocumented" ]
                                 } ]
                              }, {
                                 "value" : [ "." ]
                              }, {
                                 "r" : "79",
                                 "s" : [ {
                                    "value" : [ "relevantPeriod" ]
                                 } ]
                              } ]
                           }, {
                              "value" : [ " ","during"," " ]
                           }, {
                              "r" : "81",
                              "s" : [ {
                                 "r" : "80",
                                 "s" : [ {
                                    "value" : [ "QualifyingEncounterDuringMeasurementPeriod" ]
                                 } ]
                              }, {
                                 "value" : [ "." ]
                              }, {
                                 "r" : "81",
                                 "s" : [ {
                                    "value" : [ "relevantPeriod" ]
                                 } ]
                              } ]
                           } ]
                        } ]
                     } ]
                  } ]
               }
            } ],
            "expression" : {
               "localId" : "84",
               "locator" : "49:2-51:114",
               "type" : "Query",
               "source" : [ {
                  "localId" : "75",
                  "locator" : "49:2-49:93",
                  "alias" : "QualifyingEncounterDuringMeasurementPeriod",
                  "expression" : {
                     "localId" : "74",
                     "locator" : "49:2-49:50",
                     "name" : "Qualifying Encounters During Measurement Period",
                     "type" : "ExpressionRef"
                  }
               } ],
               "relationship" : [ {
                  "localId" : "83",
                  "locator" : "50:3-51:114",
                  "alias" : "MedicationsDocumented",
                  "type" : "With",
                  "expression" : {
                     "localId" : "76",
                     "locator" : "50:8-50:83",
                     "dataType" : "{urn:healthit-gov:qdm:v5_4}PositiveProcedurePerformed",
                     "templateId" : "PositiveProcedurePerformed",
                     "codeProperty" : "code",
                     "type" : "Retrieve",
                     "codes" : {
                        "type" : "ToList",
                        "operand" : {
                           "name" : "Documentation of current medications (procedure)",
                           "type" : "CodeRef"
                        }
                     }
                  },
                  "suchThat" : {
                     "localId" : "82",
                     "locator" : "51:14-51:114",
                     "type" : "IncludedIn",
                     "operand" : [ {
                        "localId" : "79",
                        "locator" : "51:14-51:49",
                        "path" : "relevantPeriod",
                        "scope" : "MedicationsDocumented",
                        "type" : "Property"
                     }, {
                        "localId" : "81",
                        "locator" : "51:58-51:114",
                        "path" : "relevantPeriod",
                        "scope" : "QualifyingEncounterDuringMeasurementPeriod",
                        "type" : "Property"
                     } ]
                  }
               } ]
            }
         }, {
            "localId" : "87",
            "locator" : "53:1-54:53",
            "name" : "Numerator",
            "context" : "Patient",
            "accessLevel" : "Public",
            "annotation" : [ {
               "type" : "Annotation",
               "s" : {
                  "r" : "87",
                  "s" : [ {
                     "value" : [ "define ","\"Numerator\"",":\n\t" ]
                  }, {
                     "r" : "86",
                     "s" : [ {
                        "value" : [ "\"Medications Documented During Qualifying Encounter\"" ]
                     } ]
                  } ]
               }
            } ],
            "expression" : {
               "localId" : "86",
               "locator" : "54:2-54:53",
               "name" : "Medications Documented During Qualifying Encounter",
               "type" : "ExpressionRef"
            }
         } ]
      }
   }
}