{
   "library" : {
      "identifier" : {
         "id" : "FallsScreeningforFutureFallRisk",
         "version" : "9.2.000"
      },
      "schemaIdentifier" : {
         "id" : "urn:hl7-org:elm",
         "version" : "r1"
      },
      "usings" : {
         "def" : [ {
            "localIdentifier" : "System",
            "uri" : "urn:hl7-org:elm-types:r1"
         }, {
            "localId" : "1",
            "locator" : "3:1-3:23",
            "localIdentifier" : "QDM",
            "uri" : "urn:healthit-gov:qdm:v5_5",
            "version" : "5.5"
         } ]
      },
      "includes" : {
         "def" : [ {
            "localId" : "2",
            "locator" : "5:1-5:64",
            "localIdentifier" : "Global",
            "path" : "MATGlobalCommonFunctions",
            "version" : "5.0.000"
         }, {
            "localId" : "3",
            "locator" : "6:1-6:48",
            "localIdentifier" : "Hospice",
            "path" : "Hospice",
            "version" : "2.2.000"
         } ]
      },
      "parameters" : {
         "def" : [ {
            "localId" : "25",
            "locator" : "29:1-29:49",
            "name" : "Measurement Period",
            "accessLevel" : "Public",
            "parameterTypeSpecifier" : {
               "localId" : "24",
               "locator" : "29:32-29:49",
               "type" : "IntervalTypeSpecifier",
               "pointType" : {
                  "localId" : "23",
                  "locator" : "29:41-29:48",
                  "name" : "{urn:hl7-org:elm-types:r1}DateTime",
                  "type" : "NamedTypeSpecifier"
               }
            }
         } ]
      },
      "codeSystems" : {
         "def" : [ {
            "localId" : "4",
            "locator" : "8:1-8:51",
            "name" : "LOINC",
            "id" : "urn:oid:2.16.840.1.113883.6.1",
            "accessLevel" : "Public"
         } ]
      },
      "valueSets" : {
         "def" : [ {
            "localId" : "5",
            "locator" : "10:1-10:74",
            "name" : "Annual Wellness Visit",
            "id" : "urn:oid:2.16.840.1.113883.3.526.3.1240",
            "accessLevel" : "Public"
         }, {
            "localId" : "6",
            "locator" : "11:1-11:78",
            "name" : "Audiology Visit",
            "id" : "urn:oid:2.16.840.1.113883.3.464.1003.101.12.1066",
            "accessLevel" : "Public"
         }, {
            "localId" : "7",
            "locator" : "12:1-12:110",
            "name" : "Care Services in Long-Term Residential Facility",
            "id" : "urn:oid:2.16.840.1.113883.3.464.1003.101.12.1014",
            "accessLevel" : "Public"
         }, {
            "localId" : "8",
            "locator" : "13:1-13:100",
            "name" : "Discharge Services - Nursing Facility",
            "id" : "urn:oid:2.16.840.1.113883.3.464.1003.101.12.1013",
            "accessLevel" : "Public"
         }, {
            "localId" : "9",
            "locator" : "14:1-14:58",
            "name" : "Ethnicity",
            "id" : "urn:oid:2.16.840.1.114222.4.11.837",
            "accessLevel" : "Public"
         }, {
            "localId" : "10",
            "locator" : "15:1-15:78",
            "name" : "Falls Screening",
            "id" : "urn:oid:2.16.840.1.113883.3.464.1003.118.12.1028",
            "accessLevel" : "Public"
         }, {
            "localId" : "11",
            "locator" : "16:1-16:87",
            "name" : "Home Healthcare Services",
            "id" : "urn:oid:2.16.840.1.113883.3.464.1003.101.12.1016",
            "accessLevel" : "Public"
         }, {
            "localId" : "12",
            "locator" : "17:1-17:85",
            "name" : "Nursing Facility Visit",
            "id" : "urn:oid:2.16.840.1.113883.3.464.1003.101.12.1012",
            "accessLevel" : "Public"
         }, {
            "localId" : "13",
            "locator" : "18:1-18:75",
            "name" : "Office Visit",
            "id" : "urn:oid:2.16.840.1.113883.3.464.1003.101.12.1001",
            "accessLevel" : "Public"
         }, {
            "localId" : "14",
            "locator" : "19:1-19:68",
            "name" : "ONC Administrative Sex",
            "id" : "urn:oid:2.16.840.1.113762.1.4.1",
            "accessLevel" : "Public"
         }, {
            "localId" : "15",
            "locator" : "20:1-20:78",
            "name" : "Ophthalmological Services",
            "id" : "urn:oid:2.16.840.1.113883.3.526.3.1285",
            "accessLevel" : "Public"
         }, {
            "localId" : "16",
            "locator" : "21:1-21:55",
            "name" : "Payer",
            "id" : "urn:oid:2.16.840.1.114222.4.11.3591",
            "accessLevel" : "Public"
         }, {
            "localId" : "17",
            "locator" : "22:1-22:125",
            "name" : "Preventive Care Services - Established Office Visit, 18 and Up",
            "id" : "urn:oid:2.16.840.1.113883.3.464.1003.101.12.1025",
            "accessLevel" : "Public"
         }, {
            "localId" : "18",
            "locator" : "23:1-23:109",
            "name" : "Preventive Care Services-Individual Counseling",
            "id" : "urn:oid:2.16.840.1.113883.3.464.1003.101.12.1026",
            "accessLevel" : "Public"
         }, {
            "localId" : "19",
            "locator" : "24:1-24:119",
            "name" : "Preventive Care Services-Initial Office Visit, 18 and Up",
            "id" : "urn:oid:2.16.840.1.113883.3.464.1003.101.12.1023",
            "accessLevel" : "Public"
         }, {
            "localId" : "20",
            "locator" : "25:1-25:53",
            "name" : "Race",
            "id" : "urn:oid:2.16.840.1.114222.4.11.836",
            "accessLevel" : "Public"
         } ]
      },
      "codes" : {
         "def" : [ {
            "localId" : "22",
            "locator" : "27:1-27:62",
            "name" : "Birth date",
            "id" : "21112-8",
            "display" : "Birth date",
            "accessLevel" : "Public",
            "codeSystem" : {
               "localId" : "21",
               "locator" : "27:35-27:41",
               "name" : "LOINC"
            }
         } ]
      },
      "statements" : {
         "def" : [ {
            "locator" : "31:1-31:15",
            "name" : "Patient",
            "context" : "Patient",
            "expression" : {
               "type" : "SingletonFrom",
               "operand" : {
                  "locator" : "31:1-31:15",
                  "dataType" : "{urn:healthit-gov:qdm:v5_5}Patient",
                  "templateId" : "Patient",
                  "type" : "Retrieve"
               }
            }
         }, {
            "localId" : "65",
            "locator" : "45:1-57:67",
            "name" : "Qualifying Encounter",
            "context" : "Patient",
            "accessLevel" : "Public",
            "annotation" : [ {
               "type" : "Annotation",
               "s" : {
                  "r" : "65",
                  "s" : [ {
                     "value" : [ "define ","\"Qualifying Encounter\"",":\n  " ]
                  }, {
                     "r" : "64",
                     "s" : [ {
                        "s" : [ {
                           "r" : "59",
                           "s" : [ {
                              "r" : "58",
                              "s" : [ {
                                 "value" : [ "( " ]
                              }, {
                                 "r" : "58",
                                 "s" : [ {
                                    "r" : "56",
                                    "s" : [ {
                                       "r" : "54",
                                       "s" : [ {
                                          "r" : "52",
                                          "s" : [ {
                                             "r" : "50",
                                             "s" : [ {
                                                "r" : "48",
                                                "s" : [ {
                                                   "r" : "46",
                                                   "s" : [ {
                                                      "r" : "44",
                                                      "s" : [ {
                                                         "r" : "42",
                                                         "s" : [ {
                                                            "r" : "40",
                                                            "s" : [ {
                                                               "r" : "38",
                                                               "s" : [ {
                                                                  "value" : [ "[","\"Encounter, Performed\"",": " ]
                                                               }, {
                                                                  "s" : [ {
                                                                     "value" : [ "\"Office Visit\"" ]
                                                                  } ]
                                                               }, {
                                                                  "value" : [ "]" ]
                                                               } ]
                                                            }, {
                                                               "value" : [ "\n    union " ]
                                                            }, {
                                                               "r" : "39",
                                                               "s" : [ {
                                                                  "value" : [ "[","\"Encounter, Performed\"",": " ]
                                                               }, {
                                                                  "s" : [ {
                                                                     "value" : [ "\"Annual Wellness Visit\"" ]
                                                                  } ]
                                                               }, {
                                                                  "value" : [ "]" ]
                                                               } ]
                                                            } ]
                                                         }, {
                                                            "value" : [ "\n    union " ]
                                                         }, {
                                                            "r" : "41",
                                                            "s" : [ {
                                                               "value" : [ "[","\"Encounter, Performed\"",": " ]
                                                            }, {
                                                               "s" : [ {
                                                                  "value" : [ "\"Preventive Care Services - Established Office Visit, 18 and Up\"" ]
                                                               } ]
                                                            }, {
                                                               "value" : [ "]" ]
                                                            } ]
                                                         } ]
                                                      }, {
                                                         "value" : [ "\n    union " ]
                                                      }, {
                                                         "r" : "43",
                                                         "s" : [ {
                                                            "value" : [ "[","\"Encounter, Performed\"",": " ]
                                                         }, {
                                                            "s" : [ {
                                                               "value" : [ "\"Preventive Care Services-Initial Office Visit, 18 and Up\"" ]
                                                            } ]
                                                         }, {
                                                            "value" : [ "]" ]
                                                         } ]
                                                      } ]
                                                   }, {
                                                      "value" : [ "\n    union " ]
                                                   }, {
                                                      "r" : "45",
                                                      "s" : [ {
                                                         "value" : [ "[","\"Encounter, Performed\"",": " ]
                                                      }, {
                                                         "s" : [ {
                                                            "value" : [ "\"Home Healthcare Services\"" ]
                                                         } ]
                                                      }, {
                                                         "value" : [ "]" ]
                                                      } ]
                                                   } ]
                                                }, {
                                                   "value" : [ "\n    union " ]
                                                }, {
                                                   "r" : "47",
                                                   "s" : [ {
                                                      "value" : [ "[","\"Encounter, Performed\"",": " ]
                                                   }, {
                                                      "s" : [ {
                                                         "value" : [ "\"Ophthalmological Services\"" ]
                                                      } ]
                                                   }, {
                                                      "value" : [ "]" ]
                                                   } ]
                                                } ]
                                             }, {
                                                "value" : [ "\n    union " ]
                                             }, {
                                                "r" : "49",
                                                "s" : [ {
                                                   "value" : [ "[","\"Encounter, Performed\"",": " ]
                                                }, {
                                                   "s" : [ {
                                                      "value" : [ "\"Preventive Care Services-Individual Counseling\"" ]
                                                   } ]
                                                }, {
                                                   "value" : [ "]" ]
                                                } ]
                                             } ]
                                          }, {
                                             "value" : [ "\n    union " ]
                                          }, {
                                             "r" : "51",
                                             "s" : [ {
                                                "value" : [ "[","\"Encounter, Performed\"",": " ]
                                             }, {
                                                "s" : [ {
                                                   "value" : [ "\"Discharge Services - Nursing Facility\"" ]
                                                } ]
                                             }, {
                                                "value" : [ "]" ]
                                             } ]
                                          } ]
                                       }, {
                                          "value" : [ "\n    union " ]
                                       }, {
                                          "r" : "53",
                                          "s" : [ {
                                             "value" : [ "[","\"Encounter, Performed\"",": " ]
                                          }, {
                                             "s" : [ {
                                                "value" : [ "\"Nursing Facility Visit\"" ]
                                             } ]
                                          }, {
                                             "value" : [ "]" ]
                                          } ]
                                       } ]
                                    }, {
                                       "value" : [ "\n    union " ]
                                    }, {
                                       "r" : "55",
                                       "s" : [ {
                                          "value" : [ "[","\"Encounter, Performed\"",": " ]
                                       }, {
                                          "s" : [ {
                                             "value" : [ "\"Care Services in Long-Term Residential Facility\"" ]
                                          } ]
                                       }, {
                                          "value" : [ "]" ]
                                       } ]
                                    } ]
                                 }, {
                                    "value" : [ "\n    union " ]
                                 }, {
                                    "r" : "57",
                                    "s" : [ {
                                       "value" : [ "[","\"Encounter, Performed\"",": " ]
                                    }, {
                                       "s" : [ {
                                          "value" : [ "\"Audiology Visit\"" ]
                                       } ]
                                    }, {
                                       "value" : [ "]" ]
                                    } ]
                                 } ]
                              }, {
                                 "value" : [ " )" ]
                              } ]
                           }, {
                              "value" : [ " ","ValidEncounter" ]
                           } ]
                        } ]
                     }, {
                        "value" : [ "\n    " ]
                     }, {
                        "r" : "63",
                        "s" : [ {
                           "value" : [ "where " ]
                        }, {
                           "r" : "63",
                           "s" : [ {
                              "r" : "61",
                              "s" : [ {
                                 "r" : "60",
                                 "s" : [ {
                                    "value" : [ "ValidEncounter" ]
                                 } ]
                              }, {
                                 "value" : [ "." ]
                              }, {
                                 "r" : "61",
                                 "s" : [ {
                                    "value" : [ "relevantPeriod" ]
                                 } ]
                              } ]
                           }, {
                              "r" : "63",
                              "value" : [ " ","during"," " ]
                           }, {
                              "r" : "62",
                              "s" : [ {
                                 "value" : [ "\"Measurement Period\"" ]
                              } ]
                           } ]
                        } ]
                     } ]
                  } ]
               }
            } ],
            "expression" : {
               "localId" : "64",
               "locator" : "46:3-57:67",
               "type" : "Query",
               "source" : [ {
                  "localId" : "59",
                  "locator" : "46:3-56:70",
                  "alias" : "ValidEncounter",
                  "expression" : {
                     "localId" : "58",
                     "locator" : "46:3-56:55",
                     "type" : "Union",
                     "operand" : [ {
                        "localId" : "56",
                        "locator" : "46:5-55:85",
                        "type" : "Union",
                        "operand" : [ {
                           "localId" : "52",
                           "locator" : "46:5-53:75",
                           "type" : "Union",
                           "operand" : [ {
                              "localId" : "48",
                              "locator" : "46:5-51:63",
                              "type" : "Union",
                              "operand" : [ {
                                 "localId" : "44",
                                 "locator" : "46:5-49:94",
                                 "type" : "Union",
                                 "operand" : [ {
                                    "localId" : "40",
                                    "locator" : "46:5-47:59",
                                    "type" : "Union",
                                    "operand" : [ {
                                       "localId" : "38",
                                       "locator" : "46:5-46:44",
                                       "dataType" : "{urn:healthit-gov:qdm:v5_5}PositiveEncounterPerformed",
                                       "templateId" : "PositiveEncounterPerformed",
                                       "codeProperty" : "code",
                                       "type" : "Retrieve",
                                       "codes" : {
                                          "locator" : "46:30-46:43",
                                          "name" : "Office Visit",
                                          "type" : "ValueSetRef"
                                       }
                                    }, {
                                       "localId" : "39",
                                       "locator" : "47:11-47:59",
                                       "dataType" : "{urn:healthit-gov:qdm:v5_5}PositiveEncounterPerformed",
                                       "templateId" : "PositiveEncounterPerformed",
                                       "codeProperty" : "code",
                                       "type" : "Retrieve",
                                       "codes" : {
                                          "locator" : "47:36-47:58",
                                          "name" : "Annual Wellness Visit",
                                          "type" : "ValueSetRef"
                                       }
                                    } ]
                                 }, {
                                    "type" : "Union",
                                    "operand" : [ {
                                       "localId" : "41",
                                       "locator" : "48:11-48:100",
                                       "dataType" : "{urn:healthit-gov:qdm:v5_5}PositiveEncounterPerformed",
                                       "templateId" : "PositiveEncounterPerformed",
                                       "codeProperty" : "code",
                                       "type" : "Retrieve",
                                       "codes" : {
                                          "locator" : "48:36-48:99",
                                          "name" : "Preventive Care Services - Established Office Visit, 18 and Up",
                                          "type" : "ValueSetRef"
                                       }
                                    }, {
                                       "localId" : "43",
                                       "locator" : "49:11-49:94",
                                       "dataType" : "{urn:healthit-gov:qdm:v5_5}PositiveEncounterPerformed",
                                       "templateId" : "PositiveEncounterPerformed",
                                       "codeProperty" : "code",
                                       "type" : "Retrieve",
                                       "codes" : {
                                          "locator" : "49:36-49:93",
                                          "name" : "Preventive Care Services-Initial Office Visit, 18 and Up",
                                          "type" : "ValueSetRef"
                                       }
                                    } ]
                                 } ]
                              }, {
                                 "type" : "Union",
                                 "operand" : [ {
                                    "localId" : "45",
                                    "locator" : "50:11-50:62",
                                    "dataType" : "{urn:healthit-gov:qdm:v5_5}PositiveEncounterPerformed",
                                    "templateId" : "PositiveEncounterPerformed",
                                    "codeProperty" : "code",
                                    "type" : "Retrieve",
                                    "codes" : {
                                       "locator" : "50:36-50:61",
                                       "name" : "Home Healthcare Services",
                                       "type" : "ValueSetRef"
                                    }
                                 }, {
                                    "localId" : "47",
                                    "locator" : "51:11-51:63",
                                    "dataType" : "{urn:healthit-gov:qdm:v5_5}PositiveEncounterPerformed",
                                    "templateId" : "PositiveEncounterPerformed",
                                    "codeProperty" : "code",
                                    "type" : "Retrieve",
                                    "codes" : {
                                       "locator" : "51:36-51:62",
                                       "name" : "Ophthalmological Services",
                                       "type" : "ValueSetRef"
                                    }
                                 } ]
                              } ]
                           }, {
                              "type" : "Union",
                              "operand" : [ {
                                 "localId" : "49",
                                 "locator" : "52:11-52:84",
                                 "dataType" : "{urn:healthit-gov:qdm:v5_5}PositiveEncounterPerformed",
                                 "templateId" : "PositiveEncounterPerformed",
                                 "codeProperty" : "code",
                                 "type" : "Retrieve",
                                 "codes" : {
                                    "locator" : "52:36-52:83",
                                    "name" : "Preventive Care Services-Individual Counseling",
                                    "type" : "ValueSetRef"
                                 }
                              }, {
                                 "localId" : "51",
                                 "locator" : "53:11-53:75",
                                 "dataType" : "{urn:healthit-gov:qdm:v5_5}PositiveEncounterPerformed",
                                 "templateId" : "PositiveEncounterPerformed",
                                 "codeProperty" : "code",
                                 "type" : "Retrieve",
                                 "codes" : {
                                    "locator" : "53:36-53:74",
                                    "name" : "Discharge Services - Nursing Facility",
                                    "type" : "ValueSetRef"
                                 }
                              } ]
                           } ]
                        }, {
                           "type" : "Union",
                           "operand" : [ {
                              "localId" : "53",
                              "locator" : "54:11-54:60",
                              "dataType" : "{urn:healthit-gov:qdm:v5_5}PositiveEncounterPerformed",
                              "templateId" : "PositiveEncounterPerformed",
                              "codeProperty" : "code",
                              "type" : "Retrieve",
                              "codes" : {
                                 "locator" : "54:36-54:59",
                                 "name" : "Nursing Facility Visit",
                                 "type" : "ValueSetRef"
                              }
                           }, {
                              "localId" : "55",
                              "locator" : "55:11-55:85",
                              "dataType" : "{urn:healthit-gov:qdm:v5_5}PositiveEncounterPerformed",
                              "templateId" : "PositiveEncounterPerformed",
                              "codeProperty" : "code",
                              "type" : "Retrieve",
                              "codes" : {
                                 "locator" : "55:36-55:84",
                                 "name" : "Care Services in Long-Term Residential Facility",
                                 "type" : "ValueSetRef"
                              }
                           } ]
                        } ]
                     }, {
                        "localId" : "57",
                        "locator" : "56:11-56:53",
                        "dataType" : "{urn:healthit-gov:qdm:v5_5}PositiveEncounterPerformed",
                        "templateId" : "PositiveEncounterPerformed",
                        "codeProperty" : "code",
                        "type" : "Retrieve",
                        "codes" : {
                           "locator" : "56:36-56:52",
                           "name" : "Audiology Visit",
                           "type" : "ValueSetRef"
                        }
                     } ]
                  }
               } ],
               "relationship" : [ ],
               "where" : {
                  "localId" : "63",
                  "locator" : "57:5-57:67",
                  "type" : "IncludedIn",
                  "operand" : [ {
                     "localId" : "61",
                     "locator" : "57:11-57:39",
                     "path" : "relevantPeriod",
                     "scope" : "ValidEncounter",
                     "type" : "Property"
                  }, {
                     "localId" : "62",
                     "locator" : "57:48-57:67",
                     "name" : "Measurement Period",
                     "type" : "ParameterRef"
                  } ]
               }
            }
         }, {
            "localId" : "69",
            "locator" : "39:1-43:37",
            "name" : "Initial Population",
            "context" : "Patient",
            "accessLevel" : "Public",
            "annotation" : [ {
               "type" : "Annotation",
               "s" : {
                  "r" : "69",
                  "s" : [ {
                     "value" : [ "define ","\"Initial Population\"",":\n  " ]
                  }, {
                     "r" : "68",
                     "s" : [ {
                        "r" : "37",
                        "s" : [ {
                           "value" : [ "exists " ]
                        }, {
                           "r" : "36",
                           "s" : [ {
                              "value" : [ "( " ]
                           }, {
                              "r" : "36",
                              "s" : [ {
                                 "s" : [ {
                                    "r" : "27",
                                    "s" : [ {
                                       "r" : "26",
                                       "s" : [ {
                                          "r" : "26",
                                          "s" : [ {
                                             "value" : [ "[","\"Patient Characteristic Birthdate\"",": " ]
                                          }, {
                                             "s" : [ {
                                                "value" : [ "\"Birth date\"" ]
                                             } ]
                                          }, {
                                             "value" : [ "]" ]
                                          } ]
                                       } ]
                                    }, {
                                       "value" : [ " ","BirthDate" ]
                                    } ]
                                 } ]
                              }, {
                                 "value" : [ "\n      " ]
                              }, {
                                 "r" : "35",
                                 "s" : [ {
                                    "value" : [ "where " ]
                                 }, {
                                    "r" : "35",
                                    "s" : [ {
                                       "r" : "33",
                                       "s" : [ {
                                          "r" : "28",
                                          "s" : [ {
                                             "value" : [ "Global" ]
                                          } ]
                                       }, {
                                          "value" : [ "." ]
                                       }, {
                                          "r" : "33",
                                          "s" : [ {
                                             "value" : [ "\"CalendarAgeInYearsAt\""," ( " ]
                                          }, {
                                             "r" : "30",
                                             "s" : [ {
                                                "r" : "29",
                                                "s" : [ {
                                                   "value" : [ "BirthDate" ]
                                                } ]
                                             }, {
                                                "value" : [ "." ]
                                             }, {
                                                "r" : "30",
                                                "s" : [ {
                                                   "value" : [ "birthDatetime" ]
                                                } ]
                                             } ]
                                          }, {
                                             "value" : [ ", " ]
                                          }, {
                                             "r" : "32",
                                             "s" : [ {
                                                "value" : [ "start of " ]
                                             }, {
                                                "r" : "31",
                                                "s" : [ {
                                                   "value" : [ "\"Measurement Period\"" ]
                                                } ]
                                             } ]
                                          }, {
                                             "value" : [ " )" ]
                                          } ]
                                       } ]
                                    }, {
                                       "r" : "34",
                                       "value" : [ " ",">="," ","65" ]
                                    } ]
                                 } ]
                              } ]
                           }, {
                              "value" : [ "\n  )" ]
                           } ]
                        } ]
                     }, {
                        "value" : [ "\n    and " ]
                     }, {
                        "r" : "67",
                        "s" : [ {
                           "value" : [ "exists " ]
                        }, {
                           "r" : "66",
                           "s" : [ {
                              "value" : [ "\"Qualifying Encounter\"" ]
                           } ]
                        } ]
                     } ]
                  } ]
               }
            } ],
            "expression" : {
               "localId" : "68",
               "locator" : "40:3-43:37",
               "type" : "And",
               "operand" : [ {
                  "localId" : "37",
                  "locator" : "40:3-42:3",
                  "type" : "Exists",
                  "operand" : {
                     "localId" : "36",
                     "locator" : "40:10-42:3",
                     "type" : "Query",
                     "source" : [ {
                        "localId" : "27",
                        "locator" : "40:12-40:71",
                        "alias" : "BirthDate",
                        "expression" : {
                           "localId" : "26",
                           "locator" : "40:12-40:61",
                           "dataType" : "{urn:healthit-gov:qdm:v5_5}PatientCharacteristicBirthdate",
                           "codeProperty" : "code",
                           "type" : "Retrieve",
                           "codes" : {
                              "type" : "ToList",
                              "operand" : {
                                 "locator" : "40:49-40:60",
                                 "name" : "Birth date",
                                 "type" : "CodeRef"
                              }
                           }
                        }
                     } ],
                     "relationship" : [ ],
                     "where" : {
                        "localId" : "35",
                        "locator" : "41:7-41:106",
                        "type" : "GreaterOrEqual",
                        "operand" : [ {
                           "localId" : "33",
                           "locator" : "41:13-41:100",
                           "name" : "CalendarAgeInYearsAt",
                           "libraryName" : "Global",
                           "type" : "FunctionRef",
                           "operand" : [ {
                              "localId" : "30",
                              "locator" : "41:45-41:67",
                              "path" : "birthDatetime",
                              "scope" : "BirthDate",
                              "type" : "Property"
                           }, {
                              "localId" : "32",
                              "locator" : "41:70-41:98",
                              "type" : "Start",
                              "operand" : {
                                 "localId" : "31",
                                 "locator" : "41:79-41:98",
                                 "name" : "Measurement Period",
                                 "type" : "ParameterRef"
                              }
                           } ]
                        }, {
                           "localId" : "34",
                           "locator" : "41:105-41:106",
                           "valueType" : "{urn:hl7-org:elm-types:r1}Integer",
                           "value" : "65",
                           "type" : "Literal"
                        } ]
                     }
                  }
               }, {
                  "localId" : "67",
                  "locator" : "43:9-43:37",
                  "type" : "Exists",
                  "operand" : {
                     "localId" : "66",
                     "locator" : "43:16-43:37",
                     "name" : "Qualifying Encounter",
                     "type" : "ExpressionRef"
                  }
               } ]
            }
         }, {
            "localId" : "71",
            "locator" : "33:1-34:22",
            "name" : "Denominator",
            "context" : "Patient",
            "accessLevel" : "Public",
            "annotation" : [ {
               "type" : "Annotation",
               "s" : {
                  "r" : "71",
                  "s" : [ {
                     "value" : [ "define ","\"Denominator\"",":\n  " ]
                  }, {
                     "r" : "70",
                     "s" : [ {
                        "value" : [ "\"Initial Population\"" ]
                     } ]
                  } ]
               }
            } ],
            "expression" : {
               "localId" : "70",
               "locator" : "34:3-34:22",
               "name" : "Initial Population",
               "type" : "ExpressionRef"
            }
         }, {
            "localId" : "74",
            "locator" : "36:1-37:23",
            "name" : "Denominator Exclusions",
            "context" : "Patient",
            "accessLevel" : "Public",
            "annotation" : [ {
               "type" : "Annotation",
               "s" : {
                  "r" : "74",
                  "s" : [ {
                     "value" : [ "define ","\"Denominator Exclusions\"",":\n  " ]
                  }, {
                     "r" : "73",
                     "s" : [ {
                        "r" : "72",
                        "s" : [ {
                           "value" : [ "Hospice" ]
                        } ]
                     }, {
                        "value" : [ "." ]
                     }, {
                        "r" : "73",
                        "s" : [ {
                           "value" : [ "\"Has Hospice\"" ]
                        } ]
                     } ]
                  } ]
               }
            } ],
            "expression" : {
               "localId" : "73",
               "locator" : "37:3-37:23",
               "name" : "Has Hospice",
               "libraryName" : "Hospice",
               "type" : "ExpressionRef"
            }
         }, {
            "localId" : "76",
            "locator" : "59:1-60:51",
            "name" : "SDE Ethnicity",
            "context" : "Patient",
            "accessLevel" : "Public",
            "annotation" : [ {
               "type" : "Annotation",
               "s" : {
                  "r" : "76",
                  "s" : [ {
                     "value" : [ "define ","\"SDE Ethnicity\"",":\n  " ]
                  }, {
                     "r" : "75",
                     "s" : [ {
                        "value" : [ "[","\"Patient Characteristic Ethnicity\"",": " ]
                     }, {
                        "s" : [ {
                           "value" : [ "\"Ethnicity\"" ]
                        } ]
                     }, {
                        "value" : [ "]" ]
                     } ]
                  } ]
               }
            } ],
            "expression" : {
               "localId" : "75",
               "locator" : "60:3-60:51",
               "dataType" : "{urn:healthit-gov:qdm:v5_5}PatientCharacteristicEthnicity",
               "codeProperty" : "code",
               "type" : "Retrieve",
               "codes" : {
                  "locator" : "60:40-60:50",
                  "name" : "Ethnicity",
                  "type" : "ValueSetRef"
               }
            }
         }, {
            "localId" : "78",
            "locator" : "62:1-63:43",
            "name" : "SDE Payer",
            "context" : "Patient",
            "accessLevel" : "Public",
            "annotation" : [ {
               "type" : "Annotation",
               "s" : {
                  "r" : "78",
                  "s" : [ {
                     "value" : [ "define ","\"SDE Payer\"",":\n  " ]
                  }, {
                     "r" : "77",
                     "s" : [ {
                        "value" : [ "[","\"Patient Characteristic Payer\"",": " ]
                     }, {
                        "s" : [ {
                           "value" : [ "\"Payer\"" ]
                        } ]
                     }, {
                        "value" : [ "]" ]
                     } ]
                  } ]
               }
            } ],
            "expression" : {
               "localId" : "77",
               "locator" : "63:3-63:43",
               "dataType" : "{urn:healthit-gov:qdm:v5_5}PatientCharacteristicPayer",
               "codeProperty" : "code",
               "type" : "Retrieve",
               "codes" : {
                  "locator" : "63:36-63:42",
                  "name" : "Payer",
                  "type" : "ValueSetRef"
               }
            }
         }, {
            "localId" : "80",
            "locator" : "65:1-66:41",
            "name" : "SDE Race",
            "context" : "Patient",
            "accessLevel" : "Public",
            "annotation" : [ {
               "type" : "Annotation",
               "s" : {
                  "r" : "80",
                  "s" : [ {
                     "value" : [ "define ","\"SDE Race\"",":\n  " ]
                  }, {
                     "r" : "79",
                     "s" : [ {
                        "value" : [ "[","\"Patient Characteristic Race\"",": " ]
                     }, {
                        "s" : [ {
                           "value" : [ "\"Race\"" ]
                        } ]
                     }, {
                        "value" : [ "]" ]
                     } ]
                  } ]
               }
            } ],
            "expression" : {
               "localId" : "79",
               "locator" : "66:3-66:41",
               "dataType" : "{urn:healthit-gov:qdm:v5_5}PatientCharacteristicRace",
               "codeProperty" : "code",
               "type" : "Retrieve",
               "codes" : {
                  "locator" : "66:35-66:40",
                  "name" : "Race",
                  "type" : "ValueSetRef"
               }
            }
         }, {
            "localId" : "82",
            "locator" : "68:1-69:58",
            "name" : "SDE Sex",
            "context" : "Patient",
            "accessLevel" : "Public",
            "annotation" : [ {
               "type" : "Annotation",
               "s" : {
                  "r" : "82",
                  "s" : [ {
                     "value" : [ "define ","\"SDE Sex\"",":\n  " ]
                  }, {
                     "r" : "81",
                     "s" : [ {
                        "value" : [ "[","\"Patient Characteristic Sex\"",": " ]
                     }, {
                        "s" : [ {
                           "value" : [ "\"ONC Administrative Sex\"" ]
                        } ]
                     }, {
                        "value" : [ "]" ]
                     } ]
                  } ]
               }
            } ],
            "expression" : {
               "localId" : "81",
               "locator" : "69:3-69:58",
               "dataType" : "{urn:healthit-gov:qdm:v5_5}PatientCharacteristicSex",
               "codeProperty" : "code",
               "type" : "Retrieve",
               "codes" : {
                  "locator" : "69:34-69:57",
                  "name" : "ONC Administrative Sex",
                  "type" : "ValueSetRef"
               }
            }
         }, {
            "localId" : "91",
            "locator" : "71:1-73:66",
            "name" : "Numerator",
            "context" : "Patient",
            "accessLevel" : "Public",
            "annotation" : [ {
               "type" : "Annotation",
               "s" : {
                  "r" : "91",
                  "s" : [ {
                     "value" : [ "define ","\"Numerator\"",":\n  " ]
                  }, {
                     "r" : "90",
                     "s" : [ {
                        "value" : [ "exists " ]
                     }, {
                        "r" : "89",
                        "s" : [ {
                           "s" : [ {
                              "r" : "84",
                              "s" : [ {
                                 "r" : "83",
                                 "s" : [ {
                                    "r" : "83",
                                    "s" : [ {
                                       "value" : [ "[","\"Assessment, Performed\"",": " ]
                                    }, {
                                       "s" : [ {
                                          "value" : [ "\"Falls Screening\"" ]
                                       } ]
                                    }, {
                                       "value" : [ "]" ]
                                    } ]
                                 } ]
                              }, {
                                 "value" : [ " ","FallsScreen" ]
                              } ]
                           } ]
                        }, {
                           "value" : [ "\n    " ]
                        }, {
                           "r" : "88",
                           "s" : [ {
                              "value" : [ "where " ]
                           }, {
                              "r" : "88",
                              "s" : [ {
                                 "r" : "86",
                                 "s" : [ {
                                    "r" : "85",
                                    "s" : [ {
                                       "value" : [ "FallsScreen" ]
                                    } ]
                                 }, {
                                    "value" : [ "." ]
                                 }, {
                                    "r" : "86",
                                    "s" : [ {
                                       "value" : [ "relevantDatetime" ]
                                    } ]
                                 } ]
                              }, {
                                 "r" : "88",
                                 "value" : [ " ","during"," " ]
                              }, {
                                 "r" : "87",
                                 "s" : [ {
                                    "value" : [ "\"Measurement Period\"" ]
                                 } ]
                              } ]
                           } ]
                        } ]
                     } ]
                  } ]
               }
            } ],
            "expression" : {
               "localId" : "90",
               "locator" : "72:3-73:66",
               "type" : "Exists",
               "operand" : {
                  "localId" : "89",
                  "locator" : "72:10-73:66",
                  "type" : "Query",
                  "source" : [ {
                     "localId" : "84",
                     "locator" : "72:10-72:65",
                     "alias" : "FallsScreen",
                     "expression" : {
                        "localId" : "83",
                        "locator" : "72:10-72:53",
                        "dataType" : "{urn:healthit-gov:qdm:v5_5}PositiveAssessmentPerformed",
                        "templateId" : "PositiveAssessmentPerformed",
                        "codeProperty" : "code",
                        "type" : "Retrieve",
                        "codes" : {
                           "locator" : "72:36-72:52",
                           "name" : "Falls Screening",
                           "type" : "ValueSetRef"
                        }
                     }
                  } ],
                  "relationship" : [ ],
                  "where" : {
                     "localId" : "88",
                     "locator" : "73:5-73:66",
                     "type" : "In",
                     "operand" : [ {
                        "localId" : "86",
                        "locator" : "73:11-73:38",
                        "path" : "relevantDatetime",
                        "scope" : "FallsScreen",
                        "type" : "Property"
                     }, {
                        "localId" : "87",
                        "locator" : "73:47-73:66",
                        "name" : "Measurement Period",
                        "type" : "ParameterRef"
                     } ]
                  }
               }
            }
         } ]
      }
   }
}