<?xml version="1.0" encoding="UTF-8" standalone="yes"?>
<QualityMeasureDocument xmlns="urn:hl7-org:v3" xmlns:cql-ext="urn:hhs-cql:hqmf-n1-extensions:v1"
                        xmlns:xsi="http://www.w3.org/2001/XMLSchema-instance">
         
      <!--
			**************************************************************
			Measure Details Section
			**************************************************************
		-->
         
      <typeId extension="POQM_HD000001UV02" root="2.16.840.1.113883.1.3"/>
   <templateId>
      <item extension="2019-05-01" root="2.16.840.1.113883.10.20.28.1.2"/>
   </templateId>
   <id root="2c928085-7198-38ee-0171-988ab12a00b7"/>
   <code code="57024-2" codeSystem="2.16.840.1.113883.6.1">
      <displayName value="Health Quality Measure Document"/>
   </code>
   <title
          value="Prostate Cancer: Avoidance of Overuse of Bone Scan for Staging Low Risk Prostate Cancer Patients"/>
   <text
         value="Percentage of patients, regardless of age, with a diagnosis of prostate cancer at low (or very low) risk of recurrence receiving interstitial prostate brachytherapy, OR external beam radiotherapy to the prostate, OR radical prostatectomy who did not have a bone scan performed at any time since diagnosis of prostate cancer"/>
   <statusCode code="COMPLETED"/>
   <setId root="1635c14d-e612-4fa6-96cd-285361aa7f7b"/>
   <versionNumber value="10.3.000"/>
   <author>
      <responsibleParty classCode="ASSIGNED">
         <representedResponsibleOrganization classCode="ORG" determinerCode="INSTANCE">
            <id>
               <item root="d041e15c-a7a0-41b8-be5b-87340ecd14bc"/>
            </id>
            <name>
               <item>
                  <part value="American Medical Association (AMA)"/>
               </item>
            </name>
         </representedResponsibleOrganization>
      </responsibleParty>
   </author>
   <author>
      <responsibleParty classCode="ASSIGNED">
         <representedResponsibleOrganization classCode="ORG" determinerCode="INSTANCE">
            <id>
               <item root="83e9797c-adec-4446-8c35-3ffd5d981c66"/>
            </id>
            <name>
               <item>
                  <part value="PCPI(R) Foundation (PCPI[R])"/>
               </item>
            </name>
         </representedResponsibleOrganization>
      </responsibleParty>
   </author>
   <custodian>
      <responsibleParty classCode="ASSIGNED">
         <representedResponsibleOrganization classCode="ORG" determinerCode="INSTANCE">
            <id>
               <item root="130"/>
            </id>
            <name>
               <item>
                  <part value="PCPI(R) Foundation (PCPI[R])"/>
               </item>
            </name>
         </representedResponsibleOrganization>
      </responsibleParty>
   </custodian>
   <verifier>
      <responsibleParty classCode="ASSIGNED">
         <representedResponsibleOrganization classCode="ORG" determinerCode="INSTANCE">
            <id>
               <item root="2.16.840.1.113883.3.560"/>
            </id>
            <name>
               <item>
                  <part value="National Quality Forum"/>
               </item>
            </name>
         </representedResponsibleOrganization>
      </responsibleParty>
   </verifier>
   <!--Payer-->
     	 <definition>
      <valueSet classCode="OBS" moodCode="DEF">
         <id root="2.16.840.1.114222.4.11.3591"/>
         <title value="Payer"/>
      </valueSet>
   </definition>
   <!--Bone Scan-->
     	 <definition>
      <valueSet classCode="OBS" moodCode="DEF">
         <id root="2.16.840.1.113883.3.526.3.320"/>
         <title value="Bone Scan"/>
      </valueSet>
   </definition>
   <!--ONC Administrative Sex-->
     	 <definition>
      <valueSet classCode="OBS" moodCode="DEF">
         <id root="2.16.840.1.113762.1.4.1"/>
         <title value="ONC Administrative Sex"/>
      </valueSet>
   </definition>
   <!--Ethnicity-->
     	 <definition>
      <valueSet classCode="OBS" moodCode="DEF">
         <id root="2.16.840.1.114222.4.11.837"/>
         <title value="Ethnicity"/>
      </valueSet>
   </definition>
   <!--Salvage Therapy-->
     	 <definition>
      <valueSet classCode="OBS" moodCode="DEF">
         <id root="2.16.840.1.113883.3.526.3.399"/>
         <title value="Salvage Therapy"/>
      </valueSet>
   </definition>
   <!--Race-->
     	 <definition>
      <valueSet classCode="OBS" moodCode="DEF">
         <id root="2.16.840.1.114222.4.11.836"/>
         <title value="Race"/>
      </valueSet>
   </definition>
   <!--Male-->
     	 <definition>
      <valueSet classCode="OBS" moodCode="DEF">
         <id root="2.16.840.1.113883.3.560.100.1"/>
         <title value="Male"/>
      </valueSet>
   </definition>
   <!--Prostate Cancer Treatment-->
     	 <definition>
      <valueSet classCode="OBS" moodCode="DEF">
         <id root="2.16.840.1.113883.3.526.3.398"/>
         <title value="Prostate Cancer Treatment"/>
      </valueSet>
   </definition>
   <!--Prostate Cancer-->
     	 <definition>
      <valueSet classCode="OBS" moodCode="DEF">
         <id root="2.16.840.1.113883.3.526.3.319"/>
         <title value="Prostate Cancer"/>
      </valueSet>
   </definition>
   <!--Pain Related to Prostate Cancer-->
     	 <definition>
      <valueSet classCode="OBS" moodCode="DEF">
         <id root="2.16.840.1.113883.3.526.3.451"/>
         <title value="Pain Related to Prostate Cancer"/>
      </valueSet>
   </definition>
   <!--Prostate Specific Antigen Test-->
     	 <definition>
      <valueSet classCode="OBS" moodCode="DEF">
         <id root="2.16.840.1.113883.3.526.3.401"/>
         <title value="Prostate Specific Antigen Test"/>
      </valueSet>
   </definition>
   <!--Cancer staging (tumor staging)-CODE:/CodeSystem/SNOMEDCT/Version/2019-09/Code/258232002/Info-->
      <definition>
      <cql-ext:code code="258232002" codeSystem="2.16.840.1.113883.6.96" codeSystemName="SNOMEDCT">
         <displayName value="Cancer staging (tumor staging)"/>
      </cql-ext:code>
   </definition>
   <!--Gleason score in Specimen Qualitative-CODE:/CodeSystem/LOINC/Version/2.67/Code/35266-6/Info-->
      <definition>
      <cql-ext:code code="35266-6" codeSystem="2.16.840.1.113883.6.1" codeSystemName="LOINC">
         <displayName value="Gleason score in Specimen Qualitative"/>
      </cql-ext:code>
   </definition>
   <!--T1b: Prostate tumor incidental histologic finding in > 5% of tissue resected (finding)-CODE:/CodeSystem/SNOMEDCT/Version/2019-09/Code/369834001/Info-->
      <definition>
      <cql-ext:code code="369834001" codeSystem="2.16.840.1.113883.6.96" codeSystemName="SNOMEDCT">
         <displayName value="T1b: Prostate tumor incidental histologic finding in &gt; 5% of tissue resected (finding)"/>
      </cql-ext:code>
   </definition>
   <!--Neoplasm of prostate primary tumor staging category T1c: Tumor identified by needle biopsy (finding)-CODE:/CodeSystem/SNOMEDCT/Version/2019-09/Code/433351000124101/Info-->
      <definition>
      <cql-ext:code code="433351000124101" codeSystem="2.16.840.1.113883.6.96"
                    codeSystemName="SNOMEDCT">
         <displayName value="Neoplasm of prostate primary tumor staging category T1c: Tumor identified by needle biopsy (finding)"/>
      </cql-ext:code>
   </definition>
   <!--Procedure reason record (record artifact)-CODE:/CodeSystem/SNOMEDCT/Version/2019-09/Code/433611000124109/Info-->
      <definition>
      <cql-ext:code code="433611000124109" codeSystem="2.16.840.1.113883.6.96"
                    codeSystemName="SNOMEDCT">
         <displayName value="Procedure reason record (record artifact)"/>
      </cql-ext:code>
   </definition>
   <!--Neoplasm of prostate primary tumor staging category T2a: Involves one-half of one lobe or less (finding)-CODE:/CodeSystem/SNOMEDCT/Version/2019-09/Code/433361000124104/Info-->
      <definition>
      <cql-ext:code code="433361000124104" codeSystem="2.16.840.1.113883.6.96"
                    codeSystemName="SNOMEDCT">
         <displayName value="Neoplasm of prostate primary tumor staging category T2a: Involves one-half of one lobe or less (finding)"/>
      </cql-ext:code>
   </definition>
   <!--T1a: Prostate tumor incidental histologic finding in 5% or less of tissue resected (finding)-CODE:/CodeSystem/SNOMEDCT/Version/2019-09/Code/369833007/Info-->
      <definition>
      <cql-ext:code code="369833007" codeSystem="2.16.840.1.113883.6.96" codeSystemName="SNOMEDCT">
         <displayName value="T1a: Prostate tumor incidental histologic finding in 5% or less of tissue resected (finding)"/>
      </cql-ext:code>
   </definition>
   <relatedDocument typeCode="COMP">
      <expressionDocument>
         <id root="C7837D5D-EB1B-480A-8963-873891A4C521"/>
         <text mediaType="text/cql">
            <reference value="https://emeasuretool.cms.gov/libraries/1635c14d-e612-4fa6-96cd-285361aa7f7b/ProstateCaAvoidanceBoneScanOveruse-10.3.000.cql"/>
            <translation mediaType="application/elm+xml">
               <reference value="https://emeasuretool.cms.gov/libraries/1635c14d-e612-4fa6-96cd-285361aa7f7b/ProstateCaAvoidanceBoneScanOveruse-10.3.000.xml"/>
            </translation>
            <translation mediaType="application/elm+json">
               <reference value="https://emeasuretool.cms.gov/libraries/1635c14d-e612-4fa6-96cd-285361aa7f7b/ProstateCaAvoidanceBoneScanOveruse-10.3.000.json"/>
            </translation>
         </text>
         <setId extension="1635c14d-e612-4fa6-96cd-285361aa7f7b"
                identifierName="ProstateCaAvoidanceBoneScanOveruse"
                root="https://emeasuretool.cms.gov/libraries"/>
         <versionNumber value="10.3.000"/>
      </expressionDocument>
   </relatedDocument>
   <controlVariable>
      <measurePeriod>
         <id extension="measureperiod" root="e93f9a60-90d0-479b-a9b6-0ea0fd2f1201"/>
         <code code="MSRTP" codeSystem="2.16.840.1.113883.5.4">
            <originalText value="Measurement Period"/>
         </code>
         <value xsi:type="PIVL_TS">
            <phase highClosed="true" lowClosed="true">
               <low value="20200101"/>
               <width unit="a" value="1" xsi:type="PQ"/>
            </phase>
            <period unit="a" value="1"/>
         </value>
      </measurePeriod>
   </controlVariable>
   <subjectOf>
      <measureAttribute>
         <code nullFlavor="OTH">
            <originalText value="eCQM Identifier (Measure Authoring Tool)"/>
         </code>
         <value mediaType="text/plain" value="129" xsi:type="ED"/>
      </measureAttribute>
   </subjectOf>
   <subjectOf>
      <measureAttribute>
         <code nullFlavor="OTH">
            <originalText value="NQF Number"/>
         </code>
         <value mediaType="text/plain" value="0389e" xsi:type="ED"/>
      </measureAttribute>
   </subjectOf>
   <subjectOf>
      <measureAttribute>
         <code code="COPY" codeSystem="2.16.840.1.113883.5.4">
            <displayName value="Copyright"/>
         </code>
         <value mediaType="text/plain"
                value="Copyright 2020 PCPI(R) Foundation. All Rights Reserved."
                xsi:type="ED"/>
      </measureAttribute>
   </subjectOf>
   <subjectOf>
      <measureAttribute>
         <code code="DISC" codeSystem="2.16.840.1.113883.5.4">
            <displayName value="Disclaimer"/>
         </code>
         <value mediaType="text/plain"
                value="The Measure is not a clinical guideline, does not establish a standard of medical care, and has not been tested for all potential applications. &#xA;&#xA;The Measure, while copyrighted, can be reproduced and distributed, without modification, for noncommercial purposes, e.g., use by health care providers in connection with their practices. Commercial use is defined as the sale, license, or distribution of the Measure for commercial gain, or incorporation of the Measure into a product or service that is sold, licensed or distributed for commercial gain. &#xA;&#xA;Commercial uses of the Measure require a license agreement between the user and the PCPI(R) Foundation (PCPI[R]). Neither the PCPI, nor the American Medical Association (AMA), nor the former AMA-convened Physician Consortium for Performance Improvement(R) (AMA-PCPI), nor their members shall be responsible for any use of the Measure.&#xA;&#xA;The PCPI encourages use of the Measure by other health care professionals, where appropriate.&#xA;&#xA;THE MEASURE AND SPECIFICATIONS ARE PROVIDED &quot;AS IS&quot; WITHOUT WARRANTY OF ANY KIND.&#xA;&#xA;Limited proprietary coding is contained in the Measure specifications for convenience. Users of the proprietary code sets should obtain all necessary licenses from the owners of these code sets. The AMA, the PCPI and its members and former members of the AMA-PCPI disclaim all liability for use or accuracy of any Current Procedural Terminology (CPT[R]) or other coding contained in the specifications. &#xA;&#xA;CPT(R) contained in the Measure specifications is copyright 2004-2019 American Medical Association. LOINC(R) is copyright 2004-2019 Regenstrief Institute, Inc. This material contains SNOMED Clinical Terms(R) (SNOMED CT[R]) copyright 2004-2019 International Health Terminology Standards Development Organisation. ICD-10 is copyright 2019 World Health Organization. All Rights Reserved.&#xA;&#xA;Due to technical limitations, registered trademarks are indicated by (R) or [R]."
                xsi:type="ED"/>
      </measureAttribute>
   </subjectOf>
   <subjectOf>
      <measureAttribute>
         <code code="MSRSCORE" codeSystem="2.16.840.1.113883.5.4">
            <displayName value="Measure Scoring"/>
         </code>
         <value code="PROPOR" codeSystem="2.16.840.1.113883.5.1063" xsi:type="CD">
            <displayName value="Proportion"/>
         </value>
      </measureAttribute>
   </subjectOf>
   <subjectOf>
      <measureAttribute>
         <code code="MSRTYPE" codeSystem="2.16.840.1.113883.5.4">
            <displayName value="Measure Type"/>
         </code>
         <value code="PROCESS" codeSystem="2.16.840.1.113883.5.1063" xsi:type="CD">
            <displayName value="PROCESS"/>
         </value>
      </measureAttribute>
   </subjectOf>
   <subjectOf>
      <measureAttribute>
         <code code="STRAT" codeSystem="2.16.840.1.113883.5.4">
            <displayName value="Stratification"/>
         </code>
         <value mediaType="text/plain" value="None" xsi:type="ED"/>
      </measureAttribute>
   </subjectOf>
   <subjectOf>
      <measureAttribute>
         <code code="MSRADJ" codeSystem="2.16.840.1.113883.5.4">
            <displayName value="Risk Adjustment"/>
         </code>
         <value mediaType="text/plain" value="None" xsi:type="ED"/>
      </measureAttribute>
   </subjectOf>
   <subjectOf>
      <measureAttribute>
         <code code="MSRAGG" codeSystem="2.16.840.1.113883.5.4">
            <displayName value="Rate Aggregation"/>
         </code>
         <value mediaType="text/plain" value="None" xsi:type="ED"/>
      </measureAttribute>
   </subjectOf>
   <subjectOf>
      <measureAttribute>
         <code code="RAT" codeSystem="2.16.840.1.113883.5.4">
            <displayName value="Rationale"/>
         </code>
         <value mediaType="text/plain"
                value="Multiple studies have indicated that a bone scan is not clinically necessary for staging prostate cancer in men with a low (or very low) risk of recurrence and receiving primary therapy. For patients who are categorized as low-risk, bone scans are unlikely to identify their disease. Furthermore, bone scans are not necessary for low-risk patients who have no history or if the clinical examination suggests no bony involvement. Less than 1% of low-risk patients are at risk of metastatic disease.&#xA;&#xA;While clinical practice guidelines do not recommend bone scans in low-risk prostate cancer patients, overuse is still common. An analysis of prostate cancer patients in the SEER-Medicare database diagnosed from 2004-2007 found that 43% of patients for whom a bone scan was not recommended received it (Falchook, Hendrix, &amp; Chen, 2015). The analysis also found that the use of bone scans in low-risk patients leads to an annual cost of $4 million dollars to Medicare. The overuse of bone scan imaging for low-risk prostate cancer patients is a concept included on the American Urological Association's (AUA) list in the Choosing Wisely Initiative as a means to promote adherence to evidence-based imaging practices and to reduce health care dollars wasted (AUA, 2017). This measure is intended to promote adherence to evidence-based imaging practices, lessen the financial burden of unnecessary imaging, and ultimately to improve the quality of care for prostate cancer patients in the United States."
                xsi:type="ED"/>
      </measureAttribute>
   </subjectOf>
   <subjectOf>
      <measureAttribute>
         <code code="CRS" codeSystem="2.16.840.1.113883.5.4">
            <displayName value="Clinical Recommendation Statement"/>
         </code>
         <value mediaType="text/plain"
                value="For symptomatic patients and/or those with a life expectancy of greater than 5 years, bone imaging is appropriate for patients with unfavorable intermediate-risk prostate cancer and T2 disease with PSA over 10 ng/mL, high- or very-high risk disease; or symptomatic disease (National Comprehensive Cancer Network, 2019) (Evidence Level: Category 2A).&#xA;&#xA;Clinicians should not perform routine bone scans in the staging of asymptomatic very low- or low-risk localized prostate cancer patients (AUA, American Society for Radiation Oncology, &amp; Society of Urologic Oncology, 2017) (Strong Recommendation; Evidence Level: Grade C).&#xA;&#xA;A routine bone scan is unnecessary in men with low-risk prostate cancer. Low-risk patients are unlikely to have disease identified by bone scan. Accordingly, bone scans are generally unnecessary in patients with newly diagnosed prostate cancer who have a PSA &lt;10.0 ng/mL and a Gleason score less than 7 unless the patient’s history or clinical examination suggests bony involvement. Progression to the bone is much more common in advanced local disease or in high-grade disease that is characterized by fast and aggressive growth into surrounding areas such as bones or lymph nodes (AUA, 2017)."
                xsi:type="ED"/>
      </measureAttribute>
   </subjectOf>
   <subjectOf>
      <measureAttribute>
         <code code="IDUR" codeSystem="2.16.840.1.113883.5.4">
            <displayName value="Improvement Notation"/>
         </code>
         <value mediaType="text/plain" value="Higher score indicates better quality"
                xsi:type="ED"/>
      </measureAttribute>
   </subjectOf>
   <subjectOf>
      <measureAttribute>
         <code code="REF" codeSystem="2.16.840.1.113883.5.4">
            <displayName value="Reference"/>
         </code>
         <value mediaType="text/plain"
                value="American Urological Association. (2017). A routine bone scan is unnecessary in men with low-risk prostate cancer. Retrieved from http://www.choosingwisely.org/clinician-lists/american-urological-association-routine-bone-scans-with-low-risk-prostate-cancer/ (Original work published in 2013)."
                xsi:type="ED"/>
      </measureAttribute>
   </subjectOf>
   <subjectOf>
      <measureAttribute>
         <code code="REF" codeSystem="2.16.840.1.113883.5.4">
            <displayName value="Reference"/>
         </code>
         <value mediaType="text/plain"
                value="American Urological Association, American Society for Radiation Oncology, &amp; Society of Urologic Oncology. (2017). Clinically localized prostate cancer: AUA/ASTRO/SUO Guideline. Retrieved from https://www.auanet.org/guidelines/prostate-cancer-clinically-localized-(2017)"
                xsi:type="ED"/>
      </measureAttribute>
   </subjectOf>
   <subjectOf>
      <measureAttribute>
         <code code="REF" codeSystem="2.16.840.1.113883.5.4">
            <displayName value="Reference"/>
         </code>
         <value mediaType="text/plain"
                value="Falchook, A. D., Hendrix, L. H., &amp; Chen, R. C. (2015). Guideline-discordant use of imaging during work-up of newly diagnosed prostate cancer. Journal of Oncology Practice, 11(2), e239-e246. doi:10.1200/jop.2014.001818"
                xsi:type="ED"/>
      </measureAttribute>
   </subjectOf>
   <subjectOf>
      <measureAttribute>
         <code code="REF" codeSystem="2.16.840.1.113883.5.4">
            <displayName value="Reference"/>
         </code>
         <value mediaType="text/plain"
                value="National Comprehensive Cancer Network. (2019). Clinical Practice Guidelines in Oncology: Prostate Cancer. Version 4.209. Retrieved from https://www.nccn.org/professionals/physician_gls/pdf/prostate.pdf"
                xsi:type="ED"/>
      </measureAttribute>
   </subjectOf>
   <subjectOf>
      <measureAttribute>
         <code code="DEF" codeSystem="2.16.840.1.113883.5.4">
            <displayName value="Definition"/>
         </code>
         <value mediaType="text/plain"
                value="Risk Strata Definitions: Very Low, Low, Intermediate, High, or Very High- &#xA;Very Low/Low Risk - PSA &lt; 10 ng/mL; AND Gleason score 6 or less/Gleason grade group 1; AND clinical stage T1 to T2a. &#xA;Intermediate Risk - PSA 10 to 20 ng/mL; OR Gleason score 7/Gleason grade group 2-3; OR clinical stage T2b to T2c. &#xA;High/Very High Risk - PSA &gt; 20 ng/mL; OR Gleason score 8 to 10/Gleason grade group 4-5; OR clinically localized stage T3 to T4 (adapted from the National Comprehensive Cancer Network, 2018).&#xA;&#xA;External beam radiotherapy - external beam radiotherapy refers to 3D conformal radiation therapy (3D-CRT), intensity modulated radiation therapy (IMRT), stereotactic body radiotherapy (SBRT), and proton beam therapy.&#xA;&#xA;Bone scan - bone scan refers to the conventional technetium-99m-MDP bone scan as well as 18F-NaF PET (or PET/CT) scan."
                xsi:type="ED"/>
      </measureAttribute>
   </subjectOf>
   <subjectOf>
      <measureAttribute>
         <code code="GUIDE" codeSystem="2.16.840.1.113883.5.4">
            <displayName value="Guidance"/>
         </code>
         <value mediaType="text/plain"
                value="A higher score indicates appropriate treatment of patients with prostate cancer at low (or very low) risk of recurrence. Only patients with prostate cancer with low (or very low) risk of recurrence will be counted in the performance denominator of this measure.&#xA;&#xA;This eCQM is a patient-based measure.&#xA;&#xA;This version of the eCQM uses QDM version 5.5. Please refer to the eCQI resource center (https://ecqi.healthit.gov/qdm) for more information on the QDM."
                xsi:type="ED"/>
      </measureAttribute>
   </subjectOf>
   <subjectOf>
      <measureAttribute>
         <code code="TRANF" codeSystem="2.16.840.1.113883.5.4">
            <displayName value="Transmission Format"/>
         </code>
         <value mediaType="text/plain" value="TBD" xsi:type="ED"/>
      </measureAttribute>
   </subjectOf>
   <subjectOf>
      <measureAttribute>
         <code code="IPOP" codeSystem="2.16.840.1.113883.5.4">
            <displayName value="Initial Population"/>
         </code>
         <value mediaType="text/plain"
                value="All patients, regardless of age, with a diagnosis of prostate cancer"
                xsi:type="ED"/>
      </measureAttribute>
   </subjectOf>
   <subjectOf>
      <measureAttribute>
         <code code="DENOM" codeSystem="2.16.840.1.113883.5.4">
            <displayName value="Denominator"/>
         </code>
         <value mediaType="text/plain"
                value="Equals Initial Population at low (or very low) risk of recurrence receiving interstitial prostate brachytherapy, OR external beam radiotherapy to the prostate, OR radical prostatectomy"
                xsi:type="ED"/>
      </measureAttribute>
   </subjectOf>
   <subjectOf>
      <measureAttribute>
         <code code="DENEX" codeSystem="2.16.840.1.113883.5.4">
            <displayName value="Denominator Exclusions"/>
         </code>
         <value mediaType="text/plain" value="None" xsi:type="ED"/>
      </measureAttribute>
   </subjectOf>
   <subjectOf>
      <measureAttribute>
         <code code="NUMER" codeSystem="2.16.840.1.113883.5.4">
            <displayName value="Numerator"/>
         </code>
         <value mediaType="text/plain"
                value="Patients who did not have a bone scan performed at any time since diagnosis of prostate cancer"
                xsi:type="ED"/>
      </measureAttribute>
   </subjectOf>
   <subjectOf>
      <measureAttribute>
         <code code="NUMEX" codeSystem="2.16.840.1.113883.5.4">
            <displayName value="Numerator Exclusions"/>
         </code>
         <value mediaType="text/plain" value="Not Applicable" xsi:type="ED"/>
      </measureAttribute>
   </subjectOf>
   <subjectOf>
      <measureAttribute>
         <code code="DENEXCEP" codeSystem="2.16.840.1.113883.5.4">
            <displayName value="Denominator Exceptions"/>
         </code>
         <value mediaType="text/plain"
                value="Documentation of reason(s) for performing a bone scan (including documented pain, salvage therapy, other medical reasons, bone scan ordered by someone other than reporting physician)"
                xsi:type="ED"/>
      </measureAttribute>
   </subjectOf>
   <subjectOf>
      <measureAttribute>
         <code code="SDE" codeSystem="2.16.840.1.113883.5.4">
            <displayName value="Supplemental Data Elements"/>
         </code>
         <value mediaType="text/plain"
                value="For every patient evaluated by this measure also identify payer, race, ethnicity and sex"
                xsi:type="ED"/>
      </measureAttribute>
   </subjectOf>
   <componentOf>
      <qualityMeasureSet classCode="ACT">
         <id root=""/>
         <title value="None"/>
      </qualityMeasureSet>
   </componentOf>
   <!--Data Criteria Section-->
   <component>
      <dataCriteriaSection>
         <templateId>
            <item extension="2019-05-01" root="2.16.840.1.113883.10.20.28.2.6"/>
         </templateId>
         <code code="57025-9" codeSystem="2.16.840.1.113883.6.1"/>
         <title value="Data Criteria Section"/>
         <text/>
         <entry typeCode="DRIV">
            <localVariableName value="Payer_PatientCharacteristicPayer_4cIPR"/>
            <observationCriteria classCode="OBS" moodCode="EVN">
               <templateId>
                  <item extension="2017-05-01" root="2.16.840.1.113883.10.20.28.4.58"/>
               </templateId>
               <id extension="Payer_PatientCharacteristicPayer"
                   root="5974f291-a8a0-4387-9704-74020efbef39"/>
               <code code="48768-6" codeSystem="2.16.840.1.113883.6.1" codeSystemName="LOINC">
                  <displayName value="Payer"/>
               </code>
               <title value="Patient Characteristic Payer"/>
               <statusCode code="COMPLETED"/>
               <value valueSet="2.16.840.1.114222.4.11.3591" xsi:type="CD"/>
            </observationCriteria>
         </entry>
         <entry typeCode="DRIV">
            <localVariableName value="BoneScan_DiagnosticStudyPerformed_OBDip"/>
            <observationCriteria classCode="OBS" moodCode="EVN">
               <templateId>
                  <item extension="2019-05-01" root="2.16.840.1.113883.10.20.28.4.23"/>
               </templateId>
               <id extension="BoneScan_DiagnosticStudyPerformed"
                   root="40280381-3d61-56a7-013e-6696af854790"/>
               <code valueSet="2.16.840.1.113883.3.526.3.320"/>
               <title value="Diagnostic Study, Performed"/>
               <statusCode code="COMPLETED"/>
            </observationCriteria>
         </entry>
         <entry typeCode="DRIV">
            <localVariableName value="ONCAdministrativeSex_PatientCharacteristicSex_DUblV"/>
            <observationCriteria classCode="OBS" moodCode="EVN">
               <templateId>
                  <item extension="2017-05-01" root="2.16.840.1.113883.10.20.28.4.55"/>
               </templateId>
               <id extension="ONCAdministrativeSex_PatientCharacteristicSex"
                   root="4f0c9f89-2a64-4921-b304-4fbdb3798f86"/>
               <code code="263495000" codeSystem="2.16.840.1.113883.6.96" codeSystemName="SNOMED CT">
                  <displayName value="Gender"/>
               </code>
               <title value="Patient Characteristic Sex"/>
               <statusCode code="COMPLETED"/>
               <value valueSet="2.16.840.1.113762.1.4.1" xsi:type="CD"/>
            </observationCriteria>
         </entry>
         <entry typeCode="DRIV">
            <localVariableName value="Ethnicity_PatientCharacteristicEthnicity_LDWYX"/>
            <observationCriteria classCode="OBS" moodCode="EVN">
               <templateId>
                  <item extension="2017-05-01" root="2.16.840.1.113883.10.20.28.4.56"/>
               </templateId>
               <id extension="Ethnicity_PatientCharacteristicEthnicity"
                   root="5288c2eb-1b6a-41ae-afd7-dc3c82a4cef1"/>
               <code code="54133-4" codeSystem="2.16.840.1.113883.6.1" codeSystemName="LOINC">
                  <displayName value="Ethnicity"/>
               </code>
               <title value="Patient Characteristic Ethnicity"/>
               <statusCode code="COMPLETED"/>
               <value valueSet="2.16.840.1.114222.4.11.837" xsi:type="CD"/>
            </observationCriteria>
         </entry>
         <entry typeCode="DRIV">
            <localVariableName value="SalvageTherapy_ProcedurePerformed_tBQwR"/>
            <procedureCriteria classCode="PROC" moodCode="EVN">
               <templateId>
                  <item extension="2019-05-01" root="2.16.840.1.113883.10.20.28.4.67"/>
               </templateId>
               <id extension="SalvageTherapy_ProcedurePerformed"
                   root="40280381-3d61-56a7-013e-6696af854792"/>
               <code valueSet="2.16.840.1.113883.3.526.3.399"/>
               <title value="Procedure, Performed"/>
               <statusCode code="COMPLETED"/>
            </procedureCriteria>
         </entry>
         <entry typeCode="DRIV">
            <localVariableName value="Race_PatientCharacteristicRace_VgOcr"/>
            <observationCriteria classCode="OBS" moodCode="EVN">
               <templateId>
                  <item extension="2017-05-01" root="2.16.840.1.113883.10.20.28.4.59"/>
               </templateId>
               <id extension="Race_PatientCharacteristicRace"
                   root="1409c1da-2d4d-462e-b2d6-7e134de12972"/>
               <code code="32624-9" codeSystem="2.16.840.1.113883.6.1" codeSystemName="LOINC">
                  <displayName value="Race"/>
               </code>
               <title value="Patient Characteristic Race"/>
               <statusCode code="COMPLETED"/>
               <value valueSet="2.16.840.1.114222.4.11.836" xsi:type="CD"/>
            </observationCriteria>
         </entry>
         <entry typeCode="DRIV">
            <localVariableName value="Male_PatientCharacteristicSex_AQ4dt"/>
            <observationCriteria classCode="OBS" moodCode="EVN">
               <templateId>
                  <item extension="2017-05-01" root="2.16.840.1.113883.10.20.28.4.55"/>
               </templateId>
               <id extension="Male_PatientCharacteristicSex"
                   root="40280381-3d61-56a7-013e-6696af854788"/>
               <code code="263495000" codeSystem="2.16.840.1.113883.6.96" codeSystemName="SNOMED CT">
                  <displayName value="Gender"/>
               </code>
               <title value="Patient Characteristic Sex"/>
               <statusCode code="COMPLETED"/>
               <value valueSet="2.16.840.1.113883.3.560.100.1" xsi:type="CD"/>
            </observationCriteria>
         </entry>
         <entry typeCode="DRIV">
            <localVariableName value="ProstateCancerTreatment_ProcedurePerformed_nh3hk"/>
            <procedureCriteria classCode="PROC" moodCode="EVN">
               <templateId>
                  <item extension="2019-05-01" root="2.16.840.1.113883.10.20.28.4.67"/>
               </templateId>
               <id extension="ProstateCancerTreatment_ProcedurePerformed"
                   root="40280381-3d61-56a7-013e-6696af85478a"/>
               <code valueSet="2.16.840.1.113883.3.526.3.398"/>
               <title value="Procedure, Performed"/>
               <statusCode code="COMPLETED"/>
            </procedureCriteria>
         </entry>
         <entry typeCode="DRIV">
            <localVariableName value="ProstateCancer_Diagnosis_YSkBB"/>
            <observationCriteria classCode="OBS" moodCode="EVN">
               <templateId>
                  <item extension="2019-05-01" root="2.16.840.1.113883.10.20.28.4.110"/>
               </templateId>
               <id extension="ProstateCancer_Diagnosis"
                   root="41f741d7-45f4-43b5-a439-f542e10dc8ba"/>
               <code code="282291009" codeSystem="2.16.840.1.113883.6.96" codeSystemName="SNOMED CT">
                  <displayName value="Diagnosis"/>
               </code>
               <title value="Diagnosis"/>
               <statusCode code="COMPLETED"/>
               <value valueSet="2.16.840.1.113883.3.526.3.319" xsi:type="CD"/>
            </observationCriteria>
         </entry>
         <entry typeCode="DRIV">
            <localVariableName value="PainRelatedtoProstateCancer_Diagnosis_NGnim"/>
            <observationCriteria classCode="OBS" moodCode="EVN">
               <templateId>
                  <item extension="2019-05-01" root="2.16.840.1.113883.10.20.28.4.110"/>
               </templateId>
               <id extension="PainRelatedtoProstateCancer_Diagnosis"
                   root="5cb99830-f91d-4e30-893c-8f781359874a"/>
               <code code="282291009" codeSystem="2.16.840.1.113883.6.96" codeSystemName="SNOMED CT">
                  <displayName value="Diagnosis"/>
               </code>
               <title value="Diagnosis"/>
               <statusCode code="COMPLETED"/>
               <value valueSet="2.16.840.1.113883.3.526.3.451" xsi:type="CD"/>
            </observationCriteria>
         </entry>
         <entry typeCode="DRIV">
            <localVariableName value="ProstateSpecificAntigenTest_LaboratoryTestPerformed_G6SgW"/>
            <observationCriteria classCode="OBS" moodCode="EVN">
               <templateId>
                  <item extension="2019-05-01" root="2.16.840.1.113883.10.20.28.4.42"/>
               </templateId>
               <id extension="ProstateSpecificAntigenTest_LaboratoryTestPerformed"
                   root="7f7ec884-6084-4c6b-96aa-715347f92622"/>
               <code valueSet="2.16.840.1.113883.3.526.3.401"/>
               <title value="Laboratory Test, Performed"/>
               <statusCode code="COMPLETED"/>
            </observationCriteria>
         </entry>
         <entry typeCode="DRIV">
            <procedureCriteria classCode="PROC" moodCode="EVN">
               <templateId>
                  <item extension="2019-05-01" root="2.16.840.1.113883.10.20.28.4.67"/>
               </templateId>
               <id extension="258232002_ProcedurePerformed"
                   root="1721BF02-9DAC-4679-A8EB-0593E8FCB23E"/>
               <code code="258232002" codeSystem="2.16.840.1.113883.6.96" codeSystemName="SNOMEDCT"/>
               <title value="Procedure, Performed"/>
               <statusCode code="COMPLETED"/>
            </procedureCriteria>
         </entry>
         <entry typeCode="DRIV">
            <observationCriteria classCode="OBS" moodCode="EVN">
               <templateId>
                  <item extension="2019-05-01" root="2.16.840.1.113883.10.20.28.4.42"/>
               </templateId>
               <id extension="35266-6_LaboratoryTestPerformed"
                   root="088360D3-5F60-4388-AA50-739BB66D42FF"/>
               <code code="35266-6" codeSystem="2.16.840.1.113883.6.1" codeSystemName="LOINC"/>
               <title value="Laboratory Test, Performed"/>
               <statusCode code="COMPLETED"/>
            </observationCriteria>
         </entry>
      </dataCriteriaSection>
   </component>
   <component>
      <populationCriteriaSection>
         <templateId>
            <item extension="2017-08-01" root="2.16.840.1.113883.10.20.28.2.7"/>
         </templateId>
         <id extension="PopulationCriteria1" root="0F3F6A68-1E93-4AB9-BBF6-FF4057387D01"/>
         <code code="57026-7" codeSystem="2.16.840.1.113883.6.1"/>
         <title value="Population Criteria Section"/>
         <text/>
         <component typeCode="COMP">
            <initialPopulationCriteria classCode="OBS" moodCode="EVN">
               <id extension="initialPopulation" root="6F2742B3-89C2-44DB-B884-870352B6F2D9"/>
               <code code="IPOP" codeSystem="2.16.840.1.113883.5.4" codeSystemName="Act Code"/>
               <precondition typeCode="PRCN">
                  <criteriaReference classCode="OBS" moodCode="EVN">
                     <id extension="ProstateCaAvoidanceBoneScanOveruse.&quot;Initial Population&quot;"
                         root="C7837D5D-EB1B-480A-8963-873891A4C521"/>
                  </criteriaReference>
               </precondition>
            </initialPopulationCriteria>
         </component>
         <component typeCode="COMP">
            <denominatorCriteria classCode="OBS" moodCode="EVN">
               <id extension="denominator" root="7601AA43-5078-49B6-85DD-843B9178AD5E"/>
               <code code="DENOM" codeSystem="2.16.840.1.113883.5.4" codeSystemName="Act Code"/>
               <precondition typeCode="PRCN">
                  <criteriaReference classCode="OBS" moodCode="EVN">
                     <id extension="ProstateCaAvoidanceBoneScanOveruse.&quot;Denominator&quot;"
                         root="C7837D5D-EB1B-480A-8963-873891A4C521"/>
                  </criteriaReference>
               </precondition>
            </denominatorCriteria>
         </component>
         <component typeCode="COMP">
            <denominatorExceptionCriteria classCode="OBS" moodCode="EVN">
               <id extension="denominatorExceptions" root="BF332E8F-BD5F-464E-A9BF-0C92A058D19E"/>
               <code code="DENEXCEP" codeSystem="2.16.840.1.113883.5.4" codeSystemName="Act Code"/>
               <precondition typeCode="PRCN">
                  <criteriaReference classCode="OBS" moodCode="EVN">
                     <id extension="ProstateCaAvoidanceBoneScanOveruse.&quot;Denominator Exceptions&quot;"
                         root="C7837D5D-EB1B-480A-8963-873891A4C521"/>
                  </criteriaReference>
               </precondition>
            </denominatorExceptionCriteria>
         </component>
         <component typeCode="COMP">
            <numeratorCriteria classCode="OBS" moodCode="EVN">
               <id extension="numerator" root="FB1A1EE4-76C0-4272-8DD5-CCC275559E92"/>
               <code code="NUMER" codeSystem="2.16.840.1.113883.5.4" codeSystemName="Act Code"/>
               <precondition typeCode="PRCN">
                  <criteriaReference classCode="OBS" moodCode="EVN">
                     <id extension="ProstateCaAvoidanceBoneScanOveruse.&quot;Numerator&quot;"
                         root="C7837D5D-EB1B-480A-8963-873891A4C521"/>
                  </criteriaReference>
               </precondition>
            </numeratorCriteria>
         </component>
         <component typeCode="COMP">
            <cql-ext:supplementalDataElement>
               <id extension="Supplemental Data Elements"
                   root="4A3C85C3-332A-488D-B4B2-D9CA408DE70B"/>
               <code code="SDE" codeSystem="2.16.840.1.113883.5.4" codeSystemName="Act Code"/>
               <precondition typeCode="PRCN">
                  <criteriaReference classCode="OBS" moodCode="EVN">
                     <id extension="ProstateCaAvoidanceBoneScanOveruse.&quot;SDE Ethnicity&quot;"
                         root="C7837D5D-EB1B-480A-8963-873891A4C521"/>
                  </criteriaReference>
               </precondition>
            </cql-ext:supplementalDataElement>
         </component>
         <component typeCode="COMP">
            <cql-ext:supplementalDataElement>
               <id extension="Supplemental Data Elements"
                   root="2650C956-FCEC-4033-8A31-B0F6309C8577"/>
               <code code="SDE" codeSystem="2.16.840.1.113883.5.4" codeSystemName="Act Code"/>
               <precondition typeCode="PRCN">
                  <criteriaReference classCode="OBS" moodCode="EVN">
                     <id extension="ProstateCaAvoidanceBoneScanOveruse.&quot;SDE Payer&quot;"
                         root="C7837D5D-EB1B-480A-8963-873891A4C521"/>
                  </criteriaReference>
               </precondition>
            </cql-ext:supplementalDataElement>
         </component>
         <component typeCode="COMP">
            <cql-ext:supplementalDataElement>
               <id extension="Supplemental Data Elements"
                   root="01EEFB5D-91C3-4FA3-8B53-27E327517EB6"/>
               <code code="SDE" codeSystem="2.16.840.1.113883.5.4" codeSystemName="Act Code"/>
               <precondition typeCode="PRCN">
                  <criteriaReference classCode="OBS" moodCode="EVN">
                     <id extension="ProstateCaAvoidanceBoneScanOveruse.&quot;SDE Race&quot;"
                         root="C7837D5D-EB1B-480A-8963-873891A4C521"/>
                  </criteriaReference>
               </precondition>
            </cql-ext:supplementalDataElement>
         </component>
         <component typeCode="COMP">
            <cql-ext:supplementalDataElement>
               <id extension="Supplemental Data Elements"
                   root="5D7DF349-18A7-42C3-AD12-A6BE91C5BA46"/>
               <code code="SDE" codeSystem="2.16.840.1.113883.5.4" codeSystemName="Act Code"/>
               <precondition typeCode="PRCN">
                  <criteriaReference classCode="OBS" moodCode="EVN">
                     <id extension="ProstateCaAvoidanceBoneScanOveruse.&quot;SDE Sex&quot;"
                         root="C7837D5D-EB1B-480A-8963-873891A4C521"/>
                  </criteriaReference>
               </precondition>
            </cql-ext:supplementalDataElement>
         </component>
      </populationCriteriaSection>
   </component>
</QualityMeasureDocument>