{
   "library" : {
      "identifier" : {
         "id" : "FallsScreeningforFutureFallRisk",
         "version" : "8.1.000"
      },
      "schemaIdentifier" : {
         "id" : "urn:hl7-org:elm",
         "version" : "r1"
      },
      "usings" : {
         "def" : [ {
            "localIdentifier" : "System",
            "uri" : "urn:hl7-org:elm-types:r1"
         }, {
            "localId" : "1",
            "locator" : "3:1-3:23",
            "localIdentifier" : "QDM",
            "uri" : "urn:healthit-gov:qdm:v5_4",
            "version" : "5.4"
         } ]
      },
      "includes" : {
         "def" : [ {
            "localId" : "2",
            "locator" : "5:1-5:64",
            "localIdentifier" : "Global",
            "path" : "MATGlobalCommonFunctions",
            "version" : "4.0.000"
         }, {
            "localId" : "3",
            "locator" : "6:1-6:48",
            "localIdentifier" : "Hospice",
            "path" : "Hospice",
            "version" : "2.0.000"
         } ]
      },
      "parameters" : {
         "def" : [ {
            "localId" : "27",
            "locator" : "31:1-31:49",
            "name" : "Measurement Period",
            "accessLevel" : "Public",
            "parameterTypeSpecifier" : {
               "localId" : "26",
               "locator" : "31:32-31:49",
               "type" : "IntervalTypeSpecifier",
               "pointType" : {
                  "localId" : "25",
                  "locator" : "31:41-31:48",
                  "name" : "{urn:hl7-org:elm-types:r1}DateTime",
                  "type" : "NamedTypeSpecifier"
               }
            }
         } ]
      },
      "codeSystems" : {
         "def" : [ {
            "localId" : "4",
            "locator" : "8:1-8:51",
            "name" : "LOINC",
            "id" : "urn:oid:2.16.840.1.113883.6.1",
            "accessLevel" : "Public"
         } ]
      },
      "valueSets" : {
         "def" : [ {
            "localId" : "5",
            "locator" : "10:1-10:80",
            "name" : "Ambulatory Status",
            "id" : "urn:oid:2.16.840.1.113883.3.464.1003.118.11.1219",
            "accessLevel" : "Public"
         }, {
            "localId" : "6",
            "locator" : "11:1-11:74",
            "name" : "Annual Wellness Visit",
            "id" : "urn:oid:2.16.840.1.113883.3.526.3.1240",
            "accessLevel" : "Public"
         }, {
            "localId" : "7",
            "locator" : "12:1-12:78",
            "name" : "Audiology Visit",
            "id" : "urn:oid:2.16.840.1.113883.3.464.1003.101.12.1066",
            "accessLevel" : "Public"
         }, {
            "localId" : "8",
            "locator" : "13:1-13:110",
            "name" : "Care Services in Long-Term Residential Facility",
            "id" : "urn:oid:2.16.840.1.113883.3.464.1003.101.12.1014",
            "accessLevel" : "Public"
         }, {
            "localId" : "9",
            "locator" : "14:1-14:100",
            "name" : "Discharge Services - Nursing Facility",
            "id" : "urn:oid:2.16.840.1.113883.3.464.1003.101.12.1013",
            "accessLevel" : "Public"
         }, {
            "localId" : "10",
            "locator" : "15:1-15:58",
            "name" : "Ethnicity",
            "id" : "urn:oid:2.16.840.1.114222.4.11.837",
            "accessLevel" : "Public"
         }, {
            "localId" : "11",
            "locator" : "16:1-16:78",
            "name" : "Falls Screening",
            "id" : "urn:oid:2.16.840.1.113883.3.464.1003.118.12.1028",
            "accessLevel" : "Public"
         }, {
            "localId" : "12",
            "locator" : "17:1-17:87",
            "name" : "Home Healthcare Services",
            "id" : "urn:oid:2.16.840.1.113883.3.464.1003.101.12.1016",
            "accessLevel" : "Public"
         }, {
            "localId" : "13",
            "locator" : "18:1-18:85",
            "name" : "Nursing Facility Visit",
            "id" : "urn:oid:2.16.840.1.113883.3.464.1003.101.12.1012",
            "accessLevel" : "Public"
         }, {
            "localId" : "14",
            "locator" : "19:1-19:75",
            "name" : "Office Visit",
            "id" : "urn:oid:2.16.840.1.113883.3.464.1003.101.12.1001",
            "accessLevel" : "Public"
         }, {
            "localId" : "15",
            "locator" : "20:1-20:68",
            "name" : "ONC Administrative Sex",
            "id" : "urn:oid:2.16.840.1.113762.1.4.1",
            "accessLevel" : "Public"
         }, {
            "localId" : "16",
            "locator" : "21:1-21:78",
            "name" : "Ophthalmological Services",
            "id" : "urn:oid:2.16.840.1.113883.3.526.3.1285",
            "accessLevel" : "Public"
         }, {
            "localId" : "17",
            "locator" : "22:1-22:85",
            "name" : "Patient not ambulatory",
            "id" : "urn:oid:2.16.840.1.113883.3.464.1003.118.12.1009",
            "accessLevel" : "Public"
         }, {
            "localId" : "18",
            "locator" : "23:1-23:55",
            "name" : "Payer",
            "id" : "urn:oid:2.16.840.1.114222.4.11.3591",
            "accessLevel" : "Public"
         }, {
            "localId" : "19",
            "locator" : "24:1-24:125",
            "name" : "Preventive Care Services - Established Office Visit, 18 and Up",
            "id" : "urn:oid:2.16.840.1.113883.3.464.1003.101.12.1025",
            "accessLevel" : "Public"
         }, {
            "localId" : "20",
            "locator" : "25:1-25:109",
            "name" : "Preventive Care Services-Individual Counseling",
            "id" : "urn:oid:2.16.840.1.113883.3.464.1003.101.12.1026",
            "accessLevel" : "Public"
         }, {
            "localId" : "21",
            "locator" : "26:1-26:119",
            "name" : "Preventive Care Services-Initial Office Visit, 18 and Up",
            "id" : "urn:oid:2.16.840.1.113883.3.464.1003.101.12.1023",
            "accessLevel" : "Public"
         }, {
            "localId" : "22",
            "locator" : "27:1-27:53",
            "name" : "Race",
            "id" : "urn:oid:2.16.840.1.114222.4.11.836",
            "accessLevel" : "Public"
         } ]
      },
      "codes" : {
         "def" : [ {
            "localId" : "24",
            "locator" : "29:1-29:62",
            "name" : "Birth date",
            "id" : "21112-8",
            "display" : "Birth date",
            "accessLevel" : "Public",
            "codeSystem" : {
               "localId" : "23",
               "locator" : "29:35-29:41",
               "name" : "LOINC"
            }
         } ]
      },
      "statements" : {
         "def" : [ {
            "locator" : "33:1-33:15",
            "name" : "Patient",
            "context" : "Patient",
            "expression" : {
               "type" : "SingletonFrom",
               "operand" : {
                  "locator" : "33:1-33:15",
                  "dataType" : "{urn:healthit-gov:qdm:v5_4}Patient",
                  "templateId" : "Patient",
                  "type" : "Retrieve"
               }
            }
         }, {
            "localId" : "29",
            "locator" : "35:1-36:50",
            "name" : "SDE Ethnicity",
            "context" : "Patient",
            "accessLevel" : "Public",
            "annotation" : [ {
               "type" : "Annotation",
               "s" : {
                  "r" : "29",
                  "s" : [ {
                     "value" : [ "define ","\"SDE Ethnicity\"",":\n\t" ]
                  }, {
                     "r" : "28",
                     "s" : [ {
                        "value" : [ "[","\"Patient Characteristic Ethnicity\"",": " ]
                     }, {
                        "s" : [ {
                           "value" : [ "\"Ethnicity\"" ]
                        } ]
                     }, {
                        "value" : [ "]" ]
                     } ]
                  } ]
               }
            } ],
            "expression" : {
               "localId" : "28",
               "locator" : "36:2-36:50",
               "dataType" : "{urn:healthit-gov:qdm:v5_4}PatientCharacteristicEthnicity",
               "codeProperty" : "code",
               "type" : "Retrieve",
               "codes" : {
                  "name" : "Ethnicity",
                  "type" : "ValueSetRef"
               }
            }
         }, {
            "localId" : "31",
            "locator" : "38:1-39:42",
            "name" : "SDE Payer",
            "context" : "Patient",
            "accessLevel" : "Public",
            "annotation" : [ {
               "type" : "Annotation",
               "s" : {
                  "r" : "31",
                  "s" : [ {
                     "value" : [ "define ","\"SDE Payer\"",":\n\t" ]
                  }, {
                     "r" : "30",
                     "s" : [ {
                        "value" : [ "[","\"Patient Characteristic Payer\"",": " ]
                     }, {
                        "s" : [ {
                           "value" : [ "\"Payer\"" ]
                        } ]
                     }, {
                        "value" : [ "]" ]
                     } ]
                  } ]
               }
            } ],
            "expression" : {
               "localId" : "30",
               "locator" : "39:2-39:42",
               "dataType" : "{urn:healthit-gov:qdm:v5_4}PatientCharacteristicPayer",
               "codeProperty" : "code",
               "type" : "Retrieve",
               "codes" : {
                  "name" : "Payer",
                  "type" : "ValueSetRef"
               }
            }
         }, {
            "localId" : "33",
            "locator" : "41:1-42:40",
            "name" : "SDE Race",
            "context" : "Patient",
            "accessLevel" : "Public",
            "annotation" : [ {
               "type" : "Annotation",
               "s" : {
                  "r" : "33",
                  "s" : [ {
                     "value" : [ "define ","\"SDE Race\"",":\n\t" ]
                  }, {
                     "r" : "32",
                     "s" : [ {
                        "value" : [ "[","\"Patient Characteristic Race\"",": " ]
                     }, {
                        "s" : [ {
                           "value" : [ "\"Race\"" ]
                        } ]
                     }, {
                        "value" : [ "]" ]
                     } ]
                  } ]
               }
            } ],
            "expression" : {
               "localId" : "32",
               "locator" : "42:2-42:40",
               "dataType" : "{urn:healthit-gov:qdm:v5_4}PatientCharacteristicRace",
               "codeProperty" : "code",
               "type" : "Retrieve",
               "codes" : {
                  "name" : "Race",
                  "type" : "ValueSetRef"
               }
            }
         }, {
            "localId" : "35",
            "locator" : "44:1-45:57",
            "name" : "SDE Sex",
            "context" : "Patient",
            "accessLevel" : "Public",
            "annotation" : [ {
               "type" : "Annotation",
               "s" : {
                  "r" : "35",
                  "s" : [ {
                     "value" : [ "define ","\"SDE Sex\"",":\n\t" ]
                  }, {
                     "r" : "34",
                     "s" : [ {
                        "value" : [ "[","\"Patient Characteristic Sex\"",": " ]
                     }, {
                        "s" : [ {
                           "value" : [ "\"ONC Administrative Sex\"" ]
                        } ]
                     }, {
                        "value" : [ "]" ]
                     } ]
                  } ]
               }
            } ],
            "expression" : {
               "localId" : "34",
               "locator" : "45:2-45:57",
               "dataType" : "{urn:healthit-gov:qdm:v5_4}PatientCharacteristicSex",
               "codeProperty" : "code",
               "type" : "Retrieve",
               "codes" : {
                  "name" : "ONC Administrative Sex",
                  "type" : "ValueSetRef"
               }
            }
         }, {
            "localId" : "75",
            "locator" : "54:1-66:65",
            "name" : "Qualifying Encounter",
            "context" : "Patient",
            "accessLevel" : "Public",
            "annotation" : [ {
               "type" : "Annotation",
               "s" : {
                  "r" : "75",
                  "s" : [ {
                     "value" : [ "define ","\"Qualifying Encounter\"",":\n\t" ]
                  }, {
                     "r" : "74",
                     "s" : [ {
                        "s" : [ {
                           "r" : "69",
                           "s" : [ {
                              "r" : "68",
                              "s" : [ {
                                 "value" : [ "( " ]
                              }, {
                                 "r" : "68",
                                 "s" : [ {
                                    "r" : "66",
                                    "s" : [ {
                                       "r" : "64",
                                       "s" : [ {
                                          "r" : "62",
                                          "s" : [ {
                                             "r" : "60",
                                             "s" : [ {
                                                "r" : "58",
                                                "s" : [ {
                                                   "r" : "56",
                                                   "s" : [ {
                                                      "r" : "54",
                                                      "s" : [ {
                                                         "r" : "52",
                                                         "s" : [ {
                                                            "r" : "50",
                                                            "s" : [ {
                                                               "r" : "48",
                                                               "s" : [ {
                                                                  "value" : [ "[","\"Encounter, Performed\"",": " ]
                                                               }, {
                                                                  "s" : [ {
                                                                     "value" : [ "\"Office Visit\"" ]
                                                                  } ]
                                                               }, {
                                                                  "value" : [ "]" ]
                                                               } ]
                                                            }, {
                                                               "value" : [ "\n\t\tunion " ]
                                                            }, {
                                                               "r" : "49",
                                                               "s" : [ {
                                                                  "value" : [ "[","\"Encounter, Performed\"",": " ]
                                                               }, {
                                                                  "s" : [ {
                                                                     "value" : [ "\"Annual Wellness Visit\"" ]
                                                                  } ]
                                                               }, {
                                                                  "value" : [ "]" ]
                                                               } ]
                                                            } ]
                                                         }, {
                                                            "value" : [ "\n\t\tunion " ]
                                                         }, {
                                                            "r" : "51",
                                                            "s" : [ {
                                                               "value" : [ "[","\"Encounter, Performed\"",": " ]
                                                            }, {
                                                               "s" : [ {
                                                                  "value" : [ "\"Preventive Care Services - Established Office Visit, 18 and Up\"" ]
                                                               } ]
                                                            }, {
                                                               "value" : [ "]" ]
                                                            } ]
                                                         } ]
                                                      }, {
                                                         "value" : [ "\n\t\tunion " ]
                                                      }, {
                                                         "r" : "53",
                                                         "s" : [ {
                                                            "value" : [ "[","\"Encounter, Performed\"",": " ]
                                                         }, {
                                                            "s" : [ {
                                                               "value" : [ "\"Preventive Care Services-Initial Office Visit, 18 and Up\"" ]
                                                            } ]
                                                         }, {
                                                            "value" : [ "]" ]
                                                         } ]
                                                      } ]
                                                   }, {
                                                      "value" : [ "\n\t\tunion " ]
                                                   }, {
                                                      "r" : "55",
                                                      "s" : [ {
                                                         "value" : [ "[","\"Encounter, Performed\"",": " ]
                                                      }, {
                                                         "s" : [ {
                                                            "value" : [ "\"Home Healthcare Services\"" ]
                                                         } ]
                                                      }, {
                                                         "value" : [ "]" ]
                                                      } ]
                                                   } ]
                                                }, {
                                                   "value" : [ "\n\t\tunion " ]
                                                }, {
                                                   "r" : "57",
                                                   "s" : [ {
                                                      "value" : [ "[","\"Encounter, Performed\"",": " ]
                                                   }, {
                                                      "s" : [ {
                                                         "value" : [ "\"Ophthalmological Services\"" ]
                                                      } ]
                                                   }, {
                                                      "value" : [ "]" ]
                                                   } ]
                                                } ]
                                             }, {
                                                "value" : [ "\n\t\tunion " ]
                                             }, {
                                                "r" : "59",
                                                "s" : [ {
                                                   "value" : [ "[","\"Encounter, Performed\"",": " ]
                                                }, {
                                                   "s" : [ {
                                                      "value" : [ "\"Preventive Care Services-Individual Counseling\"" ]
                                                   } ]
                                                }, {
                                                   "value" : [ "]" ]
                                                } ]
                                             } ]
                                          }, {
                                             "value" : [ "\n\t\tunion " ]
                                          }, {
                                             "r" : "61",
                                             "s" : [ {
                                                "value" : [ "[","\"Encounter, Performed\"",": " ]
                                             }, {
                                                "s" : [ {
                                                   "value" : [ "\"Discharge Services - Nursing Facility\"" ]
                                                } ]
                                             }, {
                                                "value" : [ "]" ]
                                             } ]
                                          } ]
                                       }, {
                                          "value" : [ "\n\t\tunion " ]
                                       }, {
                                          "r" : "63",
                                          "s" : [ {
                                             "value" : [ "[","\"Encounter, Performed\"",": " ]
                                          }, {
                                             "s" : [ {
                                                "value" : [ "\"Nursing Facility Visit\"" ]
                                             } ]
                                          }, {
                                             "value" : [ "]" ]
                                          } ]
                                       } ]
                                    }, {
                                       "value" : [ "\n\t\tunion " ]
                                    }, {
                                       "r" : "65",
                                       "s" : [ {
                                          "value" : [ "[","\"Encounter, Performed\"",": " ]
                                       }, {
                                          "s" : [ {
                                             "value" : [ "\"Care Services in Long-Term Residential Facility\"" ]
                                          } ]
                                       }, {
                                          "value" : [ "]" ]
                                       } ]
                                    } ]
                                 }, {
                                    "value" : [ "\n\t\tunion " ]
                                 }, {
                                    "r" : "67",
                                    "s" : [ {
                                       "value" : [ "[","\"Encounter, Performed\"",": " ]
                                    }, {
                                       "s" : [ {
                                          "value" : [ "\"Audiology Visit\"" ]
                                       } ]
                                    }, {
                                       "value" : [ "]" ]
                                    } ]
                                 } ]
                              }, {
                                 "value" : [ " )" ]
                              } ]
                           }, {
                              "value" : [ " ","ValidEncounter" ]
                           } ]
                        } ]
                     }, {
                        "value" : [ "\n\t\t" ]
                     }, {
                        "r" : "73",
                        "s" : [ {
                           "value" : [ "where " ]
                        }, {
                           "r" : "73",
                           "s" : [ {
                              "r" : "71",
                              "s" : [ {
                                 "r" : "70",
                                 "s" : [ {
                                    "value" : [ "ValidEncounter" ]
                                 } ]
                              }, {
                                 "value" : [ "." ]
                              }, {
                                 "r" : "71",
                                 "s" : [ {
                                    "value" : [ "relevantPeriod" ]
                                 } ]
                              } ]
                           }, {
                              "value" : [ " ","during"," " ]
                           }, {
                              "r" : "72",
                              "s" : [ {
                                 "value" : [ "\"Measurement Period\"" ]
                              } ]
                           } ]
                        } ]
                     } ]
                  } ]
               }
            } ],
            "expression" : {
               "localId" : "74",
               "locator" : "55:2-66:65",
               "type" : "Query",
               "source" : [ {
                  "localId" : "69",
                  "locator" : "55:2-65:68",
                  "alias" : "ValidEncounter",
                  "expression" : {
                     "localId" : "68",
                     "locator" : "55:2-65:53",
                     "type" : "Union",
                     "operand" : [ {
                        "localId" : "66",
                        "locator" : "55:4-64:83",
                        "type" : "Union",
                        "operand" : [ {
                           "localId" : "62",
                           "locator" : "55:4-62:73",
                           "type" : "Union",
                           "operand" : [ {
                              "localId" : "58",
                              "locator" : "55:4-60:61",
                              "type" : "Union",
                              "operand" : [ {
                                 "localId" : "54",
                                 "locator" : "55:4-58:92",
                                 "type" : "Union",
                                 "operand" : [ {
                                    "localId" : "50",
                                    "locator" : "55:4-56:57",
                                    "type" : "Union",
                                    "operand" : [ {
                                       "localId" : "48",
                                       "locator" : "55:4-55:43",
                                       "dataType" : "{urn:healthit-gov:qdm:v5_4}PositiveEncounterPerformed",
                                       "templateId" : "PositiveEncounterPerformed",
                                       "codeProperty" : "code",
                                       "type" : "Retrieve",
                                       "codes" : {
                                          "name" : "Office Visit",
                                          "type" : "ValueSetRef"
                                       }
                                    }, {
                                       "localId" : "49",
                                       "locator" : "56:9-56:57",
                                       "dataType" : "{urn:healthit-gov:qdm:v5_4}PositiveEncounterPerformed",
                                       "templateId" : "PositiveEncounterPerformed",
                                       "codeProperty" : "code",
                                       "type" : "Retrieve",
                                       "codes" : {
                                          "name" : "Annual Wellness Visit",
                                          "type" : "ValueSetRef"
                                       }
                                    } ]
                                 }, {
                                    "type" : "Union",
                                    "operand" : [ {
                                       "localId" : "51",
                                       "locator" : "57:9-57:98",
                                       "dataType" : "{urn:healthit-gov:qdm:v5_4}PositiveEncounterPerformed",
                                       "templateId" : "PositiveEncounterPerformed",
                                       "codeProperty" : "code",
                                       "type" : "Retrieve",
                                       "codes" : {
                                          "name" : "Preventive Care Services - Established Office Visit, 18 and Up",
                                          "type" : "ValueSetRef"
                                       }
                                    }, {
                                       "localId" : "53",
                                       "locator" : "58:9-58:92",
                                       "dataType" : "{urn:healthit-gov:qdm:v5_4}PositiveEncounterPerformed",
                                       "templateId" : "PositiveEncounterPerformed",
                                       "codeProperty" : "code",
                                       "type" : "Retrieve",
                                       "codes" : {
                                          "name" : "Preventive Care Services-Initial Office Visit, 18 and Up",
                                          "type" : "ValueSetRef"
                                       }
                                    } ]
                                 } ]
                              }, {
                                 "type" : "Union",
                                 "operand" : [ {
                                    "localId" : "55",
                                    "locator" : "59:9-59:60",
                                    "dataType" : "{urn:healthit-gov:qdm:v5_4}PositiveEncounterPerformed",
                                    "templateId" : "PositiveEncounterPerformed",
                                    "codeProperty" : "code",
                                    "type" : "Retrieve",
                                    "codes" : {
                                       "name" : "Home Healthcare Services",
                                       "type" : "ValueSetRef"
                                    }
                                 }, {
                                    "localId" : "57",
                                    "locator" : "60:9-60:61",
                                    "dataType" : "{urn:healthit-gov:qdm:v5_4}PositiveEncounterPerformed",
                                    "templateId" : "PositiveEncounterPerformed",
                                    "codeProperty" : "code",
                                    "type" : "Retrieve",
                                    "codes" : {
                                       "name" : "Ophthalmological Services",
                                       "type" : "ValueSetRef"
                                    }
                                 } ]
                              } ]
                           }, {
                              "type" : "Union",
                              "operand" : [ {
                                 "localId" : "59",
                                 "locator" : "61:9-61:82",
                                 "dataType" : "{urn:healthit-gov:qdm:v5_4}PositiveEncounterPerformed",
                                 "templateId" : "PositiveEncounterPerformed",
                                 "codeProperty" : "code",
                                 "type" : "Retrieve",
                                 "codes" : {
                                    "name" : "Preventive Care Services-Individual Counseling",
                                    "type" : "ValueSetRef"
                                 }
                              }, {
                                 "localId" : "61",
                                 "locator" : "62:9-62:73",
                                 "dataType" : "{urn:healthit-gov:qdm:v5_4}PositiveEncounterPerformed",
                                 "templateId" : "PositiveEncounterPerformed",
                                 "codeProperty" : "code",
                                 "type" : "Retrieve",
                                 "codes" : {
                                    "name" : "Discharge Services - Nursing Facility",
                                    "type" : "ValueSetRef"
                                 }
                              } ]
                           } ]
                        }, {
                           "type" : "Union",
                           "operand" : [ {
                              "localId" : "63",
                              "locator" : "63:9-63:58",
                              "dataType" : "{urn:healthit-gov:qdm:v5_4}PositiveEncounterPerformed",
                              "templateId" : "PositiveEncounterPerformed",
                              "codeProperty" : "code",
                              "type" : "Retrieve",
                              "codes" : {
                                 "name" : "Nursing Facility Visit",
                                 "type" : "ValueSetRef"
                              }
                           }, {
                              "localId" : "65",
                              "locator" : "64:9-64:83",
                              "dataType" : "{urn:healthit-gov:qdm:v5_4}PositiveEncounterPerformed",
                              "templateId" : "PositiveEncounterPerformed",
                              "codeProperty" : "code",
                              "type" : "Retrieve",
                              "codes" : {
                                 "name" : "Care Services in Long-Term Residential Facility",
                                 "type" : "ValueSetRef"
                              }
                           } ]
                        } ]
                     }, {
                        "localId" : "67",
                        "locator" : "65:9-65:51",
                        "dataType" : "{urn:healthit-gov:qdm:v5_4}PositiveEncounterPerformed",
                        "templateId" : "PositiveEncounterPerformed",
                        "codeProperty" : "code",
                        "type" : "Retrieve",
                        "codes" : {
                           "name" : "Audiology Visit",
                           "type" : "ValueSetRef"
                        }
                     } ]
                  }
               } ],
               "relationship" : [ ],
               "where" : {
                  "localId" : "73",
                  "locator" : "66:3-66:65",
                  "type" : "IncludedIn",
                  "operand" : [ {
                     "localId" : "71",
                     "locator" : "66:9-66:37",
                     "path" : "relevantPeriod",
                     "scope" : "ValidEncounter",
                     "type" : "Property"
                  }, {
                     "localId" : "72",
                     "locator" : "66:46-66:65",
                     "name" : "Measurement Period",
                     "type" : "ParameterRef"
                  } ]
               }
            }
         }, {
            "localId" : "79",
            "locator" : "91:1-95:35",
            "name" : "Initial Population",
            "context" : "Patient",
            "accessLevel" : "Public",
            "annotation" : [ {
               "type" : "Annotation",
               "s" : {
                  "r" : "79",
                  "s" : [ {
                     "value" : [ "define ","\"Initial Population\"",":\n\t" ]
                  }, {
                     "r" : "78",
                     "s" : [ {
                        "r" : "47",
                        "s" : [ {
                           "value" : [ "exists " ]
                        }, {
                           "r" : "46",
                           "s" : [ {
                              "value" : [ "( " ]
                           }, {
                              "r" : "46",
                              "s" : [ {
                                 "s" : [ {
                                    "r" : "37",
                                    "s" : [ {
                                       "r" : "36",
                                       "s" : [ {
                                          "r" : "36",
                                          "s" : [ {
                                             "value" : [ "[","\"Patient Characteristic Birthdate\"",": " ]
                                          }, {
                                             "s" : [ {
                                                "value" : [ "\"Birth date\"" ]
                                             } ]
                                          }, {
                                             "value" : [ "]" ]
                                          } ]
                                       } ]
                                    }, {
                                       "value" : [ " ","BirthDate" ]
                                    } ]
                                 } ]
                              }, {
                                 "value" : [ "\n\t\t\t" ]
                              }, {
                                 "r" : "45",
                                 "s" : [ {
                                    "value" : [ "where " ]
                                 }, {
                                    "r" : "45",
                                    "s" : [ {
                                       "r" : "43",
                                       "s" : [ {
                                          "r" : "38",
                                          "s" : [ {
                                             "value" : [ "Global" ]
                                          } ]
                                       }, {
                                          "value" : [ "." ]
                                       }, {
                                          "r" : "43",
                                          "s" : [ {
                                             "value" : [ "\"CalendarAgeInYearsAt\"","(" ]
                                          }, {
                                             "r" : "40",
                                             "s" : [ {
                                                "r" : "39",
                                                "s" : [ {
                                                   "value" : [ "BirthDate" ]
                                                } ]
                                             }, {
                                                "value" : [ "." ]
                                             }, {
                                                "r" : "40",
                                                "s" : [ {
                                                   "value" : [ "birthDatetime" ]
                                                } ]
                                             } ]
                                          }, {
                                             "value" : [ ", " ]
                                          }, {
                                             "r" : "42",
                                             "s" : [ {
                                                "value" : [ "start of " ]
                                             }, {
                                                "r" : "41",
                                                "s" : [ {
                                                   "value" : [ "\"Measurement Period\"" ]
                                                } ]
                                             } ]
                                          }, {
                                             "value" : [ ")" ]
                                          } ]
                                       } ]
                                    }, {
                                       "value" : [ ">="," ","65" ]
                                    } ]
                                 } ]
                              } ]
                           }, {
                              "value" : [ "\n\t)" ]
                           } ]
                        } ]
                     }, {
                        "value" : [ "\n\t\tand " ]
                     }, {
                        "r" : "77",
                        "s" : [ {
                           "value" : [ "exists " ]
                        }, {
                           "r" : "76",
                           "s" : [ {
                              "value" : [ "\"Qualifying Encounter\"" ]
                           } ]
                        } ]
                     } ]
                  } ]
               }
            } ],
            "expression" : {
               "localId" : "78",
               "locator" : "92:2-95:35",
               "type" : "And",
               "operand" : [ {
                  "localId" : "47",
                  "locator" : "92:2-94:2",
                  "type" : "Exists",
                  "operand" : {
                     "localId" : "46",
                     "locator" : "92:9-94:2",
                     "type" : "Query",
                     "source" : [ {
                        "localId" : "37",
                        "locator" : "92:11-92:70",
                        "alias" : "BirthDate",
                        "expression" : {
                           "localId" : "36",
                           "locator" : "92:11-92:60",
                           "dataType" : "{urn:healthit-gov:qdm:v5_4}PatientCharacteristicBirthdate",
                           "codeProperty" : "code",
                           "type" : "Retrieve",
                           "codes" : {
                              "type" : "ToList",
                              "operand" : {
                                 "name" : "Birth date",
                                 "type" : "CodeRef"
                              }
                           }
                        }
                     } ],
                     "relationship" : [ ],
                     "where" : {
                        "localId" : "45",
                        "locator" : "93:4-93:99",
                        "type" : "GreaterOrEqual",
                        "operand" : [ {
                           "localId" : "43",
                           "locator" : "93:10-93:94",
                           "name" : "CalendarAgeInYearsAt",
                           "libraryName" : "Global",
                           "type" : "FunctionRef",
                           "operand" : [ {
                              "localId" : "40",
                              "locator" : "93:40-93:62",
                              "path" : "birthDatetime",
                              "scope" : "BirthDate",
                              "type" : "Property"
                           }, {
                              "localId" : "42",
                              "locator" : "93:65-93:93",
                              "type" : "Start",
                              "operand" : {
                                 "localId" : "41",
                                 "locator" : "93:74-93:93",
                                 "name" : "Measurement Period",
                                 "type" : "ParameterRef"
                              }
                           } ]
                        }, {
                           "localId" : "44",
                           "locator" : "93:98-93:99",
                           "valueType" : "{urn:hl7-org:elm-types:r1}Integer",
                           "value" : "65",
                           "type" : "Literal"
                        } ]
                     }
                  }
               }, {
                  "localId" : "77",
                  "locator" : "95:7-95:35",
                  "type" : "Exists",
                  "operand" : {
                     "localId" : "76",
                     "locator" : "95:14-95:35",
                     "name" : "Qualifying Encounter",
                     "type" : "ExpressionRef"
                  }
               } ]
            }
         }, {
            "localId" : "81",
            "locator" : "47:1-48:21",
            "name" : "Denominator",
            "context" : "Patient",
            "accessLevel" : "Public",
            "annotation" : [ {
               "type" : "Annotation",
               "s" : {
                  "r" : "81",
                  "s" : [ {
                     "value" : [ "define ","\"Denominator\"",":\n\t" ]
                  }, {
                     "r" : "80",
                     "s" : [ {
                        "value" : [ "\"Initial Population\"" ]
                     } ]
                  } ]
               }
            } ],
            "expression" : {
               "localId" : "80",
               "locator" : "48:2-48:21",
               "name" : "Initial Population",
               "type" : "ExpressionRef"
            }
         }, {
            "localId" : "90",
            "locator" : "50:1-52:62",
            "name" : "Numerator",
            "context" : "Patient",
            "accessLevel" : "Public",
            "annotation" : [ {
               "type" : "Annotation",
               "s" : {
                  "r" : "90",
                  "s" : [ {
                     "value" : [ "define ","\"Numerator\"",":\n\t" ]
                  }, {
                     "r" : "89",
                     "s" : [ {
                        "value" : [ "exists " ]
                     }, {
                        "r" : "88",
                        "s" : [ {
                           "s" : [ {
                              "r" : "83",
                              "s" : [ {
                                 "r" : "82",
                                 "s" : [ {
                                    "r" : "82",
                                    "s" : [ {
                                       "value" : [ "[","\"Assessment, Performed\"",": " ]
                                    }, {
                                       "s" : [ {
                                          "value" : [ "\"Falls Screening\"" ]
                                       } ]
                                    }, {
                                       "value" : [ "]" ]
                                    } ]
                                 } ]
                              }, {
                                 "value" : [ " ","FallsScreen" ]
                              } ]
                           } ]
                        }, {
                           "value" : [ "\n\t\t" ]
                        }, {
                           "r" : "87",
                           "s" : [ {
                              "value" : [ "where " ]
                           }, {
                              "r" : "87",
                              "s" : [ {
                                 "r" : "85",
                                 "s" : [ {
                                    "r" : "84",
                                    "s" : [ {
                                       "value" : [ "FallsScreen" ]
                                    } ]
                                 }, {
                                    "value" : [ "." ]
                                 }, {
                                    "r" : "85",
                                    "s" : [ {
                                       "value" : [ "authorDatetime" ]
                                    } ]
                                 } ]
                              }, {
                                 "value" : [ " ","during"," " ]
                              }, {
                                 "r" : "86",
                                 "s" : [ {
                                    "value" : [ "\"Measurement Period\"" ]
                                 } ]
                              } ]
                           } ]
                        } ]
                     } ]
                  } ]
               }
            } ],
            "expression" : {
               "localId" : "89",
               "locator" : "51:2-52:62",
               "type" : "Exists",
               "operand" : {
                  "localId" : "88",
                  "locator" : "51:9-52:62",
                  "type" : "Query",
                  "source" : [ {
                     "localId" : "83",
                     "locator" : "51:9-51:64",
                     "alias" : "FallsScreen",
                     "expression" : {
                        "localId" : "82",
                        "locator" : "51:9-51:52",
                        "dataType" : "{urn:healthit-gov:qdm:v5_4}PositiveAssessmentPerformed",
                        "templateId" : "PositiveAssessmentPerformed",
                        "codeProperty" : "code",
                        "type" : "Retrieve",
                        "codes" : {
                           "name" : "Falls Screening",
                           "type" : "ValueSetRef"
                        }
                     }
                  } ],
                  "relationship" : [ ],
                  "where" : {
                     "localId" : "87",
                     "locator" : "52:3-52:62",
                     "type" : "In",
                     "operand" : [ {
                        "localId" : "85",
                        "locator" : "52:9-52:34",
                        "path" : "authorDatetime",
                        "scope" : "FallsScreen",
                        "type" : "Property"
                     }, {
                        "localId" : "86",
                        "locator" : "52:43-52:62",
                        "name" : "Measurement Period",
                        "type" : "ParameterRef"
                     } ]
                  }
               }
            }
         }, {
            "localId" : "102",
            "locator" : "68:1-71:52",
            "name" : "Ambulatory Status Assessment During Measurement Period",
            "context" : "Patient",
            "accessLevel" : "Public",
            "annotation" : [ {
               "type" : "Annotation",
               "s" : {
                  "r" : "102",
                  "s" : [ {
                     "value" : [ "define ","\"Ambulatory Status Assessment During Measurement Period\"",":\n\t" ]
                  }, {
                     "r" : "101",
                     "s" : [ {
                        "s" : [ {
                           "r" : "92",
                           "s" : [ {
                              "r" : "91",
                              "s" : [ {
                                 "r" : "91",
                                 "s" : [ {
                                    "value" : [ "[","\"Assessment, Performed\"",": " ]
                                 }, {
                                    "s" : [ {
                                       "value" : [ "\"Ambulatory Status\"" ]
                                    } ]
                                 }, {
                                    "value" : [ "]" ]
                                 } ]
                              } ]
                           }, {
                              "value" : [ " ","AmbulatoryStatusAssessment" ]
                           } ]
                        } ]
                     }, {
                        "value" : [ "\n\t\t" ]
                     }, {
                        "r" : "100",
                        "s" : [ {
                           "value" : [ "where " ]
                        }, {
                           "r" : "100",
                           "s" : [ {
                              "r" : "96",
                              "s" : [ {
                                 "r" : "94",
                                 "s" : [ {
                                    "r" : "93",
                                    "s" : [ {
                                       "value" : [ "AmbulatoryStatusAssessment" ]
                                    } ]
                                 }, {
                                    "value" : [ "." ]
                                 }, {
                                    "r" : "94",
                                    "s" : [ {
                                       "value" : [ "authorDatetime" ]
                                    } ]
                                 } ]
                              }, {
                                 "value" : [ " ","during"," " ]
                              }, {
                                 "r" : "95",
                                 "s" : [ {
                                    "value" : [ "\"Measurement Period\"" ]
                                 } ]
                              } ]
                           }, {
                              "value" : [ "\n\t\t\tand " ]
                           }, {
                              "r" : "99",
                              "s" : [ {
                                 "r" : "98",
                                 "s" : [ {
                                    "r" : "97",
                                    "s" : [ {
                                       "value" : [ "AmbulatoryStatusAssessment" ]
                                    } ]
                                 }, {
                                    "value" : [ "." ]
                                 }, {
                                    "r" : "98",
                                    "s" : [ {
                                       "value" : [ "result" ]
                                    } ]
                                 } ]
                              }, {
                                 "value" : [ " is not null" ]
                              } ]
                           } ]
                        } ]
                     } ]
                  } ]
               }
            } ],
            "expression" : {
               "localId" : "101",
               "locator" : "69:2-71:52",
               "type" : "Query",
               "source" : [ {
                  "localId" : "92",
                  "locator" : "69:2-69:74",
                  "alias" : "AmbulatoryStatusAssessment",
                  "expression" : {
                     "localId" : "91",
                     "locator" : "69:2-69:47",
                     "dataType" : "{urn:healthit-gov:qdm:v5_4}PositiveAssessmentPerformed",
                     "templateId" : "PositiveAssessmentPerformed",
                     "codeProperty" : "code",
                     "type" : "Retrieve",
                     "codes" : {
                        "name" : "Ambulatory Status",
                        "type" : "ValueSetRef"
                     }
                  }
               } ],
               "relationship" : [ ],
               "where" : {
                  "localId" : "100",
                  "locator" : "70:3-71:52",
                  "type" : "And",
                  "operand" : [ {
                     "localId" : "96",
                     "locator" : "70:9-70:77",
                     "type" : "In",
                     "operand" : [ {
                        "localId" : "94",
                        "locator" : "70:9-70:49",
                        "path" : "authorDatetime",
                        "scope" : "AmbulatoryStatusAssessment",
                        "type" : "Property"
                     }, {
                        "localId" : "95",
                        "locator" : "70:58-70:77",
                        "name" : "Measurement Period",
                        "type" : "ParameterRef"
                     } ]
                  }, {
                     "localId" : "99",
                     "locator" : "71:8-71:52",
                     "type" : "Not",
                     "operand" : {
                        "locator" : "71:8-71:52",
                        "type" : "IsNull",
                        "operand" : {
                           "localId" : "98",
                           "locator" : "71:8-71:40",
                           "path" : "result",
                           "scope" : "AmbulatoryStatusAssessment",
                           "type" : "Property"
                        }
                     }
                  } ]
               }
            }
         }, {
            "localId" : "111",
            "locator" : "73:1-76:2",
            "name" : "Assessed as Not Ambulatory During Measurement Period",
            "context" : "Patient",
            "accessLevel" : "Public",
            "annotation" : [ {
               "type" : "Annotation",
               "s" : {
                  "r" : "111",
                  "s" : [ {
                     "value" : [ "define ","\"Assessed as Not Ambulatory During Measurement Period\"",":\n\t" ]
                  }, {
                     "r" : "110",
                     "s" : [ {
                        "value" : [ "exists " ]
                     }, {
                        "r" : "109",
                        "s" : [ {
                           "value" : [ "( " ]
                        }, {
                           "r" : "109",
                           "s" : [ {
                              "s" : [ {
                                 "r" : "104",
                                 "s" : [ {
                                    "r" : "103",
                                    "s" : [ {
                                       "s" : [ {
                                          "value" : [ "\"Ambulatory Status Assessment During Measurement Period\"" ]
                                       } ]
                                    } ]
                                 }, {
                                    "value" : [ " ","AmbulatoryStatusAssessed" ]
                                 } ]
                              } ]
                           }, {
                              "value" : [ "\n\t\t\t" ]
                           }, {
                              "r" : "108",
                              "s" : [ {
                                 "value" : [ "where " ]
                              }, {
                                 "r" : "108",
                                 "s" : [ {
                                    "r" : "106",
                                    "s" : [ {
                                       "r" : "105",
                                       "s" : [ {
                                          "value" : [ "AmbulatoryStatusAssessed" ]
                                       } ]
                                    }, {
                                       "value" : [ "." ]
                                    }, {
                                       "r" : "106",
                                       "s" : [ {
                                          "value" : [ "result" ]
                                       } ]
                                    } ]
                                 }, {
                                    "value" : [ " in " ]
                                 }, {
                                    "r" : "107",
                                    "s" : [ {
                                       "value" : [ "\"Patient not ambulatory\"" ]
                                    } ]
                                 } ]
                              } ]
                           } ]
                        }, {
                           "value" : [ "\n\t)" ]
                        } ]
                     } ]
                  } ]
               }
            } ],
            "expression" : {
               "localId" : "110",
               "locator" : "74:2-76:2",
               "type" : "Exists",
               "operand" : {
                  "localId" : "109",
                  "locator" : "74:9-76:2",
                  "type" : "Query",
                  "source" : [ {
                     "localId" : "104",
                     "locator" : "74:11-74:91",
                     "alias" : "AmbulatoryStatusAssessed",
                     "expression" : {
                        "localId" : "103",
                        "locator" : "74:11-74:66",
                        "name" : "Ambulatory Status Assessment During Measurement Period",
                        "type" : "ExpressionRef"
                     }
                  } ],
                  "relationship" : [ ],
                  "where" : {
                     "localId" : "108",
                     "locator" : "75:4-75:68",
                     "type" : "InValueSet",
                     "code" : {
                        "asType" : "{urn:hl7-org:elm-types:r1}Code",
                        "type" : "As",
                        "operand" : {
                           "localId" : "106",
                           "locator" : "75:10-75:40",
                           "path" : "result",
                           "scope" : "AmbulatoryStatusAssessed",
                           "type" : "Property"
                        }
                     },
                     "valueset" : {
                        "localId" : "107",
                        "locator" : "75:45-75:68",
                        "name" : "Patient not ambulatory"
                     }
                  }
               }
            }
         }, {
            "localId" : "126",
            "locator" : "78:1-82:37",
            "name" : "Assessed as Not Ambulatory Prior to Measurement Period",
            "context" : "Patient",
            "accessLevel" : "Public",
            "annotation" : [ {
               "type" : "Annotation",
               "s" : {
                  "r" : "126",
                  "s" : [ {
                     "value" : [ "define ","\"Assessed as Not Ambulatory Prior to Measurement Period\"",":\n\t" ]
                  }, {
                     "r" : "125",
                     "s" : [ {
                        "r" : "123",
                        "s" : [ {
                           "r" : "122",
                           "s" : [ {
                              "value" : [ "Last","(" ]
                           }, {
                              "r" : "121",
                              "s" : [ {
                                 "s" : [ {
                                    "r" : "113",
                                    "s" : [ {
                                       "r" : "112",
                                       "s" : [ {
                                          "r" : "112",
                                          "s" : [ {
                                             "value" : [ "[","\"Assessment, Performed\"",": " ]
                                          }, {
                                             "s" : [ {
                                                "value" : [ "\"Ambulatory Status\"" ]
                                             } ]
                                          }, {
                                             "value" : [ "]" ]
                                          } ]
                                       } ]
                                    }, {
                                       "value" : [ " ","PriorAmbulatoryStatus" ]
                                    } ]
                                 } ]
                              }, {
                                 "value" : [ "\n\t\t\t" ]
                              }, {
                                 "r" : "117",
                                 "s" : [ {
                                    "value" : [ "where " ]
                                 }, {
                                    "r" : "117",
                                    "s" : [ {
                                       "r" : "115",
                                       "s" : [ {
                                          "r" : "114",
                                          "s" : [ {
                                             "value" : [ "PriorAmbulatoryStatus" ]
                                          } ]
                                       }, {
                                          "value" : [ "." ]
                                       }, {
                                          "r" : "115",
                                          "s" : [ {
                                             "value" : [ "authorDatetime" ]
                                          } ]
                                       } ]
                                    }, {
                                       "value" : [ " ","before start"," " ]
                                    }, {
                                       "r" : "116",
                                       "s" : [ {
                                          "value" : [ "\"Measurement Period\"" ]
                                       } ]
                                    } ]
                                 } ]
                              }, {
                                 "value" : [ "\n\t\t\t" ]
                              }, {
                                 "r" : "120",
                                 "s" : [ {
                                    "value" : [ "sort by " ]
                                 }, {
                                    "r" : "119",
                                    "s" : [ {
                                       "r" : "118",
                                       "s" : [ {
                                          "value" : [ "authorDatetime" ]
                                       } ]
                                    } ]
                                 } ]
                              } ]
                           }, {
                              "value" : [ "\n\t)" ]
                           } ]
                        }, {
                           "value" : [ "." ]
                        }, {
                           "r" : "123",
                           "s" : [ {
                              "value" : [ "result" ]
                           } ]
                        } ]
                     }, {
                        "value" : [ " in " ]
                     }, {
                        "r" : "124",
                        "s" : [ {
                           "value" : [ "\"Patient not ambulatory\"" ]
                        } ]
                     } ]
                  } ]
               }
            } ],
            "expression" : {
               "localId" : "125",
               "locator" : "79:2-82:37",
               "type" : "InValueSet",
               "code" : {
                  "asType" : "{urn:hl7-org:elm-types:r1}Code",
                  "type" : "As",
                  "operand" : {
                     "localId" : "123",
                     "locator" : "79:2-82:9",
                     "path" : "result",
                     "type" : "Property",
                     "source" : {
                        "localId" : "122",
                        "locator" : "79:2-82:2",
                        "type" : "Last",
                        "source" : {
                           "localId" : "121",
                           "locator" : "79:7-81:25",
                           "type" : "Query",
                           "source" : [ {
                              "localId" : "113",
                              "locator" : "79:7-79:74",
                              "alias" : "PriorAmbulatoryStatus",
                              "expression" : {
                                 "localId" : "112",
                                 "locator" : "79:7-79:52",
                                 "dataType" : "{urn:healthit-gov:qdm:v5_4}PositiveAssessmentPerformed",
                                 "templateId" : "PositiveAssessmentPerformed",
                                 "codeProperty" : "code",
                                 "type" : "Retrieve",
                                 "codes" : {
                                    "name" : "Ambulatory Status",
                                    "type" : "ValueSetRef"
                                 }
                              }
                           } ],
                           "relationship" : [ ],
                           "where" : {
                              "localId" : "117",
                              "locator" : "80:4-80:79",
                              "type" : "Before",
                              "operand" : [ {
                                 "localId" : "115",
                                 "locator" : "80:10-80:45",
                                 "path" : "authorDatetime",
                                 "scope" : "PriorAmbulatoryStatus",
                                 "type" : "Property"
                              }, {
                                 "locator" : "80:54-80:58",
                                 "type" : "Start",
                                 "operand" : {
                                    "localId" : "116",
                                    "locator" : "80:60-80:79",
                                    "name" : "Measurement Period",
                                    "type" : "ParameterRef"
                                 }
                              } ]
                           },
                           "sort" : {
                              "localId" : "120",
                              "locator" : "81:4-81:25",
                              "by" : [ {
                                 "localId" : "119",
                                 "locator" : "81:12-81:25",
                                 "direction" : "asc",
                                 "path" : "authorDatetime",
                                 "type" : "ByColumn"
                              } ]
                           }
                        }
                     }
                  }
               },
               "valueset" : {
                  "localId" : "124",
                  "locator" : "82:14-82:37",
                  "name" : "Patient not ambulatory"
               }
            }
         }, {
            "localId" : "137",
            "locator" : "84:1-89:26",
            "name" : "Denominator Exclusions",
            "context" : "Patient",
            "accessLevel" : "Public",
            "annotation" : [ {
               "type" : "Annotation",
               "s" : {
                  "r" : "137",
                  "s" : [ {
                     "value" : [ "define ","\"Denominator Exclusions\"",":\n\t" ]
                  }, {
                     "r" : "136",
                     "s" : [ {
                        "r" : "133",
                        "s" : [ {
                           "r" : "127",
                           "s" : [ {
                              "value" : [ "\"Assessed as Not Ambulatory During Measurement Period\"" ]
                           } ]
                        }, {
                           "value" : [ "\n\t\tor " ]
                        }, {
                           "r" : "132",
                           "s" : [ {
                              "value" : [ "( " ]
                           }, {
                              "r" : "132",
                              "s" : [ {
                                 "r" : "128",
                                 "s" : [ {
                                    "value" : [ "\"Assessed as Not Ambulatory Prior to Measurement Period\"" ]
                                 } ]
                              }, {
                                 "value" : [ "\n\t\t\t\tand " ]
                              }, {
                                 "r" : "131",
                                 "s" : [ {
                                    "value" : [ "not " ]
                                 }, {
                                    "r" : "130",
                                    "s" : [ {
                                       "value" : [ "exists " ]
                                    }, {
                                       "r" : "129",
                                       "s" : [ {
                                          "value" : [ "( " ]
                                       }, {
                                          "r" : "129",
                                          "s" : [ {
                                             "value" : [ "\"Ambulatory Status Assessment During Measurement Period\"" ]
                                          } ]
                                       }, {
                                          "value" : [ " )" ]
                                       } ]
                                    } ]
                                 } ]
                              } ]
                           }, {
                              "value" : [ "\n\t\t)" ]
                           } ]
                        } ]
                     }, {
                        "value" : [ "\n\t\tor " ]
                     }, {
                        "r" : "135",
                        "s" : [ {
                           "r" : "134",
                           "s" : [ {
                              "value" : [ "Hospice" ]
                           } ]
                        }, {
                           "value" : [ "." ]
                        }, {
                           "r" : "135",
                           "s" : [ {
                              "value" : [ "\"Has Hospice\"" ]
                           } ]
                        } ]
                     } ]
                  } ]
               }
            } ],
            "expression" : {
               "localId" : "136",
               "locator" : "85:2-89:26",
               "type" : "Or",
               "operand" : [ {
                  "localId" : "133",
                  "locator" : "85:2-88:3",
                  "type" : "Or",
                  "operand" : [ {
                     "localId" : "127",
                     "locator" : "85:2-85:55",
                     "name" : "Assessed as Not Ambulatory During Measurement Period",
                     "type" : "ExpressionRef"
                  }, {
                     "localId" : "132",
                     "locator" : "86:6-88:3",
                     "type" : "And",
                     "operand" : [ {
                        "localId" : "128",
                        "locator" : "86:8-86:63",
                        "name" : "Assessed as Not Ambulatory Prior to Measurement Period",
                        "type" : "ExpressionRef"
                     }, {
                        "localId" : "131",
                        "locator" : "87:9-87:79",
                        "type" : "Not",
                        "operand" : {
                           "localId" : "130",
                           "locator" : "87:13-87:79",
                           "type" : "Exists",
                           "operand" : {
                              "localId" : "129",
                              "locator" : "87:20-87:79",
                              "name" : "Ambulatory Status Assessment During Measurement Period",
                              "type" : "ExpressionRef"
                           }
                        }
                     } ]
                  } ]
               }, {
                  "localId" : "135",
                  "locator" : "89:6-89:26",
                  "name" : "Has Hospice",
                  "libraryName" : "Hospice",
                  "type" : "ExpressionRef"
               } ]
            }
         } ]
      }
   }
}