{
   "library" : {
      "identifier" : {
         "id" : "CervicalCancerScreening",
         "version" : "8.1.000"
      },
      "schemaIdentifier" : {
         "id" : "urn:hl7-org:elm",
         "version" : "r1"
      },
      "usings" : {
         "def" : [ {
            "localIdentifier" : "System",
            "uri" : "urn:hl7-org:elm-types:r1"
         }, {
            "localId" : "1",
            "locator" : "3:1-3:23",
            "localIdentifier" : "QDM",
            "uri" : "urn:healthit-gov:qdm:v5_4",
            "version" : "5.4"
         } ]
      },
      "includes" : {
         "def" : [ {
            "localId" : "2",
            "locator" : "5:1-5:64",
            "localIdentifier" : "Global",
            "path" : "MATGlobalCommonFunctions",
            "version" : "4.0.000"
         }, {
            "localId" : "3",
            "locator" : "6:1-6:48",
            "localIdentifier" : "Hospice",
            "path" : "Hospice",
            "version" : "2.0.000"
         } ]
      },
      "parameters" : {
         "def" : [ {
            "localId" : "24",
            "locator" : "27:1-27:49",
            "name" : "Measurement Period",
            "accessLevel" : "Public",
            "parameterTypeSpecifier" : {
               "localId" : "23",
               "locator" : "27:32-27:49",
               "type" : "IntervalTypeSpecifier",
               "pointType" : {
                  "localId" : "22",
                  "locator" : "27:41-27:48",
                  "name" : "{urn:hl7-org:elm-types:r1}DateTime",
                  "type" : "NamedTypeSpecifier"
               }
            }
         } ]
      },
      "codeSystems" : {
         "def" : [ {
            "localId" : "4",
            "locator" : "8:1-8:51",
            "name" : "LOINC",
            "id" : "urn:oid:2.16.840.1.113883.6.1",
            "accessLevel" : "Public"
         }, {
            "localId" : "5",
            "locator" : "9:1-9:55",
            "name" : "SNOMEDCT",
            "id" : "urn:oid:2.16.840.1.113883.6.96",
            "accessLevel" : "Public"
         } ]
      },
      "valueSets" : {
         "def" : [ {
            "localId" : "6",
            "locator" : "11:1-11:58",
            "name" : "Ethnicity",
            "id" : "urn:oid:2.16.840.1.114222.4.11.837",
            "accessLevel" : "Public"
         }, {
            "localId" : "7",
            "locator" : "12:1-12:58",
            "name" : "Female",
            "id" : "urn:oid:2.16.840.1.113883.3.560.100.2",
            "accessLevel" : "Public"
         }, {
            "localId" : "8",
            "locator" : "13:1-13:87",
            "name" : "Home Healthcare Services",
            "id" : "urn:oid:2.16.840.1.113883.3.464.1003.101.12.1016",
            "accessLevel" : "Public"
         }, {
            "localId" : "9",
            "locator" : "14:1-14:71",
            "name" : "HPV Test",
            "id" : "urn:oid:2.16.840.1.113883.3.464.1003.110.12.1059",
            "accessLevel" : "Public"
         }, {
            "localId" : "10",
            "locator" : "15:1-15:99",
            "name" : "Hysterectomy with No Residual Cervix",
            "id" : "urn:oid:2.16.840.1.113883.3.464.1003.198.12.1014",
            "accessLevel" : "Public"
         }, {
            "localId" : "11",
            "locator" : "16:1-16:75",
            "name" : "Office Visit",
            "id" : "urn:oid:2.16.840.1.113883.3.464.1003.101.12.1001",
            "accessLevel" : "Public"
         }, {
            "localId" : "12",
            "locator" : "17:1-17:68",
            "name" : "ONC Administrative Sex",
            "id" : "urn:oid:2.16.840.1.113762.1.4.1",
            "accessLevel" : "Public"
         }, {
            "localId" : "13",
            "locator" : "18:1-18:71",
            "name" : "Pap Test",
            "id" : "urn:oid:2.16.840.1.113883.3.464.1003.108.12.1017",
            "accessLevel" : "Public"
         }, {
            "localId" : "14",
            "locator" : "19:1-19:55",
            "name" : "Payer",
            "id" : "urn:oid:2.16.840.1.114222.4.11.3591",
            "accessLevel" : "Public"
         }, {
            "localId" : "15",
            "locator" : "20:1-20:125",
            "name" : "Preventive Care Services - Established Office Visit, 18 and Up",
            "id" : "urn:oid:2.16.840.1.113883.3.464.1003.101.12.1025",
            "accessLevel" : "Public"
         }, {
            "localId" : "16",
            "locator" : "21:1-21:119",
            "name" : "Preventive Care Services-Initial Office Visit, 18 and Up",
            "id" : "urn:oid:2.16.840.1.113883.3.464.1003.101.12.1023",
            "accessLevel" : "Public"
         }, {
            "localId" : "17",
            "locator" : "22:1-22:53",
            "name" : "Race",
            "id" : "urn:oid:2.16.840.1.114222.4.11.836",
            "accessLevel" : "Public"
         } ]
      },
      "codes" : {
         "def" : [ {
            "localId" : "19",
            "locator" : "24:1-24:62",
            "name" : "Birth date",
            "id" : "21112-8",
            "display" : "Birth date",
            "accessLevel" : "Public",
            "codeSystem" : {
               "localId" : "18",
               "locator" : "24:35-24:41",
               "name" : "LOINC"
            }
         }, {
            "localId" : "21",
            "locator" : "25:1-25:124",
            "name" : "Congenital absence of cervix (disorder)",
            "id" : "37687000",
            "display" : "Congenital absence of cervix (disorder)",
            "accessLevel" : "Public",
            "codeSystem" : {
               "localId" : "20",
               "locator" : "25:65-25:74",
               "name" : "SNOMEDCT"
            }
         } ]
      },
      "statements" : {
         "def" : [ {
            "locator" : "29:1-29:15",
            "name" : "Patient",
            "context" : "Patient",
            "expression" : {
               "type" : "SingletonFrom",
               "operand" : {
                  "locator" : "29:1-29:15",
                  "dataType" : "{urn:healthit-gov:qdm:v5_4}Patient",
                  "templateId" : "Patient",
                  "type" : "Retrieve"
               }
            }
         }, {
            "localId" : "26",
            "locator" : "31:1-32:50",
            "name" : "SDE Ethnicity",
            "context" : "Patient",
            "accessLevel" : "Public",
            "annotation" : [ {
               "type" : "Annotation",
               "s" : {
                  "r" : "26",
                  "s" : [ {
                     "value" : [ "define ","\"SDE Ethnicity\"",":\n\t" ]
                  }, {
                     "r" : "25",
                     "s" : [ {
                        "value" : [ "[","\"Patient Characteristic Ethnicity\"",": " ]
                     }, {
                        "s" : [ {
                           "value" : [ "\"Ethnicity\"" ]
                        } ]
                     }, {
                        "value" : [ "]" ]
                     } ]
                  } ]
               }
            } ],
            "expression" : {
               "localId" : "25",
               "locator" : "32:2-32:50",
               "dataType" : "{urn:healthit-gov:qdm:v5_4}PatientCharacteristicEthnicity",
               "codeProperty" : "code",
               "type" : "Retrieve",
               "codes" : {
                  "name" : "Ethnicity",
                  "type" : "ValueSetRef"
               }
            }
         }, {
            "localId" : "28",
            "locator" : "34:1-35:42",
            "name" : "SDE Payer",
            "context" : "Patient",
            "accessLevel" : "Public",
            "annotation" : [ {
               "type" : "Annotation",
               "s" : {
                  "r" : "28",
                  "s" : [ {
                     "value" : [ "define ","\"SDE Payer\"",":\n\t" ]
                  }, {
                     "r" : "27",
                     "s" : [ {
                        "value" : [ "[","\"Patient Characteristic Payer\"",": " ]
                     }, {
                        "s" : [ {
                           "value" : [ "\"Payer\"" ]
                        } ]
                     }, {
                        "value" : [ "]" ]
                     } ]
                  } ]
               }
            } ],
            "expression" : {
               "localId" : "27",
               "locator" : "35:2-35:42",
               "dataType" : "{urn:healthit-gov:qdm:v5_4}PatientCharacteristicPayer",
               "codeProperty" : "code",
               "type" : "Retrieve",
               "codes" : {
                  "name" : "Payer",
                  "type" : "ValueSetRef"
               }
            }
         }, {
            "localId" : "30",
            "locator" : "37:1-38:40",
            "name" : "SDE Race",
            "context" : "Patient",
            "accessLevel" : "Public",
            "annotation" : [ {
               "type" : "Annotation",
               "s" : {
                  "r" : "30",
                  "s" : [ {
                     "value" : [ "define ","\"SDE Race\"",":\n\t" ]
                  }, {
                     "r" : "29",
                     "s" : [ {
                        "value" : [ "[","\"Patient Characteristic Race\"",": " ]
                     }, {
                        "s" : [ {
                           "value" : [ "\"Race\"" ]
                        } ]
                     }, {
                        "value" : [ "]" ]
                     } ]
                  } ]
               }
            } ],
            "expression" : {
               "localId" : "29",
               "locator" : "38:2-38:40",
               "dataType" : "{urn:healthit-gov:qdm:v5_4}PatientCharacteristicRace",
               "codeProperty" : "code",
               "type" : "Retrieve",
               "codes" : {
                  "name" : "Race",
                  "type" : "ValueSetRef"
               }
            }
         }, {
            "localId" : "32",
            "locator" : "40:1-41:57",
            "name" : "SDE Sex",
            "context" : "Patient",
            "accessLevel" : "Public",
            "annotation" : [ {
               "type" : "Annotation",
               "s" : {
                  "r" : "32",
                  "s" : [ {
                     "value" : [ "define ","\"SDE Sex\"",":\n\t" ]
                  }, {
                     "r" : "31",
                     "s" : [ {
                        "value" : [ "[","\"Patient Characteristic Sex\"",": " ]
                     }, {
                        "s" : [ {
                           "value" : [ "\"ONC Administrative Sex\"" ]
                        } ]
                     }, {
                        "value" : [ "]" ]
                     } ]
                  } ]
               }
            } ],
            "expression" : {
               "localId" : "31",
               "locator" : "41:2-41:57",
               "dataType" : "{urn:healthit-gov:qdm:v5_4}PatientCharacteristicSex",
               "codeProperty" : "code",
               "type" : "Retrieve",
               "codes" : {
                  "name" : "ONC Administrative Sex",
                  "type" : "ValueSetRef"
               }
            }
         }, {
            "localId" : "70",
            "locator" : "46:1-51:65",
            "name" : "Qualifying Encounters",
            "context" : "Patient",
            "accessLevel" : "Public",
            "annotation" : [ {
               "type" : "Annotation",
               "s" : {
                  "r" : "70",
                  "s" : [ {
                     "value" : [ "define ","\"Qualifying Encounters\"",":\n\t" ]
                  }, {
                     "r" : "69",
                     "s" : [ {
                        "s" : [ {
                           "r" : "64",
                           "s" : [ {
                              "r" : "63",
                              "s" : [ {
                                 "value" : [ "( " ]
                              }, {
                                 "r" : "63",
                                 "s" : [ {
                                    "r" : "61",
                                    "s" : [ {
                                       "r" : "59",
                                       "s" : [ {
                                          "r" : "57",
                                          "s" : [ {
                                             "value" : [ "[","\"Encounter, Performed\"",": " ]
                                          }, {
                                             "s" : [ {
                                                "value" : [ "\"Office Visit\"" ]
                                             } ]
                                          }, {
                                             "value" : [ "]" ]
                                          } ]
                                       }, {
                                          "value" : [ "\n\t\tunion " ]
                                       }, {
                                          "r" : "58",
                                          "s" : [ {
                                             "value" : [ "[","\"Encounter, Performed\"",": " ]
                                          }, {
                                             "s" : [ {
                                                "value" : [ "\"Preventive Care Services - Established Office Visit, 18 and Up\"" ]
                                             } ]
                                          }, {
                                             "value" : [ "]" ]
                                          } ]
                                       } ]
                                    }, {
                                       "value" : [ "\n\t\tunion " ]
                                    }, {
                                       "r" : "60",
                                       "s" : [ {
                                          "value" : [ "[","\"Encounter, Performed\"",": " ]
                                       }, {
                                          "s" : [ {
                                             "value" : [ "\"Preventive Care Services-Initial Office Visit, 18 and Up\"" ]
                                          } ]
                                       }, {
                                          "value" : [ "]" ]
                                       } ]
                                    } ]
                                 }, {
                                    "value" : [ "\n\t\tunion " ]
                                 }, {
                                    "r" : "62",
                                    "s" : [ {
                                       "value" : [ "[","\"Encounter, Performed\"",": " ]
                                    }, {
                                       "s" : [ {
                                          "value" : [ "\"Home Healthcare Services\"" ]
                                       } ]
                                    }, {
                                       "value" : [ "]" ]
                                    } ]
                                 } ]
                              }, {
                                 "value" : [ " )" ]
                              } ]
                           }, {
                              "value" : [ " ","ValidEncounter" ]
                           } ]
                        } ]
                     }, {
                        "value" : [ "\n\t\t" ]
                     }, {
                        "r" : "68",
                        "s" : [ {
                           "value" : [ "where " ]
                        }, {
                           "r" : "68",
                           "s" : [ {
                              "r" : "66",
                              "s" : [ {
                                 "r" : "65",
                                 "s" : [ {
                                    "value" : [ "ValidEncounter" ]
                                 } ]
                              }, {
                                 "value" : [ "." ]
                              }, {
                                 "r" : "66",
                                 "s" : [ {
                                    "value" : [ "relevantPeriod" ]
                                 } ]
                              } ]
                           }, {
                              "value" : [ " ","during"," " ]
                           }, {
                              "r" : "67",
                              "s" : [ {
                                 "value" : [ "\"Measurement Period\"" ]
                              } ]
                           } ]
                        } ]
                     } ]
                  } ]
               }
            } ],
            "expression" : {
               "localId" : "69",
               "locator" : "47:2-51:65",
               "type" : "Query",
               "source" : [ {
                  "localId" : "64",
                  "locator" : "47:2-50:77",
                  "alias" : "ValidEncounter",
                  "expression" : {
                     "localId" : "63",
                     "locator" : "47:2-50:62",
                     "type" : "Union",
                     "operand" : [ {
                        "localId" : "59",
                        "locator" : "47:4-48:98",
                        "type" : "Union",
                        "operand" : [ {
                           "localId" : "57",
                           "locator" : "47:4-47:43",
                           "dataType" : "{urn:healthit-gov:qdm:v5_4}PositiveEncounterPerformed",
                           "templateId" : "PositiveEncounterPerformed",
                           "codeProperty" : "code",
                           "type" : "Retrieve",
                           "codes" : {
                              "name" : "Office Visit",
                              "type" : "ValueSetRef"
                           }
                        }, {
                           "localId" : "58",
                           "locator" : "48:9-48:98",
                           "dataType" : "{urn:healthit-gov:qdm:v5_4}PositiveEncounterPerformed",
                           "templateId" : "PositiveEncounterPerformed",
                           "codeProperty" : "code",
                           "type" : "Retrieve",
                           "codes" : {
                              "name" : "Preventive Care Services - Established Office Visit, 18 and Up",
                              "type" : "ValueSetRef"
                           }
                        } ]
                     }, {
                        "type" : "Union",
                        "operand" : [ {
                           "localId" : "60",
                           "locator" : "49:9-49:92",
                           "dataType" : "{urn:healthit-gov:qdm:v5_4}PositiveEncounterPerformed",
                           "templateId" : "PositiveEncounterPerformed",
                           "codeProperty" : "code",
                           "type" : "Retrieve",
                           "codes" : {
                              "name" : "Preventive Care Services-Initial Office Visit, 18 and Up",
                              "type" : "ValueSetRef"
                           }
                        }, {
                           "localId" : "62",
                           "locator" : "50:9-50:60",
                           "dataType" : "{urn:healthit-gov:qdm:v5_4}PositiveEncounterPerformed",
                           "templateId" : "PositiveEncounterPerformed",
                           "codeProperty" : "code",
                           "type" : "Retrieve",
                           "codes" : {
                              "name" : "Home Healthcare Services",
                              "type" : "ValueSetRef"
                           }
                        } ]
                     } ]
                  }
               } ],
               "relationship" : [ ],
               "where" : {
                  "localId" : "68",
                  "locator" : "51:3-51:65",
                  "type" : "IncludedIn",
                  "operand" : [ {
                     "localId" : "66",
                     "locator" : "51:9-51:37",
                     "path" : "relevantPeriod",
                     "scope" : "ValidEncounter",
                     "type" : "Property"
                  }, {
                     "localId" : "67",
                     "locator" : "51:46-51:65",
                     "name" : "Measurement Period",
                     "type" : "ParameterRef"
                  } ]
               }
            }
         }, {
            "localId" : "74",
            "locator" : "95:1-101:36",
            "name" : "Initial Population",
            "context" : "Patient",
            "accessLevel" : "Public",
            "annotation" : [ {
               "type" : "Annotation",
               "s" : {
                  "r" : "74",
                  "s" : [ {
                     "value" : [ "define ","\"Initial Population\"",":\n\t" ]
                  }, {
                     "r" : "73",
                     "s" : [ {
                        "r" : "56",
                        "s" : [ {
                           "r" : "53",
                           "s" : [ {
                              "value" : [ "exists " ]
                           }, {
                              "r" : "52",
                              "s" : [ {
                                 "value" : [ "( " ]
                              }, {
                                 "r" : "52",
                                 "s" : [ {
                                    "s" : [ {
                                       "r" : "34",
                                       "s" : [ {
                                          "r" : "33",
                                          "s" : [ {
                                             "r" : "33",
                                             "s" : [ {
                                                "value" : [ "[","\"Patient Characteristic Birthdate\"",": " ]
                                             }, {
                                                "s" : [ {
                                                   "value" : [ "\"Birth date\"" ]
                                                } ]
                                             }, {
                                                "value" : [ "]" ]
                                             } ]
                                          } ]
                                       }, {
                                          "value" : [ " ","BirthDate" ]
                                       } ]
                                    } ]
                                 }, {
                                    "value" : [ "\n\t\t\t" ]
                                 }, {
                                    "r" : "51",
                                    "s" : [ {
                                       "value" : [ "where " ]
                                    }, {
                                       "r" : "51",
                                       "s" : [ {
                                          "r" : "42",
                                          "s" : [ {
                                             "r" : "40",
                                             "s" : [ {
                                                "r" : "35",
                                                "s" : [ {
                                                   "value" : [ "Global" ]
                                                } ]
                                             }, {
                                                "value" : [ "." ]
                                             }, {
                                                "r" : "40",
                                                "s" : [ {
                                                   "value" : [ "\"CalendarAgeInYearsAt\"","(" ]
                                                }, {
                                                   "r" : "37",
                                                   "s" : [ {
                                                      "r" : "36",
                                                      "s" : [ {
                                                         "value" : [ "BirthDate" ]
                                                      } ]
                                                   }, {
                                                      "value" : [ "." ]
                                                   }, {
                                                      "r" : "37",
                                                      "s" : [ {
                                                         "value" : [ "birthDatetime" ]
                                                      } ]
                                                   } ]
                                                }, {
                                                   "value" : [ ", " ]
                                                }, {
                                                   "r" : "39",
                                                   "s" : [ {
                                                      "value" : [ "start of " ]
                                                   }, {
                                                      "r" : "38",
                                                      "s" : [ {
                                                         "value" : [ "\"Measurement Period\"" ]
                                                      } ]
                                                   } ]
                                                }, {
                                                   "value" : [ ")" ]
                                                } ]
                                             } ]
                                          }, {
                                             "value" : [ ">="," ","23" ]
                                          } ]
                                       }, {
                                          "value" : [ "\n\t\t\t\tand " ]
                                       }, {
                                          "r" : "50",
                                          "s" : [ {
                                             "r" : "48",
                                             "s" : [ {
                                                "r" : "43",
                                                "s" : [ {
                                                   "value" : [ "Global" ]
                                                } ]
                                             }, {
                                                "value" : [ "." ]
                                             }, {
                                                "r" : "48",
                                                "s" : [ {
                                                   "value" : [ "\"CalendarAgeInYearsAt\"","(" ]
                                                }, {
                                                   "r" : "45",
                                                   "s" : [ {
                                                      "r" : "44",
                                                      "s" : [ {
                                                         "value" : [ "BirthDate" ]
                                                      } ]
                                                   }, {
                                                      "value" : [ "." ]
                                                   }, {
                                                      "r" : "45",
                                                      "s" : [ {
                                                         "value" : [ "birthDatetime" ]
                                                      } ]
                                                   } ]
                                                }, {
                                                   "value" : [ ", " ]
                                                }, {
                                                   "r" : "47",
                                                   "s" : [ {
                                                      "value" : [ "start of " ]
                                                   }, {
                                                      "r" : "46",
                                                      "s" : [ {
                                                         "value" : [ "\"Measurement Period\"" ]
                                                      } ]
                                                   } ]
                                                }, {
                                                   "value" : [ ")" ]
                                                } ]
                                             } ]
                                          }, {
                                             "value" : [ "<="," ","64" ]
                                          } ]
                                       } ]
                                    } ]
                                 } ]
                              }, {
                                 "value" : [ "\n\t)" ]
                              } ]
                           } ]
                        }, {
                           "value" : [ "\n\t\tand " ]
                        }, {
                           "r" : "55",
                           "s" : [ {
                              "value" : [ "exists " ]
                           }, {
                              "r" : "54",
                              "s" : [ {
                                 "value" : [ "( " ]
                              }, {
                                 "r" : "54",
                                 "s" : [ {
                                    "value" : [ "[","\"Patient Characteristic Sex\"",": " ]
                                 }, {
                                    "s" : [ {
                                       "value" : [ "\"Female\"" ]
                                    } ]
                                 }, {
                                    "value" : [ "]" ]
                                 } ]
                              }, {
                                 "value" : [ " )" ]
                              } ]
                           } ]
                        } ]
                     }, {
                        "value" : [ "\n\t\tand " ]
                     }, {
                        "r" : "72",
                        "s" : [ {
                           "value" : [ "exists " ]
                        }, {
                           "r" : "71",
                           "s" : [ {
                              "value" : [ "\"Qualifying Encounters\"" ]
                           } ]
                        } ]
                     } ]
                  } ]
               }
            } ],
            "expression" : {
               "localId" : "73",
               "locator" : "96:2-101:36",
               "type" : "And",
               "operand" : [ {
                  "localId" : "56",
                  "locator" : "96:2-100:57",
                  "type" : "And",
                  "operand" : [ {
                     "localId" : "53",
                     "locator" : "96:2-99:2",
                     "type" : "Exists",
                     "operand" : {
                        "localId" : "52",
                        "locator" : "96:9-99:2",
                        "type" : "Query",
                        "source" : [ {
                           "localId" : "34",
                           "locator" : "96:11-96:70",
                           "alias" : "BirthDate",
                           "expression" : {
                              "localId" : "33",
                              "locator" : "96:11-96:60",
                              "dataType" : "{urn:healthit-gov:qdm:v5_4}PatientCharacteristicBirthdate",
                              "codeProperty" : "code",
                              "type" : "Retrieve",
                              "codes" : {
                                 "type" : "ToList",
                                 "operand" : {
                                    "name" : "Birth date",
                                    "type" : "CodeRef"
                                 }
                              }
                           }
                        } ],
                        "relationship" : [ ],
                        "where" : {
                           "localId" : "51",
                           "locator" : "97:4-98:98",
                           "type" : "And",
                           "operand" : [ {
                              "localId" : "42",
                              "locator" : "97:10-97:99",
                              "type" : "GreaterOrEqual",
                              "operand" : [ {
                                 "localId" : "40",
                                 "locator" : "97:10-97:94",
                                 "name" : "CalendarAgeInYearsAt",
                                 "libraryName" : "Global",
                                 "type" : "FunctionRef",
                                 "operand" : [ {
                                    "localId" : "37",
                                    "locator" : "97:40-97:62",
                                    "path" : "birthDatetime",
                                    "scope" : "BirthDate",
                                    "type" : "Property"
                                 }, {
                                    "localId" : "39",
                                    "locator" : "97:65-97:93",
                                    "type" : "Start",
                                    "operand" : {
                                       "localId" : "38",
                                       "locator" : "97:74-97:93",
                                       "name" : "Measurement Period",
                                       "type" : "ParameterRef"
                                    }
                                 } ]
                              }, {
                                 "localId" : "41",
                                 "locator" : "97:98-97:99",
                                 "valueType" : "{urn:hl7-org:elm-types:r1}Integer",
                                 "value" : "23",
                                 "type" : "Literal"
                              } ]
                           }, {
                              "localId" : "50",
                              "locator" : "98:9-98:98",
                              "type" : "LessOrEqual",
                              "operand" : [ {
                                 "localId" : "48",
                                 "locator" : "98:9-98:93",
                                 "name" : "CalendarAgeInYearsAt",
                                 "libraryName" : "Global",
                                 "type" : "FunctionRef",
                                 "operand" : [ {
                                    "localId" : "45",
                                    "locator" : "98:39-98:61",
                                    "path" : "birthDatetime",
                                    "scope" : "BirthDate",
                                    "type" : "Property"
                                 }, {
                                    "localId" : "47",
                                    "locator" : "98:64-98:92",
                                    "type" : "Start",
                                    "operand" : {
                                       "localId" : "46",
                                       "locator" : "98:73-98:92",
                                       "name" : "Measurement Period",
                                       "type" : "ParameterRef"
                                    }
                                 } ]
                              }, {
                                 "localId" : "49",
                                 "locator" : "98:97-98:98",
                                 "valueType" : "{urn:hl7-org:elm-types:r1}Integer",
                                 "value" : "64",
                                 "type" : "Literal"
                              } ]
                           } ]
                        }
                     }
                  }, {
                     "localId" : "55",
                     "locator" : "100:7-100:57",
                     "type" : "Exists",
                     "operand" : {
                        "localId" : "54",
                        "locator" : "100:14-100:57",
                        "dataType" : "{urn:healthit-gov:qdm:v5_4}PatientCharacteristicSex",
                        "codeProperty" : "code",
                        "type" : "Retrieve",
                        "codes" : {
                           "name" : "Female",
                           "type" : "ValueSetRef"
                        }
                     }
                  } ]
               }, {
                  "localId" : "72",
                  "locator" : "101:7-101:36",
                  "type" : "Exists",
                  "operand" : {
                     "localId" : "71",
                     "locator" : "101:14-101:36",
                     "name" : "Qualifying Encounters",
                     "type" : "ExpressionRef"
                  }
               } ]
            }
         }, {
            "localId" : "76",
            "locator" : "43:1-44:21",
            "name" : "Denominator",
            "context" : "Patient",
            "accessLevel" : "Public",
            "annotation" : [ {
               "type" : "Annotation",
               "s" : {
                  "r" : "76",
                  "s" : [ {
                     "value" : [ "define ","\"Denominator\"",":\n\t" ]
                  }, {
                     "r" : "75",
                     "s" : [ {
                        "value" : [ "\"Initial Population\"" ]
                     } ]
                  } ]
               }
            } ],
            "expression" : {
               "localId" : "75",
               "locator" : "44:2-44:21",
               "name" : "Initial Population",
               "type" : "ExpressionRef"
            }
         }, {
            "localId" : "84",
            "locator" : "53:1-56:26",
            "name" : "Congenital Absence of Cervix",
            "context" : "Patient",
            "accessLevel" : "Public",
            "annotation" : [ {
               "type" : "Annotation",
               "s" : {
                  "r" : "84",
                  "s" : [ {
                     "value" : [ "define ","\"Congenital Absence of Cervix\"",":\n\t" ]
                  }, {
                     "r" : "83",
                     "s" : [ {
                        "s" : [ {
                           "r" : "78",
                           "s" : [ {
                              "r" : "77",
                              "s" : [ {
                                 "r" : "77",
                                 "s" : [ {
                                    "value" : [ "[","\"Diagnosis\"",": " ]
                                 }, {
                                    "s" : [ {
                                       "value" : [ "\"Congenital absence of cervix (disorder)\"" ]
                                    } ]
                                 }, {
                                    "value" : [ "]" ]
                                 } ]
                              } ]
                           }, {
                              "value" : [ " ","NoCervixBirth" ]
                           } ]
                        } ]
                     }, {
                        "value" : [ "\n\t\t" ]
                     }, {
                        "r" : "82",
                        "s" : [ {
                           "value" : [ "where " ]
                        }, {
                           "r" : "82",
                           "s" : [ {
                              "r" : "80",
                              "s" : [ {
                                 "r" : "79",
                                 "s" : [ {
                                    "value" : [ "NoCervixBirth" ]
                                 } ]
                              }, {
                                 "value" : [ "." ]
                              }, {
                                 "r" : "80",
                                 "s" : [ {
                                    "value" : [ "prevalencePeriod" ]
                                 } ]
                              } ]
                           }, {
                              "value" : [ " ","starts before \n\t\tend"," " ]
                           }, {
                              "r" : "81",
                              "s" : [ {
                                 "value" : [ "\"Measurement Period\"" ]
                              } ]
                           } ]
                        } ]
                     } ]
                  } ]
               }
            } ],
            "expression" : {
               "localId" : "83",
               "locator" : "54:2-56:26",
               "type" : "Query",
               "source" : [ {
                  "localId" : "78",
                  "locator" : "54:2-54:71",
                  "alias" : "NoCervixBirth",
                  "expression" : {
                     "localId" : "77",
                     "locator" : "54:2-54:57",
                     "dataType" : "{urn:healthit-gov:qdm:v5_4}Diagnosis",
                     "codeProperty" : "code",
                     "type" : "Retrieve",
                     "codes" : {
                        "type" : "ToList",
                        "operand" : {
                           "name" : "Congenital absence of cervix (disorder)",
                           "type" : "CodeRef"
                        }
                     }
                  }
               } ],
               "relationship" : [ ],
               "where" : {
                  "localId" : "82",
                  "locator" : "55:3-56:26",
                  "type" : "Before",
                  "operand" : [ {
                     "locator" : "55:40-55:45",
                     "type" : "Start",
                     "operand" : {
                        "localId" : "80",
                        "locator" : "55:9-55:38",
                        "path" : "prevalencePeriod",
                        "scope" : "NoCervixBirth",
                        "type" : "Property"
                     }
                  }, {
                     "locator" : "56:3-56:5",
                     "type" : "End",
                     "operand" : {
                        "localId" : "81",
                        "locator" : "56:7-56:26",
                        "name" : "Measurement Period",
                        "type" : "ParameterRef"
                     }
                  } ]
               }
            }
         }, {
            "localId" : "91",
            "locator" : "58:1-60:44",
            "name" : "Pap Test with Results",
            "context" : "Patient",
            "accessLevel" : "Public",
            "annotation" : [ {
               "type" : "Annotation",
               "s" : {
                  "r" : "91",
                  "s" : [ {
                     "value" : [ "define ","\"Pap Test with Results\"",":\n\t" ]
                  }, {
                     "r" : "90",
                     "s" : [ {
                        "s" : [ {
                           "r" : "86",
                           "s" : [ {
                              "r" : "85",
                              "s" : [ {
                                 "r" : "85",
                                 "s" : [ {
                                    "value" : [ "[","\"Laboratory Test, Performed\"",": " ]
                                 }, {
                                    "s" : [ {
                                       "value" : [ "\"Pap Test\"" ]
                                    } ]
                                 }, {
                                    "value" : [ "]" ]
                                 } ]
                              } ]
                           }, {
                              "value" : [ " ","PapTestWithResult" ]
                           } ]
                        } ]
                     }, {
                        "value" : [ "\n\t\t" ]
                     }, {
                        "r" : "89",
                        "s" : [ {
                           "value" : [ "where " ]
                        }, {
                           "r" : "89",
                           "s" : [ {
                              "r" : "88",
                              "s" : [ {
                                 "r" : "87",
                                 "s" : [ {
                                    "value" : [ "PapTestWithResult" ]
                                 } ]
                              }, {
                                 "value" : [ "." ]
                              }, {
                                 "r" : "88",
                                 "s" : [ {
                                    "value" : [ "result" ]
                                 } ]
                              } ]
                           }, {
                              "value" : [ " is not null" ]
                           } ]
                        } ]
                     } ]
                  } ]
               }
            } ],
            "expression" : {
               "localId" : "90",
               "locator" : "59:2-60:44",
               "type" : "Query",
               "source" : [ {
                  "localId" : "86",
                  "locator" : "59:2-59:61",
                  "alias" : "PapTestWithResult",
                  "expression" : {
                     "localId" : "85",
                     "locator" : "59:2-59:43",
                     "dataType" : "{urn:healthit-gov:qdm:v5_4}PositiveLaboratoryTestPerformed",
                     "templateId" : "PositiveLaboratoryTestPerformed",
                     "codeProperty" : "code",
                     "type" : "Retrieve",
                     "codes" : {
                        "name" : "Pap Test",
                        "type" : "ValueSetRef"
                     }
                  }
               } ],
               "relationship" : [ ],
               "where" : {
                  "localId" : "89",
                  "locator" : "60:3-60:44",
                  "type" : "Not",
                  "operand" : {
                     "locator" : "60:9-60:44",
                     "type" : "IsNull",
                     "operand" : {
                        "localId" : "88",
                        "locator" : "60:9-60:32",
                        "path" : "result",
                        "scope" : "PapTestWithResult",
                        "type" : "Property"
                     }
                  }
               }
            }
         }, {
            "localId" : "101",
            "locator" : "62:1-65:29",
            "name" : "Pap Test Within 3 Years",
            "context" : "Patient",
            "accessLevel" : "Public",
            "annotation" : [ {
               "type" : "Annotation",
               "s" : {
                  "r" : "101",
                  "s" : [ {
                     "value" : [ "define ","\"Pap Test Within 3 Years\"",":\n\t" ]
                  }, {
                     "r" : "100",
                     "s" : [ {
                        "s" : [ {
                           "r" : "93",
                           "s" : [ {
                              "r" : "92",
                              "s" : [ {
                                 "s" : [ {
                                    "value" : [ "\"Pap Test with Results\"" ]
                                 } ]
                              } ]
                           }, {
                              "value" : [ " ","PapTest" ]
                           } ]
                        } ]
                     }, {
                        "value" : [ "\n\t\t" ]
                     }, {
                        "r" : "99",
                        "s" : [ {
                           "value" : [ "where " ]
                        }, {
                           "r" : "99",
                           "s" : [ {
                              "r" : "95",
                              "s" : [ {
                                 "r" : "94",
                                 "s" : [ {
                                    "value" : [ "PapTest" ]
                                 } ]
                              }, {
                                 "value" : [ "." ]
                              }, {
                                 "r" : "95",
                                 "s" : [ {
                                    "value" : [ "relevantPeriod" ]
                                 } ]
                              } ]
                           }, {
                              "value" : [ " " ]
                           }, {
                              "r" : "99",
                              "s" : [ {
                                 "value" : [ "starts " ]
                              }, {
                                 "r" : "98",
                                 "s" : [ {
                                    "value" : [ "3 ","years" ]
                                 } ]
                              }, {
                                 "value" : [ " or less before" ]
                              } ]
                           }, {
                              "value" : [ " \n\t\t" ]
                           }, {
                              "r" : "97",
                              "s" : [ {
                                 "value" : [ "end of " ]
                              }, {
                                 "r" : "96",
                                 "s" : [ {
                                    "value" : [ "\"Measurement Period\"" ]
                                 } ]
                              } ]
                           } ]
                        } ]
                     } ]
                  } ]
               }
            } ],
            "expression" : {
               "localId" : "100",
               "locator" : "63:2-65:29",
               "type" : "Query",
               "source" : [ {
                  "localId" : "93",
                  "locator" : "63:2-63:32",
                  "alias" : "PapTest",
                  "expression" : {
                     "localId" : "92",
                     "locator" : "63:2-63:24",
                     "name" : "Pap Test with Results",
                     "type" : "ExpressionRef"
                  }
               } ],
               "relationship" : [ ],
               "where" : {
                  "localId" : "99",
                  "locator" : "64:3-65:29",
                  "type" : "In",
                  "operand" : [ {
                     "locator" : "64:32-64:37",
                     "type" : "Start",
                     "operand" : {
                        "localId" : "95",
                        "locator" : "64:9-64:30",
                        "path" : "relevantPeriod",
                        "scope" : "PapTest",
                        "type" : "Property"
                     }
                  }, {
                     "locator" : "64:39-64:53",
                     "lowClosed" : true,
                     "highClosed" : false,
                     "type" : "Interval",
                     "low" : {
                        "locator" : "65:3-65:29",
                        "type" : "Subtract",
                        "operand" : [ {
                           "localId" : "97",
                           "locator" : "65:3-65:29",
                           "type" : "End",
                           "operand" : {
                              "localId" : "96",
                              "locator" : "65:10-65:29",
                              "name" : "Measurement Period",
                              "type" : "ParameterRef"
                           }
                        }, {
                           "localId" : "98",
                           "locator" : "64:39-64:45",
                           "value" : 3,
                           "unit" : "years",
                           "type" : "Quantity"
                        } ]
                     },
                     "high" : {
                        "localId" : "97",
                        "locator" : "65:3-65:29",
                        "type" : "End",
                        "operand" : {
                           "localId" : "96",
                           "locator" : "65:10-65:29",
                           "name" : "Measurement Period",
                           "type" : "ParameterRef"
                        }
                     }
                  } ]
               }
            }
         }, {
            "localId" : "110",
            "locator" : "67:1-70:29",
            "name" : "Surgical Absence of Cervix",
            "context" : "Patient",
            "accessLevel" : "Public",
            "annotation" : [ {
               "type" : "Annotation",
               "s" : {
                  "r" : "110",
                  "s" : [ {
                     "value" : [ "define ","\"Surgical Absence of Cervix\"",":\n\t" ]
                  }, {
                     "r" : "109",
                     "s" : [ {
                        "s" : [ {
                           "r" : "103",
                           "s" : [ {
                              "r" : "102",
                              "s" : [ {
                                 "r" : "102",
                                 "s" : [ {
                                    "value" : [ "[","\"Procedure, Performed\"",": " ]
                                 }, {
                                    "s" : [ {
                                       "value" : [ "\"Hysterectomy with No Residual Cervix\"" ]
                                    } ]
                                 }, {
                                    "value" : [ "]" ]
                                 } ]
                              } ]
                           }, {
                              "value" : [ " ","NoCervixHysterectomy" ]
                           } ]
                        } ]
                     }, {
                        "value" : [ "\n\t\t" ]
                     }, {
                        "r" : "108",
                        "s" : [ {
                           "value" : [ "where " ]
                        }, {
                           "r" : "108",
                           "s" : [ {
                              "r" : "105",
                              "s" : [ {
                                 "r" : "104",
                                 "s" : [ {
                                    "value" : [ "NoCervixHysterectomy" ]
                                 } ]
                              }, {
                                 "value" : [ "." ]
                              }, {
                                 "r" : "105",
                                 "s" : [ {
                                    "value" : [ "relevantPeriod" ]
                                 } ]
                              } ]
                           }, {
                              "value" : [ " ","ends before"," \n\t\t" ]
                           }, {
                              "r" : "107",
                              "s" : [ {
                                 "value" : [ "end of " ]
                              }, {
                                 "r" : "106",
                                 "s" : [ {
                                    "value" : [ "\"Measurement Period\"" ]
                                 } ]
                              } ]
                           } ]
                        } ]
                     } ]
                  } ]
               }
            } ],
            "expression" : {
               "localId" : "109",
               "locator" : "68:2-70:29",
               "type" : "Query",
               "source" : [ {
                  "localId" : "103",
                  "locator" : "68:2-68:86",
                  "alias" : "NoCervixHysterectomy",
                  "expression" : {
                     "localId" : "102",
                     "locator" : "68:2-68:65",
                     "dataType" : "{urn:healthit-gov:qdm:v5_4}PositiveProcedurePerformed",
                     "templateId" : "PositiveProcedurePerformed",
                     "codeProperty" : "code",
                     "type" : "Retrieve",
                     "codes" : {
                        "name" : "Hysterectomy with No Residual Cervix",
                        "type" : "ValueSetRef"
                     }
                  }
               } ],
               "relationship" : [ ],
               "where" : {
                  "localId" : "108",
                  "locator" : "69:3-70:29",
                  "type" : "Before",
                  "operand" : [ {
                     "locator" : "69:45-69:48",
                     "type" : "End",
                     "operand" : {
                        "localId" : "105",
                        "locator" : "69:9-69:43",
                        "path" : "relevantPeriod",
                        "scope" : "NoCervixHysterectomy",
                        "type" : "Property"
                     }
                  }, {
                     "localId" : "107",
                     "locator" : "70:3-70:29",
                     "type" : "End",
                     "operand" : {
                        "localId" : "106",
                        "locator" : "70:10-70:29",
                        "name" : "Measurement Period",
                        "type" : "ParameterRef"
                     }
                  } ]
               }
            }
         }, {
            "localId" : "119",
            "locator" : "72:1-75:42",
            "name" : "Denominator Exclusions",
            "context" : "Patient",
            "accessLevel" : "Public",
            "annotation" : [ {
               "type" : "Annotation",
               "s" : {
                  "r" : "119",
                  "s" : [ {
                     "value" : [ "define ","\"Denominator Exclusions\"",":\n\t" ]
                  }, {
                     "r" : "118",
                     "s" : [ {
                        "r" : "115",
                        "s" : [ {
                           "r" : "112",
                           "s" : [ {
                              "r" : "111",
                              "s" : [ {
                                 "value" : [ "Hospice" ]
                              } ]
                           }, {
                              "value" : [ "." ]
                           }, {
                              "r" : "112",
                              "s" : [ {
                                 "value" : [ "\"Has Hospice\"" ]
                              } ]
                           } ]
                        }, {
                           "value" : [ "\n\t\tor " ]
                        }, {
                           "r" : "114",
                           "s" : [ {
                              "value" : [ "exists " ]
                           }, {
                              "r" : "113",
                              "s" : [ {
                                 "value" : [ "\"Surgical Absence of Cervix\"" ]
                              } ]
                           } ]
                        } ]
                     }, {
                        "value" : [ "\n\t\tor " ]
                     }, {
                        "r" : "117",
                        "s" : [ {
                           "value" : [ "exists " ]
                        }, {
                           "r" : "116",
                           "s" : [ {
                              "value" : [ "\"Congenital Absence of Cervix\"" ]
                           } ]
                        } ]
                     } ]
                  } ]
               }
            } ],
            "expression" : {
               "localId" : "118",
               "locator" : "73:2-75:42",
               "type" : "Or",
               "operand" : [ {
                  "localId" : "115",
                  "locator" : "73:2-74:40",
                  "type" : "Or",
                  "operand" : [ {
                     "localId" : "112",
                     "locator" : "73:2-73:22",
                     "name" : "Has Hospice",
                     "libraryName" : "Hospice",
                     "type" : "ExpressionRef"
                  }, {
                     "localId" : "114",
                     "locator" : "74:6-74:40",
                     "type" : "Exists",
                     "operand" : {
                        "localId" : "113",
                        "locator" : "74:13-74:40",
                        "name" : "Surgical Absence of Cervix",
                        "type" : "ExpressionRef"
                     }
                  } ]
               }, {
                  "localId" : "117",
                  "locator" : "75:6-75:42",
                  "type" : "Exists",
                  "operand" : {
                     "localId" : "116",
                     "locator" : "75:13-75:42",
                     "name" : "Congenital Absence of Cervix",
                     "type" : "ExpressionRef"
                  }
               } ]
            }
         }, {
            "localId" : "144",
            "locator" : "87:1-93:2",
            "name" : "Pap Test Within 5 Years",
            "context" : "Patient",
            "accessLevel" : "Public",
            "annotation" : [ {
               "type" : "Annotation",
               "s" : {
                  "r" : "144",
                  "s" : [ {
                     "value" : [ "define ","\"Pap Test Within 5 Years\"",":\n\t" ]
                  }, {
                     "r" : "143",
                     "s" : [ {
                        "value" : [ "( " ]
                     }, {
                        "r" : "143",
                        "s" : [ {
                           "s" : [ {
                              "r" : "123",
                              "s" : [ {
                                 "r" : "122",
                                 "s" : [ {
                                    "s" : [ {
                                       "value" : [ "\"Pap Test with Results\"" ]
                                    } ]
                                 } ]
                              }, {
                                 "value" : [ " ","PapTestOver30YearsOld" ]
                              } ]
                           } ]
                        }, {
                           "value" : [ "\n\t\t\t" ]
                        }, {
                           "r" : "142",
                           "s" : [ {
                              "value" : [ "with " ]
                           }, {
                              "r" : "125",
                              "s" : [ {
                                 "r" : "124",
                                 "s" : [ {
                                    "r" : "124",
                                    "s" : [ {
                                       "value" : [ "[","\"Patient Characteristic Birthdate\"",": " ]
                                    }, {
                                       "s" : [ {
                                          "value" : [ "\"Birth date\"" ]
                                       } ]
                                    }, {
                                       "value" : [ "]" ]
                                    } ]
                                 } ]
                              }, {
                                 "value" : [ " ","BirthDate" ]
                              } ]
                           }, {
                              "value" : [ "\n\t\t\t\tsuch that " ]
                           }, {
                              "r" : "141",
                              "s" : [ {
                                 "r" : "134",
                                 "s" : [ {
                                    "r" : "132",
                                    "s" : [ {
                                       "r" : "126",
                                       "s" : [ {
                                          "value" : [ "Global" ]
                                       } ]
                                    }, {
                                       "value" : [ "." ]
                                    }, {
                                       "r" : "132",
                                       "s" : [ {
                                          "value" : [ "\"CalendarAgeInYearsAt\"","(" ]
                                       }, {
                                          "r" : "128",
                                          "s" : [ {
                                             "r" : "127",
                                             "s" : [ {
                                                "value" : [ "BirthDate" ]
                                             } ]
                                          }, {
                                             "value" : [ "." ]
                                          }, {
                                             "r" : "128",
                                             "s" : [ {
                                                "value" : [ "birthDatetime" ]
                                             } ]
                                          } ]
                                       }, {
                                          "value" : [ ", " ]
                                       }, {
                                          "r" : "131",
                                          "s" : [ {
                                             "value" : [ "start of " ]
                                          }, {
                                             "r" : "130",
                                             "s" : [ {
                                                "r" : "129",
                                                "s" : [ {
                                                   "value" : [ "PapTestOver30YearsOld" ]
                                                } ]
                                             }, {
                                                "value" : [ "." ]
                                             }, {
                                                "r" : "130",
                                                "s" : [ {
                                                   "value" : [ "relevantPeriod" ]
                                                } ]
                                             } ]
                                          } ]
                                       }, {
                                          "value" : [ ")" ]
                                       } ]
                                    } ]
                                 }, {
                                    "value" : [ ">="," ","30" ]
                                 } ]
                              }, {
                                 "value" : [ "\n\t\t\t\t\tand " ]
                              }, {
                                 "r" : "140",
                                 "s" : [ {
                                    "r" : "136",
                                    "s" : [ {
                                       "r" : "135",
                                       "s" : [ {
                                          "value" : [ "PapTestOver30YearsOld" ]
                                       } ]
                                    }, {
                                       "value" : [ "." ]
                                    }, {
                                       "r" : "136",
                                       "s" : [ {
                                          "value" : [ "relevantPeriod" ]
                                       } ]
                                    } ]
                                 }, {
                                    "value" : [ " " ]
                                 }, {
                                    "r" : "140",
                                    "s" : [ {
                                       "value" : [ "starts " ]
                                    }, {
                                       "r" : "139",
                                       "s" : [ {
                                          "value" : [ "5 ","years" ]
                                       } ]
                                    }, {
                                       "value" : [ " or less before" ]
                                    } ]
                                 }, {
                                    "value" : [ " \n\t\t\t\t\t" ]
                                 }, {
                                    "r" : "138",
                                    "s" : [ {
                                       "value" : [ "end of " ]
                                    }, {
                                       "r" : "137",
                                       "s" : [ {
                                          "value" : [ "\"Measurement Period\"" ]
                                       } ]
                                    } ]
                                 } ]
                              } ]
                           } ]
                        } ]
                     }, {
                        "value" : [ "\n\t)" ]
                     } ]
                  } ]
               }
            } ],
            "expression" : {
               "localId" : "143",
               "locator" : "88:2-93:2",
               "type" : "Query",
               "source" : [ {
                  "localId" : "123",
                  "locator" : "88:4-88:48",
                  "alias" : "PapTestOver30YearsOld",
                  "expression" : {
                     "localId" : "122",
                     "locator" : "88:4-88:26",
                     "name" : "Pap Test with Results",
                     "type" : "ExpressionRef"
                  }
               } ],
               "relationship" : [ {
                  "localId" : "142",
                  "locator" : "89:4-92:32",
                  "alias" : "BirthDate",
                  "type" : "With",
                  "expression" : {
                     "localId" : "124",
                     "locator" : "89:9-89:58",
                     "dataType" : "{urn:healthit-gov:qdm:v5_4}PatientCharacteristicBirthdate",
                     "codeProperty" : "code",
                     "type" : "Retrieve",
                     "codes" : {
                        "type" : "ToList",
                        "operand" : {
                           "name" : "Birth date",
                           "type" : "CodeRef"
                        }
                     }
                  },
                  "suchThat" : {
                     "localId" : "141",
                     "locator" : "90:15-92:32",
                     "type" : "And",
                     "operand" : [ {
                        "localId" : "134",
                        "locator" : "90:15-90:120",
                        "type" : "GreaterOrEqual",
                        "operand" : [ {
                           "localId" : "132",
                           "locator" : "90:15-90:115",
                           "name" : "CalendarAgeInYearsAt",
                           "libraryName" : "Global",
                           "type" : "FunctionRef",
                           "operand" : [ {
                              "localId" : "128",
                              "locator" : "90:45-90:67",
                              "path" : "birthDatetime",
                              "scope" : "BirthDate",
                              "type" : "Property"
                           }, {
                              "localId" : "131",
                              "locator" : "90:70-90:114",
                              "type" : "Start",
                              "operand" : {
                                 "localId" : "130",
                                 "locator" : "90:79-90:114",
                                 "path" : "relevantPeriod",
                                 "scope" : "PapTestOver30YearsOld",
                                 "type" : "Property"
                              }
                           } ]
                        }, {
                           "localId" : "133",
                           "locator" : "90:119-90:120",
                           "valueType" : "{urn:hl7-org:elm-types:r1}Integer",
                           "value" : "30",
                           "type" : "Literal"
                        } ]
                     }, {
                        "localId" : "140",
                        "locator" : "91:10-92:32",
                        "type" : "In",
                        "operand" : [ {
                           "locator" : "91:47-91:52",
                           "type" : "Start",
                           "operand" : {
                              "localId" : "136",
                              "locator" : "91:10-91:45",
                              "path" : "relevantPeriod",
                              "scope" : "PapTestOver30YearsOld",
                              "type" : "Property"
                           }
                        }, {
                           "locator" : "91:54-91:68",
                           "lowClosed" : true,
                           "highClosed" : false,
                           "type" : "Interval",
                           "low" : {
                              "locator" : "92:6-92:32",
                              "type" : "Subtract",
                              "operand" : [ {
                                 "localId" : "138",
                                 "locator" : "92:6-92:32",
                                 "type" : "End",
                                 "operand" : {
                                    "localId" : "137",
                                    "locator" : "92:13-92:32",
                                    "name" : "Measurement Period",
                                    "type" : "ParameterRef"
                                 }
                              }, {
                                 "localId" : "139",
                                 "locator" : "91:54-91:60",
                                 "value" : 5,
                                 "unit" : "years",
                                 "type" : "Quantity"
                              } ]
                           },
                           "high" : {
                              "localId" : "138",
                              "locator" : "92:6-92:32",
                              "type" : "End",
                              "operand" : {
                                 "localId" : "137",
                                 "locator" : "92:13-92:32",
                                 "name" : "Measurement Period",
                                 "type" : "ParameterRef"
                              }
                           }
                        } ]
                     } ]
                  }
               } ]
            }
         }, {
            "localId" : "162",
            "locator" : "81:1-85:99",
            "name" : "Pap Test With HPV Co Test Within 5 Years",
            "context" : "Patient",
            "accessLevel" : "Public",
            "annotation" : [ {
               "type" : "Annotation",
               "s" : {
                  "r" : "162",
                  "s" : [ {
                     "value" : [ "define ","\"Pap Test With HPV Co Test Within 5 Years\"",":\n\t" ]
                  }, {
                     "r" : "161",
                     "s" : [ {
                        "s" : [ {
                           "r" : "146",
                           "s" : [ {
                              "r" : "145",
                              "s" : [ {
                                 "s" : [ {
                                    "value" : [ "\"Pap Test Within 5 Years\"" ]
                                 } ]
                              } ]
                           }, {
                              "value" : [ " ","PapTestOver30YearsOld" ]
                           } ]
                        } ]
                     }, {
                        "value" : [ "\n\t\t" ]
                     }, {
                        "r" : "160",
                        "s" : [ {
                           "value" : [ "with " ]
                        }, {
                           "r" : "148",
                           "s" : [ {
                              "r" : "147",
                              "s" : [ {
                                 "r" : "147",
                                 "s" : [ {
                                    "value" : [ "[","\"Laboratory Test, Performed\"",": " ]
                                 }, {
                                    "s" : [ {
                                       "value" : [ "\"HPV Test\"" ]
                                    } ]
                                 }, {
                                    "value" : [ "]" ]
                                 } ]
                              } ]
                           }, {
                              "value" : [ " ","HPVTest" ]
                           } ]
                        }, {
                           "value" : [ "\n\t\t\tsuch that " ]
                        }, {
                           "r" : "159",
                           "s" : [ {
                              "r" : "151",
                              "s" : [ {
                                 "r" : "150",
                                 "s" : [ {
                                    "r" : "149",
                                    "s" : [ {
                                       "value" : [ "HPVTest" ]
                                    } ]
                                 }, {
                                    "value" : [ "." ]
                                 }, {
                                    "r" : "150",
                                    "s" : [ {
                                       "value" : [ "result" ]
                                    } ]
                                 } ]
                              }, {
                                 "value" : [ " is not null" ]
                              } ]
                           }, {
                              "value" : [ "\n\t\t\t\tand " ]
                           }, {
                              "r" : "158",
                              "s" : [ {
                                 "r" : "153",
                                 "s" : [ {
                                    "r" : "152",
                                    "s" : [ {
                                       "value" : [ "HPVTest" ]
                                    } ]
                                 }, {
                                    "value" : [ "." ]
                                 }, {
                                    "r" : "153",
                                    "s" : [ {
                                       "value" : [ "relevantPeriod" ]
                                    } ]
                                 } ]
                              }, {
                                 "value" : [ " " ]
                              }, {
                                 "r" : "158",
                                 "s" : [ {
                                    "value" : [ "starts within " ]
                                 }, {
                                    "r" : "157",
                                    "s" : [ {
                                       "value" : [ "1 ","day" ]
                                    } ]
                                 }, {
                                    "value" : [ " of" ]
                                 } ]
                              }, {
                                 "value" : [ " " ]
                              }, {
                                 "r" : "156",
                                 "s" : [ {
                                    "value" : [ "start of " ]
                                 }, {
                                    "r" : "155",
                                    "s" : [ {
                                       "r" : "154",
                                       "s" : [ {
                                          "value" : [ "PapTestOver30YearsOld" ]
                                       } ]
                                    }, {
                                       "value" : [ "." ]
                                    }, {
                                       "r" : "155",
                                       "s" : [ {
                                          "value" : [ "relevantPeriod" ]
                                       } ]
                                    } ]
                                 } ]
                              } ]
                           } ]
                        } ]
                     } ]
                  } ]
               }
            } ],
            "expression" : {
               "localId" : "161",
               "locator" : "82:2-85:99",
               "type" : "Query",
               "source" : [ {
                  "localId" : "146",
                  "locator" : "82:2-82:48",
                  "alias" : "PapTestOver30YearsOld",
                  "expression" : {
                     "localId" : "145",
                     "locator" : "82:2-82:26",
                     "name" : "Pap Test Within 5 Years",
                     "type" : "ExpressionRef"
                  }
               } ],
               "relationship" : [ {
                  "localId" : "160",
                  "locator" : "83:3-85:99",
                  "alias" : "HPVTest",
                  "type" : "With",
                  "expression" : {
                     "localId" : "147",
                     "locator" : "83:8-83:49",
                     "dataType" : "{urn:healthit-gov:qdm:v5_4}PositiveLaboratoryTestPerformed",
                     "templateId" : "PositiveLaboratoryTestPerformed",
                     "codeProperty" : "code",
                     "type" : "Retrieve",
                     "codes" : {
                        "name" : "HPV Test",
                        "type" : "ValueSetRef"
                     }
                  },
                  "suchThat" : {
                     "localId" : "159",
                     "locator" : "84:14-85:99",
                     "type" : "And",
                     "operand" : [ {
                        "localId" : "151",
                        "locator" : "84:14-84:39",
                        "type" : "Not",
                        "operand" : {
                           "locator" : "84:14-84:39",
                           "type" : "IsNull",
                           "operand" : {
                              "localId" : "150",
                              "locator" : "84:14-84:27",
                              "path" : "result",
                              "scope" : "HPVTest",
                              "type" : "Property"
                           }
                        }
                     }, {
                        "localId" : "158",
                        "locator" : "85:9-85:99",
                        "type" : "In",
                        "operand" : [ {
                           "locator" : "85:32-85:37",
                           "type" : "Start",
                           "operand" : {
                              "localId" : "153",
                              "locator" : "85:9-85:30",
                              "path" : "relevantPeriod",
                              "scope" : "HPVTest",
                              "type" : "Property"
                           }
                        }, {
                           "locator" : "85:46-85:50",
                           "lowClosed" : true,
                           "highClosed" : true,
                           "type" : "Interval",
                           "low" : {
                              "locator" : "85:46-85:50",
                              "type" : "Subtract",
                              "operand" : [ {
                                 "localId" : "156",
                                 "locator" : "85:55-85:99",
                                 "type" : "Start",
                                 "operand" : {
                                    "localId" : "155",
                                    "locator" : "85:64-85:99",
                                    "path" : "relevantPeriod",
                                    "scope" : "PapTestOver30YearsOld",
                                    "type" : "Property"
                                 }
                              }, {
                                 "localId" : "157",
                                 "locator" : "85:46-85:50",
                                 "value" : 1,
                                 "unit" : "day",
                                 "type" : "Quantity"
                              } ]
                           },
                           "high" : {
                              "locator" : "85:46-85:50",
                              "type" : "Add",
                              "operand" : [ {
                                 "localId" : "156",
                                 "locator" : "85:55-85:99",
                                 "type" : "Start",
                                 "operand" : {
                                    "localId" : "155",
                                    "locator" : "85:64-85:99",
                                    "path" : "relevantPeriod",
                                    "scope" : "PapTestOver30YearsOld",
                                    "type" : "Property"
                                 }
                              }, {
                                 "localId" : "157",
                                 "locator" : "85:46-85:50",
                                 "value" : 1,
                                 "unit" : "day",
                                 "type" : "Quantity"
                              } ]
                           }
                        } ]
                     } ]
                  }
               } ]
            }
         }, {
            "localId" : "166",
            "locator" : "77:1-79:54",
            "name" : "Numerator",
            "context" : "Patient",
            "accessLevel" : "Public",
            "annotation" : [ {
               "type" : "Annotation",
               "s" : {
                  "r" : "166",
                  "s" : [ {
                     "value" : [ "define ","\"Numerator\"",":\n\t" ]
                  }, {
                     "r" : "165",
                     "s" : [ {
                        "r" : "121",
                        "s" : [ {
                           "value" : [ "exists " ]
                        }, {
                           "r" : "120",
                           "s" : [ {
                              "value" : [ "\"Pap Test Within 3 Years\"" ]
                           } ]
                        } ]
                     }, {
                        "value" : [ "\n\t\tor " ]
                     }, {
                        "r" : "164",
                        "s" : [ {
                           "value" : [ "exists " ]
                        }, {
                           "r" : "163",
                           "s" : [ {
                              "value" : [ "\"Pap Test With HPV Co Test Within 5 Years\"" ]
                           } ]
                        } ]
                     } ]
                  } ]
               }
            } ],
            "expression" : {
               "localId" : "165",
               "locator" : "78:2-79:54",
               "type" : "Or",
               "operand" : [ {
                  "localId" : "121",
                  "locator" : "78:2-78:33",
                  "type" : "Exists",
                  "operand" : {
                     "localId" : "120",
                     "locator" : "78:9-78:33",
                     "name" : "Pap Test Within 3 Years",
                     "type" : "ExpressionRef"
                  }
               }, {
                  "localId" : "164",
                  "locator" : "79:6-79:54",
                  "type" : "Exists",
                  "operand" : {
                     "localId" : "163",
                     "locator" : "79:13-79:54",
                     "name" : "Pap Test With HPV Co Test Within 5 Years",
                     "type" : "ExpressionRef"
                  }
               } ]
            }
         } ]
      }
   }
}