{
   "library" : {
      "identifier" : {
         "id" : "DiabetesEyeExam",
         "version" : "9.2.000"
      },
      "schemaIdentifier" : {
         "id" : "urn:hl7-org:elm",
         "version" : "r1"
      },
      "usings" : {
         "def" : [ {
            "localIdentifier" : "System",
            "uri" : "urn:hl7-org:elm-types:r1"
         }, {
            "localId" : "1",
            "locator" : "3:1-3:23",
            "localIdentifier" : "QDM",
            "uri" : "urn:healthit-gov:qdm:v5_5",
            "version" : "5.5"
         } ]
      },
      "includes" : {
         "def" : [ {
            "localId" : "2",
            "locator" : "5:1-5:64",
            "localIdentifier" : "Global",
            "path" : "MATGlobalCommonFunctions",
            "version" : "5.0.000"
         }, {
            "localId" : "3",
            "locator" : "6:1-6:48",
            "localIdentifier" : "Hospice",
            "path" : "Hospice",
            "version" : "2.2.000"
         }, {
            "localId" : "4",
            "locator" : "7:1-7:82",
            "localIdentifier" : "FrailtyLTI",
            "path" : "AdvancedIllnessandFrailtyExclusionECQM",
            "version" : "5.5.000"
         } ]
      },
      "parameters" : {
         "def" : [ {
            "localId" : "23",
            "locator" : "27:1-27:49",
            "name" : "Measurement Period",
            "accessLevel" : "Public",
            "parameterTypeSpecifier" : {
               "localId" : "22",
               "locator" : "27:32-27:49",
               "type" : "IntervalTypeSpecifier",
               "pointType" : {
                  "localId" : "21",
                  "locator" : "27:41-27:48",
                  "name" : "{urn:hl7-org:elm-types:r1}DateTime",
                  "type" : "NamedTypeSpecifier"
               }
            }
         } ]
      },
      "codeSystems" : {
         "def" : [ {
            "localId" : "5",
            "locator" : "9:1-9:51",
            "name" : "LOINC",
            "id" : "urn:oid:2.16.840.1.113883.6.1",
            "accessLevel" : "Public"
         } ]
      },
      "valueSets" : {
         "def" : [ {
            "localId" : "6",
            "locator" : "11:1-11:74",
            "name" : "Annual Wellness Visit",
            "id" : "urn:oid:2.16.840.1.113883.3.526.3.1240",
            "accessLevel" : "Public"
         }, {
            "localId" : "7",
            "locator" : "12:1-12:71",
            "name" : "Diabetes",
            "id" : "urn:oid:2.16.840.1.113883.3.464.1003.103.12.1001",
            "accessLevel" : "Public"
         }, {
            "localId" : "8",
            "locator" : "13:1-13:72",
            "name" : "Diabetic Retinopathy",
            "id" : "urn:oid:2.16.840.1.113883.3.526.3.327",
            "accessLevel" : "Public"
         }, {
            "localId" : "9",
            "locator" : "14:1-14:58",
            "name" : "Ethnicity",
            "id" : "urn:oid:2.16.840.1.114222.4.11.837",
            "accessLevel" : "Public"
         }, {
            "localId" : "10",
            "locator" : "15:1-15:87",
            "name" : "Home Healthcare Services",
            "id" : "urn:oid:2.16.840.1.113883.3.464.1003.101.12.1016",
            "accessLevel" : "Public"
         }, {
            "localId" : "11",
            "locator" : "16:1-16:75",
            "name" : "Office Visit",
            "id" : "urn:oid:2.16.840.1.113883.3.464.1003.101.12.1001",
            "accessLevel" : "Public"
         }, {
            "localId" : "12",
            "locator" : "17:1-17:68",
            "name" : "ONC Administrative Sex",
            "id" : "urn:oid:2.16.840.1.113762.1.4.1",
            "accessLevel" : "Public"
         }, {
            "localId" : "13",
            "locator" : "18:1-18:78",
            "name" : "Ophthalmological Services",
            "id" : "urn:oid:2.16.840.1.113883.3.526.3.1285",
            "accessLevel" : "Public"
         }, {
            "localId" : "14",
            "locator" : "19:1-19:55",
            "name" : "Payer",
            "id" : "urn:oid:2.16.840.1.114222.4.11.3591",
            "accessLevel" : "Public"
         }, {
            "localId" : "15",
            "locator" : "20:1-20:125",
            "name" : "Preventive Care Services - Established Office Visit, 18 and Up",
            "id" : "urn:oid:2.16.840.1.113883.3.464.1003.101.12.1025",
            "accessLevel" : "Public"
         }, {
            "localId" : "16",
            "locator" : "21:1-21:119",
            "name" : "Preventive Care Services-Initial Office Visit, 18 and Up",
            "id" : "urn:oid:2.16.840.1.113883.3.464.1003.101.12.1023",
            "accessLevel" : "Public"
         }, {
            "localId" : "17",
            "locator" : "22:1-22:53",
            "name" : "Race",
            "id" : "urn:oid:2.16.840.1.114222.4.11.836",
            "accessLevel" : "Public"
         }, {
            "localId" : "18",
            "locator" : "23:1-23:90",
            "name" : "Retinal or Dilated Eye Exam",
            "id" : "urn:oid:2.16.840.1.113883.3.464.1003.115.12.1088",
            "accessLevel" : "Public"
         } ]
      },
      "codes" : {
         "def" : [ {
            "localId" : "20",
            "locator" : "25:1-25:62",
            "name" : "Birth date",
            "id" : "21112-8",
            "display" : "Birth date",
            "accessLevel" : "Public",
            "codeSystem" : {
               "localId" : "19",
               "locator" : "25:35-25:41",
               "name" : "LOINC"
            }
         } ]
      },
      "statements" : {
         "def" : [ {
            "locator" : "29:1-29:15",
            "name" : "Patient",
            "context" : "Patient",
            "expression" : {
               "type" : "SingletonFrom",
               "operand" : {
                  "locator" : "29:1-29:15",
                  "dataType" : "{urn:healthit-gov:qdm:v5_5}Patient",
                  "templateId" : "Patient",
                  "type" : "Retrieve"
               }
            }
         }, {
            "localId" : "25",
            "locator" : "31:1-32:51",
            "name" : "SDE Ethnicity",
            "context" : "Patient",
            "accessLevel" : "Public",
            "annotation" : [ {
               "type" : "Annotation",
               "s" : {
                  "r" : "25",
                  "s" : [ {
                     "value" : [ "define ","\"SDE Ethnicity\"",":\n  " ]
                  }, {
                     "r" : "24",
                     "s" : [ {
                        "value" : [ "[","\"Patient Characteristic Ethnicity\"",": " ]
                     }, {
                        "s" : [ {
                           "value" : [ "\"Ethnicity\"" ]
                        } ]
                     }, {
                        "value" : [ "]" ]
                     } ]
                  } ]
               }
            } ],
            "expression" : {
               "localId" : "24",
               "locator" : "32:3-32:51",
               "dataType" : "{urn:healthit-gov:qdm:v5_5}PatientCharacteristicEthnicity",
               "codeProperty" : "code",
               "type" : "Retrieve",
               "codes" : {
                  "locator" : "32:40-32:50",
                  "name" : "Ethnicity",
                  "type" : "ValueSetRef"
               }
            }
         }, {
            "localId" : "27",
            "locator" : "34:1-35:43",
            "name" : "SDE Payer",
            "context" : "Patient",
            "accessLevel" : "Public",
            "annotation" : [ {
               "type" : "Annotation",
               "s" : {
                  "r" : "27",
                  "s" : [ {
                     "value" : [ "define ","\"SDE Payer\"",":\n  " ]
                  }, {
                     "r" : "26",
                     "s" : [ {
                        "value" : [ "[","\"Patient Characteristic Payer\"",": " ]
                     }, {
                        "s" : [ {
                           "value" : [ "\"Payer\"" ]
                        } ]
                     }, {
                        "value" : [ "]" ]
                     } ]
                  } ]
               }
            } ],
            "expression" : {
               "localId" : "26",
               "locator" : "35:3-35:43",
               "dataType" : "{urn:healthit-gov:qdm:v5_5}PatientCharacteristicPayer",
               "codeProperty" : "code",
               "type" : "Retrieve",
               "codes" : {
                  "locator" : "35:36-35:42",
                  "name" : "Payer",
                  "type" : "ValueSetRef"
               }
            }
         }, {
            "localId" : "29",
            "locator" : "37:1-38:41",
            "name" : "SDE Race",
            "context" : "Patient",
            "accessLevel" : "Public",
            "annotation" : [ {
               "type" : "Annotation",
               "s" : {
                  "r" : "29",
                  "s" : [ {
                     "value" : [ "define ","\"SDE Race\"",":\n  " ]
                  }, {
                     "r" : "28",
                     "s" : [ {
                        "value" : [ "[","\"Patient Characteristic Race\"",": " ]
                     }, {
                        "s" : [ {
                           "value" : [ "\"Race\"" ]
                        } ]
                     }, {
                        "value" : [ "]" ]
                     } ]
                  } ]
               }
            } ],
            "expression" : {
               "localId" : "28",
               "locator" : "38:3-38:41",
               "dataType" : "{urn:healthit-gov:qdm:v5_5}PatientCharacteristicRace",
               "codeProperty" : "code",
               "type" : "Retrieve",
               "codes" : {
                  "locator" : "38:35-38:40",
                  "name" : "Race",
                  "type" : "ValueSetRef"
               }
            }
         }, {
            "localId" : "31",
            "locator" : "40:1-41:58",
            "name" : "SDE Sex",
            "context" : "Patient",
            "accessLevel" : "Public",
            "annotation" : [ {
               "type" : "Annotation",
               "s" : {
                  "r" : "31",
                  "s" : [ {
                     "value" : [ "define ","\"SDE Sex\"",":\n  " ]
                  }, {
                     "r" : "30",
                     "s" : [ {
                        "value" : [ "[","\"Patient Characteristic Sex\"",": " ]
                     }, {
                        "s" : [ {
                           "value" : [ "\"ONC Administrative Sex\"" ]
                        } ]
                     }, {
                        "value" : [ "]" ]
                     } ]
                  } ]
               }
            } ],
            "expression" : {
               "localId" : "30",
               "locator" : "41:3-41:58",
               "dataType" : "{urn:healthit-gov:qdm:v5_5}PatientCharacteristicSex",
               "codeProperty" : "code",
               "type" : "Retrieve",
               "codes" : {
                  "locator" : "41:34-41:57",
                  "name" : "ONC Administrative Sex",
                  "type" : "ValueSetRef"
               }
            }
         }, {
            "localId" : "63",
            "locator" : "68:1-75:67",
            "name" : "Qualifying Encounters",
            "context" : "Patient",
            "accessLevel" : "Public",
            "annotation" : [ {
               "type" : "Annotation",
               "s" : {
                  "r" : "63",
                  "s" : [ {
                     "value" : [ "define ","\"Qualifying Encounters\"",":\n  " ]
                  }, {
                     "r" : "62",
                     "s" : [ {
                        "s" : [ {
                           "r" : "57",
                           "s" : [ {
                              "r" : "56",
                              "s" : [ {
                                 "value" : [ "( " ]
                              }, {
                                 "r" : "56",
                                 "s" : [ {
                                    "r" : "54",
                                    "s" : [ {
                                       "r" : "52",
                                       "s" : [ {
                                          "r" : "50",
                                          "s" : [ {
                                             "r" : "48",
                                             "s" : [ {
                                                "r" : "46",
                                                "s" : [ {
                                                   "value" : [ "[","\"Encounter, Performed\"",": " ]
                                                }, {
                                                   "s" : [ {
                                                      "value" : [ "\"Office Visit\"" ]
                                                   } ]
                                                }, {
                                                   "value" : [ "]" ]
                                                } ]
                                             }, {
                                                "value" : [ "\n    union " ]
                                             }, {
                                                "r" : "47",
                                                "s" : [ {
                                                   "value" : [ "[","\"Encounter, Performed\"",": " ]
                                                }, {
                                                   "s" : [ {
                                                      "value" : [ "\"Annual Wellness Visit\"" ]
                                                   } ]
                                                }, {
                                                   "value" : [ "]" ]
                                                } ]
                                             } ]
                                          }, {
                                             "value" : [ "\n    union " ]
                                          }, {
                                             "r" : "49",
                                             "s" : [ {
                                                "value" : [ "[","\"Encounter, Performed\"",": " ]
                                             }, {
                                                "s" : [ {
                                                   "value" : [ "\"Preventive Care Services - Established Office Visit, 18 and Up\"" ]
                                                } ]
                                             }, {
                                                "value" : [ "]" ]
                                             } ]
                                          } ]
                                       }, {
                                          "value" : [ "\n    union " ]
                                       }, {
                                          "r" : "51",
                                          "s" : [ {
                                             "value" : [ "[","\"Encounter, Performed\"",": " ]
                                          }, {
                                             "s" : [ {
                                                "value" : [ "\"Preventive Care Services-Initial Office Visit, 18 and Up\"" ]
                                             } ]
                                          }, {
                                             "value" : [ "]" ]
                                          } ]
                                       } ]
                                    }, {
                                       "value" : [ "\n    union " ]
                                    }, {
                                       "r" : "53",
                                       "s" : [ {
                                          "value" : [ "[","\"Encounter, Performed\"",": " ]
                                       }, {
                                          "s" : [ {
                                             "value" : [ "\"Home Healthcare Services\"" ]
                                          } ]
                                       }, {
                                          "value" : [ "]" ]
                                       } ]
                                    } ]
                                 }, {
                                    "value" : [ "\n    union " ]
                                 }, {
                                    "r" : "55",
                                    "s" : [ {
                                       "value" : [ "[","\"Encounter, Performed\"",": " ]
                                    }, {
                                       "s" : [ {
                                          "value" : [ "\"Ophthalmological Services\"" ]
                                       } ]
                                    }, {
                                       "value" : [ "]" ]
                                    } ]
                                 } ]
                              }, {
                                 "value" : [ " )" ]
                              } ]
                           }, {
                              "value" : [ " ","ValidEncounter" ]
                           } ]
                        } ]
                     }, {
                        "value" : [ "\n    " ]
                     }, {
                        "r" : "61",
                        "s" : [ {
                           "value" : [ "where " ]
                        }, {
                           "r" : "61",
                           "s" : [ {
                              "r" : "59",
                              "s" : [ {
                                 "r" : "58",
                                 "s" : [ {
                                    "value" : [ "ValidEncounter" ]
                                 } ]
                              }, {
                                 "value" : [ "." ]
                              }, {
                                 "r" : "59",
                                 "s" : [ {
                                    "value" : [ "relevantPeriod" ]
                                 } ]
                              } ]
                           }, {
                              "r" : "61",
                              "value" : [ " ","during"," " ]
                           }, {
                              "r" : "60",
                              "s" : [ {
                                 "value" : [ "\"Measurement Period\"" ]
                              } ]
                           } ]
                        } ]
                     } ]
                  } ]
               }
            } ],
            "expression" : {
               "localId" : "62",
               "locator" : "69:3-75:67",
               "type" : "Query",
               "source" : [ {
                  "localId" : "57",
                  "locator" : "69:3-74:80",
                  "alias" : "ValidEncounter",
                  "expression" : {
                     "localId" : "56",
                     "locator" : "69:3-74:65",
                     "type" : "Union",
                     "operand" : [ {
                        "localId" : "52",
                        "locator" : "69:5-72:94",
                        "type" : "Union",
                        "operand" : [ {
                           "localId" : "48",
                           "locator" : "69:5-70:59",
                           "type" : "Union",
                           "operand" : [ {
                              "localId" : "46",
                              "locator" : "69:5-69:44",
                              "dataType" : "{urn:healthit-gov:qdm:v5_5}PositiveEncounterPerformed",
                              "templateId" : "PositiveEncounterPerformed",
                              "codeProperty" : "code",
                              "type" : "Retrieve",
                              "codes" : {
                                 "locator" : "69:30-69:43",
                                 "name" : "Office Visit",
                                 "type" : "ValueSetRef"
                              }
                           }, {
                              "localId" : "47",
                              "locator" : "70:11-70:59",
                              "dataType" : "{urn:healthit-gov:qdm:v5_5}PositiveEncounterPerformed",
                              "templateId" : "PositiveEncounterPerformed",
                              "codeProperty" : "code",
                              "type" : "Retrieve",
                              "codes" : {
                                 "locator" : "70:36-70:58",
                                 "name" : "Annual Wellness Visit",
                                 "type" : "ValueSetRef"
                              }
                           } ]
                        }, {
                           "type" : "Union",
                           "operand" : [ {
                              "localId" : "49",
                              "locator" : "71:11-71:100",
                              "dataType" : "{urn:healthit-gov:qdm:v5_5}PositiveEncounterPerformed",
                              "templateId" : "PositiveEncounterPerformed",
                              "codeProperty" : "code",
                              "type" : "Retrieve",
                              "codes" : {
                                 "locator" : "71:36-71:99",
                                 "name" : "Preventive Care Services - Established Office Visit, 18 and Up",
                                 "type" : "ValueSetRef"
                              }
                           }, {
                              "localId" : "51",
                              "locator" : "72:11-72:94",
                              "dataType" : "{urn:healthit-gov:qdm:v5_5}PositiveEncounterPerformed",
                              "templateId" : "PositiveEncounterPerformed",
                              "codeProperty" : "code",
                              "type" : "Retrieve",
                              "codes" : {
                                 "locator" : "72:36-72:93",
                                 "name" : "Preventive Care Services-Initial Office Visit, 18 and Up",
                                 "type" : "ValueSetRef"
                              }
                           } ]
                        } ]
                     }, {
                        "type" : "Union",
                        "operand" : [ {
                           "localId" : "53",
                           "locator" : "73:11-73:62",
                           "dataType" : "{urn:healthit-gov:qdm:v5_5}PositiveEncounterPerformed",
                           "templateId" : "PositiveEncounterPerformed",
                           "codeProperty" : "code",
                           "type" : "Retrieve",
                           "codes" : {
                              "locator" : "73:36-73:61",
                              "name" : "Home Healthcare Services",
                              "type" : "ValueSetRef"
                           }
                        }, {
                           "localId" : "55",
                           "locator" : "74:11-74:63",
                           "dataType" : "{urn:healthit-gov:qdm:v5_5}PositiveEncounterPerformed",
                           "templateId" : "PositiveEncounterPerformed",
                           "codeProperty" : "code",
                           "type" : "Retrieve",
                           "codes" : {
                              "locator" : "74:36-74:62",
                              "name" : "Ophthalmological Services",
                              "type" : "ValueSetRef"
                           }
                        } ]
                     } ]
                  }
               } ],
               "relationship" : [ ],
               "where" : {
                  "localId" : "61",
                  "locator" : "75:5-75:67",
                  "type" : "IncludedIn",
                  "operand" : [ {
                     "localId" : "59",
                     "locator" : "75:11-75:39",
                     "path" : "relevantPeriod",
                     "scope" : "ValidEncounter",
                     "type" : "Property"
                  }, {
                     "localId" : "60",
                     "locator" : "75:48-75:67",
                     "name" : "Measurement Period",
                     "type" : "ParameterRef"
                  } ]
               }
            }
         }, {
            "localId" : "76",
            "locator" : "59:1-66:5",
            "name" : "Initial Population",
            "context" : "Patient",
            "accessLevel" : "Public",
            "annotation" : [ {
               "type" : "Annotation",
               "s" : {
                  "r" : "76",
                  "s" : [ {
                     "value" : [ "define ","\"Initial Population\"",":\n  " ]
                  }, {
                     "r" : "75",
                     "s" : [ {
                        "r" : "66",
                        "s" : [ {
                           "r" : "45",
                           "s" : [ {
                              "value" : [ "exists " ]
                           }, {
                              "r" : "44",
                              "s" : [ {
                                 "value" : [ "( " ]
                              }, {
                                 "r" : "44",
                                 "s" : [ {
                                    "s" : [ {
                                       "r" : "33",
                                       "s" : [ {
                                          "r" : "32",
                                          "s" : [ {
                                             "r" : "32",
                                             "s" : [ {
                                                "value" : [ "[","\"Patient Characteristic Birthdate\"",": " ]
                                             }, {
                                                "s" : [ {
                                                   "value" : [ "\"Birth date\"" ]
                                                } ]
                                             }, {
                                                "value" : [ "]" ]
                                             } ]
                                          } ]
                                       }, {
                                          "value" : [ " ","BirthDate" ]
                                       } ]
                                    } ]
                                 }, {
                                    "value" : [ "\n      " ]
                                 }, {
                                    "r" : "43",
                                    "s" : [ {
                                       "value" : [ "where " ]
                                    }, {
                                       "r" : "43",
                                       "s" : [ {
                                          "r" : "39",
                                          "s" : [ {
                                             "r" : "34",
                                             "s" : [ {
                                                "value" : [ "Global" ]
                                             } ]
                                          }, {
                                             "value" : [ "." ]
                                          }, {
                                             "r" : "39",
                                             "s" : [ {
                                                "value" : [ "\"CalendarAgeInYearsAt\""," ( " ]
                                             }, {
                                                "r" : "36",
                                                "s" : [ {
                                                   "r" : "35",
                                                   "s" : [ {
                                                      "value" : [ "BirthDate" ]
                                                   } ]
                                                }, {
                                                   "value" : [ "." ]
                                                }, {
                                                   "r" : "36",
                                                   "s" : [ {
                                                      "value" : [ "birthDatetime" ]
                                                   } ]
                                                } ]
                                             }, {
                                                "value" : [ ", " ]
                                             }, {
                                                "r" : "38",
                                                "s" : [ {
                                                   "value" : [ "start of " ]
                                                }, {
                                                   "r" : "37",
                                                   "s" : [ {
                                                      "value" : [ "\"Measurement Period\"" ]
                                                   } ]
                                                } ]
                                             }, {
                                                "value" : [ " )" ]
                                             } ]
                                          } ]
                                       }, {
                                          "value" : [ " in " ]
                                       }, {
                                          "r" : "42",
                                          "s" : [ {
                                             "r" : "40",
                                             "value" : [ "Interval[","18",", ","75"," )" ]
                                          } ]
                                       } ]
                                    } ]
                                 } ]
                              }, {
                                 "value" : [ "\n  )" ]
                              } ]
                           } ]
                        }, {
                           "value" : [ "\n    and " ]
                        }, {
                           "r" : "65",
                           "s" : [ {
                              "value" : [ "exists " ]
                           }, {
                              "r" : "64",
                              "s" : [ {
                                 "value" : [ "( " ]
                              }, {
                                 "r" : "64",
                                 "s" : [ {
                                    "value" : [ "\"Qualifying Encounters\"" ]
                                 } ]
                              }, {
                                 "value" : [ " )" ]
                              } ]
                           } ]
                        } ]
                     }, {
                        "value" : [ "\n    and " ]
                     }, {
                        "r" : "74",
                        "s" : [ {
                           "value" : [ "exists " ]
                        }, {
                           "r" : "73",
                           "s" : [ {
                              "value" : [ "( " ]
                           }, {
                              "r" : "73",
                              "s" : [ {
                                 "s" : [ {
                                    "r" : "68",
                                    "s" : [ {
                                       "r" : "67",
                                       "s" : [ {
                                          "r" : "67",
                                          "s" : [ {
                                             "value" : [ "[","\"Diagnosis\"",": " ]
                                          }, {
                                             "s" : [ {
                                                "value" : [ "\"Diabetes\"" ]
                                             } ]
                                          }, {
                                             "value" : [ "]" ]
                                          } ]
                                       } ]
                                    }, {
                                       "value" : [ " ","Diabetes" ]
                                    } ]
                                 } ]
                              }, {
                                 "value" : [ "\n        " ]
                              }, {
                                 "r" : "72",
                                 "s" : [ {
                                    "value" : [ "where " ]
                                 }, {
                                    "r" : "72",
                                    "s" : [ {
                                       "r" : "70",
                                       "s" : [ {
                                          "r" : "69",
                                          "s" : [ {
                                             "value" : [ "Diabetes" ]
                                          } ]
                                       }, {
                                          "value" : [ "." ]
                                       }, {
                                          "r" : "70",
                                          "s" : [ {
                                             "value" : [ "prevalencePeriod" ]
                                          } ]
                                       } ]
                                    }, {
                                       "r" : "72",
                                       "value" : [ " ","overlaps"," " ]
                                    }, {
                                       "r" : "71",
                                       "s" : [ {
                                          "value" : [ "\"Measurement Period\"" ]
                                       } ]
                                    } ]
                                 } ]
                              } ]
                           }, {
                              "value" : [ "\n    )" ]
                           } ]
                        } ]
                     } ]
                  } ]
               }
            } ],
            "expression" : {
               "localId" : "75",
               "locator" : "60:3-66:5",
               "type" : "And",
               "operand" : [ {
                  "localId" : "66",
                  "locator" : "60:3-63:42",
                  "type" : "And",
                  "operand" : [ {
                     "localId" : "45",
                     "locator" : "60:3-62:3",
                     "type" : "Exists",
                     "operand" : {
                        "localId" : "44",
                        "locator" : "60:10-62:3",
                        "type" : "Query",
                        "source" : [ {
                           "localId" : "33",
                           "locator" : "60:12-60:71",
                           "alias" : "BirthDate",
                           "expression" : {
                              "localId" : "32",
                              "locator" : "60:12-60:61",
                              "dataType" : "{urn:healthit-gov:qdm:v5_5}PatientCharacteristicBirthdate",
                              "codeProperty" : "code",
                              "type" : "Retrieve",
                              "codes" : {
                                 "type" : "ToList",
                                 "operand" : {
                                    "locator" : "60:49-60:60",
                                    "name" : "Birth date",
                                    "type" : "CodeRef"
                                 }
                              }
                           }
                        } ],
                        "relationship" : [ ],
                        "where" : {
                           "localId" : "43",
                           "locator" : "61:7-61:121",
                           "type" : "In",
                           "operand" : [ {
                              "localId" : "39",
                              "locator" : "61:13-61:100",
                              "name" : "CalendarAgeInYearsAt",
                              "libraryName" : "Global",
                              "type" : "FunctionRef",
                              "operand" : [ {
                                 "localId" : "36",
                                 "locator" : "61:45-61:67",
                                 "path" : "birthDatetime",
                                 "scope" : "BirthDate",
                                 "type" : "Property"
                              }, {
                                 "localId" : "38",
                                 "locator" : "61:70-61:98",
                                 "type" : "Start",
                                 "operand" : {
                                    "localId" : "37",
                                    "locator" : "61:79-61:98",
                                    "name" : "Measurement Period",
                                    "type" : "ParameterRef"
                                 }
                              } ]
                           }, {
                              "localId" : "42",
                              "locator" : "61:105-61:121",
                              "lowClosed" : true,
                              "highClosed" : false,
                              "type" : "Interval",
                              "low" : {
                                 "localId" : "40",
                                 "locator" : "61:114-61:115",
                                 "valueType" : "{urn:hl7-org:elm-types:r1}Integer",
                                 "value" : "18",
                                 "type" : "Literal"
                              },
                              "high" : {
                                 "localId" : "41",
                                 "locator" : "61:118-61:119",
                                 "valueType" : "{urn:hl7-org:elm-types:r1}Integer",
                                 "value" : "75",
                                 "type" : "Literal"
                              }
                           } ]
                        }
                     }
                  }, {
                     "localId" : "65",
                     "locator" : "63:9-63:42",
                     "type" : "Exists",
                     "operand" : {
                        "localId" : "64",
                        "locator" : "63:16-63:42",
                        "name" : "Qualifying Encounters",
                        "type" : "ExpressionRef"
                     }
                  } ]
               }, {
                  "localId" : "74",
                  "locator" : "64:9-66:5",
                  "type" : "Exists",
                  "operand" : {
                     "localId" : "73",
                     "locator" : "64:16-66:5",
                     "type" : "Query",
                     "source" : [ {
                        "localId" : "68",
                        "locator" : "64:18-64:51",
                        "alias" : "Diabetes",
                        "expression" : {
                           "localId" : "67",
                           "locator" : "64:18-64:42",
                           "dataType" : "{urn:healthit-gov:qdm:v5_5}Diagnosis",
                           "codeProperty" : "code",
                           "type" : "Retrieve",
                           "codes" : {
                              "locator" : "64:32-64:41",
                              "name" : "Diabetes",
                              "type" : "ValueSetRef"
                           }
                        }
                     } ],
                     "relationship" : [ ],
                     "where" : {
                        "localId" : "72",
                        "locator" : "65:9-65:69",
                        "type" : "Overlaps",
                        "operand" : [ {
                           "localId" : "70",
                           "locator" : "65:15-65:39",
                           "path" : "prevalencePeriod",
                           "scope" : "Diabetes",
                           "type" : "Property"
                        }, {
                           "localId" : "71",
                           "locator" : "65:50-65:69",
                           "name" : "Measurement Period",
                           "type" : "ParameterRef"
                        } ]
                     }
                  }
               } ]
            }
         }, {
            "localId" : "78",
            "locator" : "43:1-44:22",
            "name" : "Denominator",
            "context" : "Patient",
            "accessLevel" : "Public",
            "annotation" : [ {
               "type" : "Annotation",
               "s" : {
                  "r" : "78",
                  "s" : [ {
                     "value" : [ "define ","\"Denominator\"",":\n  " ]
                  }, {
                     "r" : "77",
                     "s" : [ {
                        "value" : [ "\"Initial Population\"" ]
                     } ]
                  } ]
               }
            } ],
            "expression" : {
               "localId" : "77",
               "locator" : "44:3-44:22",
               "name" : "Initial Population",
               "type" : "ExpressionRef"
            }
         }, {
            "localId" : "87",
            "locator" : "46:1-49:3",
            "name" : "Diabetic Retinopathy Overlapping Measurement Period",
            "context" : "Patient",
            "accessLevel" : "Public",
            "annotation" : [ {
               "type" : "Annotation",
               "s" : {
                  "r" : "87",
                  "s" : [ {
                     "value" : [ "define ","\"Diabetic Retinopathy Overlapping Measurement Period\"",":\n  " ]
                  }, {
                     "r" : "86",
                     "s" : [ {
                        "value" : [ "exists " ]
                     }, {
                        "r" : "85",
                        "s" : [ {
                           "value" : [ "( " ]
                        }, {
                           "r" : "85",
                           "s" : [ {
                              "s" : [ {
                                 "r" : "80",
                                 "s" : [ {
                                    "r" : "79",
                                    "s" : [ {
                                       "r" : "79",
                                       "s" : [ {
                                          "value" : [ "[","\"Diagnosis\"",": " ]
                                       }, {
                                          "s" : [ {
                                             "value" : [ "\"Diabetic Retinopathy\"" ]
                                          } ]
                                       }, {
                                          "value" : [ "]" ]
                                       } ]
                                    } ]
                                 }, {
                                    "value" : [ " ","Retinopathy" ]
                                 } ]
                              } ]
                           }, {
                              "value" : [ "\n      " ]
                           }, {
                              "r" : "84",
                              "s" : [ {
                                 "value" : [ "where " ]
                              }, {
                                 "r" : "84",
                                 "s" : [ {
                                    "r" : "82",
                                    "s" : [ {
                                       "r" : "81",
                                       "s" : [ {
                                          "value" : [ "Retinopathy" ]
                                       } ]
                                    }, {
                                       "value" : [ "." ]
                                    }, {
                                       "r" : "82",
                                       "s" : [ {
                                          "value" : [ "prevalencePeriod" ]
                                       } ]
                                    } ]
                                 }, {
                                    "r" : "84",
                                    "value" : [ " ","overlaps"," " ]
                                 }, {
                                    "r" : "83",
                                    "s" : [ {
                                       "value" : [ "\"Measurement Period\"" ]
                                    } ]
                                 } ]
                              } ]
                           } ]
                        }, {
                           "value" : [ "\n  )" ]
                        } ]
                     } ]
                  } ]
               }
            } ],
            "expression" : {
               "localId" : "86",
               "locator" : "47:3-49:3",
               "type" : "Exists",
               "operand" : {
                  "localId" : "85",
                  "locator" : "47:10-49:3",
                  "type" : "Query",
                  "source" : [ {
                     "localId" : "80",
                     "locator" : "47:12-47:60",
                     "alias" : "Retinopathy",
                     "expression" : {
                        "localId" : "79",
                        "locator" : "47:12-47:48",
                        "dataType" : "{urn:healthit-gov:qdm:v5_5}Diagnosis",
                        "codeProperty" : "code",
                        "type" : "Retrieve",
                        "codes" : {
                           "locator" : "47:26-47:47",
                           "name" : "Diabetic Retinopathy",
                           "type" : "ValueSetRef"
                        }
                     }
                  } ],
                  "relationship" : [ ],
                  "where" : {
                     "localId" : "84",
                     "locator" : "48:7-48:70",
                     "type" : "Overlaps",
                     "operand" : [ {
                        "localId" : "82",
                        "locator" : "48:13-48:40",
                        "path" : "prevalencePeriod",
                        "scope" : "Retinopathy",
                        "type" : "Property"
                     }, {
                        "localId" : "83",
                        "locator" : "48:51-48:70",
                        "name" : "Measurement Period",
                        "type" : "ParameterRef"
                     } ]
                  }
               }
            }
         }, {
            "localId" : "96",
            "locator" : "77:1-79:66",
            "name" : "Retinal Exam in Measurement Period",
            "context" : "Patient",
            "accessLevel" : "Public",
            "annotation" : [ {
               "type" : "Annotation",
               "s" : {
                  "r" : "96",
                  "s" : [ {
                     "value" : [ "define ","\"Retinal Exam in Measurement Period\"",":\n  " ]
                  }, {
                     "r" : "95",
                     "s" : [ {
                        "s" : [ {
                           "r" : "90",
                           "s" : [ {
                              "r" : "89",
                              "s" : [ {
                                 "r" : "89",
                                 "s" : [ {
                                    "value" : [ "[","\"Physical Exam, Performed\"",": " ]
                                 }, {
                                    "s" : [ {
                                       "value" : [ "\"Retinal or Dilated Eye Exam\"" ]
                                    } ]
                                 }, {
                                    "value" : [ "]" ]
                                 } ]
                              } ]
                           }, {
                              "value" : [ " ","RetinalExam" ]
                           } ]
                        } ]
                     }, {
                        "value" : [ "\n    " ]
                     }, {
                        "r" : "94",
                        "s" : [ {
                           "value" : [ "where " ]
                        }, {
                           "r" : "94",
                           "s" : [ {
                              "r" : "92",
                              "s" : [ {
                                 "r" : "91",
                                 "s" : [ {
                                    "value" : [ "RetinalExam" ]
                                 } ]
                              }, {
                                 "value" : [ "." ]
                              }, {
                                 "r" : "92",
                                 "s" : [ {
                                    "value" : [ "relevantDatetime" ]
                                 } ]
                              } ]
                           }, {
                              "r" : "94",
                              "value" : [ " ","during"," " ]
                           }, {
                              "r" : "93",
                              "s" : [ {
                                 "value" : [ "\"Measurement Period\"" ]
                              } ]
                           } ]
                        } ]
                     } ]
                  } ]
               }
            } ],
            "expression" : {
               "localId" : "95",
               "locator" : "78:3-79:66",
               "type" : "Query",
               "source" : [ {
                  "localId" : "90",
                  "locator" : "78:3-78:73",
                  "alias" : "RetinalExam",
                  "expression" : {
                     "localId" : "89",
                     "locator" : "78:3-78:61",
                     "dataType" : "{urn:healthit-gov:qdm:v5_5}PositivePhysicalExamPerformed",
                     "templateId" : "PositivePhysicalExamPerformed",
                     "codeProperty" : "code",
                     "type" : "Retrieve",
                     "codes" : {
                        "locator" : "78:32-78:60",
                        "name" : "Retinal or Dilated Eye Exam",
                        "type" : "ValueSetRef"
                     }
                  }
               } ],
               "relationship" : [ ],
               "where" : {
                  "localId" : "94",
                  "locator" : "79:5-79:66",
                  "type" : "In",
                  "operand" : [ {
                     "localId" : "92",
                     "locator" : "79:11-79:38",
                     "path" : "relevantDatetime",
                     "scope" : "RetinalExam",
                     "type" : "Property"
                  }, {
                     "localId" : "93",
                     "locator" : "79:47-79:66",
                     "name" : "Measurement Period",
                     "type" : "ParameterRef"
                  } ]
               }
            }
         }, {
            "localId" : "114",
            "locator" : "81:1-84:31",
            "name" : "Retinal Exam in Measurement Period or Year Prior",
            "context" : "Patient",
            "accessLevel" : "Public",
            "annotation" : [ {
               "type" : "Annotation",
               "s" : {
                  "r" : "114",
                  "s" : [ {
                     "value" : [ "define ","\"Retinal Exam in Measurement Period or Year Prior\"",":\n  " ]
                  }, {
                     "r" : "113",
                     "s" : [ {
                        "s" : [ {
                           "r" : "103",
                           "s" : [ {
                              "r" : "102",
                              "s" : [ {
                                 "r" : "102",
                                 "s" : [ {
                                    "value" : [ "[","\"Physical Exam, Performed\"",": " ]
                                 }, {
                                    "s" : [ {
                                       "value" : [ "\"Retinal or Dilated Eye Exam\"" ]
                                    } ]
                                 }, {
                                    "value" : [ "]" ]
                                 } ]
                              } ]
                           }, {
                              "value" : [ " ","RetinalExam" ]
                           } ]
                        } ]
                     }, {
                        "value" : [ "\n    " ]
                     }, {
                        "r" : "112",
                        "s" : [ {
                           "value" : [ "where " ]
                        }, {
                           "r" : "112",
                           "s" : [ {
                              "r" : "105",
                              "s" : [ {
                                 "r" : "104",
                                 "s" : [ {
                                    "value" : [ "RetinalExam" ]
                                 } ]
                              }, {
                                 "value" : [ "." ]
                              }, {
                                 "r" : "105",
                                 "s" : [ {
                                    "value" : [ "relevantDatetime" ]
                                 } ]
                              } ]
                           }, {
                              "value" : [ " between " ]
                           }, {
                              "r" : "109",
                              "s" : [ {
                                 "r" : "107",
                                 "s" : [ {
                                    "value" : [ "start of " ]
                                 }, {
                                    "r" : "106",
                                    "s" : [ {
                                       "value" : [ "\"Measurement Period\"" ]
                                    } ]
                                 } ]
                              }, {
                                 "value" : [ " - " ]
                              }, {
                                 "r" : "108",
                                 "s" : [ {
                                    "value" : [ "1 ","year" ]
                                 } ]
                              } ]
                           }, {
                              "value" : [ " and \n    " ]
                           }, {
                              "r" : "111",
                              "s" : [ {
                                 "value" : [ "end of " ]
                              }, {
                                 "r" : "110",
                                 "s" : [ {
                                    "value" : [ "\"Measurement Period\"" ]
                                 } ]
                              } ]
                           } ]
                        } ]
                     } ]
                  } ]
               }
            } ],
            "expression" : {
               "localId" : "113",
               "locator" : "82:3-84:31",
               "type" : "Query",
               "source" : [ {
                  "localId" : "103",
                  "locator" : "82:3-82:73",
                  "alias" : "RetinalExam",
                  "expression" : {
                     "localId" : "102",
                     "locator" : "82:3-82:61",
                     "dataType" : "{urn:healthit-gov:qdm:v5_5}PositivePhysicalExamPerformed",
                     "templateId" : "PositivePhysicalExamPerformed",
                     "codeProperty" : "code",
                     "type" : "Retrieve",
                     "codes" : {
                        "locator" : "82:32-82:60",
                        "name" : "Retinal or Dilated Eye Exam",
                        "type" : "ValueSetRef"
                     }
                  }
               } ],
               "relationship" : [ ],
               "where" : {
                  "localId" : "112",
                  "locator" : "83:5-84:31",
                  "type" : "And",
                  "operand" : [ {
                     "type" : "GreaterOrEqual",
                     "operand" : [ {
                        "localId" : "105",
                        "locator" : "83:11-83:38",
                        "path" : "relevantDatetime",
                        "scope" : "RetinalExam",
                        "type" : "Property"
                     }, {
                        "localId" : "109",
                        "locator" : "83:48-83:85",
                        "type" : "Subtract",
                        "operand" : [ {
                           "localId" : "107",
                           "locator" : "83:48-83:76",
                           "type" : "Start",
                           "operand" : {
                              "localId" : "106",
                              "locator" : "83:57-83:76",
                              "name" : "Measurement Period",
                              "type" : "ParameterRef"
                           }
                        }, {
                           "localId" : "108",
                           "locator" : "83:80-83:85",
                           "value" : 1,
                           "unit" : "year",
                           "type" : "Quantity"
                        } ]
                     } ]
                  }, {
                     "type" : "LessOrEqual",
                     "operand" : [ {
                        "localId" : "105",
                        "locator" : "83:11-83:38",
                        "path" : "relevantDatetime",
                        "scope" : "RetinalExam",
                        "type" : "Property"
                     }, {
                        "localId" : "111",
                        "locator" : "84:5-84:31",
                        "type" : "End",
                        "operand" : {
                           "localId" : "110",
                           "locator" : "84:12-84:31",
                           "name" : "Measurement Period",
                           "type" : "ParameterRef"
                        }
                     } ]
                  } ]
               }
            }
         }, {
            "localId" : "119",
            "locator" : "51:1-57:5",
            "name" : "Numerator",
            "context" : "Patient",
            "accessLevel" : "Public",
            "annotation" : [ {
               "type" : "Annotation",
               "s" : {
                  "r" : "119",
                  "s" : [ {
                     "value" : [ "define ","\"Numerator\"",":\n  " ]
                  }, {
                     "r" : "118",
                     "s" : [ {
                        "r" : "99",
                        "s" : [ {
                           "value" : [ "( " ]
                        }, {
                           "r" : "99",
                           "s" : [ {
                              "r" : "88",
                              "s" : [ {
                                 "value" : [ "\"Diabetic Retinopathy Overlapping Measurement Period\"" ]
                              } ]
                           }, {
                              "value" : [ "\n      and " ]
                           }, {
                              "r" : "98",
                              "s" : [ {
                                 "value" : [ "exists " ]
                              }, {
                                 "r" : "97",
                                 "s" : [ {
                                    "value" : [ "( " ]
                                 }, {
                                    "r" : "97",
                                    "s" : [ {
                                       "value" : [ "\"Retinal Exam in Measurement Period\"" ]
                                    } ]
                                 }, {
                                    "value" : [ " )" ]
                                 } ]
                              } ]
                           } ]
                        }, {
                           "value" : [ "\n  )" ]
                        } ]
                     }, {
                        "value" : [ "\n    or " ]
                     }, {
                        "r" : "117",
                        "s" : [ {
                           "value" : [ "( " ]
                        }, {
                           "r" : "117",
                           "s" : [ {
                              "r" : "101",
                              "s" : [ {
                                 "value" : [ "not " ]
                              }, {
                                 "r" : "100",
                                 "s" : [ {
                                    "value" : [ "( " ]
                                 }, {
                                    "r" : "100",
                                    "s" : [ {
                                       "value" : [ "\"Diabetic Retinopathy Overlapping Measurement Period\"" ]
                                    } ]
                                 }, {
                                    "value" : [ " )" ]
                                 } ]
                              } ]
                           }, {
                              "value" : [ "\n        and " ]
                           }, {
                              "r" : "116",
                              "s" : [ {
                                 "value" : [ "exists " ]
                              }, {
                                 "r" : "115",
                                 "s" : [ {
                                    "value" : [ "( " ]
                                 }, {
                                    "r" : "115",
                                    "s" : [ {
                                       "value" : [ "\"Retinal Exam in Measurement Period or Year Prior\"" ]
                                    } ]
                                 }, {
                                    "value" : [ " )" ]
                                 } ]
                              } ]
                           } ]
                        }, {
                           "value" : [ "\n    )" ]
                        } ]
                     } ]
                  } ]
               }
            } ],
            "expression" : {
               "localId" : "118",
               "locator" : "52:3-57:5",
               "type" : "Or",
               "operand" : [ {
                  "localId" : "99",
                  "locator" : "52:3-54:3",
                  "type" : "And",
                  "operand" : [ {
                     "localId" : "88",
                     "locator" : "52:5-52:57",
                     "name" : "Diabetic Retinopathy Overlapping Measurement Period",
                     "type" : "ExpressionRef"
                  }, {
                     "localId" : "98",
                     "locator" : "53:11-53:57",
                     "type" : "Exists",
                     "operand" : {
                        "localId" : "97",
                        "locator" : "53:18-53:57",
                        "name" : "Retinal Exam in Measurement Period",
                        "type" : "ExpressionRef"
                     }
                  } ]
               }, {
                  "localId" : "117",
                  "locator" : "55:8-57:5",
                  "type" : "And",
                  "operand" : [ {
                     "localId" : "101",
                     "locator" : "55:10-55:70",
                     "type" : "Not",
                     "operand" : {
                        "localId" : "100",
                        "locator" : "55:14-55:70",
                        "name" : "Diabetic Retinopathy Overlapping Measurement Period",
                        "type" : "ExpressionRef"
                     }
                  }, {
                     "localId" : "116",
                     "locator" : "56:13-56:73",
                     "type" : "Exists",
                     "operand" : {
                        "localId" : "115",
                        "locator" : "56:20-56:73",
                        "name" : "Retinal Exam in Measurement Period or Year Prior",
                        "type" : "ExpressionRef"
                     }
                  } ]
               } ]
            }
         }, {
            "localId" : "141",
            "locator" : "86:1-92:5",
            "name" : "Denominator Exclusions",
            "context" : "Patient",
            "accessLevel" : "Public",
            "annotation" : [ {
               "type" : "Annotation",
               "s" : {
                  "r" : "141",
                  "s" : [ {
                     "value" : [ "define ","\"Denominator Exclusions\"",":\n  " ]
                  }, {
                     "r" : "140",
                     "s" : [ {
                        "r" : "124",
                        "s" : [ {
                           "r" : "121",
                           "s" : [ {
                              "r" : "120",
                              "s" : [ {
                                 "value" : [ "Hospice" ]
                              } ]
                           }, {
                              "value" : [ "." ]
                           }, {
                              "r" : "121",
                              "s" : [ {
                                 "value" : [ "\"Has Hospice\"" ]
                              } ]
                           } ]
                        }, {
                           "value" : [ "\n    or " ]
                        }, {
                           "r" : "123",
                           "s" : [ {
                              "r" : "122",
                              "s" : [ {
                                 "value" : [ "FrailtyLTI" ]
                              } ]
                           }, {
                              "value" : [ "." ]
                           }, {
                              "r" : "123",
                              "s" : [ {
                                 "value" : [ "\"Advanced Illness and Frailty Exclusion Not Including Over Age 80\"" ]
                              } ]
                           } ]
                        } ]
                     }, {
                        "value" : [ "\n    or " ]
                     }, {
                        "r" : "139",
                        "s" : [ {
                           "value" : [ "( " ]
                        }, {
                           "r" : "139",
                           "s" : [ {
                              "value" : [ "exists " ]
                           }, {
                              "r" : "138",
                              "s" : [ {
                                 "s" : [ {
                                    "r" : "126",
                                    "s" : [ {
                                       "r" : "125",
                                       "s" : [ {
                                          "r" : "125",
                                          "s" : [ {
                                             "value" : [ "[","\"Patient Characteristic Birthdate\"",": " ]
                                          }, {
                                             "s" : [ {
                                                "value" : [ "\"Birth date\"" ]
                                             } ]
                                          }, {
                                             "value" : [ "]" ]
                                          } ]
                                       } ]
                                    }, {
                                       "value" : [ " ","BirthDate" ]
                                    } ]
                                 } ]
                              }, {
                                 "value" : [ "\n        " ]
                              }, {
                                 "r" : "137",
                                 "s" : [ {
                                    "value" : [ "where " ]
                                 }, {
                                    "r" : "137",
                                    "s" : [ {
                                       "r" : "134",
                                       "s" : [ {
                                          "value" : [ "( " ]
                                       }, {
                                          "r" : "134",
                                          "s" : [ {
                                             "r" : "132",
                                             "s" : [ {
                                                "r" : "127",
                                                "s" : [ {
                                                   "value" : [ "Global" ]
                                                } ]
                                             }, {
                                                "value" : [ "." ]
                                             }, {
                                                "r" : "132",
                                                "s" : [ {
                                                   "value" : [ "\"CalendarAgeInYearsAt\""," ( " ]
                                                }, {
                                                   "r" : "129",
                                                   "s" : [ {
                                                      "r" : "128",
                                                      "s" : [ {
                                                         "value" : [ "BirthDate" ]
                                                      } ]
                                                   }, {
                                                      "value" : [ "." ]
                                                   }, {
                                                      "r" : "129",
                                                      "s" : [ {
                                                         "value" : [ "birthDatetime" ]
                                                      } ]
                                                   } ]
                                                }, {
                                                   "value" : [ ", " ]
                                                }, {
                                                   "r" : "131",
                                                   "s" : [ {
                                                      "value" : [ "start of " ]
                                                   }, {
                                                      "r" : "130",
                                                      "s" : [ {
                                                         "value" : [ "\"Measurement Period\"" ]
                                                      } ]
                                                   } ]
                                                }, {
                                                   "value" : [ " )" ]
                                                } ]
                                             } ]
                                          }, {
                                             "r" : "133",
                                             "value" : [ " ",">="," ","65" ]
                                          } ]
                                       }, {
                                          "value" : [ " )" ]
                                       } ]
                                    }, {
                                       "value" : [ "\n          and " ]
                                    }, {
                                       "r" : "136",
                                       "s" : [ {
                                          "r" : "135",
                                          "s" : [ {
                                             "value" : [ "FrailtyLTI" ]
                                          } ]
                                       }, {
                                          "value" : [ "." ]
                                       }, {
                                          "r" : "136",
                                          "s" : [ {
                                             "value" : [ "\"Long Term Care Periods Longer Than 90 Consecutive Days\"" ]
                                          } ]
                                       } ]
                                    } ]
                                 } ]
                              } ]
                           } ]
                        }, {
                           "value" : [ "\n    )" ]
                        } ]
                     } ]
                  } ]
               }
            } ],
            "expression" : {
               "localId" : "140",
               "locator" : "87:3-92:5",
               "type" : "Or",
               "operand" : [ {
                  "localId" : "124",
                  "locator" : "87:3-88:84",
                  "type" : "Or",
                  "operand" : [ {
                     "localId" : "121",
                     "locator" : "87:3-87:23",
                     "name" : "Has Hospice",
                     "libraryName" : "Hospice",
                     "type" : "ExpressionRef"
                  }, {
                     "localId" : "123",
                     "locator" : "88:8-88:84",
                     "name" : "Advanced Illness and Frailty Exclusion Not Including Over Age 80",
                     "libraryName" : "FrailtyLTI",
                     "type" : "ExpressionRef"
                  } ]
               }, {
                  "localId" : "139",
                  "locator" : "89:8-92:5",
                  "type" : "Exists",
                  "operand" : {
                     "localId" : "138",
                     "locator" : "89:17-91:81",
                     "type" : "Query",
                     "source" : [ {
                        "localId" : "126",
                        "locator" : "89:17-89:76",
                        "alias" : "BirthDate",
                        "expression" : {
                           "localId" : "125",
                           "locator" : "89:17-89:66",
                           "dataType" : "{urn:healthit-gov:qdm:v5_5}PatientCharacteristicBirthdate",
                           "codeProperty" : "code",
                           "type" : "Retrieve",
                           "codes" : {
                              "type" : "ToList",
                              "operand" : {
                                 "locator" : "89:54-89:65",
                                 "name" : "Birth date",
                                 "type" : "CodeRef"
                              }
                           }
                        }
                     } ],
                     "relationship" : [ ],
                     "where" : {
                        "localId" : "137",
                        "locator" : "90:9-91:81",
                        "type" : "And",
                        "operand" : [ {
                           "localId" : "134",
                           "locator" : "90:15-90:112",
                           "type" : "GreaterOrEqual",
                           "operand" : [ {
                              "localId" : "132",
                              "locator" : "90:17-90:104",
                              "name" : "CalendarAgeInYearsAt",
                              "libraryName" : "Global",
                              "type" : "FunctionRef",
                              "operand" : [ {
                                 "localId" : "129",
                                 "locator" : "90:49-90:71",
                                 "path" : "birthDatetime",
                                 "scope" : "BirthDate",
                                 "type" : "Property"
                              }, {
                                 "localId" : "131",
                                 "locator" : "90:74-90:102",
                                 "type" : "Start",
                                 "operand" : {
                                    "localId" : "130",
                                    "locator" : "90:83-90:102",
                                    "name" : "Measurement Period",
                                    "type" : "ParameterRef"
                                 }
                              } ]
                           }, {
                              "localId" : "133",
                              "locator" : "90:109-90:110",
                              "valueType" : "{urn:hl7-org:elm-types:r1}Integer",
                              "value" : "65",
                              "type" : "Literal"
                           } ]
                        }, {
                           "localId" : "136",
                           "locator" : "91:15-91:81",
                           "name" : "Long Term Care Periods Longer Than 90 Consecutive Days",
                           "libraryName" : "FrailtyLTI",
                           "type" : "ExpressionRef"
                        } ]
                     }
                  }
               } ]
            }
         } ]
      }
   }
}