<?xml version="1.0" encoding="UTF-8"?>
<library xmlns="urn:hl7-org:elm:r1" xmlns:t="urn:hl7-org:elm-types:r1" xmlns:xsi="http://www.w3.org/2001/XMLSchema-instance" xmlns:xsd="http://www.w3.org/2001/XMLSchema" xmlns:fhir="http://hl7.org/fhir" xmlns:qdm43="urn:healthit-gov:qdm:v4_3" xmlns:qdm53="urn:healthit-gov:qdm:v5_3" xmlns:a="urn:hl7-org:cql-annotations:r1">
   <identifier id="Bonedensityevaluationforpatientswithprostatecancerandreceivingandrogendeprivationtherapy" version="4.1.000"/>
   <schemaIdentifier id="urn:hl7-org:elm" version="r1"/>
   <usings>
      <def localIdentifier="System" uri="urn:hl7-org:elm-types:r1"/>
      <def localId="1" locator="3:1-3:23" localIdentifier="QDM" uri="urn:healthit-gov:qdm:v5_5" version="5.5"/>
   </usings>
   <parameters>
      <def localId="19" locator="21:1-21:49" name="Measurement Period" accessLevel="Public">
         <parameterTypeSpecifier localId="18" locator="21:32-21:49" xsi:type="IntervalTypeSpecifier">
            <pointType localId="17" locator="21:41-21:48" name="t:DateTime" xsi:type="NamedTypeSpecifier"/>
         </parameterTypeSpecifier>
      </def>
   </parameters>
   <codeSystems>
      <def localId="2" locator="5:1-5:55" name="SNOMEDCT" id="urn:oid:2.16.840.1.113883.6.96" accessLevel="Public"/>
      <def localId="3" locator="6:1-6:66" name="AdministrativeGender" id="urn:oid:2.16.840.1.113883.5.1" accessLevel="Public"/>
   </codeSystems>
   <valueSets>
      <def localId="4" locator="8:1-8:97" name="Androgen deprivation therapy for Urology Care" id="urn:oid:2.16.840.1.113762.1.4.1151.48" accessLevel="Public"/>
      <def localId="5" locator="9:1-9:119" name="DEXA Dual Energy Xray Absorptiometry, Bone Density for Urology Care" id="urn:oid:2.16.840.1.113762.1.4.1151.38" accessLevel="Public"/>
      <def localId="6" locator="10:1-10:58" name="Ethnicity" id="urn:oid:2.16.840.1.114222.4.11.837" accessLevel="Public"/>
      <def localId="7" locator="11:1-11:75" name="Office Visit" id="urn:oid:2.16.840.1.113883.3.464.1003.101.12.1001" accessLevel="Public"/>
      <def localId="8" locator="12:1-12:68" name="ONC Administrative Sex" id="urn:oid:2.16.840.1.113762.1.4.1" accessLevel="Public"/>
      <def localId="9" locator="13:1-13:72" name="Patient Reason refused" id="urn:oid:2.16.840.1.113883.3.600.791" accessLevel="Public"/>
      <def localId="10" locator="14:1-14:55" name="Payer" id="urn:oid:2.16.840.1.114222.4.11.3591" accessLevel="Public"/>
      <def localId="11" locator="15:1-15:67" name="Prostate Cancer" id="urn:oid:2.16.840.1.113883.3.526.3.319" accessLevel="Public"/>
      <def localId="12" locator="16:1-16:53" name="Race" id="urn:oid:2.16.840.1.114222.4.11.836" accessLevel="Public"/>
   </valueSets>
   <codes>
      <def localId="14" locator="18:1-18:197" name="Injection of leuprolide acetate for twelve month period (regime/therapy)" id="456381000124102" display="Injection of leuprolide acetate for twelve month period (regime/therapy)" accessLevel="Public">
         <codeSystem localId="13" locator="18:105-18:114" name="SNOMEDCT"/>
      </def>
      <def localId="16" locator="19:1-19:59" name="Male" id="M" display="Male" accessLevel="Public">
         <codeSystem localId="15" locator="19:23-19:44" name="AdministrativeGender"/>
      </def>
   </codes>
   <statements>
      <def locator="23:1-23:15" name="Patient" context="Patient">
         <expression xsi:type="SingletonFrom">
            <operand locator="23:1-23:15" xmlns:ns0="urn:healthit-gov:qdm:v5_5" dataType="ns0:Patient" templateId="Patient" xsi:type="Retrieve"/>
         </expression>
      </def>
      <def localId="22" locator="28:1-29:47" name="Patient is Male" context="Patient" accessLevel="Public">
         <annotation xsi:type="a:Annotation">
            <a:s r="22">
               <a:s>define &quot;Patient is Male&quot;:
  </a:s>
               <a:s r="21">
                  <a:s>exists </a:s>
                  <a:s r="20">
                     <a:s>[&quot;Patient Characteristic Sex&quot;: </a:s>
                     <a:s>
                        <a:s>&quot;Male&quot;</a:s>
                     </a:s>
                     <a:s>]</a:s>
                  </a:s>
               </a:s>
            </a:s>
         </annotation>
         <expression localId="21" locator="29:3-29:47" xsi:type="Exists">
            <operand localId="20" locator="29:10-29:47" xmlns:ns1="urn:healthit-gov:qdm:v5_5" dataType="ns1:PatientCharacteristicSex" codeProperty="code" xsi:type="Retrieve">
               <codes xsi:type="ToList">
                  <operand locator="29:41-29:46" name="Male" xsi:type="CodeRef"/>
               </codes>
            </operand>
         </expression>
      </def>
      <def localId="32" locator="59:1-61:62" name="Has Qualifying Encounter" context="Patient" accessLevel="Public">
         <annotation xsi:type="a:Annotation">
            <a:s r="32">
               <a:s>define &quot;Has Qualifying Encounter&quot;:
  </a:s>
               <a:s r="31">
                  <a:s>exists </a:s>
                  <a:s r="30">
                     <a:s>
                        <a:s r="25">
                           <a:s r="24">
                              <a:s r="24">
                                 <a:s>[&quot;Encounter, Performed&quot;: </a:s>
                                 <a:s>
                                    <a:s>&quot;Office Visit&quot;</a:s>
                                 </a:s>
                                 <a:s>]</a:s>
                              </a:s>
                           </a:s>
                           <a:s> Encounter</a:s>
                        </a:s>
                     </a:s>
                     <a:s>
    </a:s>
                     <a:s r="29">
                        <a:s>where </a:s>
                        <a:s r="29">
                           <a:s r="27">
                              <a:s r="26">
                                 <a:s>Encounter</a:s>
                              </a:s>
                              <a:s>.</a:s>
                              <a:s r="27">
                                 <a:s>relevantPeriod</a:s>
                              </a:s>
                           </a:s>
                           <a:s r="29"> during </a:s>
                           <a:s r="28">
                              <a:s>&quot;Measurement Period&quot;</a:s>
                           </a:s>
                        </a:s>
                     </a:s>
                  </a:s>
               </a:s>
            </a:s>
         </annotation>
         <expression localId="31" locator="60:3-61:62" xsi:type="Exists">
            <operand localId="30" locator="60:10-61:62" xsi:type="Query">
               <source localId="25" locator="60:10-60:59" alias="Encounter">
                  <expression localId="24" locator="60:10-60:49" xmlns:ns2="urn:healthit-gov:qdm:v5_5" dataType="ns2:PositiveEncounterPerformed" templateId="PositiveEncounterPerformed" codeProperty="code" xsi:type="Retrieve">
                     <codes locator="60:35-60:48" name="Office Visit" xsi:type="ValueSetRef"/>
                  </expression>
               </source>
               <where localId="29" locator="61:5-61:62" xsi:type="IncludedIn">
                  <operand localId="27" locator="61:11-61:34" path="relevantPeriod" scope="Encounter" xsi:type="Property"/>
                  <operand localId="28" locator="61:43-61:62" name="Measurement Period" xsi:type="ParameterRef"/>
               </where>
            </operand>
         </expression>
      </def>
      <def localId="44" locator="31:1-34:28" name="Prostate Cancer Diagnosis" context="Patient" accessLevel="Public">
         <annotation xsi:type="a:Annotation">
            <a:s r="44">
               <a:s>define &quot;Prostate Cancer Diagnosis&quot;:
  </a:s>
               <a:s r="43">
                  <a:s>
                     <a:s r="38">
                        <a:s r="37">
                           <a:s r="37">
                              <a:s>[&quot;Diagnosis&quot;: </a:s>
                              <a:s>
                                 <a:s>&quot;Prostate Cancer&quot;</a:s>
                              </a:s>
                              <a:s>]</a:s>
                           </a:s>
                        </a:s>
                        <a:s> ProstateCancer</a:s>
                     </a:s>
                  </a:s>
                  <a:s>
    </a:s>
                  <a:s r="42">
                     <a:s>where </a:s>
                     <a:s r="42">
                        <a:s r="40">
                           <a:s r="39">
                              <a:s>ProstateCancer</a:s>
                           </a:s>
                           <a:s>.</a:s>
                           <a:s r="40">
                              <a:s>prevalencePeriod</a:s>
                           </a:s>
                        </a:s>
                        <a:s r="42"> starts same day or before 
    end </a:s>
                        <a:s r="41">
                           <a:s>&quot;Measurement Period&quot;</a:s>
                        </a:s>
                     </a:s>
                  </a:s>
               </a:s>
            </a:s>
         </annotation>
         <expression localId="43" locator="32:3-34:28" xsi:type="Query">
            <source localId="38" locator="32:3-32:49" alias="ProstateCancer">
               <expression localId="37" locator="32:3-32:34" xmlns:ns3="urn:healthit-gov:qdm:v5_5" dataType="ns3:Diagnosis" codeProperty="code" xsi:type="Retrieve">
                  <codes locator="32:17-32:33" name="Prostate Cancer" xsi:type="ValueSetRef"/>
               </expression>
            </source>
            <where localId="42" locator="33:5-34:28" precision="Day" xsi:type="SameOrBefore">
               <operand locator="33:43-33:48" xsi:type="Start">
                  <operand localId="40" locator="33:11-33:41" path="prevalencePeriod" scope="ProstateCancer" xsi:type="Property"/>
               </operand>
               <operand locator="34:5-34:7" xsi:type="End">
                  <operand localId="41" locator="34:9-34:28" name="Measurement Period" xsi:type="ParameterRef"/>
               </operand>
            </where>
         </expression>
      </def>
      <def localId="72" locator="48:1-57:3" name="First Androgen Deprivation Therapy" context="Patient" accessLevel="Public">
         <annotation xsi:type="a:Annotation">
            <a:s r="72">
               <a:s>define &quot;First Androgen Deprivation Therapy&quot;:
  </a:s>
               <a:s r="71">
                  <a:s>First(</a:s>
                  <a:s r="70">
                     <a:s>
                        <a:s r="36">
                           <a:s r="35">
                              <a:s r="35">
                                 <a:s>[&quot;Medication, Active&quot;: </a:s>
                                 <a:s>
                                    <a:s>&quot;Androgen deprivation therapy for Urology Care&quot;</a:s>
                                 </a:s>
                                 <a:s>]</a:s>
                              </a:s>
                           </a:s>
                           <a:s> InitialADTTherapy</a:s>
                        </a:s>
                     </a:s>
                     <a:s>
      </a:s>
                     <a:s r="52">
                        <a:s>with </a:s>
                        <a:s r="46">
                           <a:s r="45">
                              <a:s>
                                 <a:s>&quot;Prostate Cancer Diagnosis&quot;</a:s>
                              </a:s>
                           </a:s>
                           <a:s> ProstateCancer</a:s>
                        </a:s>
                        <a:s>
        such that </a:s>
                        <a:s r="51">
                           <a:s r="48">
                              <a:s r="47">
                                 <a:s>InitialADTTherapy</a:s>
                              </a:s>
                              <a:s>.</a:s>
                              <a:s r="48">
                                 <a:s>relevantPeriod</a:s>
                              </a:s>
                           </a:s>
                           <a:s r="51"> starts on or before 
        end </a:s>
                           <a:s r="50">
                              <a:s r="49">
                                 <a:s>ProstateCancer</a:s>
                              </a:s>
                              <a:s>.</a:s>
                              <a:s r="50">
                                 <a:s>prevalencePeriod</a:s>
                              </a:s>
                           </a:s>
                        </a:s>
                     </a:s>
                     <a:s>
      </a:s>
                     <a:s r="65">
                        <a:s>with </a:s>
                        <a:s r="54">
                           <a:s r="53">
                              <a:s r="53">
                                 <a:s>[&quot;Procedure, Order&quot;: </a:s>
                                 <a:s>
                                    <a:s>&quot;Injection of leuprolide acetate for twelve month period (regime/therapy)&quot;</a:s>
                                 </a:s>
                                 <a:s>]</a:s>
                              </a:s>
                           </a:s>
                           <a:s> TwelveMonthADTTherapy</a:s>
                        </a:s>
                        <a:s>
        such that </a:s>
                        <a:s r="64">
                           <a:s r="59">
                              <a:s r="56">
                                 <a:s r="55">
                                    <a:s>InitialADTTherapy</a:s>
                                 </a:s>
                                 <a:s>.</a:s>
                                 <a:s r="56">
                                    <a:s>relevantPeriod</a:s>
                                 </a:s>
                              </a:s>
                              <a:s r="59"> includes </a:s>
                              <a:s r="58">
                                 <a:s r="57">
                                    <a:s>TwelveMonthADTTherapy</a:s>
                                 </a:s>
                                 <a:s>.</a:s>
                                 <a:s r="58">
                                    <a:s>authorDatetime</a:s>
                                 </a:s>
                              </a:s>
                           </a:s>
                           <a:s>
          and </a:s>
                           <a:s r="63">
                              <a:s r="61">
                                 <a:s r="60">
                                    <a:s>InitialADTTherapy</a:s>
                                 </a:s>
                                 <a:s>.</a:s>
                                 <a:s r="61">
                                    <a:s>relevantPeriod</a:s>
                                 </a:s>
                              </a:s>
                              <a:s r="63"> overlaps </a:s>
                              <a:s r="62">
                                 <a:s>&quot;Measurement Period&quot;</a:s>
                              </a:s>
                           </a:s>
                        </a:s>
                     </a:s>
                     <a:s>
      </a:s>
                     <a:s r="69">
                        <a:s>sort by </a:s>
                        <a:s r="68">
                           <a:s r="67">
                              <a:s>start of </a:s>
                              <a:s r="66">
                                 <a:s>relevantPeriod</a:s>
                              </a:s>
                           </a:s>
                        </a:s>
                     </a:s>
                  </a:s>
                  <a:s>
  )</a:s>
               </a:s>
            </a:s>
         </annotation>
         <expression localId="71" locator="49:3-57:3" xsi:type="First">
            <source localId="70" locator="49:9-56:37" xsi:type="Query">
               <source localId="36" locator="49:9-49:97" alias="InitialADTTherapy">
                  <expression localId="35" locator="49:9-49:79" xmlns:ns4="urn:healthit-gov:qdm:v5_5" dataType="ns4:MedicationActive" codeProperty="code" xsi:type="Retrieve">
                     <codes locator="49:32-49:78" name="Androgen deprivation therapy for Urology Care" xsi:type="ValueSetRef"/>
                  </expression>
               </source>
               <relationship localId="52" locator="50:7-52:43" alias="ProstateCancer" xsi:type="With">
                  <expression localId="45" locator="50:12-50:38" name="Prostate Cancer Diagnosis" xsi:type="ExpressionRef"/>
                  <suchThat localId="51" locator="51:19-52:43" xsi:type="SameOrBefore">
                     <operand locator="51:52-51:57" xsi:type="Start">
                        <operand localId="48" locator="51:19-51:50" path="relevantPeriod" scope="InitialADTTherapy" xsi:type="Property"/>
                     </operand>
                     <operand locator="52:9-52:11" xsi:type="End">
                        <operand localId="50" locator="52:13-52:43" path="prevalencePeriod" scope="ProstateCancer" xsi:type="Property"/>
                     </operand>
                  </suchThat>
               </relationship>
               <relationship localId="65" locator="53:7-55:76" alias="TwelveMonthADTTherapy" xsi:type="With">
                  <expression localId="53" locator="53:12-53:107" xmlns:ns5="urn:healthit-gov:qdm:v5_5" dataType="ns5:PositiveProcedureOrder" templateId="PositiveProcedureOrder" codeProperty="code" xsi:type="Retrieve">
                     <codes xsi:type="ToList">
                        <operand locator="53:33-53:106" name="Injection of leuprolide acetate for twelve month period (regime/therapy)" xsi:type="CodeRef"/>
                     </codes>
                  </expression>
                  <suchThat localId="64" locator="54:19-55:76" xsi:type="And">
                     <operand localId="59" locator="54:19-54:96" xsi:type="Contains">
                        <operand localId="56" locator="54:19-54:50" path="relevantPeriod" scope="InitialADTTherapy" xsi:type="Property"/>
                        <operand localId="58" locator="54:61-54:96" path="authorDatetime" scope="TwelveMonthADTTherapy" xsi:type="Property"/>
                     </operand>
                     <operand localId="63" locator="55:15-55:76" xsi:type="Overlaps">
                        <operand localId="61" locator="55:15-55:46" path="relevantPeriod" scope="InitialADTTherapy" xsi:type="Property"/>
                        <operand localId="62" locator="55:57-55:76" name="Measurement Period" xsi:type="ParameterRef"/>
                     </operand>
                  </suchThat>
               </relationship>
               <sort localId="69" locator="56:7-56:37">
                  <by localId="68" locator="56:15-56:37" direction="asc" xsi:type="ByExpression">
                     <expression localId="67" locator="56:15-56:37" xsi:type="Start">
                        <operand localId="66" locator="56:24-56:37" name="relevantPeriod" xsi:type="IdentifierRef"/>
                     </expression>
                  </by>
               </sort>
            </source>
         </expression>
      </def>
      <def localId="76" locator="63:1-66:56" name="Initial Population" context="Patient" accessLevel="Public">
         <annotation xsi:type="a:Annotation">
            <a:s r="76">
               <a:s>define &quot;Initial Population&quot;:
  </a:s>
               <a:s r="75">
                  <a:s r="34">
                     <a:s r="23">
                        <a:s>&quot;Patient is Male&quot;</a:s>
                     </a:s>
                     <a:s>
    and </a:s>
                     <a:s r="33">
                        <a:s>&quot;Has Qualifying Encounter&quot;</a:s>
                     </a:s>
                  </a:s>
                  <a:s>
    and </a:s>
                  <a:s r="74">
                     <a:s r="73">
                        <a:s>&quot;First Androgen Deprivation Therapy&quot;</a:s>
                     </a:s>
                     <a:s> is not null</a:s>
                  </a:s>
               </a:s>
            </a:s>
         </annotation>
         <expression localId="75" locator="64:3-66:56" xsi:type="And">
            <operand localId="34" locator="64:3-65:34" xsi:type="And">
               <operand localId="23" locator="64:3-64:19" name="Patient is Male" xsi:type="ExpressionRef"/>
               <operand localId="33" locator="65:9-65:34" name="Has Qualifying Encounter" xsi:type="ExpressionRef"/>
            </operand>
            <operand localId="74" locator="66:9-66:56" xsi:type="Not">
               <operand locator="66:9-66:56" xsi:type="IsNull">
                  <operand localId="73" locator="66:9-66:44" name="First Androgen Deprivation Therapy" xsi:type="ExpressionRef"/>
               </operand>
            </operand>
         </expression>
      </def>
      <def localId="78" locator="25:1-26:22" name="Denominator" context="Patient" accessLevel="Public">
         <annotation xsi:type="a:Annotation">
            <a:s r="78">
               <a:s>define &quot;Denominator&quot;:
  </a:s>
               <a:s r="77">
                  <a:s>&quot;Initial Population&quot;</a:s>
               </a:s>
            </a:s>
         </annotation>
         <expression localId="77" locator="26:3-26:22" name="Initial Population" xsi:type="ExpressionRef"/>
      </def>
      <def localId="80" locator="36:1-37:51" name="SDE Ethnicity" context="Patient" accessLevel="Public">
         <annotation xsi:type="a:Annotation">
            <a:s r="80">
               <a:s>define &quot;SDE Ethnicity&quot;:
  </a:s>
               <a:s r="79">
                  <a:s>[&quot;Patient Characteristic Ethnicity&quot;: </a:s>
                  <a:s>
                     <a:s>&quot;Ethnicity&quot;</a:s>
                  </a:s>
                  <a:s>]</a:s>
               </a:s>
            </a:s>
         </annotation>
         <expression localId="79" locator="37:3-37:51" xmlns:ns6="urn:healthit-gov:qdm:v5_5" dataType="ns6:PatientCharacteristicEthnicity" codeProperty="code" xsi:type="Retrieve">
            <codes locator="37:40-37:50" name="Ethnicity" xsi:type="ValueSetRef"/>
         </expression>
      </def>
      <def localId="82" locator="39:1-40:43" name="SDE Payer" context="Patient" accessLevel="Public">
         <annotation xsi:type="a:Annotation">
            <a:s r="82">
               <a:s>define &quot;SDE Payer&quot;:
  </a:s>
               <a:s r="81">
                  <a:s>[&quot;Patient Characteristic Payer&quot;: </a:s>
                  <a:s>
                     <a:s>&quot;Payer&quot;</a:s>
                  </a:s>
                  <a:s>]</a:s>
               </a:s>
            </a:s>
         </annotation>
         <expression localId="81" locator="40:3-40:43" xmlns:ns7="urn:healthit-gov:qdm:v5_5" dataType="ns7:PatientCharacteristicPayer" codeProperty="code" xsi:type="Retrieve">
            <codes locator="40:36-40:42" name="Payer" xsi:type="ValueSetRef"/>
         </expression>
      </def>
      <def localId="84" locator="42:1-43:41" name="SDE Race" context="Patient" accessLevel="Public">
         <annotation xsi:type="a:Annotation">
            <a:s r="84">
               <a:s>define &quot;SDE Race&quot;:
  </a:s>
               <a:s r="83">
                  <a:s>[&quot;Patient Characteristic Race&quot;: </a:s>
                  <a:s>
                     <a:s>&quot;Race&quot;</a:s>
                  </a:s>
                  <a:s>]</a:s>
               </a:s>
            </a:s>
         </annotation>
         <expression localId="83" locator="43:3-43:41" xmlns:ns8="urn:healthit-gov:qdm:v5_5" dataType="ns8:PatientCharacteristicRace" codeProperty="code" xsi:type="Retrieve">
            <codes locator="43:35-43:40" name="Race" xsi:type="ValueSetRef"/>
         </expression>
      </def>
      <def localId="86" locator="45:1-46:58" name="SDE Sex" context="Patient" accessLevel="Public">
         <annotation xsi:type="a:Annotation">
            <a:s r="86">
               <a:s>define &quot;SDE Sex&quot;:
  </a:s>
               <a:s r="85">
                  <a:s>[&quot;Patient Characteristic Sex&quot;: </a:s>
                  <a:s>
                     <a:s>&quot;ONC Administrative Sex&quot;</a:s>
                  </a:s>
                  <a:s>]</a:s>
               </a:s>
            </a:s>
         </annotation>
         <expression localId="85" locator="46:3-46:58" xmlns:ns9="urn:healthit-gov:qdm:v5_5" dataType="ns9:PatientCharacteristicSex" codeProperty="code" xsi:type="Retrieve">
            <codes locator="46:34-46:57" name="ONC Administrative Sex" xsi:type="ValueSetRef"/>
         </expression>
      </def>
      <def localId="106" locator="68:1-75:26" name="No Bone Density Scan Ordered Due to Patient Refusal" context="Patient" accessLevel="Public">
         <annotation xsi:type="a:Annotation">
            <a:s r="106">
               <a:s>define &quot;No Bone Density Scan Ordered Due to Patient Refusal&quot;:
  </a:s>
               <a:s r="105">
                  <a:s>
                     <a:s>from
    </a:s>
                     <a:s r="88">
                        <a:s r="87">
                           <a:s>
                              <a:s>&quot;First Androgen Deprivation Therapy&quot;</a:s>
                           </a:s>
                        </a:s>
                        <a:s> FirstADTTherapy</a:s>
                     </a:s>
                     <a:s>,
    </a:s>
                     <a:s r="90">
                        <a:s r="89">
                           <a:s r="89">
                              <a:s>[&quot;Diagnostic Study, Not Ordered&quot;: </a:s>
                              <a:s>
                                 <a:s>&quot;DEXA Dual Energy Xray Absorptiometry, Bone Density for Urology Care&quot;</a:s>
                              </a:s>
                              <a:s>]</a:s>
                           </a:s>
                        </a:s>
                        <a:s> DEXANotOrdered</a:s>
                     </a:s>
                  </a:s>
                  <a:s>
    </a:s>
                  <a:s r="102">
                     <a:s>where </a:s>
                     <a:s r="102">
                        <a:s>( </a:s>
                        <a:s r="102">
                           <a:s r="97">
                              <a:s r="92">
                                 <a:s r="91">
                                    <a:s>DEXANotOrdered</a:s>
                                 </a:s>
                                 <a:s>.</a:s>
                                 <a:s r="92">
                                    <a:s>authorDatetime</a:s>
                                 </a:s>
                              </a:s>
                              <a:s> </a:s>
                              <a:s r="97">
                                 <a:s r="96">
                                    <a:s>3 months</a:s>
                                 </a:s>
                                 <a:s> or less after</a:s>
                              </a:s>
                              <a:s> </a:s>
                              <a:s r="95">
                                 <a:s>start of </a:s>
                                 <a:s r="94">
                                    <a:s r="93">
                                       <a:s>FirstADTTherapy</a:s>
                                    </a:s>
                                    <a:s>.</a:s>
                                    <a:s r="94">
                                       <a:s>relevantPeriod</a:s>
                                    </a:s>
                                 </a:s>
                              </a:s>
                           </a:s>
                           <a:s>
        and </a:s>
                           <a:s r="101">
                              <a:s r="99">
                                 <a:s r="98">
                                    <a:s>DEXANotOrdered</a:s>
                                 </a:s>
                                 <a:s>.</a:s>
                                 <a:s r="99">
                                    <a:s>negationRationale</a:s>
                                 </a:s>
                              </a:s>
                              <a:s> in </a:s>
                              <a:s r="100">
                                 <a:s>&quot;Patient Reason refused&quot;</a:s>
                              </a:s>
                           </a:s>
                        </a:s>
                        <a:s>
    )</a:s>
                     </a:s>
                  </a:s>
                  <a:s>
    </a:s>
                  <a:s r="104">
                     <a:s>return </a:s>
                     <a:s r="103">
                        <a:s>FirstADTTherapy</a:s>
                     </a:s>
                  </a:s>
               </a:s>
            </a:s>
         </annotation>
         <expression localId="105" locator="69:3-75:26" xsi:type="Query">
            <source localId="88" locator="70:5-70:56" alias="FirstADTTherapy">
               <expression localId="87" locator="70:5-70:40" name="First Androgen Deprivation Therapy" xsi:type="ExpressionRef"/>
            </source>
            <source localId="90" locator="71:5-71:123" alias="DEXANotOrdered">
               <expression localId="89" locator="71:5-71:108" xmlns:ns10="urn:healthit-gov:qdm:v5_5" dataType="ns10:NegativeDiagnosticStudyOrder" templateId="NegativeDiagnosticStudyOrder" codeProperty="code" xsi:type="Retrieve">
                  <codes locator="71:39-71:107" name="DEXA Dual Energy Xray Absorptiometry, Bone Density for Urology Care" xsi:type="ValueSetRef"/>
               </expression>
            </source>
            <where localId="102" locator="72:5-74:5" xsi:type="And">
               <operand localId="97" locator="72:13-72:104" xsi:type="And">
                  <operand locator="72:43-72:58" xsi:type="In">
                     <operand localId="92" locator="72:13-72:41" path="authorDatetime" scope="DEXANotOrdered" xsi:type="Property"/>
                     <operand locator="72:43-72:58" lowClosed="false" highClosed="true" xsi:type="Interval">
                        <low localId="95" locator="72:66-72:104" xsi:type="Start">
                           <operand localId="94" locator="72:75-72:104" path="relevantPeriod" scope="FirstADTTherapy" xsi:type="Property"/>
                        </low>
                        <high locator="72:66-72:104" xsi:type="Add">
                           <operand localId="95" locator="72:66-72:104" xsi:type="Start">
                              <operand localId="94" locator="72:75-72:104" path="relevantPeriod" scope="FirstADTTherapy" xsi:type="Property"/>
                           </operand>
                           <operand localId="96" locator="72:43-72:50" value="3" unit="months" xsi:type="Quantity"/>
                        </high>
                     </operand>
                  </operand>
                  <operand locator="72:43-72:58" xsi:type="Not">
                     <operand locator="72:43-72:58" xsi:type="IsNull">
                        <operand localId="95" locator="72:66-72:104" xsi:type="Start">
                           <operand localId="94" locator="72:75-72:104" path="relevantPeriod" scope="FirstADTTherapy" xsi:type="Property"/>
                        </operand>
                     </operand>
                  </operand>
               </operand>
               <operand localId="101" locator="73:13-73:72" xsi:type="InValueSet">
                  <code localId="99" locator="73:13-73:44" path="negationRationale" scope="DEXANotOrdered" xsi:type="Property"/>
                  <valueset localId="100" locator="73:49-73:72" name="Patient Reason refused"/>
               </operand>
            </where>
            <return localId="104" locator="75:5-75:26">
               <expression localId="103" locator="75:12-75:26" name="FirstADTTherapy" xsi:type="AliasRef"/>
            </return>
         </expression>
      </def>
      <def localId="126" locator="77:1-84:26" name="No Bone Density Scan Performed Due to Patient Refusal" context="Patient" accessLevel="Public">
         <annotation xsi:type="a:Annotation">
            <a:s r="126">
               <a:s>define &quot;No Bone Density Scan Performed Due to Patient Refusal&quot;:
  </a:s>
               <a:s r="125">
                  <a:s>
                     <a:s>from
    </a:s>
                     <a:s r="108">
                        <a:s r="107">
                           <a:s>
                              <a:s>&quot;First Androgen Deprivation Therapy&quot;</a:s>
                           </a:s>
                        </a:s>
                        <a:s> FirstADTTherapy</a:s>
                     </a:s>
                     <a:s>,
    </a:s>
                     <a:s r="110">
                        <a:s r="109">
                           <a:s r="109">
                              <a:s>[&quot;Diagnostic Study, Not Performed&quot;: </a:s>
                              <a:s>
                                 <a:s>&quot;DEXA Dual Energy Xray Absorptiometry, Bone Density for Urology Care&quot;</a:s>
                              </a:s>
                              <a:s>]</a:s>
                           </a:s>
                        </a:s>
                        <a:s> DEXANotPerformed</a:s>
                     </a:s>
                  </a:s>
                  <a:s>
    </a:s>
                  <a:s r="122">
                     <a:s>where </a:s>
                     <a:s r="122">
                        <a:s>( </a:s>
                        <a:s r="122">
                           <a:s r="117">
                              <a:s r="112">
                                 <a:s r="111">
                                    <a:s>DEXANotPerformed</a:s>
                                 </a:s>
                                 <a:s>.</a:s>
                                 <a:s r="112">
                                    <a:s>authorDatetime</a:s>
                                 </a:s>
                              </a:s>
                              <a:s> </a:s>
                              <a:s r="117">
                                 <a:s r="116">
                                    <a:s>3 months</a:s>
                                 </a:s>
                                 <a:s> or less after</a:s>
                              </a:s>
                              <a:s> </a:s>
                              <a:s r="115">
                                 <a:s>start of </a:s>
                                 <a:s r="114">
                                    <a:s r="113">
                                       <a:s>FirstADTTherapy</a:s>
                                    </a:s>
                                    <a:s>.</a:s>
                                    <a:s r="114">
                                       <a:s>relevantPeriod</a:s>
                                    </a:s>
                                 </a:s>
                              </a:s>
                           </a:s>
                           <a:s>
        and </a:s>
                           <a:s r="121">
                              <a:s r="119">
                                 <a:s r="118">
                                    <a:s>DEXANotPerformed</a:s>
                                 </a:s>
                                 <a:s>.</a:s>
                                 <a:s r="119">
                                    <a:s>negationRationale</a:s>
                                 </a:s>
                              </a:s>
                              <a:s> in </a:s>
                              <a:s r="120">
                                 <a:s>&quot;Patient Reason refused&quot;</a:s>
                              </a:s>
                           </a:s>
                        </a:s>
                        <a:s>
    )</a:s>
                     </a:s>
                  </a:s>
                  <a:s>
    </a:s>
                  <a:s r="124">
                     <a:s>return </a:s>
                     <a:s r="123">
                        <a:s>FirstADTTherapy</a:s>
                     </a:s>
                  </a:s>
               </a:s>
            </a:s>
         </annotation>
         <expression localId="125" locator="78:3-84:26" xsi:type="Query">
            <source localId="108" locator="79:5-79:56" alias="FirstADTTherapy">
               <expression localId="107" locator="79:5-79:40" name="First Androgen Deprivation Therapy" xsi:type="ExpressionRef"/>
            </source>
            <source localId="110" locator="80:5-80:127" alias="DEXANotPerformed">
               <expression localId="109" locator="80:5-80:110" xmlns:ns11="urn:healthit-gov:qdm:v5_5" dataType="ns11:NegativeDiagnosticStudyPerformed" templateId="NegativeDiagnosticStudyPerformed" codeProperty="code" xsi:type="Retrieve">
                  <codes locator="80:41-80:109" name="DEXA Dual Energy Xray Absorptiometry, Bone Density for Urology Care" xsi:type="ValueSetRef"/>
               </expression>
            </source>
            <where localId="122" locator="81:5-83:5" xsi:type="And">
               <operand localId="117" locator="81:13-81:106" xsi:type="And">
                  <operand locator="81:45-81:60" xsi:type="In">
                     <operand localId="112" locator="81:13-81:43" path="authorDatetime" scope="DEXANotPerformed" xsi:type="Property"/>
                     <operand locator="81:45-81:60" lowClosed="false" highClosed="true" xsi:type="Interval">
                        <low localId="115" locator="81:68-81:106" xsi:type="Start">
                           <operand localId="114" locator="81:77-81:106" path="relevantPeriod" scope="FirstADTTherapy" xsi:type="Property"/>
                        </low>
                        <high locator="81:68-81:106" xsi:type="Add">
                           <operand localId="115" locator="81:68-81:106" xsi:type="Start">
                              <operand localId="114" locator="81:77-81:106" path="relevantPeriod" scope="FirstADTTherapy" xsi:type="Property"/>
                           </operand>
                           <operand localId="116" locator="81:45-81:52" value="3" unit="months" xsi:type="Quantity"/>
                        </high>
                     </operand>
                  </operand>
                  <operand locator="81:45-81:60" xsi:type="Not">
                     <operand locator="81:45-81:60" xsi:type="IsNull">
                        <operand localId="115" locator="81:68-81:106" xsi:type="Start">
                           <operand localId="114" locator="81:77-81:106" path="relevantPeriod" scope="FirstADTTherapy" xsi:type="Property"/>
                        </operand>
                     </operand>
                  </operand>
               </operand>
               <operand localId="121" locator="82:13-82:74" xsi:type="InValueSet">
                  <code localId="119" locator="82:13-82:46" path="negationRationale" scope="DEXANotPerformed" xsi:type="Property"/>
                  <valueset localId="120" locator="82:51-82:74" name="Patient Reason refused"/>
               </operand>
            </where>
            <return localId="124" locator="84:5-84:26">
               <expression localId="123" locator="84:12-84:26" name="FirstADTTherapy" xsi:type="AliasRef"/>
            </return>
         </expression>
      </def>
      <def localId="132" locator="86:1-88:73" name="Denominator Exception" context="Patient" accessLevel="Public">
         <annotation xsi:type="a:Annotation">
            <a:s r="132">
               <a:s>define &quot;Denominator Exception&quot;:
  </a:s>
               <a:s r="131">
                  <a:s r="128">
                     <a:s>exists </a:s>
                     <a:s r="127">
                        <a:s>( </a:s>
                        <a:s r="127">
                           <a:s>&quot;No Bone Density Scan Ordered Due to Patient Refusal&quot;</a:s>
                        </a:s>
                        <a:s> )</a:s>
                     </a:s>
                  </a:s>
                  <a:s>
    or </a:s>
                  <a:s r="130">
                     <a:s>exists </a:s>
                     <a:s r="129">
                        <a:s>( </a:s>
                        <a:s r="129">
                           <a:s>&quot;No Bone Density Scan Performed Due to Patient Refusal&quot;</a:s>
                        </a:s>
                        <a:s> )</a:s>
                     </a:s>
                  </a:s>
               </a:s>
            </a:s>
         </annotation>
         <expression localId="131" locator="87:3-88:73" xsi:type="Or">
            <operand localId="128" locator="87:3-87:66" xsi:type="Exists">
               <operand localId="127" locator="87:10-87:66" name="No Bone Density Scan Ordered Due to Patient Refusal" xsi:type="ExpressionRef"/>
            </operand>
            <operand localId="130" locator="88:8-88:73" xsi:type="Exists">
               <operand localId="129" locator="88:15-88:73" name="No Bone Density Scan Performed Due to Patient Refusal" xsi:type="ExpressionRef"/>
            </operand>
         </expression>
      </def>
      <def localId="175" locator="90:1-101:3" name="Has Baseline DEXA Scan Two Years Prior to the Start of or Less than Three Months After the Start of ADT" context="Patient" accessLevel="Public">
         <annotation xsi:type="a:Annotation">
            <a:s r="175">
               <a:s>define &quot;Has Baseline DEXA Scan Two Years Prior to the Start of or Less than Three Months After the Start of ADT&quot;:
  </a:s>
               <a:s r="174">
                  <a:s>exists </a:s>
                  <a:s r="173">
                     <a:s>( </a:s>
                     <a:s r="173">
                        <a:s r="152">
                           <a:s>( </a:s>
                           <a:s r="152">
                              <a:s>
                                 <a:s r="134">
                                    <a:s r="133">
                                       <a:s r="133">
                                          <a:s>[&quot;Diagnostic Study, Order&quot;: </a:s>
                                          <a:s>
                                             <a:s>&quot;DEXA Dual Energy Xray Absorptiometry, Bone Density for Urology Care&quot;</a:s>
                                          </a:s>
                                          <a:s>]</a:s>
                                       </a:s>
                                    </a:s>
                                    <a:s> DEXAOrdered</a:s>
                                 </a:s>
                              </a:s>
                              <a:s>
        </a:s>
                              <a:s r="151">
                                 <a:s>with </a:s>
                                 <a:s r="136">
                                    <a:s r="135">
                                       <a:s>
                                          <a:s>&quot;First Androgen Deprivation Therapy&quot;</a:s>
                                       </a:s>
                                    </a:s>
                                    <a:s> FirstADT</a:s>
                                 </a:s>
                                 <a:s>
          such that </a:s>
                                 <a:s r="150">
                                    <a:s r="142">
                                       <a:s r="138">
                                          <a:s r="137">
                                             <a:s>DEXAOrdered</a:s>
                                          </a:s>
                                          <a:s>.</a:s>
                                          <a:s r="138">
                                             <a:s>authorDatetime</a:s>
                                          </a:s>
                                       </a:s>
                                       <a:s> </a:s>
                                       <a:s r="142">
                                          <a:s r="141">
                                             <a:s>3 months</a:s>
                                          </a:s>
                                          <a:s> or less after start</a:s>
                                       </a:s>
                                       <a:s> </a:s>
                                       <a:s r="140">
                                          <a:s r="139">
                                             <a:s>FirstADT</a:s>
                                          </a:s>
                                          <a:s>.</a:s>
                                          <a:s r="140">
                                             <a:s>relevantPeriod</a:s>
                                          </a:s>
                                       </a:s>
                                    </a:s>
                                    <a:s>
            or </a:s>
                                    <a:s r="149">
                                       <a:s r="144">
                                          <a:s r="143">
                                             <a:s>DEXAOrdered</a:s>
                                          </a:s>
                                          <a:s>.</a:s>
                                          <a:s r="144">
                                             <a:s>authorDatetime</a:s>
                                          </a:s>
                                       </a:s>
                                       <a:s> </a:s>
                                       <a:s r="149">
                                          <a:s r="148">
                                             <a:s>2 years</a:s>
                                          </a:s>
                                          <a:s> or less before</a:s>
                                       </a:s>
                                       <a:s> </a:s>
                                       <a:s r="147">
                                          <a:s>start of </a:s>
                                          <a:s r="146">
                                             <a:s r="145">
                                                <a:s>FirstADT</a:s>
                                             </a:s>
                                             <a:s>.</a:s>
                                             <a:s r="146">
                                                <a:s>relevantPeriod</a:s>
                                             </a:s>
                                          </a:s>
                                       </a:s>
                                    </a:s>
                                 </a:s>
                              </a:s>
                           </a:s>
                           <a:s>
    )</a:s>
                        </a:s>
                        <a:s>
      union </a:s>
                        <a:s r="172">
                           <a:s>( </a:s>
                           <a:s r="172">
                              <a:s>
                                 <a:s r="154">
                                    <a:s r="153">
                                       <a:s r="153">
                                          <a:s>[&quot;Diagnostic Study, Performed&quot;: </a:s>
                                          <a:s>
                                             <a:s>&quot;DEXA Dual Energy Xray Absorptiometry, Bone Density for Urology Care&quot;</a:s>
                                          </a:s>
                                          <a:s>]</a:s>
                                       </a:s>
                                    </a:s>
                                    <a:s> DEXAPerformed</a:s>
                                 </a:s>
                              </a:s>
                              <a:s>
          </a:s>
                              <a:s r="171">
                                 <a:s>with </a:s>
                                 <a:s r="156">
                                    <a:s r="155">
                                       <a:s>
                                          <a:s>&quot;First Androgen Deprivation Therapy&quot;</a:s>
                                       </a:s>
                                    </a:s>
                                    <a:s> FirstADT</a:s>
                                 </a:s>
                                 <a:s>
            such that </a:s>
                                 <a:s r="170">
                                    <a:s r="162">
                                       <a:s r="158">
                                          <a:s r="157">
                                             <a:s>DEXAPerformed</a:s>
                                          </a:s>
                                          <a:s>.</a:s>
                                          <a:s r="158">
                                             <a:s>relevantDatetime</a:s>
                                          </a:s>
                                       </a:s>
                                       <a:s> </a:s>
                                       <a:s r="162">
                                          <a:s r="161">
                                             <a:s>3 months</a:s>
                                          </a:s>
                                          <a:s> or less after start</a:s>
                                       </a:s>
                                       <a:s> </a:s>
                                       <a:s r="160">
                                          <a:s r="159">
                                             <a:s>FirstADT</a:s>
                                          </a:s>
                                          <a:s>.</a:s>
                                          <a:s r="160">
                                             <a:s>relevantPeriod</a:s>
                                          </a:s>
                                       </a:s>
                                    </a:s>
                                    <a:s>
              or </a:s>
                                    <a:s r="169">
                                       <a:s r="164">
                                          <a:s r="163">
                                             <a:s>DEXAPerformed</a:s>
                                          </a:s>
                                          <a:s>.</a:s>
                                          <a:s r="164">
                                             <a:s>relevantDatetime</a:s>
                                          </a:s>
                                       </a:s>
                                       <a:s> </a:s>
                                       <a:s r="169">
                                          <a:s r="168">
                                             <a:s>2 years</a:s>
                                          </a:s>
                                          <a:s> or less before</a:s>
                                       </a:s>
                                       <a:s> </a:s>
                                       <a:s r="167">
                                          <a:s>start of </a:s>
                                          <a:s r="166">
                                             <a:s r="165">
                                                <a:s>FirstADT</a:s>
                                             </a:s>
                                             <a:s>.</a:s>
                                             <a:s r="166">
                                                <a:s>relevantPeriod</a:s>
                                             </a:s>
                                          </a:s>
                                       </a:s>
                                    </a:s>
                                 </a:s>
                              </a:s>
                           </a:s>
                           <a:s>
      )</a:s>
                        </a:s>
                     </a:s>
                     <a:s>
  )</a:s>
                  </a:s>
               </a:s>
            </a:s>
         </annotation>
         <expression localId="174" locator="91:3-101:3" xsi:type="Exists">
            <operand localId="173" locator="91:10-101:3" xsi:type="Union">
               <operand xsi:type="As">
                  <operand localId="152" locator="91:12-95:5" xsi:type="Query">
                     <source localId="134" locator="91:14-91:123" alias="DEXAOrdered">
                        <expression localId="133" locator="91:14-91:111" xmlns:ns12="urn:healthit-gov:qdm:v5_5" dataType="ns12:PositiveDiagnosticStudyOrder" templateId="PositiveDiagnosticStudyOrder" codeProperty="code" xsi:type="Retrieve">
                           <codes locator="91:42-91:110" name="DEXA Dual Energy Xray Absorptiometry, Bone Density for Urology Care" xsi:type="ValueSetRef"/>
                        </expression>
                     </source>
                     <relationship localId="151" locator="92:9-94:97" alias="FirstADT" xsi:type="With">
                        <expression localId="135" locator="92:14-92:49" name="First Androgen Deprivation Therapy" xsi:type="ExpressionRef"/>
                        <suchThat localId="150" locator="93:21-94:97" xsi:type="Or">
                           <operand localId="142" locator="93:21-93:99" xsi:type="And">
                              <operand locator="93:48-93:63" xsi:type="In">
                                 <operand localId="138" locator="93:21-93:46" path="authorDatetime" scope="DEXAOrdered" xsi:type="Property"/>
                                 <operand locator="93:48-93:63" lowClosed="false" highClosed="true" xsi:type="Interval">
                                    <low locator="93:71-93:75" xsi:type="Start">
                                       <operand localId="140" locator="93:77-93:99" path="relevantPeriod" scope="FirstADT" xsi:type="Property"/>
                                    </low>
                                    <high locator="93:71-93:75" xsi:type="Add">
                                       <operand locator="93:71-93:75" xsi:type="Start">
                                          <operand localId="140" locator="93:77-93:99" path="relevantPeriod" scope="FirstADT" xsi:type="Property"/>
                                       </operand>
                                       <operand localId="141" locator="93:48-93:55" value="3" unit="months" xsi:type="Quantity"/>
                                    </high>
                                 </operand>
                              </operand>
                              <operand locator="93:48-93:63" xsi:type="Not">
                                 <operand locator="93:48-93:63" xsi:type="IsNull">
                                    <operand locator="93:71-93:75" xsi:type="Start">
                                       <operand localId="140" locator="93:77-93:99" path="relevantPeriod" scope="FirstADT" xsi:type="Property"/>
                                    </operand>
                                 </operand>
                              </operand>
                           </operand>
                           <operand localId="149" locator="94:16-94:97" xsi:type="And">
                              <operand locator="94:43-94:57" xsi:type="In">
                                 <operand localId="144" locator="94:16-94:41" path="authorDatetime" scope="DEXAOrdered" xsi:type="Property"/>
                                 <operand locator="94:43-94:57" lowClosed="true" highClosed="false" xsi:type="Interval">
                                    <low locator="94:66-94:97" xsi:type="Subtract">
                                       <operand localId="147" locator="94:66-94:97" xsi:type="Start">
                                          <operand localId="146" locator="94:75-94:97" path="relevantPeriod" scope="FirstADT" xsi:type="Property"/>
                                       </operand>
                                       <operand localId="148" locator="94:43-94:49" value="2" unit="years" xsi:type="Quantity"/>
                                    </low>
                                    <high localId="147" locator="94:66-94:97" xsi:type="Start">
                                       <operand localId="146" locator="94:75-94:97" path="relevantPeriod" scope="FirstADT" xsi:type="Property"/>
                                    </high>
                                 </operand>
                              </operand>
                              <operand locator="94:43-94:57" xsi:type="Not">
                                 <operand locator="94:43-94:57" xsi:type="IsNull">
                                    <operand localId="147" locator="94:66-94:97" xsi:type="Start">
                                       <operand localId="146" locator="94:75-94:97" path="relevantPeriod" scope="FirstADT" xsi:type="Property"/>
                                    </operand>
                                 </operand>
                              </operand>
                           </operand>
                        </suchThat>
                     </relationship>
                  </operand>
                  <asTypeSpecifier xsi:type="ListTypeSpecifier">
                     <elementType xsi:type="ChoiceTypeSpecifier">
                        <choice xmlns:ns13="urn:healthit-gov:qdm:v5_5" name="ns13:PositiveDiagnosticStudyPerformed" xsi:type="NamedTypeSpecifier"/>
                        <choice xmlns:ns14="urn:healthit-gov:qdm:v5_5" name="ns14:PositiveDiagnosticStudyOrder" xsi:type="NamedTypeSpecifier"/>
                     </elementType>
                  </asTypeSpecifier>
               </operand>
               <operand xsi:type="As">
                  <operand localId="172" locator="96:13-100:7" xsi:type="Query">
                     <source localId="154" locator="96:15-96:130" alias="DEXAPerformed">
                        <expression localId="153" locator="96:15-96:116" xmlns:ns15="urn:healthit-gov:qdm:v5_5" dataType="ns15:PositiveDiagnosticStudyPerformed" templateId="PositiveDiagnosticStudyPerformed" codeProperty="code" xsi:type="Retrieve">
                           <codes locator="96:47-96:115" name="DEXA Dual Energy Xray Absorptiometry, Bone Density for Urology Care" xsi:type="ValueSetRef"/>
                        </expression>
                     </source>
                     <relationship localId="171" locator="97:11-99:103" alias="FirstADT" xsi:type="With">
                        <expression localId="155" locator="97:16-97:51" name="First Androgen Deprivation Therapy" xsi:type="ExpressionRef"/>
                        <suchThat localId="170" locator="98:23-99:103" xsi:type="Or">
                           <operand localId="162" locator="98:23-98:105" xsi:type="And">
                              <operand locator="98:54-98:69" xsi:type="In">
                                 <operand localId="158" locator="98:23-98:52" path="relevantDatetime" scope="DEXAPerformed" xsi:type="Property"/>
                                 <operand locator="98:54-98:69" lowClosed="false" highClosed="true" xsi:type="Interval">
                                    <low locator="98:77-98:81" xsi:type="Start">
                                       <operand localId="160" locator="98:83-98:105" path="relevantPeriod" scope="FirstADT" xsi:type="Property"/>
                                    </low>
                                    <high locator="98:77-98:81" xsi:type="Add">
                                       <operand locator="98:77-98:81" xsi:type="Start">
                                          <operand localId="160" locator="98:83-98:105" path="relevantPeriod" scope="FirstADT" xsi:type="Property"/>
                                       </operand>
                                       <operand localId="161" locator="98:54-98:61" value="3" unit="months" xsi:type="Quantity"/>
                                    </high>
                                 </operand>
                              </operand>
                              <operand locator="98:54-98:69" xsi:type="Not">
                                 <operand locator="98:54-98:69" xsi:type="IsNull">
                                    <operand locator="98:77-98:81" xsi:type="Start">
                                       <operand localId="160" locator="98:83-98:105" path="relevantPeriod" scope="FirstADT" xsi:type="Property"/>
                                    </operand>
                                 </operand>
                              </operand>
                           </operand>
                           <operand localId="169" locator="99:18-99:103" xsi:type="And">
                              <operand locator="99:49-99:63" xsi:type="In">
                                 <operand localId="164" locator="99:18-99:47" path="relevantDatetime" scope="DEXAPerformed" xsi:type="Property"/>
                                 <operand locator="99:49-99:63" lowClosed="true" highClosed="false" xsi:type="Interval">
                                    <low locator="99:72-99:103" xsi:type="Subtract">
                                       <operand localId="167" locator="99:72-99:103" xsi:type="Start">
                                          <operand localId="166" locator="99:81-99:103" path="relevantPeriod" scope="FirstADT" xsi:type="Property"/>
                                       </operand>
                                       <operand localId="168" locator="99:49-99:55" value="2" unit="years" xsi:type="Quantity"/>
                                    </low>
                                    <high localId="167" locator="99:72-99:103" xsi:type="Start">
                                       <operand localId="166" locator="99:81-99:103" path="relevantPeriod" scope="FirstADT" xsi:type="Property"/>
                                    </high>
                                 </operand>
                              </operand>
                              <operand locator="99:49-99:63" xsi:type="Not">
                                 <operand locator="99:49-99:63" xsi:type="IsNull">
                                    <operand localId="167" locator="99:72-99:103" xsi:type="Start">
                                       <operand localId="166" locator="99:81-99:103" path="relevantPeriod" scope="FirstADT" xsi:type="Property"/>
                                    </operand>
                                 </operand>
                              </operand>
                           </operand>
                        </suchThat>
                     </relationship>
                  </operand>
                  <asTypeSpecifier xsi:type="ListTypeSpecifier">
                     <elementType xsi:type="ChoiceTypeSpecifier">
                        <choice xmlns:ns16="urn:healthit-gov:qdm:v5_5" name="ns16:PositiveDiagnosticStudyPerformed" xsi:type="NamedTypeSpecifier"/>
                        <choice xmlns:ns17="urn:healthit-gov:qdm:v5_5" name="ns17:PositiveDiagnosticStudyOrder" xsi:type="NamedTypeSpecifier"/>
                     </elementType>
                  </asTypeSpecifier>
               </operand>
            </operand>
         </expression>
      </def>
      <def localId="177" locator="103:1-104:107" name="Numerator" context="Patient" accessLevel="Public">
         <annotation xsi:type="a:Annotation">
            <a:s r="177">
               <a:s>define &quot;Numerator&quot;:
  </a:s>
               <a:s r="176">
                  <a:s>&quot;Has Baseline DEXA Scan Two Years Prior to the Start of or Less than Three Months After the Start of ADT&quot;</a:s>
               </a:s>
            </a:s>
         </annotation>
         <expression localId="176" locator="104:3-104:107" name="Has Baseline DEXA Scan Two Years Prior to the Start of or Less than Three Months After the Start of ADT" xsi:type="ExpressionRef"/>
      </def>
   </statements>
</library>
