{
   "library" : {
      "identifier" : {
         "id" : "PrimaryCariesPreventionasOfferedbyPCPsincludingDentists",
         "version" : "10.2.000"
      },
      "schemaIdentifier" : {
         "id" : "urn:hl7-org:elm",
         "version" : "r1"
      },
      "usings" : {
         "def" : [ {
            "localIdentifier" : "System",
            "uri" : "urn:hl7-org:elm-types:r1"
         }, {
            "localId" : "1",
            "locator" : "3:1-3:23",
            "localIdentifier" : "QDM",
            "uri" : "urn:healthit-gov:qdm:v5_5",
            "version" : "5.5"
         } ]
      },
      "includes" : {
         "def" : [ {
            "localId" : "2",
            "locator" : "5:1-5:64",
            "localIdentifier" : "Global",
            "path" : "MATGlobalCommonFunctions",
            "version" : "5.0.000"
         }, {
            "localId" : "3",
            "locator" : "6:1-6:48",
            "localIdentifier" : "Hospice",
            "path" : "Hospice",
            "version" : "2.2.000"
         } ]
      },
      "parameters" : {
         "def" : [ {
            "localId" : "20",
            "locator" : "24:1-24:49",
            "name" : "Measurement Period",
            "accessLevel" : "Public",
            "parameterTypeSpecifier" : {
               "localId" : "19",
               "locator" : "24:32-24:49",
               "type" : "IntervalTypeSpecifier",
               "pointType" : {
                  "localId" : "18",
                  "locator" : "24:41-24:48",
                  "name" : "{urn:hl7-org:elm-types:r1}DateTime",
                  "type" : "NamedTypeSpecifier"
               }
            }
         } ]
      },
      "codeSystems" : {
         "def" : [ {
            "localId" : "4",
            "locator" : "8:1-8:51",
            "name" : "LOINC",
            "id" : "urn:oid:2.16.840.1.113883.6.1",
            "accessLevel" : "Public"
         } ]
      },
      "valueSets" : {
         "def" : [ {
            "localId" : "5",
            "locator" : "10:1-10:87",
            "name" : "Clinical Oral Evaluation",
            "id" : "urn:oid:2.16.840.1.113883.3.464.1003.125.12.1003",
            "accessLevel" : "Public"
         }, {
            "localId" : "6",
            "locator" : "11:1-11:58",
            "name" : "Ethnicity",
            "id" : "urn:oid:2.16.840.1.114222.4.11.837",
            "accessLevel" : "Public"
         }, {
            "localId" : "7",
            "locator" : "12:1-12:104",
            "name" : "Fluoride Varnish Application for Children",
            "id" : "urn:oid:2.16.840.1.113883.3.464.1003.125.12.1002",
            "accessLevel" : "Public"
         }, {
            "localId" : "8",
            "locator" : "13:1-13:75",
            "name" : "Office Visit",
            "id" : "urn:oid:2.16.840.1.113883.3.464.1003.101.12.1001",
            "accessLevel" : "Public"
         }, {
            "localId" : "9",
            "locator" : "14:1-14:68",
            "name" : "ONC Administrative Sex",
            "id" : "urn:oid:2.16.840.1.113762.1.4.1",
            "accessLevel" : "Public"
         }, {
            "localId" : "10",
            "locator" : "15:1-15:55",
            "name" : "Payer",
            "id" : "urn:oid:2.16.840.1.114222.4.11.3591",
            "accessLevel" : "Public"
         }, {
            "localId" : "11",
            "locator" : "16:1-16:114",
            "name" : "Preventive Care - Established Office Visit, 0 to 17",
            "id" : "urn:oid:2.16.840.1.113883.3.464.1003.101.12.1024",
            "accessLevel" : "Public"
         }, {
            "localId" : "12",
            "locator" : "17:1-17:125",
            "name" : "Preventive Care Services - Established Office Visit, 18 and Up",
            "id" : "urn:oid:2.16.840.1.113883.3.464.1003.101.12.1025",
            "accessLevel" : "Public"
         }, {
            "localId" : "13",
            "locator" : "18:1-18:119",
            "name" : "Preventive Care Services-Initial Office Visit, 18 and Up",
            "id" : "urn:oid:2.16.840.1.113883.3.464.1003.101.12.1023",
            "accessLevel" : "Public"
         }, {
            "localId" : "14",
            "locator" : "19:1-19:109",
            "name" : "Preventive Care- Initial Office Visit, 0 to 17",
            "id" : "urn:oid:2.16.840.1.113883.3.464.1003.101.12.1022",
            "accessLevel" : "Public"
         }, {
            "localId" : "15",
            "locator" : "20:1-20:53",
            "name" : "Race",
            "id" : "urn:oid:2.16.840.1.114222.4.11.836",
            "accessLevel" : "Public"
         } ]
      },
      "codes" : {
         "def" : [ {
            "localId" : "17",
            "locator" : "22:1-22:62",
            "name" : "Birth date",
            "id" : "21112-8",
            "display" : "Birth date",
            "accessLevel" : "Public",
            "codeSystem" : {
               "localId" : "16",
               "locator" : "22:35-22:41",
               "name" : "LOINC"
            }
         } ]
      },
      "statements" : {
         "def" : [ {
            "locator" : "26:1-26:15",
            "name" : "Patient",
            "context" : "Patient",
            "expression" : {
               "type" : "SingletonFrom",
               "operand" : {
                  "locator" : "26:1-26:15",
                  "dataType" : "{urn:healthit-gov:qdm:v5_5}Patient",
                  "templateId" : "Patient",
                  "type" : "Retrieve"
               }
            }
         }, {
            "localId" : "22",
            "locator" : "28:1-29:51",
            "name" : "SDE Ethnicity",
            "context" : "Patient",
            "accessLevel" : "Public",
            "annotation" : [ {
               "type" : "Annotation",
               "s" : {
                  "r" : "22",
                  "s" : [ {
                     "value" : [ "define ","\"SDE Ethnicity\"",":\n  " ]
                  }, {
                     "r" : "21",
                     "s" : [ {
                        "value" : [ "[","\"Patient Characteristic Ethnicity\"",": " ]
                     }, {
                        "s" : [ {
                           "value" : [ "\"Ethnicity\"" ]
                        } ]
                     }, {
                        "value" : [ "]" ]
                     } ]
                  } ]
               }
            } ],
            "expression" : {
               "localId" : "21",
               "locator" : "29:3-29:51",
               "dataType" : "{urn:healthit-gov:qdm:v5_5}PatientCharacteristicEthnicity",
               "codeProperty" : "code",
               "type" : "Retrieve",
               "codes" : {
                  "locator" : "29:40-29:50",
                  "name" : "Ethnicity",
                  "type" : "ValueSetRef"
               }
            }
         }, {
            "localId" : "24",
            "locator" : "31:1-32:43",
            "name" : "SDE Payer",
            "context" : "Patient",
            "accessLevel" : "Public",
            "annotation" : [ {
               "type" : "Annotation",
               "s" : {
                  "r" : "24",
                  "s" : [ {
                     "value" : [ "define ","\"SDE Payer\"",":\n  " ]
                  }, {
                     "r" : "23",
                     "s" : [ {
                        "value" : [ "[","\"Patient Characteristic Payer\"",": " ]
                     }, {
                        "s" : [ {
                           "value" : [ "\"Payer\"" ]
                        } ]
                     }, {
                        "value" : [ "]" ]
                     } ]
                  } ]
               }
            } ],
            "expression" : {
               "localId" : "23",
               "locator" : "32:3-32:43",
               "dataType" : "{urn:healthit-gov:qdm:v5_5}PatientCharacteristicPayer",
               "codeProperty" : "code",
               "type" : "Retrieve",
               "codes" : {
                  "locator" : "32:36-32:42",
                  "name" : "Payer",
                  "type" : "ValueSetRef"
               }
            }
         }, {
            "localId" : "26",
            "locator" : "34:1-35:41",
            "name" : "SDE Race",
            "context" : "Patient",
            "accessLevel" : "Public",
            "annotation" : [ {
               "type" : "Annotation",
               "s" : {
                  "r" : "26",
                  "s" : [ {
                     "value" : [ "define ","\"SDE Race\"",":\n  " ]
                  }, {
                     "r" : "25",
                     "s" : [ {
                        "value" : [ "[","\"Patient Characteristic Race\"",": " ]
                     }, {
                        "s" : [ {
                           "value" : [ "\"Race\"" ]
                        } ]
                     }, {
                        "value" : [ "]" ]
                     } ]
                  } ]
               }
            } ],
            "expression" : {
               "localId" : "25",
               "locator" : "35:3-35:41",
               "dataType" : "{urn:healthit-gov:qdm:v5_5}PatientCharacteristicRace",
               "codeProperty" : "code",
               "type" : "Retrieve",
               "codes" : {
                  "locator" : "35:35-35:40",
                  "name" : "Race",
                  "type" : "ValueSetRef"
               }
            }
         }, {
            "localId" : "28",
            "locator" : "37:1-38:58",
            "name" : "SDE Sex",
            "context" : "Patient",
            "accessLevel" : "Public",
            "annotation" : [ {
               "type" : "Annotation",
               "s" : {
                  "r" : "28",
                  "s" : [ {
                     "value" : [ "define ","\"SDE Sex\"",":\n  " ]
                  }, {
                     "r" : "27",
                     "s" : [ {
                        "value" : [ "[","\"Patient Characteristic Sex\"",": " ]
                     }, {
                        "s" : [ {
                           "value" : [ "\"ONC Administrative Sex\"" ]
                        } ]
                     }, {
                        "value" : [ "]" ]
                     } ]
                  } ]
               }
            } ],
            "expression" : {
               "localId" : "27",
               "locator" : "38:3-38:58",
               "dataType" : "{urn:healthit-gov:qdm:v5_5}PatientCharacteristicSex",
               "codeProperty" : "code",
               "type" : "Retrieve",
               "codes" : {
                  "locator" : "38:34-38:57",
                  "name" : "ONC Administrative Sex",
                  "type" : "ValueSetRef"
               }
            }
         }, {
            "localId" : "67",
            "locator" : "43:1-50:67",
            "name" : "Qualifying Encounters",
            "context" : "Patient",
            "accessLevel" : "Public",
            "annotation" : [ {
               "type" : "Annotation",
               "s" : {
                  "r" : "67",
                  "s" : [ {
                     "value" : [ "define ","\"Qualifying Encounters\"",":\n  " ]
                  }, {
                     "r" : "66",
                     "s" : [ {
                        "s" : [ {
                           "r" : "61",
                           "s" : [ {
                              "r" : "60",
                              "s" : [ {
                                 "value" : [ "( " ]
                              }, {
                                 "r" : "60",
                                 "s" : [ {
                                    "r" : "58",
                                    "s" : [ {
                                       "r" : "56",
                                       "s" : [ {
                                          "r" : "54",
                                          "s" : [ {
                                             "r" : "52",
                                             "s" : [ {
                                                "r" : "50",
                                                "s" : [ {
                                                   "value" : [ "[","\"Encounter, Performed\"",": " ]
                                                }, {
                                                   "s" : [ {
                                                      "value" : [ "\"Office Visit\"" ]
                                                   } ]
                                                }, {
                                                   "value" : [ "]" ]
                                                } ]
                                             }, {
                                                "value" : [ "\n    union " ]
                                             }, {
                                                "r" : "51",
                                                "s" : [ {
                                                   "value" : [ "[","\"Encounter, Performed\"",": " ]
                                                }, {
                                                   "s" : [ {
                                                      "value" : [ "\"Preventive Care - Established Office Visit, 0 to 17\"" ]
                                                   } ]
                                                }, {
                                                   "value" : [ "]" ]
                                                } ]
                                             } ]
                                          }, {
                                             "value" : [ "\n    union " ]
                                          }, {
                                             "r" : "53",
                                             "s" : [ {
                                                "value" : [ "[","\"Encounter, Performed\"",": " ]
                                             }, {
                                                "s" : [ {
                                                   "value" : [ "\"Preventive Care- Initial Office Visit, 0 to 17\"" ]
                                                } ]
                                             }, {
                                                "value" : [ "]" ]
                                             } ]
                                          } ]
                                       }, {
                                          "value" : [ "\n    union " ]
                                       }, {
                                          "r" : "55",
                                          "s" : [ {
                                             "value" : [ "[","\"Encounter, Performed\"",": " ]
                                          }, {
                                             "s" : [ {
                                                "value" : [ "\"Preventive Care Services - Established Office Visit, 18 and Up\"" ]
                                             } ]
                                          }, {
                                             "value" : [ "]" ]
                                          } ]
                                       } ]
                                    }, {
                                       "value" : [ "\n    union " ]
                                    }, {
                                       "r" : "57",
                                       "s" : [ {
                                          "value" : [ "[","\"Encounter, Performed\"",": " ]
                                       }, {
                                          "s" : [ {
                                             "value" : [ "\"Preventive Care Services-Initial Office Visit, 18 and Up\"" ]
                                          } ]
                                       }, {
                                          "value" : [ "]" ]
                                       } ]
                                    } ]
                                 }, {
                                    "value" : [ "\n    union " ]
                                 }, {
                                    "r" : "59",
                                    "s" : [ {
                                       "value" : [ "[","\"Encounter, Performed\"",": " ]
                                    }, {
                                       "s" : [ {
                                          "value" : [ "\"Clinical Oral Evaluation\"" ]
                                       } ]
                                    }, {
                                       "value" : [ "]" ]
                                    } ]
                                 } ]
                              }, {
                                 "value" : [ " )" ]
                              } ]
                           }, {
                              "value" : [ " ","ValidEncounter" ]
                           } ]
                        } ]
                     }, {
                        "value" : [ "\n    " ]
                     }, {
                        "r" : "65",
                        "s" : [ {
                           "value" : [ "where " ]
                        }, {
                           "r" : "65",
                           "s" : [ {
                              "r" : "63",
                              "s" : [ {
                                 "r" : "62",
                                 "s" : [ {
                                    "value" : [ "ValidEncounter" ]
                                 } ]
                              }, {
                                 "value" : [ "." ]
                              }, {
                                 "r" : "63",
                                 "s" : [ {
                                    "value" : [ "relevantPeriod" ]
                                 } ]
                              } ]
                           }, {
                              "r" : "65",
                              "value" : [ " ","during"," " ]
                           }, {
                              "r" : "64",
                              "s" : [ {
                                 "value" : [ "\"Measurement Period\"" ]
                              } ]
                           } ]
                        } ]
                     } ]
                  } ]
               }
            } ],
            "expression" : {
               "localId" : "66",
               "locator" : "44:3-50:67",
               "type" : "Query",
               "source" : [ {
                  "localId" : "61",
                  "locator" : "44:3-49:79",
                  "alias" : "ValidEncounter",
                  "expression" : {
                     "localId" : "60",
                     "locator" : "44:3-49:64",
                     "type" : "Union",
                     "operand" : [ {
                        "localId" : "56",
                        "locator" : "44:5-47:100",
                        "type" : "Union",
                        "operand" : [ {
                           "localId" : "52",
                           "locator" : "44:5-45:89",
                           "type" : "Union",
                           "operand" : [ {
                              "localId" : "50",
                              "locator" : "44:5-44:44",
                              "dataType" : "{urn:healthit-gov:qdm:v5_5}PositiveEncounterPerformed",
                              "templateId" : "PositiveEncounterPerformed",
                              "codeProperty" : "code",
                              "type" : "Retrieve",
                              "codes" : {
                                 "locator" : "44:30-44:43",
                                 "name" : "Office Visit",
                                 "type" : "ValueSetRef"
                              }
                           }, {
                              "localId" : "51",
                              "locator" : "45:11-45:89",
                              "dataType" : "{urn:healthit-gov:qdm:v5_5}PositiveEncounterPerformed",
                              "templateId" : "PositiveEncounterPerformed",
                              "codeProperty" : "code",
                              "type" : "Retrieve",
                              "codes" : {
                                 "locator" : "45:36-45:88",
                                 "name" : "Preventive Care - Established Office Visit, 0 to 17",
                                 "type" : "ValueSetRef"
                              }
                           } ]
                        }, {
                           "type" : "Union",
                           "operand" : [ {
                              "localId" : "53",
                              "locator" : "46:11-46:84",
                              "dataType" : "{urn:healthit-gov:qdm:v5_5}PositiveEncounterPerformed",
                              "templateId" : "PositiveEncounterPerformed",
                              "codeProperty" : "code",
                              "type" : "Retrieve",
                              "codes" : {
                                 "locator" : "46:36-46:83",
                                 "name" : "Preventive Care- Initial Office Visit, 0 to 17",
                                 "type" : "ValueSetRef"
                              }
                           }, {
                              "localId" : "55",
                              "locator" : "47:11-47:100",
                              "dataType" : "{urn:healthit-gov:qdm:v5_5}PositiveEncounterPerformed",
                              "templateId" : "PositiveEncounterPerformed",
                              "codeProperty" : "code",
                              "type" : "Retrieve",
                              "codes" : {
                                 "locator" : "47:36-47:99",
                                 "name" : "Preventive Care Services - Established Office Visit, 18 and Up",
                                 "type" : "ValueSetRef"
                              }
                           } ]
                        } ]
                     }, {
                        "type" : "Union",
                        "operand" : [ {
                           "localId" : "57",
                           "locator" : "48:11-48:94",
                           "dataType" : "{urn:healthit-gov:qdm:v5_5}PositiveEncounterPerformed",
                           "templateId" : "PositiveEncounterPerformed",
                           "codeProperty" : "code",
                           "type" : "Retrieve",
                           "codes" : {
                              "locator" : "48:36-48:93",
                              "name" : "Preventive Care Services-Initial Office Visit, 18 and Up",
                              "type" : "ValueSetRef"
                           }
                        }, {
                           "localId" : "59",
                           "locator" : "49:11-49:62",
                           "dataType" : "{urn:healthit-gov:qdm:v5_5}PositiveEncounterPerformed",
                           "templateId" : "PositiveEncounterPerformed",
                           "codeProperty" : "code",
                           "type" : "Retrieve",
                           "codes" : {
                              "locator" : "49:36-49:61",
                              "name" : "Clinical Oral Evaluation",
                              "type" : "ValueSetRef"
                           }
                        } ]
                     } ]
                  }
               } ],
               "relationship" : [ ],
               "where" : {
                  "localId" : "65",
                  "locator" : "50:5-50:67",
                  "type" : "IncludedIn",
                  "operand" : [ {
                     "localId" : "63",
                     "locator" : "50:11-50:39",
                     "path" : "relevantPeriod",
                     "scope" : "ValidEncounter",
                     "type" : "Property"
                  }, {
                     "localId" : "64",
                     "locator" : "50:48-50:67",
                     "name" : "Measurement Period",
                     "type" : "ParameterRef"
                  } ]
               }
            }
         }, {
            "localId" : "71",
            "locator" : "69:1-74:42",
            "name" : "Initial Population",
            "context" : "Patient",
            "accessLevel" : "Public",
            "annotation" : [ {
               "type" : "Annotation",
               "s" : {
                  "r" : "71",
                  "s" : [ {
                     "value" : [ "define ","\"Initial Population\"",":\n  " ]
                  }, {
                     "r" : "70",
                     "s" : [ {
                        "r" : "49",
                        "s" : [ {
                           "value" : [ "exists " ]
                        }, {
                           "r" : "48",
                           "s" : [ {
                              "value" : [ "( " ]
                           }, {
                              "r" : "48",
                              "s" : [ {
                                 "s" : [ {
                                    "r" : "30",
                                    "s" : [ {
                                       "r" : "29",
                                       "s" : [ {
                                          "r" : "29",
                                          "s" : [ {
                                             "value" : [ "[","\"Patient Characteristic Birthdate\"",": " ]
                                          }, {
                                             "s" : [ {
                                                "value" : [ "\"Birth date\"" ]
                                             } ]
                                          }, {
                                             "value" : [ "]" ]
                                          } ]
                                       } ]
                                    }, {
                                       "value" : [ " ","BirthDate" ]
                                    } ]
                                 } ]
                              }, {
                                 "value" : [ "\n      " ]
                              }, {
                                 "r" : "47",
                                 "s" : [ {
                                    "value" : [ "where " ]
                                 }, {
                                    "r" : "47",
                                    "s" : [ {
                                       "r" : "38",
                                       "s" : [ {
                                          "r" : "36",
                                          "s" : [ {
                                             "r" : "31",
                                             "s" : [ {
                                                "value" : [ "Global" ]
                                             } ]
                                          }, {
                                             "value" : [ "." ]
                                          }, {
                                             "r" : "36",
                                             "s" : [ {
                                                "value" : [ "\"CalendarAgeInMonthsAt\""," ( " ]
                                             }, {
                                                "r" : "33",
                                                "s" : [ {
                                                   "r" : "32",
                                                   "s" : [ {
                                                      "value" : [ "BirthDate" ]
                                                   } ]
                                                }, {
                                                   "value" : [ "." ]
                                                }, {
                                                   "r" : "33",
                                                   "s" : [ {
                                                      "value" : [ "birthDatetime" ]
                                                   } ]
                                                } ]
                                             }, {
                                                "value" : [ ", " ]
                                             }, {
                                                "r" : "35",
                                                "s" : [ {
                                                   "value" : [ "start of " ]
                                                }, {
                                                   "r" : "34",
                                                   "s" : [ {
                                                      "value" : [ "\"Measurement Period\"" ]
                                                   } ]
                                                } ]
                                             }, {
                                                "value" : [ " )" ]
                                             } ]
                                          } ]
                                       }, {
                                          "r" : "37",
                                          "value" : [ " ",">="," ","6" ]
                                       } ]
                                    }, {
                                       "value" : [ "\n        and " ]
                                    }, {
                                       "r" : "46",
                                       "s" : [ {
                                          "r" : "44",
                                          "s" : [ {
                                             "r" : "39",
                                             "s" : [ {
                                                "value" : [ "Global" ]
                                             } ]
                                          }, {
                                             "value" : [ "." ]
                                          }, {
                                             "r" : "44",
                                             "s" : [ {
                                                "value" : [ "\"CalendarAgeInYearsAt\""," ( " ]
                                             }, {
                                                "r" : "41",
                                                "s" : [ {
                                                   "r" : "40",
                                                   "s" : [ {
                                                      "value" : [ "BirthDate" ]
                                                   } ]
                                                }, {
                                                   "value" : [ "." ]
                                                }, {
                                                   "r" : "41",
                                                   "s" : [ {
                                                      "value" : [ "birthDatetime" ]
                                                   } ]
                                                } ]
                                             }, {
                                                "value" : [ ", " ]
                                             }, {
                                                "r" : "43",
                                                "s" : [ {
                                                   "value" : [ "start of " ]
                                                }, {
                                                   "r" : "42",
                                                   "s" : [ {
                                                      "value" : [ "\"Measurement Period\"" ]
                                                   } ]
                                                } ]
                                             }, {
                                                "value" : [ " )" ]
                                             } ]
                                          } ]
                                       }, {
                                          "r" : "45",
                                          "value" : [ " ","<"," ","20" ]
                                       } ]
                                    } ]
                                 } ]
                              } ]
                           }, {
                              "value" : [ "\n  )" ]
                           } ]
                        } ]
                     }, {
                        "value" : [ "\n    and " ]
                     }, {
                        "r" : "69",
                        "s" : [ {
                           "value" : [ "exists " ]
                        }, {
                           "r" : "68",
                           "s" : [ {
                              "value" : [ "( " ]
                           }, {
                              "r" : "68",
                              "s" : [ {
                                 "value" : [ "\"Qualifying Encounters\"" ]
                              } ]
                           }, {
                              "value" : [ " )" ]
                           } ]
                        } ]
                     } ]
                  } ]
               }
            } ],
            "expression" : {
               "localId" : "70",
               "locator" : "70:3-74:42",
               "type" : "And",
               "operand" : [ {
                  "localId" : "49",
                  "locator" : "70:3-73:3",
                  "type" : "Exists",
                  "operand" : {
                     "localId" : "48",
                     "locator" : "70:10-73:3",
                     "type" : "Query",
                     "source" : [ {
                        "localId" : "30",
                        "locator" : "70:12-70:71",
                        "alias" : "BirthDate",
                        "expression" : {
                           "localId" : "29",
                           "locator" : "70:12-70:61",
                           "dataType" : "{urn:healthit-gov:qdm:v5_5}PatientCharacteristicBirthdate",
                           "codeProperty" : "code",
                           "type" : "Retrieve",
                           "codes" : {
                              "type" : "ToList",
                              "operand" : {
                                 "locator" : "70:49-70:60",
                                 "name" : "Birth date",
                                 "type" : "CodeRef"
                              }
                           }
                        }
                     } ],
                     "relationship" : [ ],
                     "where" : {
                        "localId" : "47",
                        "locator" : "71:7-72:105",
                        "type" : "And",
                        "operand" : [ {
                           "localId" : "38",
                           "locator" : "71:13-71:106",
                           "type" : "GreaterOrEqual",
                           "operand" : [ {
                              "localId" : "36",
                              "locator" : "71:13-71:101",
                              "name" : "CalendarAgeInMonthsAt",
                              "libraryName" : "Global",
                              "type" : "FunctionRef",
                              "operand" : [ {
                                 "localId" : "33",
                                 "locator" : "71:46-71:68",
                                 "path" : "birthDatetime",
                                 "scope" : "BirthDate",
                                 "type" : "Property"
                              }, {
                                 "localId" : "35",
                                 "locator" : "71:71-71:99",
                                 "type" : "Start",
                                 "operand" : {
                                    "localId" : "34",
                                    "locator" : "71:80-71:99",
                                    "name" : "Measurement Period",
                                    "type" : "ParameterRef"
                                 }
                              } ]
                           }, {
                              "localId" : "37",
                              "locator" : "71:106",
                              "valueType" : "{urn:hl7-org:elm-types:r1}Integer",
                              "value" : "6",
                              "type" : "Literal"
                           } ]
                        }, {
                           "localId" : "46",
                           "locator" : "72:13-72:105",
                           "type" : "Less",
                           "operand" : [ {
                              "localId" : "44",
                              "locator" : "72:13-72:100",
                              "name" : "CalendarAgeInYearsAt",
                              "libraryName" : "Global",
                              "type" : "FunctionRef",
                              "operand" : [ {
                                 "localId" : "41",
                                 "locator" : "72:45-72:67",
                                 "path" : "birthDatetime",
                                 "scope" : "BirthDate",
                                 "type" : "Property"
                              }, {
                                 "localId" : "43",
                                 "locator" : "72:70-72:98",
                                 "type" : "Start",
                                 "operand" : {
                                    "localId" : "42",
                                    "locator" : "72:79-72:98",
                                    "name" : "Measurement Period",
                                    "type" : "ParameterRef"
                                 }
                              } ]
                           }, {
                              "localId" : "45",
                              "locator" : "72:104-72:105",
                              "valueType" : "{urn:hl7-org:elm-types:r1}Integer",
                              "value" : "20",
                              "type" : "Literal"
                           } ]
                        } ]
                     }
                  }
               }, {
                  "localId" : "69",
                  "locator" : "74:9-74:42",
                  "type" : "Exists",
                  "operand" : {
                     "localId" : "68",
                     "locator" : "74:16-74:42",
                     "name" : "Qualifying Encounters",
                     "type" : "ExpressionRef"
                  }
               } ]
            }
         }, {
            "localId" : "73",
            "locator" : "40:1-41:22",
            "name" : "Denominator",
            "context" : "Patient",
            "accessLevel" : "Public",
            "annotation" : [ {
               "type" : "Annotation",
               "s" : {
                  "r" : "73",
                  "s" : [ {
                     "value" : [ "define ","\"Denominator\"",":\n  " ]
                  }, {
                     "r" : "72",
                     "s" : [ {
                        "value" : [ "\"Initial Population\"" ]
                     } ]
                  } ]
               }
            } ],
            "expression" : {
               "localId" : "72",
               "locator" : "41:3-41:22",
               "name" : "Initial Population",
               "type" : "ExpressionRef"
            }
         }, {
            "localId" : "76",
            "locator" : "52:1-53:23",
            "name" : "Denominator Exclusions",
            "context" : "Patient",
            "accessLevel" : "Public",
            "annotation" : [ {
               "type" : "Annotation",
               "s" : {
                  "r" : "76",
                  "s" : [ {
                     "value" : [ "define ","\"Denominator Exclusions\"",":\n  " ]
                  }, {
                     "r" : "75",
                     "s" : [ {
                        "r" : "74",
                        "s" : [ {
                           "value" : [ "Hospice" ]
                        } ]
                     }, {
                        "value" : [ "." ]
                     }, {
                        "r" : "75",
                        "s" : [ {
                           "value" : [ "\"Has Hospice\"" ]
                        } ]
                     } ]
                  } ]
               }
            } ],
            "expression" : {
               "localId" : "75",
               "locator" : "53:3-53:23",
               "name" : "Has Hospice",
               "libraryName" : "Hospice",
               "type" : "ExpressionRef"
            }
         }, {
            "localId" : "91",
            "locator" : "55:1-57:117",
            "name" : "Stratification 2",
            "context" : "Patient",
            "accessLevel" : "Public",
            "annotation" : [ {
               "type" : "Annotation",
               "s" : {
                  "r" : "91",
                  "s" : [ {
                     "value" : [ "define ","\"Stratification 2\"",":\n  " ]
                  }, {
                     "r" : "90",
                     "s" : [ {
                        "value" : [ "exists " ]
                     }, {
                        "r" : "89",
                        "s" : [ {
                           "s" : [ {
                              "r" : "78",
                              "s" : [ {
                                 "r" : "77",
                                 "s" : [ {
                                    "r" : "77",
                                    "s" : [ {
                                       "value" : [ "[","\"Patient Characteristic Birthdate\"",": " ]
                                    }, {
                                       "s" : [ {
                                          "value" : [ "\"Birth date\"" ]
                                       } ]
                                    }, {
                                       "value" : [ "]" ]
                                    } ]
                                 } ]
                              }, {
                                 "value" : [ " ","BirthDate" ]
                              } ]
                           } ]
                        }, {
                           "value" : [ "\n    " ]
                        }, {
                           "r" : "88",
                           "s" : [ {
                              "value" : [ "where " ]
                           }, {
                              "r" : "88",
                              "s" : [ {
                                 "r" : "84",
                                 "s" : [ {
                                    "r" : "79",
                                    "s" : [ {
                                       "value" : [ "Global" ]
                                    } ]
                                 }, {
                                    "value" : [ "." ]
                                 }, {
                                    "r" : "84",
                                    "s" : [ {
                                       "value" : [ "\"CalendarAgeInYearsAt\""," ( " ]
                                    }, {
                                       "r" : "81",
                                       "s" : [ {
                                          "r" : "80",
                                          "s" : [ {
                                             "value" : [ "BirthDate" ]
                                          } ]
                                       }, {
                                          "value" : [ "." ]
                                       }, {
                                          "r" : "81",
                                          "s" : [ {
                                             "value" : [ "birthDatetime" ]
                                          } ]
                                       } ]
                                    }, {
                                       "value" : [ ", " ]
                                    }, {
                                       "r" : "83",
                                       "s" : [ {
                                          "value" : [ "start of " ]
                                       }, {
                                          "r" : "82",
                                          "s" : [ {
                                             "value" : [ "\"Measurement Period\"" ]
                                          } ]
                                       } ]
                                    }, {
                                       "value" : [ " )" ]
                                    } ]
                                 } ]
                              }, {
                                 "value" : [ " in " ]
                              }, {
                                 "r" : "87",
                                 "s" : [ {
                                    "r" : "85",
                                    "value" : [ "Interval[","5",", ","11","]" ]
                                 } ]
                              } ]
                           } ]
                        } ]
                     } ]
                  } ]
               }
            } ],
            "expression" : {
               "localId" : "90",
               "locator" : "56:3-57:117",
               "type" : "Exists",
               "operand" : {
                  "localId" : "89",
                  "locator" : "56:10-57:117",
                  "type" : "Query",
                  "source" : [ {
                     "localId" : "78",
                     "locator" : "56:10-56:69",
                     "alias" : "BirthDate",
                     "expression" : {
                        "localId" : "77",
                        "locator" : "56:10-56:59",
                        "dataType" : "{urn:healthit-gov:qdm:v5_5}PatientCharacteristicBirthdate",
                        "codeProperty" : "code",
                        "type" : "Retrieve",
                        "codes" : {
                           "type" : "ToList",
                           "operand" : {
                              "locator" : "56:47-56:58",
                              "name" : "Birth date",
                              "type" : "CodeRef"
                           }
                        }
                     }
                  } ],
                  "relationship" : [ ],
                  "where" : {
                     "localId" : "88",
                     "locator" : "57:5-57:117",
                     "type" : "In",
                     "operand" : [ {
                        "localId" : "84",
                        "locator" : "57:11-57:98",
                        "name" : "CalendarAgeInYearsAt",
                        "libraryName" : "Global",
                        "type" : "FunctionRef",
                        "operand" : [ {
                           "localId" : "81",
                           "locator" : "57:43-57:65",
                           "path" : "birthDatetime",
                           "scope" : "BirthDate",
                           "type" : "Property"
                        }, {
                           "localId" : "83",
                           "locator" : "57:68-57:96",
                           "type" : "Start",
                           "operand" : {
                              "localId" : "82",
                              "locator" : "57:77-57:96",
                              "name" : "Measurement Period",
                              "type" : "ParameterRef"
                           }
                        } ]
                     }, {
                        "localId" : "87",
                        "locator" : "57:103-57:117",
                        "lowClosed" : true,
                        "highClosed" : true,
                        "type" : "Interval",
                        "low" : {
                           "localId" : "85",
                           "locator" : "57:112",
                           "valueType" : "{urn:hl7-org:elm-types:r1}Integer",
                           "value" : "5",
                           "type" : "Literal"
                        },
                        "high" : {
                           "localId" : "86",
                           "locator" : "57:115-57:116",
                           "valueType" : "{urn:hl7-org:elm-types:r1}Integer",
                           "value" : "11",
                           "type" : "Literal"
                        }
                     } ]
                  }
               }
            }
         }, {
            "localId" : "106",
            "locator" : "59:1-61:119",
            "name" : "Stratification 3",
            "context" : "Patient",
            "accessLevel" : "Public",
            "annotation" : [ {
               "type" : "Annotation",
               "s" : {
                  "r" : "106",
                  "s" : [ {
                     "value" : [ "define ","\"Stratification 3\"",":\n  " ]
                  }, {
                     "r" : "105",
                     "s" : [ {
                        "value" : [ "exists " ]
                     }, {
                        "r" : "104",
                        "s" : [ {
                           "s" : [ {
                              "r" : "93",
                              "s" : [ {
                                 "r" : "92",
                                 "s" : [ {
                                    "r" : "92",
                                    "s" : [ {
                                       "value" : [ "[","\"Patient Characteristic Birthdate\"",": " ]
                                    }, {
                                       "s" : [ {
                                          "value" : [ "\"Birth date\"" ]
                                       } ]
                                    }, {
                                       "value" : [ "]" ]
                                    } ]
                                 } ]
                              }, {
                                 "value" : [ " ","BirthDate" ]
                              } ]
                           } ]
                        }, {
                           "value" : [ "\n    " ]
                        }, {
                           "r" : "103",
                           "s" : [ {
                              "value" : [ "where " ]
                           }, {
                              "r" : "103",
                              "s" : [ {
                                 "r" : "99",
                                 "s" : [ {
                                    "r" : "94",
                                    "s" : [ {
                                       "value" : [ "Global" ]
                                    } ]
                                 }, {
                                    "value" : [ "." ]
                                 }, {
                                    "r" : "99",
                                    "s" : [ {
                                       "value" : [ "\"CalendarAgeInYearsAt\""," ( " ]
                                    }, {
                                       "r" : "96",
                                       "s" : [ {
                                          "r" : "95",
                                          "s" : [ {
                                             "value" : [ "BirthDate" ]
                                          } ]
                                       }, {
                                          "value" : [ "." ]
                                       }, {
                                          "r" : "96",
                                          "s" : [ {
                                             "value" : [ "birthDatetime" ]
                                          } ]
                                       } ]
                                    }, {
                                       "value" : [ ", " ]
                                    }, {
                                       "r" : "98",
                                       "s" : [ {
                                          "value" : [ "start of " ]
                                       }, {
                                          "r" : "97",
                                          "s" : [ {
                                             "value" : [ "\"Measurement Period\"" ]
                                          } ]
                                       } ]
                                    }, {
                                       "value" : [ " )" ]
                                    } ]
                                 } ]
                              }, {
                                 "value" : [ " in " ]
                              }, {
                                 "r" : "102",
                                 "s" : [ {
                                    "r" : "100",
                                    "value" : [ "Interval[","12",", ","20"," )" ]
                                 } ]
                              } ]
                           } ]
                        } ]
                     } ]
                  } ]
               }
            } ],
            "expression" : {
               "localId" : "105",
               "locator" : "60:3-61:119",
               "type" : "Exists",
               "operand" : {
                  "localId" : "104",
                  "locator" : "60:10-61:119",
                  "type" : "Query",
                  "source" : [ {
                     "localId" : "93",
                     "locator" : "60:10-60:69",
                     "alias" : "BirthDate",
                     "expression" : {
                        "localId" : "92",
                        "locator" : "60:10-60:59",
                        "dataType" : "{urn:healthit-gov:qdm:v5_5}PatientCharacteristicBirthdate",
                        "codeProperty" : "code",
                        "type" : "Retrieve",
                        "codes" : {
                           "type" : "ToList",
                           "operand" : {
                              "locator" : "60:47-60:58",
                              "name" : "Birth date",
                              "type" : "CodeRef"
                           }
                        }
                     }
                  } ],
                  "relationship" : [ ],
                  "where" : {
                     "localId" : "103",
                     "locator" : "61:5-61:119",
                     "type" : "In",
                     "operand" : [ {
                        "localId" : "99",
                        "locator" : "61:11-61:98",
                        "name" : "CalendarAgeInYearsAt",
                        "libraryName" : "Global",
                        "type" : "FunctionRef",
                        "operand" : [ {
                           "localId" : "96",
                           "locator" : "61:43-61:65",
                           "path" : "birthDatetime",
                           "scope" : "BirthDate",
                           "type" : "Property"
                        }, {
                           "localId" : "98",
                           "locator" : "61:68-61:96",
                           "type" : "Start",
                           "operand" : {
                              "localId" : "97",
                              "locator" : "61:77-61:96",
                              "name" : "Measurement Period",
                              "type" : "ParameterRef"
                           }
                        } ]
                     }, {
                        "localId" : "102",
                        "locator" : "61:103-61:119",
                        "lowClosed" : true,
                        "highClosed" : false,
                        "type" : "Interval",
                        "low" : {
                           "localId" : "100",
                           "locator" : "61:112-61:113",
                           "valueType" : "{urn:hl7-org:elm-types:r1}Integer",
                           "value" : "12",
                           "type" : "Literal"
                        },
                        "high" : {
                           "localId" : "101",
                           "locator" : "61:116-61:117",
                           "valueType" : "{urn:hl7-org:elm-types:r1}Integer",
                           "value" : "20",
                           "type" : "Literal"
                        }
                     } ]
                  }
               }
            }
         }, {
            "localId" : "128",
            "locator" : "63:1-67:3",
            "name" : "Stratification 1",
            "context" : "Patient",
            "accessLevel" : "Public",
            "annotation" : [ {
               "type" : "Annotation",
               "s" : {
                  "r" : "128",
                  "s" : [ {
                     "value" : [ "define ","\"Stratification 1\"",":\n  " ]
                  }, {
                     "r" : "127",
                     "s" : [ {
                        "value" : [ "exists " ]
                     }, {
                        "r" : "126",
                        "s" : [ {
                           "value" : [ "( " ]
                        }, {
                           "r" : "126",
                           "s" : [ {
                              "s" : [ {
                                 "r" : "108",
                                 "s" : [ {
                                    "r" : "107",
                                    "s" : [ {
                                       "r" : "107",
                                       "s" : [ {
                                          "value" : [ "[","\"Patient Characteristic Birthdate\"",": " ]
                                       }, {
                                          "s" : [ {
                                             "value" : [ "\"Birth date\"" ]
                                          } ]
                                       }, {
                                          "value" : [ "]" ]
                                       } ]
                                    } ]
                                 }, {
                                    "value" : [ " ","BirthDate" ]
                                 } ]
                              } ]
                           }, {
                              "value" : [ "\n      " ]
                           }, {
                              "r" : "125",
                              "s" : [ {
                                 "value" : [ "where " ]
                              }, {
                                 "r" : "125",
                                 "s" : [ {
                                    "r" : "116",
                                    "s" : [ {
                                       "r" : "114",
                                       "s" : [ {
                                          "r" : "109",
                                          "s" : [ {
                                             "value" : [ "Global" ]
                                          } ]
                                       }, {
                                          "value" : [ "." ]
                                       }, {
                                          "r" : "114",
                                          "s" : [ {
                                             "value" : [ "\"CalendarAgeInMonthsAt\""," ( " ]
                                          }, {
                                             "r" : "111",
                                             "s" : [ {
                                                "r" : "110",
                                                "s" : [ {
                                                   "value" : [ "BirthDate" ]
                                                } ]
                                             }, {
                                                "value" : [ "." ]
                                             }, {
                                                "r" : "111",
                                                "s" : [ {
                                                   "value" : [ "birthDatetime" ]
                                                } ]
                                             } ]
                                          }, {
                                             "value" : [ ", " ]
                                          }, {
                                             "r" : "113",
                                             "s" : [ {
                                                "value" : [ "start of " ]
                                             }, {
                                                "r" : "112",
                                                "s" : [ {
                                                   "value" : [ "\"Measurement Period\"" ]
                                                } ]
                                             } ]
                                          }, {
                                             "value" : [ " )" ]
                                          } ]
                                       } ]
                                    }, {
                                       "r" : "115",
                                       "value" : [ " ",">="," ","6" ]
                                    } ]
                                 }, {
                                    "value" : [ "\n        and " ]
                                 }, {
                                    "r" : "124",
                                    "s" : [ {
                                       "r" : "122",
                                       "s" : [ {
                                          "r" : "117",
                                          "s" : [ {
                                             "value" : [ "Global" ]
                                          } ]
                                       }, {
                                          "value" : [ "." ]
                                       }, {
                                          "r" : "122",
                                          "s" : [ {
                                             "value" : [ "\"CalendarAgeInYearsAt\""," ( " ]
                                          }, {
                                             "r" : "119",
                                             "s" : [ {
                                                "r" : "118",
                                                "s" : [ {
                                                   "value" : [ "BirthDate" ]
                                                } ]
                                             }, {
                                                "value" : [ "." ]
                                             }, {
                                                "r" : "119",
                                                "s" : [ {
                                                   "value" : [ "birthDatetime" ]
                                                } ]
                                             } ]
                                          }, {
                                             "value" : [ ", " ]
                                          }, {
                                             "r" : "121",
                                             "s" : [ {
                                                "value" : [ "start of " ]
                                             }, {
                                                "r" : "120",
                                                "s" : [ {
                                                   "value" : [ "\"Measurement Period\"" ]
                                                } ]
                                             } ]
                                          }, {
                                             "value" : [ " )" ]
                                          } ]
                                       } ]
                                    }, {
                                       "r" : "123",
                                       "value" : [ " ","<="," ","4" ]
                                    } ]
                                 } ]
                              } ]
                           } ]
                        }, {
                           "value" : [ "\n  )" ]
                        } ]
                     } ]
                  } ]
               }
            } ],
            "expression" : {
               "localId" : "127",
               "locator" : "64:3-67:3",
               "type" : "Exists",
               "operand" : {
                  "localId" : "126",
                  "locator" : "64:10-67:3",
                  "type" : "Query",
                  "source" : [ {
                     "localId" : "108",
                     "locator" : "64:12-64:71",
                     "alias" : "BirthDate",
                     "expression" : {
                        "localId" : "107",
                        "locator" : "64:12-64:61",
                        "dataType" : "{urn:healthit-gov:qdm:v5_5}PatientCharacteristicBirthdate",
                        "codeProperty" : "code",
                        "type" : "Retrieve",
                        "codes" : {
                           "type" : "ToList",
                           "operand" : {
                              "locator" : "64:49-64:60",
                              "name" : "Birth date",
                              "type" : "CodeRef"
                           }
                        }
                     }
                  } ],
                  "relationship" : [ ],
                  "where" : {
                     "localId" : "125",
                     "locator" : "65:7-66:105",
                     "type" : "And",
                     "operand" : [ {
                        "localId" : "116",
                        "locator" : "65:13-65:106",
                        "type" : "GreaterOrEqual",
                        "operand" : [ {
                           "localId" : "114",
                           "locator" : "65:13-65:101",
                           "name" : "CalendarAgeInMonthsAt",
                           "libraryName" : "Global",
                           "type" : "FunctionRef",
                           "operand" : [ {
                              "localId" : "111",
                              "locator" : "65:46-65:68",
                              "path" : "birthDatetime",
                              "scope" : "BirthDate",
                              "type" : "Property"
                           }, {
                              "localId" : "113",
                              "locator" : "65:71-65:99",
                              "type" : "Start",
                              "operand" : {
                                 "localId" : "112",
                                 "locator" : "65:80-65:99",
                                 "name" : "Measurement Period",
                                 "type" : "ParameterRef"
                              }
                           } ]
                        }, {
                           "localId" : "115",
                           "locator" : "65:106",
                           "valueType" : "{urn:hl7-org:elm-types:r1}Integer",
                           "value" : "6",
                           "type" : "Literal"
                        } ]
                     }, {
                        "localId" : "124",
                        "locator" : "66:13-66:105",
                        "type" : "LessOrEqual",
                        "operand" : [ {
                           "localId" : "122",
                           "locator" : "66:13-66:100",
                           "name" : "CalendarAgeInYearsAt",
                           "libraryName" : "Global",
                           "type" : "FunctionRef",
                           "operand" : [ {
                              "localId" : "119",
                              "locator" : "66:45-66:67",
                              "path" : "birthDatetime",
                              "scope" : "BirthDate",
                              "type" : "Property"
                           }, {
                              "localId" : "121",
                              "locator" : "66:70-66:98",
                              "type" : "Start",
                              "operand" : {
                                 "localId" : "120",
                                 "locator" : "66:79-66:98",
                                 "name" : "Measurement Period",
                                 "type" : "ParameterRef"
                              }
                           } ]
                        }, {
                           "localId" : "123",
                           "locator" : "66:105",
                           "valueType" : "{urn:hl7-org:elm-types:r1}Integer",
                           "value" : "4",
                           "type" : "Literal"
                        } ]
                     } ]
                  }
               }
            }
         }, {
            "localId" : "137",
            "locator" : "76:1-79:3",
            "name" : "Numerator",
            "context" : "Patient",
            "accessLevel" : "Public",
            "annotation" : [ {
               "type" : "Annotation",
               "s" : {
                  "r" : "137",
                  "s" : [ {
                     "value" : [ "define ","\"Numerator\"",":\n  " ]
                  }, {
                     "r" : "136",
                     "s" : [ {
                        "value" : [ "exists " ]
                     }, {
                        "r" : "135",
                        "s" : [ {
                           "value" : [ "( " ]
                        }, {
                           "r" : "135",
                           "s" : [ {
                              "s" : [ {
                                 "r" : "130",
                                 "s" : [ {
                                    "r" : "129",
                                    "s" : [ {
                                       "r" : "129",
                                       "s" : [ {
                                          "value" : [ "[","\"Procedure, Performed\"",": " ]
                                       }, {
                                          "s" : [ {
                                             "value" : [ "\"Fluoride Varnish Application for Children\"" ]
                                          } ]
                                       }, {
                                          "value" : [ "]" ]
                                       } ]
                                    } ]
                                 }, {
                                    "value" : [ " ","FluorideApplication" ]
                                 } ]
                              } ]
                           }, {
                              "value" : [ "\n      " ]
                           }, {
                              "r" : "134",
                              "s" : [ {
                                 "value" : [ "where " ]
                              }, {
                                 "r" : "134",
                                 "s" : [ {
                                    "r" : "132",
                                    "s" : [ {
                                       "r" : "131",
                                       "s" : [ {
                                          "value" : [ "FluorideApplication" ]
                                       } ]
                                    }, {
                                       "value" : [ "." ]
                                    }, {
                                       "r" : "132",
                                       "s" : [ {
                                          "value" : [ "relevantPeriod" ]
                                       } ]
                                    } ]
                                 }, {
                                    "r" : "134",
                                    "value" : [ " ","during"," " ]
                                 }, {
                                    "r" : "133",
                                    "s" : [ {
                                       "value" : [ "\"Measurement Period\"" ]
                                    } ]
                                 } ]
                              } ]
                           } ]
                        }, {
                           "value" : [ "\n  )" ]
                        } ]
                     } ]
                  } ]
               }
            } ],
            "expression" : {
               "localId" : "136",
               "locator" : "77:3-79:3",
               "type" : "Exists",
               "operand" : {
                  "localId" : "135",
                  "locator" : "77:10-79:3",
                  "type" : "Query",
                  "source" : [ {
                     "localId" : "130",
                     "locator" : "77:12-77:100",
                     "alias" : "FluorideApplication",
                     "expression" : {
                        "localId" : "129",
                        "locator" : "77:12-77:80",
                        "dataType" : "{urn:healthit-gov:qdm:v5_5}PositiveProcedurePerformed",
                        "templateId" : "PositiveProcedurePerformed",
                        "codeProperty" : "code",
                        "type" : "Retrieve",
                        "codes" : {
                           "locator" : "77:37-77:79",
                           "name" : "Fluoride Varnish Application for Children",
                           "type" : "ValueSetRef"
                        }
                     }
                  } ],
                  "relationship" : [ ],
                  "where" : {
                     "localId" : "134",
                     "locator" : "78:7-78:74",
                     "type" : "IncludedIn",
                     "operand" : [ {
                        "localId" : "132",
                        "locator" : "78:13-78:46",
                        "path" : "relevantPeriod",
                        "scope" : "FluorideApplication",
                        "type" : "Property"
                     }, {
                        "localId" : "133",
                        "locator" : "78:55-78:74",
                        "name" : "Measurement Period",
                        "type" : "ParameterRef"
                     } ]
                  }
               }
            }
         } ]
      }
   }
}