{
   "library" : {
      "identifier" : {
         "id" : "DementiaCognitiveAssessment",
         "version" : "9.2.000"
      },
      "schemaIdentifier" : {
         "id" : "urn:hl7-org:elm",
         "version" : "r1"
      },
      "usings" : {
         "def" : [ {
            "localIdentifier" : "System",
            "uri" : "urn:hl7-org:elm-types:r1"
         }, {
            "localId" : "1",
            "locator" : "3:1-3:23",
            "localIdentifier" : "QDM",
            "uri" : "urn:healthit-gov:qdm:v5_5",
            "version" : "5.5"
         } ]
      },
      "parameters" : {
         "def" : [ {
            "localId" : "22",
            "locator" : "24:1-24:49",
            "name" : "Measurement Period",
            "accessLevel" : "Public",
            "parameterTypeSpecifier" : {
               "localId" : "21",
               "locator" : "24:32-24:49",
               "type" : "IntervalTypeSpecifier",
               "pointType" : {
                  "localId" : "20",
                  "locator" : "24:41-24:48",
                  "name" : "{urn:hl7-org:elm-types:r1}DateTime",
                  "type" : "NamedTypeSpecifier"
               }
            }
         } ]
      },
      "valueSets" : {
         "def" : [ {
            "localId" : "2",
            "locator" : "5:1-5:85",
            "name" : "Behavioral/Neuropsych Assessment",
            "id" : "urn:oid:2.16.840.1.113883.3.526.3.1023",
            "accessLevel" : "Public"
         }, {
            "localId" : "3",
            "locator" : "6:1-6:110",
            "name" : "Care Services in Long-Term Residential Facility",
            "id" : "urn:oid:2.16.840.1.113883.3.464.1003.101.12.1014",
            "accessLevel" : "Public"
         }, {
            "localId" : "4",
            "locator" : "7:1-7:73",
            "name" : "Cognitive Assessment",
            "id" : "urn:oid:2.16.840.1.113883.3.526.3.1332",
            "accessLevel" : "Public"
         }, {
            "localId" : "5",
            "locator" : "8:1-8:84",
            "name" : "Dementia & Mental Degenerations",
            "id" : "urn:oid:2.16.840.1.113883.3.526.3.1005",
            "accessLevel" : "Public"
         }, {
            "localId" : "6",
            "locator" : "9:1-9:58",
            "name" : "Ethnicity",
            "id" : "urn:oid:2.16.840.1.114222.4.11.837",
            "accessLevel" : "Public"
         }, {
            "localId" : "7",
            "locator" : "10:1-10:87",
            "name" : "Home Healthcare Services",
            "id" : "urn:oid:2.16.840.1.113883.3.464.1003.101.12.1016",
            "accessLevel" : "Public"
         }, {
            "localId" : "8",
            "locator" : "11:1-11:85",
            "name" : "Nursing Facility Visit",
            "id" : "urn:oid:2.16.840.1.113883.3.464.1003.101.12.1012",
            "accessLevel" : "Public"
         }, {
            "localId" : "9",
            "locator" : "12:1-12:84",
            "name" : "Occupational Therapy Evaluation",
            "id" : "urn:oid:2.16.840.1.113883.3.526.3.1011",
            "accessLevel" : "Public"
         }, {
            "localId" : "10",
            "locator" : "13:1-13:75",
            "name" : "Office Visit",
            "id" : "urn:oid:2.16.840.1.113883.3.464.1003.101.12.1001",
            "accessLevel" : "Public"
         }, {
            "localId" : "11",
            "locator" : "14:1-14:68",
            "name" : "ONC Administrative Sex",
            "id" : "urn:oid:2.16.840.1.113762.1.4.1",
            "accessLevel" : "Public"
         }, {
            "localId" : "12",
            "locator" : "15:1-15:86",
            "name" : "Outpatient Consultation",
            "id" : "urn:oid:2.16.840.1.113883.3.464.1003.101.12.1008",
            "accessLevel" : "Public"
         }, {
            "localId" : "13",
            "locator" : "16:1-16:81",
            "name" : "Patient Provider Interaction",
            "id" : "urn:oid:2.16.840.1.113883.3.526.3.1012",
            "accessLevel" : "Public"
         }, {
            "localId" : "14",
            "locator" : "17:1-17:67",
            "name" : "Patient Reason",
            "id" : "urn:oid:2.16.840.1.113883.3.526.3.1008",
            "accessLevel" : "Public"
         }, {
            "localId" : "15",
            "locator" : "18:1-18:55",
            "name" : "Payer",
            "id" : "urn:oid:2.16.840.1.114222.4.11.3591",
            "accessLevel" : "Public"
         }, {
            "localId" : "16",
            "locator" : "19:1-19:88",
            "name" : "Psych Visit - Diagnostic Evaluation",
            "id" : "urn:oid:2.16.840.1.113883.3.526.3.1492",
            "accessLevel" : "Public"
         }, {
            "localId" : "17",
            "locator" : "20:1-20:80",
            "name" : "Psych Visit - Psychotherapy",
            "id" : "urn:oid:2.16.840.1.113883.3.526.3.1496",
            "accessLevel" : "Public"
         }, {
            "localId" : "18",
            "locator" : "21:1-21:53",
            "name" : "Race",
            "id" : "urn:oid:2.16.840.1.114222.4.11.836",
            "accessLevel" : "Public"
         }, {
            "localId" : "19",
            "locator" : "22:1-22:99",
            "name" : "Standardized Tools for Assessment of Cognition",
            "id" : "urn:oid:2.16.840.1.113883.3.526.3.1006",
            "accessLevel" : "Public"
         } ]
      },
      "statements" : {
         "def" : [ {
            "locator" : "26:1-26:15",
            "name" : "Patient",
            "context" : "Patient",
            "expression" : {
               "type" : "SingletonFrom",
               "operand" : {
                  "locator" : "26:1-26:15",
                  "dataType" : "{urn:healthit-gov:qdm:v5_5}Patient",
                  "templateId" : "Patient",
                  "type" : "Retrieve"
               }
            }
         }, {
            "localId" : "46",
            "locator" : "36:1-46:72",
            "name" : "Face to Face Encounter During Measurement Period",
            "context" : "Patient",
            "accessLevel" : "Public",
            "annotation" : [ {
               "type" : "Annotation",
               "s" : {
                  "r" : "46",
                  "s" : [ {
                     "value" : [ "define ","\"Face to Face Encounter During Measurement Period\"",":\n  " ]
                  }, {
                     "r" : "45",
                     "s" : [ {
                        "s" : [ {
                           "r" : "40",
                           "s" : [ {
                              "r" : "39",
                              "s" : [ {
                                 "value" : [ "( " ]
                              }, {
                                 "r" : "39",
                                 "s" : [ {
                                    "r" : "37",
                                    "s" : [ {
                                       "r" : "35",
                                       "s" : [ {
                                          "r" : "33",
                                          "s" : [ {
                                             "r" : "31",
                                             "s" : [ {
                                                "r" : "29",
                                                "s" : [ {
                                                   "r" : "27",
                                                   "s" : [ {
                                                      "r" : "25",
                                                      "s" : [ {
                                                         "r" : "23",
                                                         "s" : [ {
                                                            "value" : [ "[","\"Encounter, Performed\"",": " ]
                                                         }, {
                                                            "s" : [ {
                                                               "value" : [ "\"Psych Visit - Diagnostic Evaluation\"" ]
                                                            } ]
                                                         }, {
                                                            "value" : [ "]" ]
                                                         } ]
                                                      }, {
                                                         "value" : [ "\n    union " ]
                                                      }, {
                                                         "r" : "24",
                                                         "s" : [ {
                                                            "value" : [ "[","\"Encounter, Performed\"",": " ]
                                                         }, {
                                                            "s" : [ {
                                                               "value" : [ "\"Nursing Facility Visit\"" ]
                                                            } ]
                                                         }, {
                                                            "value" : [ "]" ]
                                                         } ]
                                                      } ]
                                                   }, {
                                                      "value" : [ "\n    union " ]
                                                   }, {
                                                      "r" : "26",
                                                      "s" : [ {
                                                         "value" : [ "[","\"Encounter, Performed\"",": " ]
                                                      }, {
                                                         "s" : [ {
                                                            "value" : [ "\"Care Services in Long-Term Residential Facility\"" ]
                                                         } ]
                                                      }, {
                                                         "value" : [ "]" ]
                                                      } ]
                                                   } ]
                                                }, {
                                                   "value" : [ "\n    union " ]
                                                }, {
                                                   "r" : "28",
                                                   "s" : [ {
                                                      "value" : [ "[","\"Encounter, Performed\"",": " ]
                                                   }, {
                                                      "s" : [ {
                                                         "value" : [ "\"Home Healthcare Services\"" ]
                                                      } ]
                                                   }, {
                                                      "value" : [ "]" ]
                                                   } ]
                                                } ]
                                             }, {
                                                "value" : [ "\n    union " ]
                                             }, {
                                                "r" : "30",
                                                "s" : [ {
                                                   "value" : [ "[","\"Encounter, Performed\"",": " ]
                                                }, {
                                                   "s" : [ {
                                                      "value" : [ "\"Psych Visit - Psychotherapy\"" ]
                                                   } ]
                                                }, {
                                                   "value" : [ "]" ]
                                                } ]
                                             } ]
                                          }, {
                                             "value" : [ "\n    union " ]
                                          }, {
                                             "r" : "32",
                                             "s" : [ {
                                                "value" : [ "[","\"Encounter, Performed\"",": " ]
                                             }, {
                                                "s" : [ {
                                                   "value" : [ "\"Behavioral/Neuropsych Assessment\"" ]
                                                } ]
                                             }, {
                                                "value" : [ "]" ]
                                             } ]
                                          } ]
                                       }, {
                                          "value" : [ "\n    union " ]
                                       }, {
                                          "r" : "34",
                                          "s" : [ {
                                             "value" : [ "[","\"Encounter, Performed\"",": " ]
                                          }, {
                                             "s" : [ {
                                                "value" : [ "\"Occupational Therapy Evaluation\"" ]
                                             } ]
                                          }, {
                                             "value" : [ "]" ]
                                          } ]
                                       } ]
                                    }, {
                                       "value" : [ "\n    union " ]
                                    }, {
                                       "r" : "36",
                                       "s" : [ {
                                          "value" : [ "[","\"Encounter, Performed\"",": " ]
                                       }, {
                                          "s" : [ {
                                             "value" : [ "\"Office Visit\"" ]
                                          } ]
                                       }, {
                                          "value" : [ "]" ]
                                       } ]
                                    } ]
                                 }, {
                                    "value" : [ "\n    union " ]
                                 }, {
                                    "r" : "38",
                                    "s" : [ {
                                       "value" : [ "[","\"Encounter, Performed\"",": " ]
                                    }, {
                                       "s" : [ {
                                          "value" : [ "\"Outpatient Consultation\"" ]
                                       } ]
                                    }, {
                                       "value" : [ "]" ]
                                    } ]
                                 } ]
                              }, {
                                 "value" : [ " )" ]
                              } ]
                           }, {
                              "value" : [ " ","FaceToFaceEncounter" ]
                           } ]
                        } ]
                     }, {
                        "value" : [ "\n    " ]
                     }, {
                        "r" : "44",
                        "s" : [ {
                           "value" : [ "where " ]
                        }, {
                           "r" : "44",
                           "s" : [ {
                              "r" : "42",
                              "s" : [ {
                                 "r" : "41",
                                 "s" : [ {
                                    "value" : [ "FaceToFaceEncounter" ]
                                 } ]
                              }, {
                                 "value" : [ "." ]
                              }, {
                                 "r" : "42",
                                 "s" : [ {
                                    "value" : [ "relevantPeriod" ]
                                 } ]
                              } ]
                           }, {
                              "r" : "44",
                              "value" : [ " ","during"," " ]
                           }, {
                              "r" : "43",
                              "s" : [ {
                                 "value" : [ "\"Measurement Period\"" ]
                              } ]
                           } ]
                        } ]
                     } ]
                  } ]
               }
            } ],
            "expression" : {
               "localId" : "45",
               "locator" : "37:3-46:72",
               "type" : "Query",
               "source" : [ {
                  "localId" : "40",
                  "locator" : "37:3-45:83",
                  "alias" : "FaceToFaceEncounter",
                  "expression" : {
                     "localId" : "39",
                     "locator" : "37:3-45:63",
                     "type" : "Union",
                     "operand" : [ {
                        "localId" : "37",
                        "locator" : "37:5-44:50",
                        "type" : "Union",
                        "operand" : [ {
                           "localId" : "33",
                           "locator" : "37:5-42:70",
                           "type" : "Union",
                           "operand" : [ {
                              "localId" : "29",
                              "locator" : "37:5-40:62",
                              "type" : "Union",
                              "operand" : [ {
                                 "localId" : "25",
                                 "locator" : "37:5-38:60",
                                 "type" : "Union",
                                 "operand" : [ {
                                    "localId" : "23",
                                    "locator" : "37:5-37:67",
                                    "dataType" : "{urn:healthit-gov:qdm:v5_5}PositiveEncounterPerformed",
                                    "templateId" : "PositiveEncounterPerformed",
                                    "codeProperty" : "code",
                                    "type" : "Retrieve",
                                    "codes" : {
                                       "locator" : "37:30-37:66",
                                       "name" : "Psych Visit - Diagnostic Evaluation",
                                       "type" : "ValueSetRef"
                                    }
                                 }, {
                                    "localId" : "24",
                                    "locator" : "38:11-38:60",
                                    "dataType" : "{urn:healthit-gov:qdm:v5_5}PositiveEncounterPerformed",
                                    "templateId" : "PositiveEncounterPerformed",
                                    "codeProperty" : "code",
                                    "type" : "Retrieve",
                                    "codes" : {
                                       "locator" : "38:36-38:59",
                                       "name" : "Nursing Facility Visit",
                                       "type" : "ValueSetRef"
                                    }
                                 } ]
                              }, {
                                 "type" : "Union",
                                 "operand" : [ {
                                    "localId" : "26",
                                    "locator" : "39:11-39:85",
                                    "dataType" : "{urn:healthit-gov:qdm:v5_5}PositiveEncounterPerformed",
                                    "templateId" : "PositiveEncounterPerformed",
                                    "codeProperty" : "code",
                                    "type" : "Retrieve",
                                    "codes" : {
                                       "locator" : "39:36-39:84",
                                       "name" : "Care Services in Long-Term Residential Facility",
                                       "type" : "ValueSetRef"
                                    }
                                 }, {
                                    "localId" : "28",
                                    "locator" : "40:11-40:62",
                                    "dataType" : "{urn:healthit-gov:qdm:v5_5}PositiveEncounterPerformed",
                                    "templateId" : "PositiveEncounterPerformed",
                                    "codeProperty" : "code",
                                    "type" : "Retrieve",
                                    "codes" : {
                                       "locator" : "40:36-40:61",
                                       "name" : "Home Healthcare Services",
                                       "type" : "ValueSetRef"
                                    }
                                 } ]
                              } ]
                           }, {
                              "type" : "Union",
                              "operand" : [ {
                                 "localId" : "30",
                                 "locator" : "41:11-41:65",
                                 "dataType" : "{urn:healthit-gov:qdm:v5_5}PositiveEncounterPerformed",
                                 "templateId" : "PositiveEncounterPerformed",
                                 "codeProperty" : "code",
                                 "type" : "Retrieve",
                                 "codes" : {
                                    "locator" : "41:36-41:64",
                                    "name" : "Psych Visit - Psychotherapy",
                                    "type" : "ValueSetRef"
                                 }
                              }, {
                                 "localId" : "32",
                                 "locator" : "42:11-42:70",
                                 "dataType" : "{urn:healthit-gov:qdm:v5_5}PositiveEncounterPerformed",
                                 "templateId" : "PositiveEncounterPerformed",
                                 "codeProperty" : "code",
                                 "type" : "Retrieve",
                                 "codes" : {
                                    "locator" : "42:36-42:69",
                                    "name" : "Behavioral/Neuropsych Assessment",
                                    "type" : "ValueSetRef"
                                 }
                              } ]
                           } ]
                        }, {
                           "type" : "Union",
                           "operand" : [ {
                              "localId" : "34",
                              "locator" : "43:11-43:69",
                              "dataType" : "{urn:healthit-gov:qdm:v5_5}PositiveEncounterPerformed",
                              "templateId" : "PositiveEncounterPerformed",
                              "codeProperty" : "code",
                              "type" : "Retrieve",
                              "codes" : {
                                 "locator" : "43:36-43:68",
                                 "name" : "Occupational Therapy Evaluation",
                                 "type" : "ValueSetRef"
                              }
                           }, {
                              "localId" : "36",
                              "locator" : "44:11-44:50",
                              "dataType" : "{urn:healthit-gov:qdm:v5_5}PositiveEncounterPerformed",
                              "templateId" : "PositiveEncounterPerformed",
                              "codeProperty" : "code",
                              "type" : "Retrieve",
                              "codes" : {
                                 "locator" : "44:36-44:49",
                                 "name" : "Office Visit",
                                 "type" : "ValueSetRef"
                              }
                           } ]
                        } ]
                     }, {
                        "localId" : "38",
                        "locator" : "45:11-45:61",
                        "dataType" : "{urn:healthit-gov:qdm:v5_5}PositiveEncounterPerformed",
                        "templateId" : "PositiveEncounterPerformed",
                        "codeProperty" : "code",
                        "type" : "Retrieve",
                        "codes" : {
                           "locator" : "45:36-45:60",
                           "name" : "Outpatient Consultation",
                           "type" : "ValueSetRef"
                        }
                     } ]
                  }
               } ],
               "relationship" : [ ],
               "where" : {
                  "localId" : "44",
                  "locator" : "46:5-46:72",
                  "type" : "IncludedIn",
                  "operand" : [ {
                     "localId" : "42",
                     "locator" : "46:11-46:44",
                     "path" : "relevantPeriod",
                     "scope" : "FaceToFaceEncounter",
                     "type" : "Property"
                  }, {
                     "localId" : "43",
                     "locator" : "46:53-46:72",
                     "name" : "Measurement Period",
                     "type" : "ParameterRef"
                  } ]
               }
            }
         }, {
            "localId" : "58",
            "locator" : "28:1-31:90",
            "name" : "Dementia Encounter",
            "context" : "Patient",
            "accessLevel" : "Public",
            "annotation" : [ {
               "type" : "Annotation",
               "s" : {
                  "r" : "58",
                  "s" : [ {
                     "value" : [ "define ","\"Dementia Encounter\"",":\n  " ]
                  }, {
                     "r" : "57",
                     "s" : [ {
                        "s" : [ {
                           "r" : "48",
                           "s" : [ {
                              "r" : "47",
                              "s" : [ {
                                 "s" : [ {
                                    "value" : [ "\"Face to Face Encounter During Measurement Period\"" ]
                                 } ]
                              } ]
                           }, {
                              "value" : [ " ","ValidFaceToFaceEncounter" ]
                           } ]
                        } ]
                     }, {
                        "value" : [ "\n    " ]
                     }, {
                        "r" : "56",
                        "s" : [ {
                           "value" : [ "with " ]
                        }, {
                           "r" : "50",
                           "s" : [ {
                              "r" : "49",
                              "s" : [ {
                                 "r" : "49",
                                 "s" : [ {
                                    "value" : [ "[","\"Diagnosis\"",": " ]
                                 }, {
                                    "s" : [ {
                                       "value" : [ "\"Dementia & Mental Degenerations\"" ]
                                    } ]
                                 }, {
                                    "value" : [ "]" ]
                                 } ]
                              } ]
                           }, {
                              "value" : [ " ","Dementia" ]
                           } ]
                        }, {
                           "value" : [ "\n      such that " ]
                        }, {
                           "r" : "55",
                           "s" : [ {
                              "r" : "52",
                              "s" : [ {
                                 "r" : "51",
                                 "s" : [ {
                                    "value" : [ "Dementia" ]
                                 } ]
                              }, {
                                 "value" : [ "." ]
                              }, {
                                 "r" : "52",
                                 "s" : [ {
                                    "value" : [ "prevalencePeriod" ]
                                 } ]
                              } ]
                           }, {
                              "r" : "55",
                              "value" : [ " ","overlaps"," " ]
                           }, {
                              "r" : "54",
                              "s" : [ {
                                 "r" : "53",
                                 "s" : [ {
                                    "value" : [ "ValidFaceToFaceEncounter" ]
                                 } ]
                              }, {
                                 "value" : [ "." ]
                              }, {
                                 "r" : "54",
                                 "s" : [ {
                                    "value" : [ "relevantPeriod" ]
                                 } ]
                              } ]
                           } ]
                        } ]
                     } ]
                  } ]
               }
            } ],
            "expression" : {
               "localId" : "57",
               "locator" : "29:3-31:90",
               "type" : "Query",
               "source" : [ {
                  "localId" : "48",
                  "locator" : "29:3-29:77",
                  "alias" : "ValidFaceToFaceEncounter",
                  "expression" : {
                     "localId" : "47",
                     "locator" : "29:3-29:52",
                     "name" : "Face to Face Encounter During Measurement Period",
                     "type" : "ExpressionRef"
                  }
               } ],
               "relationship" : [ {
                  "localId" : "56",
                  "locator" : "30:5-31:90",
                  "alias" : "Dementia",
                  "type" : "With",
                  "expression" : {
                     "localId" : "49",
                     "locator" : "30:10-30:57",
                     "dataType" : "{urn:healthit-gov:qdm:v5_5}Diagnosis",
                     "codeProperty" : "code",
                     "type" : "Retrieve",
                     "codes" : {
                        "locator" : "30:24-30:56",
                        "name" : "Dementia & Mental Degenerations",
                        "type" : "ValueSetRef"
                     }
                  },
                  "suchThat" : {
                     "localId" : "55",
                     "locator" : "31:17-31:90",
                     "type" : "Overlaps",
                     "operand" : [ {
                        "localId" : "52",
                        "locator" : "31:17-31:41",
                        "path" : "prevalencePeriod",
                        "scope" : "Dementia",
                        "type" : "Property"
                     }, {
                        "localId" : "54",
                        "locator" : "31:52-31:90",
                        "path" : "relevantPeriod",
                        "scope" : "ValidFaceToFaceEncounter",
                        "type" : "Property"
                     } ]
                  }
               } ]
            }
         }, {
            "localId" : "86",
            "locator" : "55:1-66:67",
            "name" : "Qualifying Encounter",
            "context" : "Patient",
            "accessLevel" : "Public",
            "annotation" : [ {
               "type" : "Annotation",
               "s" : {
                  "r" : "86",
                  "s" : [ {
                     "value" : [ "define ","\"Qualifying Encounter\"",":\n  " ]
                  }, {
                     "r" : "85",
                     "s" : [ {
                        "s" : [ {
                           "r" : "80",
                           "s" : [ {
                              "r" : "79",
                              "s" : [ {
                                 "value" : [ "( " ]
                              }, {
                                 "r" : "79",
                                 "s" : [ {
                                    "r" : "77",
                                    "s" : [ {
                                       "r" : "75",
                                       "s" : [ {
                                          "r" : "73",
                                          "s" : [ {
                                             "r" : "71",
                                             "s" : [ {
                                                "r" : "69",
                                                "s" : [ {
                                                   "r" : "67",
                                                   "s" : [ {
                                                      "r" : "65",
                                                      "s" : [ {
                                                         "r" : "63",
                                                         "s" : [ {
                                                            "r" : "61",
                                                            "s" : [ {
                                                               "value" : [ "[","\"Encounter, Performed\"",": " ]
                                                            }, {
                                                               "s" : [ {
                                                                  "value" : [ "\"Psych Visit - Diagnostic Evaluation\"" ]
                                                               } ]
                                                            }, {
                                                               "value" : [ "]" ]
                                                            } ]
                                                         }, {
                                                            "value" : [ "\n    union " ]
                                                         }, {
                                                            "r" : "62",
                                                            "s" : [ {
                                                               "value" : [ "[","\"Encounter, Performed\"",": " ]
                                                            }, {
                                                               "s" : [ {
                                                                  "value" : [ "\"Nursing Facility Visit\"" ]
                                                               } ]
                                                            }, {
                                                               "value" : [ "]" ]
                                                            } ]
                                                         } ]
                                                      }, {
                                                         "value" : [ "\n    union " ]
                                                      }, {
                                                         "r" : "64",
                                                         "s" : [ {
                                                            "value" : [ "[","\"Encounter, Performed\"",": " ]
                                                         }, {
                                                            "s" : [ {
                                                               "value" : [ "\"Care Services in Long-Term Residential Facility\"" ]
                                                            } ]
                                                         }, {
                                                            "value" : [ "]" ]
                                                         } ]
                                                      } ]
                                                   }, {
                                                      "value" : [ "\n    union " ]
                                                   }, {
                                                      "r" : "66",
                                                      "s" : [ {
                                                         "value" : [ "[","\"Encounter, Performed\"",": " ]
                                                      }, {
                                                         "s" : [ {
                                                            "value" : [ "\"Home Healthcare Services\"" ]
                                                         } ]
                                                      }, {
                                                         "value" : [ "]" ]
                                                      } ]
                                                   } ]
                                                }, {
                                                   "value" : [ "\n    union " ]
                                                }, {
                                                   "r" : "68",
                                                   "s" : [ {
                                                      "value" : [ "[","\"Encounter, Performed\"",": " ]
                                                   }, {
                                                      "s" : [ {
                                                         "value" : [ "\"Patient Provider Interaction\"" ]
                                                      } ]
                                                   }, {
                                                      "value" : [ "]" ]
                                                   } ]
                                                } ]
                                             }, {
                                                "value" : [ "\n    union " ]
                                             }, {
                                                "r" : "70",
                                                "s" : [ {
                                                   "value" : [ "[","\"Encounter, Performed\"",": " ]
                                                }, {
                                                   "s" : [ {
                                                      "value" : [ "\"Psych Visit - Psychotherapy\"" ]
                                                   } ]
                                                }, {
                                                   "value" : [ "]" ]
                                                } ]
                                             } ]
                                          }, {
                                             "value" : [ "\n    union " ]
                                          }, {
                                             "r" : "72",
                                             "s" : [ {
                                                "value" : [ "[","\"Encounter, Performed\"",": " ]
                                             }, {
                                                "s" : [ {
                                                   "value" : [ "\"Behavioral/Neuropsych Assessment\"" ]
                                                } ]
                                             }, {
                                                "value" : [ "]" ]
                                             } ]
                                          } ]
                                       }, {
                                          "value" : [ "\n    union " ]
                                       }, {
                                          "r" : "74",
                                          "s" : [ {
                                             "value" : [ "[","\"Encounter, Performed\"",": " ]
                                          }, {
                                             "s" : [ {
                                                "value" : [ "\"Occupational Therapy Evaluation\"" ]
                                             } ]
                                          }, {
                                             "value" : [ "]" ]
                                          } ]
                                       } ]
                                    }, {
                                       "value" : [ "\n    union " ]
                                    }, {
                                       "r" : "76",
                                       "s" : [ {
                                          "value" : [ "[","\"Encounter, Performed\"",": " ]
                                       }, {
                                          "s" : [ {
                                             "value" : [ "\"Office Visit\"" ]
                                          } ]
                                       }, {
                                          "value" : [ "]" ]
                                       } ]
                                    } ]
                                 }, {
                                    "value" : [ "\n    union " ]
                                 }, {
                                    "r" : "78",
                                    "s" : [ {
                                       "value" : [ "[","\"Encounter, Performed\"",": " ]
                                    }, {
                                       "s" : [ {
                                          "value" : [ "\"Outpatient Consultation\"" ]
                                       } ]
                                    }, {
                                       "value" : [ "]" ]
                                    } ]
                                 } ]
                              }, {
                                 "value" : [ " )" ]
                              } ]
                           }, {
                              "value" : [ " ","ValidEncounter" ]
                           } ]
                        } ]
                     }, {
                        "value" : [ "\n    " ]
                     }, {
                        "r" : "84",
                        "s" : [ {
                           "value" : [ "where " ]
                        }, {
                           "r" : "84",
                           "s" : [ {
                              "r" : "82",
                              "s" : [ {
                                 "r" : "81",
                                 "s" : [ {
                                    "value" : [ "ValidEncounter" ]
                                 } ]
                              }, {
                                 "value" : [ "." ]
                              }, {
                                 "r" : "82",
                                 "s" : [ {
                                    "value" : [ "relevantPeriod" ]
                                 } ]
                              } ]
                           }, {
                              "r" : "84",
                              "value" : [ " ","during"," " ]
                           }, {
                              "r" : "83",
                              "s" : [ {
                                 "value" : [ "\"Measurement Period\"" ]
                              } ]
                           } ]
                        } ]
                     } ]
                  } ]
               }
            } ],
            "expression" : {
               "localId" : "85",
               "locator" : "56:3-66:67",
               "type" : "Query",
               "source" : [ {
                  "localId" : "80",
                  "locator" : "56:3-65:78",
                  "alias" : "ValidEncounter",
                  "expression" : {
                     "localId" : "79",
                     "locator" : "56:3-65:63",
                     "type" : "Union",
                     "operand" : [ {
                        "localId" : "75",
                        "locator" : "56:5-63:69",
                        "type" : "Union",
                        "operand" : [ {
                           "localId" : "71",
                           "locator" : "56:5-61:65",
                           "type" : "Union",
                           "operand" : [ {
                              "localId" : "67",
                              "locator" : "56:5-59:62",
                              "type" : "Union",
                              "operand" : [ {
                                 "localId" : "63",
                                 "locator" : "56:5-57:60",
                                 "type" : "Union",
                                 "operand" : [ {
                                    "localId" : "61",
                                    "locator" : "56:5-56:67",
                                    "dataType" : "{urn:healthit-gov:qdm:v5_5}PositiveEncounterPerformed",
                                    "templateId" : "PositiveEncounterPerformed",
                                    "codeProperty" : "code",
                                    "type" : "Retrieve",
                                    "codes" : {
                                       "locator" : "56:30-56:66",
                                       "name" : "Psych Visit - Diagnostic Evaluation",
                                       "type" : "ValueSetRef"
                                    }
                                 }, {
                                    "localId" : "62",
                                    "locator" : "57:11-57:60",
                                    "dataType" : "{urn:healthit-gov:qdm:v5_5}PositiveEncounterPerformed",
                                    "templateId" : "PositiveEncounterPerformed",
                                    "codeProperty" : "code",
                                    "type" : "Retrieve",
                                    "codes" : {
                                       "locator" : "57:36-57:59",
                                       "name" : "Nursing Facility Visit",
                                       "type" : "ValueSetRef"
                                    }
                                 } ]
                              }, {
                                 "type" : "Union",
                                 "operand" : [ {
                                    "localId" : "64",
                                    "locator" : "58:11-58:85",
                                    "dataType" : "{urn:healthit-gov:qdm:v5_5}PositiveEncounterPerformed",
                                    "templateId" : "PositiveEncounterPerformed",
                                    "codeProperty" : "code",
                                    "type" : "Retrieve",
                                    "codes" : {
                                       "locator" : "58:36-58:84",
                                       "name" : "Care Services in Long-Term Residential Facility",
                                       "type" : "ValueSetRef"
                                    }
                                 }, {
                                    "localId" : "66",
                                    "locator" : "59:11-59:62",
                                    "dataType" : "{urn:healthit-gov:qdm:v5_5}PositiveEncounterPerformed",
                                    "templateId" : "PositiveEncounterPerformed",
                                    "codeProperty" : "code",
                                    "type" : "Retrieve",
                                    "codes" : {
                                       "locator" : "59:36-59:61",
                                       "name" : "Home Healthcare Services",
                                       "type" : "ValueSetRef"
                                    }
                                 } ]
                              } ]
                           }, {
                              "type" : "Union",
                              "operand" : [ {
                                 "localId" : "68",
                                 "locator" : "60:11-60:66",
                                 "dataType" : "{urn:healthit-gov:qdm:v5_5}PositiveEncounterPerformed",
                                 "templateId" : "PositiveEncounterPerformed",
                                 "codeProperty" : "code",
                                 "type" : "Retrieve",
                                 "codes" : {
                                    "locator" : "60:36-60:65",
                                    "name" : "Patient Provider Interaction",
                                    "type" : "ValueSetRef"
                                 }
                              }, {
                                 "localId" : "70",
                                 "locator" : "61:11-61:65",
                                 "dataType" : "{urn:healthit-gov:qdm:v5_5}PositiveEncounterPerformed",
                                 "templateId" : "PositiveEncounterPerformed",
                                 "codeProperty" : "code",
                                 "type" : "Retrieve",
                                 "codes" : {
                                    "locator" : "61:36-61:64",
                                    "name" : "Psych Visit - Psychotherapy",
                                    "type" : "ValueSetRef"
                                 }
                              } ]
                           } ]
                        }, {
                           "type" : "Union",
                           "operand" : [ {
                              "localId" : "72",
                              "locator" : "62:11-62:70",
                              "dataType" : "{urn:healthit-gov:qdm:v5_5}PositiveEncounterPerformed",
                              "templateId" : "PositiveEncounterPerformed",
                              "codeProperty" : "code",
                              "type" : "Retrieve",
                              "codes" : {
                                 "locator" : "62:36-62:69",
                                 "name" : "Behavioral/Neuropsych Assessment",
                                 "type" : "ValueSetRef"
                              }
                           }, {
                              "localId" : "74",
                              "locator" : "63:11-63:69",
                              "dataType" : "{urn:healthit-gov:qdm:v5_5}PositiveEncounterPerformed",
                              "templateId" : "PositiveEncounterPerformed",
                              "codeProperty" : "code",
                              "type" : "Retrieve",
                              "codes" : {
                                 "locator" : "63:36-63:68",
                                 "name" : "Occupational Therapy Evaluation",
                                 "type" : "ValueSetRef"
                              }
                           } ]
                        } ]
                     }, {
                        "type" : "Union",
                        "operand" : [ {
                           "localId" : "76",
                           "locator" : "64:11-64:50",
                           "dataType" : "{urn:healthit-gov:qdm:v5_5}PositiveEncounterPerformed",
                           "templateId" : "PositiveEncounterPerformed",
                           "codeProperty" : "code",
                           "type" : "Retrieve",
                           "codes" : {
                              "locator" : "64:36-64:49",
                              "name" : "Office Visit",
                              "type" : "ValueSetRef"
                           }
                        }, {
                           "localId" : "78",
                           "locator" : "65:11-65:61",
                           "dataType" : "{urn:healthit-gov:qdm:v5_5}PositiveEncounterPerformed",
                           "templateId" : "PositiveEncounterPerformed",
                           "codeProperty" : "code",
                           "type" : "Retrieve",
                           "codes" : {
                              "locator" : "65:36-65:60",
                              "name" : "Outpatient Consultation",
                              "type" : "ValueSetRef"
                           }
                        } ]
                     } ]
                  }
               } ],
               "relationship" : [ ],
               "where" : {
                  "localId" : "84",
                  "locator" : "66:5-66:67",
                  "type" : "IncludedIn",
                  "operand" : [ {
                     "localId" : "82",
                     "locator" : "66:11-66:39",
                     "path" : "relevantPeriod",
                     "scope" : "ValidEncounter",
                     "type" : "Property"
                  }, {
                     "localId" : "83",
                     "locator" : "66:48-66:67",
                     "name" : "Measurement Period",
                     "type" : "ParameterRef"
                  } ]
               }
            }
         }, {
            "localId" : "92",
            "locator" : "48:1-50:45",
            "name" : "Initial Population",
            "context" : "Patient",
            "accessLevel" : "Public",
            "annotation" : [ {
               "type" : "Annotation",
               "s" : {
                  "r" : "92",
                  "s" : [ {
                     "value" : [ "define ","\"Initial Population\"",":\n  " ]
                  }, {
                     "r" : "91",
                     "s" : [ {
                        "r" : "60",
                        "s" : [ {
                           "value" : [ "exists " ]
                        }, {
                           "r" : "59",
                           "s" : [ {
                              "value" : [ "\"Dementia Encounter\"" ]
                           } ]
                        } ]
                     }, {
                        "value" : [ "\n    and " ]
                     }, {
                        "r" : "90",
                        "s" : [ {
                           "value" : [ "( " ]
                        }, {
                           "r" : "90",
                           "s" : [ {
                              "r" : "88",
                              "s" : [ {
                                 "value" : [ "Count","(" ]
                              }, {
                                 "r" : "87",
                                 "s" : [ {
                                    "value" : [ "\"Qualifying Encounter\"" ]
                                 } ]
                              }, {
                                 "value" : [ ")" ]
                              } ]
                           }, {
                              "r" : "89",
                              "value" : [ ">="," ","2" ]
                           } ]
                        }, {
                           "value" : [ " )" ]
                        } ]
                     } ]
                  } ]
               }
            } ],
            "expression" : {
               "localId" : "91",
               "locator" : "49:3-50:45",
               "type" : "And",
               "operand" : [ {
                  "localId" : "60",
                  "locator" : "49:3-49:29",
                  "type" : "Exists",
                  "operand" : {
                     "localId" : "59",
                     "locator" : "49:10-49:29",
                     "name" : "Dementia Encounter",
                     "type" : "ExpressionRef"
                  }
               }, {
                  "localId" : "90",
                  "locator" : "50:9-50:45",
                  "type" : "GreaterOrEqual",
                  "operand" : [ {
                     "localId" : "88",
                     "locator" : "50:11-50:39",
                     "type" : "Count",
                     "source" : {
                        "localId" : "87",
                        "locator" : "50:17-50:38",
                        "name" : "Qualifying Encounter",
                        "type" : "ExpressionRef"
                     }
                  }, {
                     "localId" : "89",
                     "locator" : "50:43",
                     "valueType" : "{urn:hl7-org:elm-types:r1}Integer",
                     "value" : "2",
                     "type" : "Literal"
                  } ]
               } ]
            }
         }, {
            "localId" : "94",
            "locator" : "33:1-34:22",
            "name" : "Denominator",
            "context" : "Patient",
            "accessLevel" : "Public",
            "annotation" : [ {
               "type" : "Annotation",
               "s" : {
                  "r" : "94",
                  "s" : [ {
                     "value" : [ "define ","\"Denominator\"",":\n  " ]
                  }, {
                     "r" : "93",
                     "s" : [ {
                        "value" : [ "\"Initial Population\"" ]
                     } ]
                  } ]
               }
            } ],
            "expression" : {
               "localId" : "93",
               "locator" : "34:3-34:22",
               "name" : "Initial Population",
               "type" : "ExpressionRef"
            }
         }, {
            "localId" : "113",
            "locator" : "83:1-89:48",
            "name" : "Assessment of Cognition Using Standardized Tools or Alternate Methods",
            "context" : "Patient",
            "accessLevel" : "Public",
            "annotation" : [ {
               "type" : "Annotation",
               "s" : {
                  "r" : "113",
                  "s" : [ {
                     "value" : [ "define ","\"Assessment of Cognition Using Standardized Tools or Alternate Methods\"",":\n  " ]
                  }, {
                     "r" : "112",
                     "s" : [ {
                        "s" : [ {
                           "r" : "98",
                           "s" : [ {
                              "r" : "97",
                              "s" : [ {
                                 "value" : [ "( " ]
                              }, {
                                 "r" : "97",
                                 "s" : [ {
                                    "r" : "95",
                                    "s" : [ {
                                       "value" : [ "[","\"Assessment, Performed\"",": " ]
                                    }, {
                                       "s" : [ {
                                          "value" : [ "\"Standardized Tools for Assessment of Cognition\"" ]
                                       } ]
                                    }, {
                                       "value" : [ "]" ]
                                    } ]
                                 }, {
                                    "value" : [ "\n    union " ]
                                 }, {
                                    "r" : "96",
                                    "s" : [ {
                                       "value" : [ "[","\"Intervention, Performed\"",": " ]
                                    }, {
                                       "s" : [ {
                                          "value" : [ "\"Cognitive Assessment\"" ]
                                       } ]
                                    }, {
                                       "value" : [ "]" ]
                                    } ]
                                 } ]
                              }, {
                                 "value" : [ " )" ]
                              } ]
                           }, {
                              "value" : [ " ","CognitiveAssessment" ]
                           } ]
                        } ]
                     }, {
                        "value" : [ "\n    " ]
                     }, {
                        "r" : "108",
                        "s" : [ {
                           "value" : [ "with " ]
                        }, {
                           "r" : "100",
                           "s" : [ {
                              "r" : "99",
                              "s" : [ {
                                 "s" : [ {
                                    "value" : [ "\"Dementia Encounter\"" ]
                                 } ]
                              } ]
                           }, {
                              "value" : [ " ","EncounterDementia" ]
                           } ]
                        }, {
                           "value" : [ "\n      such that " ]
                        }, {
                           "r" : "107",
                           "s" : [ {
                              "r" : "102",
                              "s" : [ {
                                 "r" : "101",
                                 "s" : [ {
                                    "value" : [ "CognitiveAssessment" ]
                                 } ]
                              }, {
                                 "value" : [ "." ]
                              }, {
                                 "r" : "102",
                                 "s" : [ {
                                    "value" : [ "relevantDatetime" ]
                                 } ]
                              } ]
                           }, {
                              "value" : [ " " ]
                           }, {
                              "r" : "107",
                              "s" : [ {
                                 "r" : "106",
                                 "s" : [ {
                                    "value" : [ "12 ","months" ]
                                 } ]
                              }, {
                                 "value" : [ " or less on or before day of" ]
                              } ]
                           }, {
                              "value" : [ " \n      " ]
                           }, {
                              "r" : "105",
                              "s" : [ {
                                 "value" : [ "end of " ]
                              }, {
                                 "r" : "104",
                                 "s" : [ {
                                    "r" : "103",
                                    "s" : [ {
                                       "value" : [ "EncounterDementia" ]
                                    } ]
                                 }, {
                                    "value" : [ "." ]
                                 }, {
                                    "r" : "104",
                                    "s" : [ {
                                       "value" : [ "relevantPeriod" ]
                                    } ]
                                 } ]
                              } ]
                           } ]
                        } ]
                     }, {
                        "value" : [ "\n    " ]
                     }, {
                        "r" : "111",
                        "s" : [ {
                           "value" : [ "where " ]
                        }, {
                           "r" : "111",
                           "s" : [ {
                              "r" : "110",
                              "s" : [ {
                                 "r" : "109",
                                 "s" : [ {
                                    "value" : [ "CognitiveAssessment" ]
                                 } ]
                              }, {
                                 "value" : [ "." ]
                              }, {
                                 "r" : "110",
                                 "s" : [ {
                                    "value" : [ "result" ]
                                 } ]
                              } ]
                           }, {
                              "value" : [ " is not null" ]
                           } ]
                        } ]
                     } ]
                  } ]
               }
            } ],
            "expression" : {
               "localId" : "112",
               "locator" : "84:3-89:48",
               "type" : "Query",
               "source" : [ {
                  "localId" : "98",
                  "locator" : "84:3-85:83",
                  "alias" : "CognitiveAssessment",
                  "expression" : {
                     "localId" : "97",
                     "locator" : "84:3-85:63",
                     "type" : "Union",
                     "operand" : [ {
                        "type" : "As",
                        "operand" : {
                           "localId" : "95",
                           "locator" : "84:5-84:79",
                           "dataType" : "{urn:healthit-gov:qdm:v5_5}PositiveAssessmentPerformed",
                           "templateId" : "PositiveAssessmentPerformed",
                           "codeProperty" : "code",
                           "type" : "Retrieve",
                           "codes" : {
                              "locator" : "84:31-84:78",
                              "name" : "Standardized Tools for Assessment of Cognition",
                              "type" : "ValueSetRef"
                           }
                        },
                        "asTypeSpecifier" : {
                           "type" : "ListTypeSpecifier",
                           "elementType" : {
                              "type" : "ChoiceTypeSpecifier",
                              "choice" : [ {
                                 "name" : "{urn:healthit-gov:qdm:v5_5}PositiveInterventionPerformed",
                                 "type" : "NamedTypeSpecifier"
                              }, {
                                 "name" : "{urn:healthit-gov:qdm:v5_5}PositiveAssessmentPerformed",
                                 "type" : "NamedTypeSpecifier"
                              } ]
                           }
                        }
                     }, {
                        "type" : "As",
                        "operand" : {
                           "localId" : "96",
                           "locator" : "85:11-85:61",
                           "dataType" : "{urn:healthit-gov:qdm:v5_5}PositiveInterventionPerformed",
                           "templateId" : "PositiveInterventionPerformed",
                           "codeProperty" : "code",
                           "type" : "Retrieve",
                           "codes" : {
                              "locator" : "85:39-85:60",
                              "name" : "Cognitive Assessment",
                              "type" : "ValueSetRef"
                           }
                        },
                        "asTypeSpecifier" : {
                           "type" : "ListTypeSpecifier",
                           "elementType" : {
                              "type" : "ChoiceTypeSpecifier",
                              "choice" : [ {
                                 "name" : "{urn:healthit-gov:qdm:v5_5}PositiveInterventionPerformed",
                                 "type" : "NamedTypeSpecifier"
                              }, {
                                 "name" : "{urn:healthit-gov:qdm:v5_5}PositiveAssessmentPerformed",
                                 "type" : "NamedTypeSpecifier"
                              } ]
                           }
                        }
                     } ]
                  }
               } ],
               "relationship" : [ {
                  "localId" : "108",
                  "locator" : "86:5-88:45",
                  "alias" : "EncounterDementia",
                  "type" : "With",
                  "expression" : {
                     "localId" : "99",
                     "locator" : "86:10-86:29",
                     "name" : "Dementia Encounter",
                     "type" : "ExpressionRef"
                  },
                  "suchThat" : {
                     "localId" : "107",
                     "locator" : "87:17-88:45",
                     "type" : "And",
                     "operand" : [ {
                        "locator" : "87:54-87:70",
                        "precision" : "Day",
                        "type" : "In",
                        "operand" : [ {
                           "localId" : "102",
                           "locator" : "87:17-87:52",
                           "path" : "relevantDatetime",
                           "scope" : "CognitiveAssessment",
                           "type" : "Property"
                        }, {
                           "locator" : "87:54-87:70",
                           "lowClosed" : true,
                           "highClosed" : true,
                           "type" : "Interval",
                           "low" : {
                              "locator" : "88:7-88:45",
                              "type" : "Subtract",
                              "operand" : [ {
                                 "localId" : "105",
                                 "locator" : "88:7-88:45",
                                 "type" : "End",
                                 "operand" : {
                                    "localId" : "104",
                                    "locator" : "88:14-88:45",
                                    "path" : "relevantPeriod",
                                    "scope" : "EncounterDementia",
                                    "type" : "Property"
                                 }
                              }, {
                                 "localId" : "106",
                                 "locator" : "87:54-87:62",
                                 "value" : 12,
                                 "unit" : "months",
                                 "type" : "Quantity"
                              } ]
                           },
                           "high" : {
                              "localId" : "105",
                              "locator" : "88:7-88:45",
                              "type" : "End",
                              "operand" : {
                                 "localId" : "104",
                                 "locator" : "88:14-88:45",
                                 "path" : "relevantPeriod",
                                 "scope" : "EncounterDementia",
                                 "type" : "Property"
                              }
                           }
                        } ]
                     }, {
                        "locator" : "87:54-87:70",
                        "type" : "Not",
                        "operand" : {
                           "locator" : "87:54-87:70",
                           "type" : "IsNull",
                           "operand" : {
                              "localId" : "105",
                              "locator" : "88:7-88:45",
                              "type" : "End",
                              "operand" : {
                                 "localId" : "104",
                                 "locator" : "88:14-88:45",
                                 "path" : "relevantPeriod",
                                 "scope" : "EncounterDementia",
                                 "type" : "Property"
                              }
                           }
                        }
                     } ]
                  }
               } ],
               "where" : {
                  "localId" : "111",
                  "locator" : "89:5-89:48",
                  "type" : "Not",
                  "operand" : {
                     "locator" : "89:11-89:48",
                     "type" : "IsNull",
                     "operand" : {
                        "localId" : "110",
                        "locator" : "89:11-89:36",
                        "path" : "result",
                        "scope" : "CognitiveAssessment",
                        "type" : "Property"
                     }
                  }
               }
            }
         }, {
            "localId" : "116",
            "locator" : "52:1-53:80",
            "name" : "Numerator",
            "context" : "Patient",
            "accessLevel" : "Public",
            "annotation" : [ {
               "type" : "Annotation",
               "s" : {
                  "r" : "116",
                  "s" : [ {
                     "value" : [ "define ","\"Numerator\"",":\n  " ]
                  }, {
                     "r" : "115",
                     "s" : [ {
                        "value" : [ "exists " ]
                     }, {
                        "r" : "114",
                        "s" : [ {
                           "value" : [ "\"Assessment of Cognition Using Standardized Tools or Alternate Methods\"" ]
                        } ]
                     } ]
                  } ]
               }
            } ],
            "expression" : {
               "localId" : "115",
               "locator" : "53:3-53:80",
               "type" : "Exists",
               "operand" : {
                  "localId" : "114",
                  "locator" : "53:10-53:80",
                  "name" : "Assessment of Cognition Using Standardized Tools or Alternate Methods",
                  "type" : "ExpressionRef"
               }
            }
         }, {
            "localId" : "118",
            "locator" : "68:1-69:51",
            "name" : "SDE Ethnicity",
            "context" : "Patient",
            "accessLevel" : "Public",
            "annotation" : [ {
               "type" : "Annotation",
               "s" : {
                  "r" : "118",
                  "s" : [ {
                     "value" : [ "define ","\"SDE Ethnicity\"",":\n  " ]
                  }, {
                     "r" : "117",
                     "s" : [ {
                        "value" : [ "[","\"Patient Characteristic Ethnicity\"",": " ]
                     }, {
                        "s" : [ {
                           "value" : [ "\"Ethnicity\"" ]
                        } ]
                     }, {
                        "value" : [ "]" ]
                     } ]
                  } ]
               }
            } ],
            "expression" : {
               "localId" : "117",
               "locator" : "69:3-69:51",
               "dataType" : "{urn:healthit-gov:qdm:v5_5}PatientCharacteristicEthnicity",
               "codeProperty" : "code",
               "type" : "Retrieve",
               "codes" : {
                  "locator" : "69:40-69:50",
                  "name" : "Ethnicity",
                  "type" : "ValueSetRef"
               }
            }
         }, {
            "localId" : "120",
            "locator" : "71:1-72:43",
            "name" : "SDE Payer",
            "context" : "Patient",
            "accessLevel" : "Public",
            "annotation" : [ {
               "type" : "Annotation",
               "s" : {
                  "r" : "120",
                  "s" : [ {
                     "value" : [ "define ","\"SDE Payer\"",":\n  " ]
                  }, {
                     "r" : "119",
                     "s" : [ {
                        "value" : [ "[","\"Patient Characteristic Payer\"",": " ]
                     }, {
                        "s" : [ {
                           "value" : [ "\"Payer\"" ]
                        } ]
                     }, {
                        "value" : [ "]" ]
                     } ]
                  } ]
               }
            } ],
            "expression" : {
               "localId" : "119",
               "locator" : "72:3-72:43",
               "dataType" : "{urn:healthit-gov:qdm:v5_5}PatientCharacteristicPayer",
               "codeProperty" : "code",
               "type" : "Retrieve",
               "codes" : {
                  "locator" : "72:36-72:42",
                  "name" : "Payer",
                  "type" : "ValueSetRef"
               }
            }
         }, {
            "localId" : "122",
            "locator" : "74:1-75:41",
            "name" : "SDE Race",
            "context" : "Patient",
            "accessLevel" : "Public",
            "annotation" : [ {
               "type" : "Annotation",
               "s" : {
                  "r" : "122",
                  "s" : [ {
                     "value" : [ "define ","\"SDE Race\"",":\n  " ]
                  }, {
                     "r" : "121",
                     "s" : [ {
                        "value" : [ "[","\"Patient Characteristic Race\"",": " ]
                     }, {
                        "s" : [ {
                           "value" : [ "\"Race\"" ]
                        } ]
                     }, {
                        "value" : [ "]" ]
                     } ]
                  } ]
               }
            } ],
            "expression" : {
               "localId" : "121",
               "locator" : "75:3-75:41",
               "dataType" : "{urn:healthit-gov:qdm:v5_5}PatientCharacteristicRace",
               "codeProperty" : "code",
               "type" : "Retrieve",
               "codes" : {
                  "locator" : "75:35-75:40",
                  "name" : "Race",
                  "type" : "ValueSetRef"
               }
            }
         }, {
            "localId" : "124",
            "locator" : "77:1-78:58",
            "name" : "SDE Sex",
            "context" : "Patient",
            "accessLevel" : "Public",
            "annotation" : [ {
               "type" : "Annotation",
               "s" : {
                  "r" : "124",
                  "s" : [ {
                     "value" : [ "define ","\"SDE Sex\"",":\n  " ]
                  }, {
                     "r" : "123",
                     "s" : [ {
                        "value" : [ "[","\"Patient Characteristic Sex\"",": " ]
                     }, {
                        "s" : [ {
                           "value" : [ "\"ONC Administrative Sex\"" ]
                        } ]
                     }, {
                        "value" : [ "]" ]
                     } ]
                  } ]
               }
            } ],
            "expression" : {
               "localId" : "123",
               "locator" : "78:3-78:58",
               "dataType" : "{urn:healthit-gov:qdm:v5_5}PatientCharacteristicSex",
               "codeProperty" : "code",
               "type" : "Retrieve",
               "codes" : {
                  "locator" : "78:34-78:57",
                  "name" : "ONC Administrative Sex",
                  "type" : "ValueSetRef"
               }
            }
         }, {
            "localId" : "142",
            "locator" : "91:1-96:69",
            "name" : "Patient Reason for Not Performing Assessment of Cognition Using Standardized Tools or Alternate Methods",
            "context" : "Patient",
            "accessLevel" : "Public",
            "annotation" : [ {
               "type" : "Annotation",
               "s" : {
                  "r" : "142",
                  "s" : [ {
                     "value" : [ "define ","\"Patient Reason for Not Performing Assessment of Cognition Using Standardized Tools or Alternate Methods\"",":\n  " ]
                  }, {
                     "r" : "141",
                     "s" : [ {
                        "s" : [ {
                           "r" : "128",
                           "s" : [ {
                              "r" : "127",
                              "s" : [ {
                                 "value" : [ "( " ]
                              }, {
                                 "r" : "127",
                                 "s" : [ {
                                    "r" : "125",
                                    "s" : [ {
                                       "value" : [ "[","\"Assessment, Not Performed\"",": " ]
                                    }, {
                                       "s" : [ {
                                          "value" : [ "\"Standardized Tools for Assessment of Cognition\"" ]
                                       } ]
                                    }, {
                                       "value" : [ "]" ]
                                    } ]
                                 }, {
                                    "value" : [ "\n    union " ]
                                 }, {
                                    "r" : "126",
                                    "s" : [ {
                                       "value" : [ "[","\"Intervention, Not Performed\"",": " ]
                                    }, {
                                       "s" : [ {
                                          "value" : [ "\"Cognitive Assessment\"" ]
                                       } ]
                                    }, {
                                       "value" : [ "]" ]
                                    } ]
                                 } ]
                              }, {
                                 "value" : [ " )" ]
                              } ]
                           }, {
                              "value" : [ " ","NoCognitiveAssessment" ]
                           } ]
                        } ]
                     }, {
                        "value" : [ "\n    " ]
                     }, {
                        "r" : "136",
                        "s" : [ {
                           "value" : [ "with " ]
                        }, {
                           "r" : "130",
                           "s" : [ {
                              "r" : "129",
                              "s" : [ {
                                 "s" : [ {
                                    "value" : [ "\"Dementia Encounter\"" ]
                                 } ]
                              } ]
                           }, {
                              "value" : [ " ","EncounterDementia" ]
                           } ]
                        }, {
                           "value" : [ "\n      such that " ]
                        }, {
                           "r" : "135",
                           "s" : [ {
                              "r" : "132",
                              "s" : [ {
                                 "r" : "131",
                                 "s" : [ {
                                    "value" : [ "NoCognitiveAssessment" ]
                                 } ]
                              }, {
                                 "value" : [ "." ]
                              }, {
                                 "r" : "132",
                                 "s" : [ {
                                    "value" : [ "authorDatetime" ]
                                 } ]
                              } ]
                           }, {
                              "r" : "135",
                              "value" : [ " ","during"," " ]
                           }, {
                              "r" : "134",
                              "s" : [ {
                                 "r" : "133",
                                 "s" : [ {
                                    "value" : [ "EncounterDementia" ]
                                 } ]
                              }, {
                                 "value" : [ "." ]
                              }, {
                                 "r" : "134",
                                 "s" : [ {
                                    "value" : [ "relevantPeriod" ]
                                 } ]
                              } ]
                           } ]
                        } ]
                     }, {
                        "value" : [ "\n    " ]
                     }, {
                        "r" : "140",
                        "s" : [ {
                           "value" : [ "where " ]
                        }, {
                           "r" : "140",
                           "s" : [ {
                              "r" : "138",
                              "s" : [ {
                                 "r" : "137",
                                 "s" : [ {
                                    "value" : [ "NoCognitiveAssessment" ]
                                 } ]
                              }, {
                                 "value" : [ "." ]
                              }, {
                                 "r" : "138",
                                 "s" : [ {
                                    "value" : [ "negationRationale" ]
                                 } ]
                              } ]
                           }, {
                              "value" : [ " in " ]
                           }, {
                              "r" : "139",
                              "s" : [ {
                                 "value" : [ "\"Patient Reason\"" ]
                              } ]
                           } ]
                        } ]
                     } ]
                  } ]
               }
            } ],
            "expression" : {
               "localId" : "141",
               "locator" : "92:3-96:69",
               "type" : "Query",
               "source" : [ {
                  "localId" : "128",
                  "locator" : "92:3-93:89",
                  "alias" : "NoCognitiveAssessment",
                  "expression" : {
                     "localId" : "127",
                     "locator" : "92:3-93:67",
                     "type" : "Union",
                     "operand" : [ {
                        "type" : "As",
                        "operand" : {
                           "localId" : "125",
                           "locator" : "92:5-92:83",
                           "dataType" : "{urn:healthit-gov:qdm:v5_5}NegativeAssessmentPerformed",
                           "templateId" : "NegativeAssessmentPerformed",
                           "codeProperty" : "code",
                           "type" : "Retrieve",
                           "codes" : {
                              "locator" : "92:35-92:82",
                              "name" : "Standardized Tools for Assessment of Cognition",
                              "type" : "ValueSetRef"
                           }
                        },
                        "asTypeSpecifier" : {
                           "type" : "ListTypeSpecifier",
                           "elementType" : {
                              "type" : "ChoiceTypeSpecifier",
                              "choice" : [ {
                                 "name" : "{urn:healthit-gov:qdm:v5_5}NegativeAssessmentPerformed",
                                 "type" : "NamedTypeSpecifier"
                              }, {
                                 "name" : "{urn:healthit-gov:qdm:v5_5}NegativeInterventionPerformed",
                                 "type" : "NamedTypeSpecifier"
                              } ]
                           }
                        }
                     }, {
                        "type" : "As",
                        "operand" : {
                           "localId" : "126",
                           "locator" : "93:11-93:65",
                           "dataType" : "{urn:healthit-gov:qdm:v5_5}NegativeInterventionPerformed",
                           "templateId" : "NegativeInterventionPerformed",
                           "codeProperty" : "code",
                           "type" : "Retrieve",
                           "codes" : {
                              "locator" : "93:43-93:64",
                              "name" : "Cognitive Assessment",
                              "type" : "ValueSetRef"
                           }
                        },
                        "asTypeSpecifier" : {
                           "type" : "ListTypeSpecifier",
                           "elementType" : {
                              "type" : "ChoiceTypeSpecifier",
                              "choice" : [ {
                                 "name" : "{urn:healthit-gov:qdm:v5_5}NegativeAssessmentPerformed",
                                 "type" : "NamedTypeSpecifier"
                              }, {
                                 "name" : "{urn:healthit-gov:qdm:v5_5}NegativeInterventionPerformed",
                                 "type" : "NamedTypeSpecifier"
                              } ]
                           }
                        }
                     } ]
                  }
               } ],
               "relationship" : [ {
                  "localId" : "136",
                  "locator" : "94:5-95:92",
                  "alias" : "EncounterDementia",
                  "type" : "With",
                  "expression" : {
                     "localId" : "129",
                     "locator" : "94:10-94:29",
                     "name" : "Dementia Encounter",
                     "type" : "ExpressionRef"
                  },
                  "suchThat" : {
                     "localId" : "135",
                     "locator" : "95:17-95:92",
                     "type" : "In",
                     "operand" : [ {
                        "localId" : "132",
                        "locator" : "95:17-95:52",
                        "path" : "authorDatetime",
                        "scope" : "NoCognitiveAssessment",
                        "type" : "Property"
                     }, {
                        "localId" : "134",
                        "locator" : "95:61-95:92",
                        "path" : "relevantPeriod",
                        "scope" : "EncounterDementia",
                        "type" : "Property"
                     } ]
                  }
               } ],
               "where" : {
                  "localId" : "140",
                  "locator" : "96:5-96:69",
                  "type" : "InValueSet",
                  "code" : {
                     "localId" : "138",
                     "locator" : "96:11-96:49",
                     "path" : "negationRationale",
                     "scope" : "NoCognitiveAssessment",
                     "type" : "Property"
                  },
                  "valueset" : {
                     "localId" : "139",
                     "locator" : "96:54-96:69",
                     "name" : "Patient Reason"
                  }
               }
            }
         }, {
            "localId" : "145",
            "locator" : "80:1-81:114",
            "name" : "Denominator Exceptions",
            "context" : "Patient",
            "accessLevel" : "Public",
            "annotation" : [ {
               "type" : "Annotation",
               "s" : {
                  "r" : "145",
                  "s" : [ {
                     "value" : [ "define ","\"Denominator Exceptions\"",":\n  " ]
                  }, {
                     "r" : "144",
                     "s" : [ {
                        "value" : [ "exists " ]
                     }, {
                        "r" : "143",
                        "s" : [ {
                           "value" : [ "\"Patient Reason for Not Performing Assessment of Cognition Using Standardized Tools or Alternate Methods\"" ]
                        } ]
                     } ]
                  } ]
               }
            } ],
            "expression" : {
               "localId" : "144",
               "locator" : "81:3-81:114",
               "type" : "Exists",
               "operand" : {
                  "localId" : "143",
                  "locator" : "81:10-81:114",
                  "name" : "Patient Reason for Not Performing Assessment of Cognition Using Standardized Tools or Alternate Methods",
                  "type" : "ExpressionRef"
               }
            }
         } ]
      }
   }
}