{
   "library" : {
      "identifier" : {
         "id" : "ClosingtheReferralLoopReceiptofSpecialistReport",
         "version" : "8.0.000"
      },
      "schemaIdentifier" : {
         "id" : "urn:hl7-org:elm",
         "version" : "r1"
      },
      "usings" : {
         "def" : [ {
            "localIdentifier" : "System",
            "uri" : "urn:hl7-org:elm-types:r1"
         }, {
            "localId" : "1",
            "locator" : "3:1-3:23",
            "localIdentifier" : "QDM",
            "uri" : "urn:healthit-gov:qdm:v5_4",
            "version" : "5.4"
         } ]
      },
      "parameters" : {
         "def" : [ {
            "localId" : "16",
            "locator" : "18:1-18:49",
            "name" : "Measurement Period",
            "accessLevel" : "Public",
            "parameterTypeSpecifier" : {
               "localId" : "15",
               "locator" : "18:32-18:49",
               "type" : "IntervalTypeSpecifier",
               "pointType" : {
                  "localId" : "14",
                  "locator" : "18:41-18:48",
                  "name" : "{urn:hl7-org:elm-types:r1}DateTime",
                  "type" : "NamedTypeSpecifier"
               }
            }
         } ]
      },
      "valueSets" : {
         "def" : [ {
            "localId" : "2",
            "locator" : "5:1-5:80",
            "name" : "Consultant Report",
            "id" : "urn:oid:2.16.840.1.113883.3.464.1003.121.12.1006",
            "accessLevel" : "Public"
         }, {
            "localId" : "3",
            "locator" : "6:1-6:58",
            "name" : "Ethnicity",
            "id" : "urn:oid:2.16.840.1.114222.4.11.837",
            "accessLevel" : "Public"
         }, {
            "localId" : "4",
            "locator" : "7:1-7:75",
            "name" : "Office Visit",
            "id" : "urn:oid:2.16.840.1.113883.3.464.1003.101.12.1001",
            "accessLevel" : "Public"
         }, {
            "localId" : "5",
            "locator" : "8:1-8:68",
            "name" : "ONC Administrative Sex",
            "id" : "urn:oid:2.16.840.1.113762.1.4.1",
            "accessLevel" : "Public"
         }, {
            "localId" : "6",
            "locator" : "9:1-9:78",
            "name" : "Ophthalmological Services",
            "id" : "urn:oid:2.16.840.1.113883.3.526.3.1285",
            "accessLevel" : "Public"
         }, {
            "localId" : "7",
            "locator" : "10:1-10:55",
            "name" : "Payer",
            "id" : "urn:oid:2.16.840.1.114222.4.11.3591",
            "accessLevel" : "Public"
         }, {
            "localId" : "8",
            "locator" : "11:1-11:125",
            "name" : "Preventive Care Services - Established Office Visit, 18 and Up",
            "id" : "urn:oid:2.16.840.1.113883.3.464.1003.101.12.1025",
            "accessLevel" : "Public"
         }, {
            "localId" : "9",
            "locator" : "12:1-12:118",
            "name" : "Preventive Care Services, Initial Office Visit, 0 to 17",
            "id" : "urn:oid:2.16.840.1.113883.3.464.1003.101.12.1022",
            "accessLevel" : "Public"
         }, {
            "localId" : "10",
            "locator" : "13:1-13:119",
            "name" : "Preventive Care Services-Initial Office Visit, 18 and Up",
            "id" : "urn:oid:2.16.840.1.113883.3.464.1003.101.12.1023",
            "accessLevel" : "Public"
         }, {
            "localId" : "11",
            "locator" : "14:1-14:113",
            "name" : "Preventive Care, Established Office Visit, 0 to 17",
            "id" : "urn:oid:2.16.840.1.113883.3.464.1003.101.12.1024",
            "accessLevel" : "Public"
         }, {
            "localId" : "12",
            "locator" : "15:1-15:53",
            "name" : "Race",
            "id" : "urn:oid:2.16.840.1.114222.4.11.836",
            "accessLevel" : "Public"
         }, {
            "localId" : "13",
            "locator" : "16:1-16:71",
            "name" : "Referral",
            "id" : "urn:oid:2.16.840.1.113883.3.464.1003.101.12.1046",
            "accessLevel" : "Public"
         } ]
      },
      "statements" : {
         "def" : [ {
            "locator" : "20:1-20:15",
            "name" : "Patient",
            "context" : "Patient",
            "expression" : {
               "type" : "SingletonFrom",
               "operand" : {
                  "locator" : "20:1-20:15",
                  "dataType" : "{urn:healthit-gov:qdm:v5_4}Patient",
                  "templateId" : "Patient",
                  "type" : "Retrieve"
               }
            }
         }, {
            "localId" : "18",
            "locator" : "22:1-23:50",
            "name" : "SDE Ethnicity",
            "context" : "Patient",
            "accessLevel" : "Public",
            "annotation" : [ {
               "type" : "Annotation",
               "s" : {
                  "r" : "18",
                  "s" : [ {
                     "value" : [ "define ","\"SDE Ethnicity\"",":\n\t" ]
                  }, {
                     "r" : "17",
                     "s" : [ {
                        "value" : [ "[","\"Patient Characteristic Ethnicity\"",": " ]
                     }, {
                        "s" : [ {
                           "value" : [ "\"Ethnicity\"" ]
                        } ]
                     }, {
                        "value" : [ "]" ]
                     } ]
                  } ]
               }
            } ],
            "expression" : {
               "localId" : "17",
               "locator" : "23:2-23:50",
               "dataType" : "{urn:healthit-gov:qdm:v5_4}PatientCharacteristicEthnicity",
               "codeProperty" : "code",
               "type" : "Retrieve",
               "codes" : {
                  "name" : "Ethnicity",
                  "type" : "ValueSetRef"
               }
            }
         }, {
            "localId" : "20",
            "locator" : "25:1-26:42",
            "name" : "SDE Payer",
            "context" : "Patient",
            "accessLevel" : "Public",
            "annotation" : [ {
               "type" : "Annotation",
               "s" : {
                  "r" : "20",
                  "s" : [ {
                     "value" : [ "define ","\"SDE Payer\"",":\n\t" ]
                  }, {
                     "r" : "19",
                     "s" : [ {
                        "value" : [ "[","\"Patient Characteristic Payer\"",": " ]
                     }, {
                        "s" : [ {
                           "value" : [ "\"Payer\"" ]
                        } ]
                     }, {
                        "value" : [ "]" ]
                     } ]
                  } ]
               }
            } ],
            "expression" : {
               "localId" : "19",
               "locator" : "26:2-26:42",
               "dataType" : "{urn:healthit-gov:qdm:v5_4}PatientCharacteristicPayer",
               "codeProperty" : "code",
               "type" : "Retrieve",
               "codes" : {
                  "name" : "Payer",
                  "type" : "ValueSetRef"
               }
            }
         }, {
            "localId" : "22",
            "locator" : "28:1-29:40",
            "name" : "SDE Race",
            "context" : "Patient",
            "accessLevel" : "Public",
            "annotation" : [ {
               "type" : "Annotation",
               "s" : {
                  "r" : "22",
                  "s" : [ {
                     "value" : [ "define ","\"SDE Race\"",":\n\t" ]
                  }, {
                     "r" : "21",
                     "s" : [ {
                        "value" : [ "[","\"Patient Characteristic Race\"",": " ]
                     }, {
                        "s" : [ {
                           "value" : [ "\"Race\"" ]
                        } ]
                     }, {
                        "value" : [ "]" ]
                     } ]
                  } ]
               }
            } ],
            "expression" : {
               "localId" : "21",
               "locator" : "29:2-29:40",
               "dataType" : "{urn:healthit-gov:qdm:v5_4}PatientCharacteristicRace",
               "codeProperty" : "code",
               "type" : "Retrieve",
               "codes" : {
                  "name" : "Race",
                  "type" : "ValueSetRef"
               }
            }
         }, {
            "localId" : "24",
            "locator" : "31:1-32:57",
            "name" : "SDE Sex",
            "context" : "Patient",
            "accessLevel" : "Public",
            "annotation" : [ {
               "type" : "Annotation",
               "s" : {
                  "r" : "24",
                  "s" : [ {
                     "value" : [ "define ","\"SDE Sex\"",":\n\t" ]
                  }, {
                     "r" : "23",
                     "s" : [ {
                        "value" : [ "[","\"Patient Characteristic Sex\"",": " ]
                     }, {
                        "s" : [ {
                           "value" : [ "\"ONC Administrative Sex\"" ]
                        } ]
                     }, {
                        "value" : [ "]" ]
                     } ]
                  } ]
               }
            } ],
            "expression" : {
               "localId" : "23",
               "locator" : "32:2-32:57",
               "dataType" : "{urn:healthit-gov:qdm:v5_4}PatientCharacteristicSex",
               "codeProperty" : "code",
               "type" : "Retrieve",
               "codes" : {
                  "name" : "ONC Administrative Sex",
                  "type" : "ValueSetRef"
               }
            }
         }, {
            "localId" : "42",
            "locator" : "41:1-48:70",
            "name" : "Face to Face Encounter During Measurement Period",
            "context" : "Patient",
            "accessLevel" : "Public",
            "annotation" : [ {
               "type" : "Annotation",
               "s" : {
                  "r" : "42",
                  "s" : [ {
                     "value" : [ "define ","\"Face to Face Encounter During Measurement Period\"",":\n\t" ]
                  }, {
                     "r" : "41",
                     "s" : [ {
                        "s" : [ {
                           "r" : "36",
                           "s" : [ {
                              "r" : "35",
                              "s" : [ {
                                 "value" : [ "( " ]
                              }, {
                                 "r" : "35",
                                 "s" : [ {
                                    "r" : "33",
                                    "s" : [ {
                                       "r" : "31",
                                       "s" : [ {
                                          "r" : "29",
                                          "s" : [ {
                                             "r" : "27",
                                             "s" : [ {
                                                "r" : "25",
                                                "s" : [ {
                                                   "value" : [ "[","\"Encounter, Performed\"",": " ]
                                                }, {
                                                   "s" : [ {
                                                      "value" : [ "\"Office Visit\"" ]
                                                   } ]
                                                }, {
                                                   "value" : [ "]" ]
                                                } ]
                                             }, {
                                                "value" : [ "\n\t\tunion " ]
                                             }, {
                                                "r" : "26",
                                                "s" : [ {
                                                   "value" : [ "[","\"Encounter, Performed\"",": " ]
                                                }, {
                                                   "s" : [ {
                                                      "value" : [ "\"Ophthalmological Services\"" ]
                                                   } ]
                                                }, {
                                                   "value" : [ "]" ]
                                                } ]
                                             } ]
                                          }, {
                                             "value" : [ "\n\t\tunion " ]
                                          }, {
                                             "r" : "28",
                                             "s" : [ {
                                                "value" : [ "[","\"Encounter, Performed\"",": " ]
                                             }, {
                                                "s" : [ {
                                                   "value" : [ "\"Preventive Care Services - Established Office Visit, 18 and Up\"" ]
                                                } ]
                                             }, {
                                                "value" : [ "]" ]
                                             } ]
                                          } ]
                                       }, {
                                          "value" : [ "\n\t\tunion " ]
                                       }, {
                                          "r" : "30",
                                          "s" : [ {
                                             "value" : [ "[","\"Encounter, Performed\"",": " ]
                                          }, {
                                             "s" : [ {
                                                "value" : [ "\"Preventive Care Services, Initial Office Visit, 0 to 17\"" ]
                                             } ]
                                          }, {
                                             "value" : [ "]" ]
                                          } ]
                                       } ]
                                    }, {
                                       "value" : [ "\n\t\tunion " ]
                                    }, {
                                       "r" : "32",
                                       "s" : [ {
                                          "value" : [ "[","\"Encounter, Performed\"",": " ]
                                       }, {
                                          "s" : [ {
                                             "value" : [ "\"Preventive Care Services-Initial Office Visit, 18 and Up\"" ]
                                          } ]
                                       }, {
                                          "value" : [ "]" ]
                                       } ]
                                    } ]
                                 }, {
                                    "value" : [ "\n\t\tunion " ]
                                 }, {
                                    "r" : "34",
                                    "s" : [ {
                                       "value" : [ "[","\"Encounter, Performed\"",": " ]
                                    }, {
                                       "s" : [ {
                                          "value" : [ "\"Preventive Care, Established Office Visit, 0 to 17\"" ]
                                       } ]
                                    }, {
                                       "value" : [ "]" ]
                                    } ]
                                 } ]
                              }, {
                                 "value" : [ " )" ]
                              } ]
                           }, {
                              "value" : [ " ","FaceToFaceEncounter" ]
                           } ]
                        } ]
                     }, {
                        "value" : [ "\n\t\t" ]
                     }, {
                        "r" : "40",
                        "s" : [ {
                           "value" : [ "where " ]
                        }, {
                           "r" : "40",
                           "s" : [ {
                              "r" : "38",
                              "s" : [ {
                                 "r" : "37",
                                 "s" : [ {
                                    "value" : [ "FaceToFaceEncounter" ]
                                 } ]
                              }, {
                                 "value" : [ "." ]
                              }, {
                                 "r" : "38",
                                 "s" : [ {
                                    "value" : [ "relevantPeriod" ]
                                 } ]
                              } ]
                           }, {
                              "value" : [ " ","during"," " ]
                           }, {
                              "r" : "39",
                              "s" : [ {
                                 "value" : [ "\"Measurement Period\"" ]
                              } ]
                           } ]
                        } ]
                     } ]
                  } ]
               }
            } ],
            "expression" : {
               "localId" : "41",
               "locator" : "42:2-48:70",
               "type" : "Query",
               "source" : [ {
                  "localId" : "36",
                  "locator" : "42:2-47:108",
                  "alias" : "FaceToFaceEncounter",
                  "expression" : {
                     "localId" : "35",
                     "locator" : "42:2-47:88",
                     "type" : "Union",
                     "operand" : [ {
                        "localId" : "31",
                        "locator" : "42:4-45:91",
                        "type" : "Union",
                        "operand" : [ {
                           "localId" : "27",
                           "locator" : "42:4-43:61",
                           "type" : "Union",
                           "operand" : [ {
                              "localId" : "25",
                              "locator" : "42:4-42:43",
                              "dataType" : "{urn:healthit-gov:qdm:v5_4}PositiveEncounterPerformed",
                              "templateId" : "PositiveEncounterPerformed",
                              "codeProperty" : "code",
                              "type" : "Retrieve",
                              "codes" : {
                                 "name" : "Office Visit",
                                 "type" : "ValueSetRef"
                              }
                           }, {
                              "localId" : "26",
                              "locator" : "43:9-43:61",
                              "dataType" : "{urn:healthit-gov:qdm:v5_4}PositiveEncounterPerformed",
                              "templateId" : "PositiveEncounterPerformed",
                              "codeProperty" : "code",
                              "type" : "Retrieve",
                              "codes" : {
                                 "name" : "Ophthalmological Services",
                                 "type" : "ValueSetRef"
                              }
                           } ]
                        }, {
                           "type" : "Union",
                           "operand" : [ {
                              "localId" : "28",
                              "locator" : "44:9-44:98",
                              "dataType" : "{urn:healthit-gov:qdm:v5_4}PositiveEncounterPerformed",
                              "templateId" : "PositiveEncounterPerformed",
                              "codeProperty" : "code",
                              "type" : "Retrieve",
                              "codes" : {
                                 "name" : "Preventive Care Services - Established Office Visit, 18 and Up",
                                 "type" : "ValueSetRef"
                              }
                           }, {
                              "localId" : "30",
                              "locator" : "45:9-45:91",
                              "dataType" : "{urn:healthit-gov:qdm:v5_4}PositiveEncounterPerformed",
                              "templateId" : "PositiveEncounterPerformed",
                              "codeProperty" : "code",
                              "type" : "Retrieve",
                              "codes" : {
                                 "name" : "Preventive Care Services, Initial Office Visit, 0 to 17",
                                 "type" : "ValueSetRef"
                              }
                           } ]
                        } ]
                     }, {
                        "type" : "Union",
                        "operand" : [ {
                           "localId" : "32",
                           "locator" : "46:9-46:92",
                           "dataType" : "{urn:healthit-gov:qdm:v5_4}PositiveEncounterPerformed",
                           "templateId" : "PositiveEncounterPerformed",
                           "codeProperty" : "code",
                           "type" : "Retrieve",
                           "codes" : {
                              "name" : "Preventive Care Services-Initial Office Visit, 18 and Up",
                              "type" : "ValueSetRef"
                           }
                        }, {
                           "localId" : "34",
                           "locator" : "47:9-47:86",
                           "dataType" : "{urn:healthit-gov:qdm:v5_4}PositiveEncounterPerformed",
                           "templateId" : "PositiveEncounterPerformed",
                           "codeProperty" : "code",
                           "type" : "Retrieve",
                           "codes" : {
                              "name" : "Preventive Care, Established Office Visit, 0 to 17",
                              "type" : "ValueSetRef"
                           }
                        } ]
                     } ]
                  }
               } ],
               "relationship" : [ ],
               "where" : {
                  "localId" : "40",
                  "locator" : "48:3-48:70",
                  "type" : "IncludedIn",
                  "operand" : [ {
                     "localId" : "38",
                     "locator" : "48:9-48:42",
                     "path" : "relevantPeriod",
                     "scope" : "FaceToFaceEncounter",
                     "type" : "Property"
                  }, {
                     "localId" : "39",
                     "locator" : "48:51-48:70",
                     "name" : "Measurement Period",
                     "type" : "ParameterRef"
                  } ]
               }
            }
         }, {
            "localId" : "56",
            "locator" : "53:1-57:2",
            "name" : "First Referral During Measurement Period",
            "context" : "Patient",
            "accessLevel" : "Public",
            "annotation" : [ {
               "type" : "Annotation",
               "s" : {
                  "r" : "56",
                  "s" : [ {
                     "value" : [ "define ","\"First Referral During Measurement Period\"",":\n\t" ]
                  }, {
                     "r" : "55",
                     "s" : [ {
                        "value" : [ "First","(" ]
                     }, {
                        "r" : "54",
                        "s" : [ {
                           "s" : [ {
                              "r" : "46",
                              "s" : [ {
                                 "r" : "45",
                                 "s" : [ {
                                    "r" : "45",
                                    "s" : [ {
                                       "value" : [ "[","\"Intervention, Performed\"",": " ]
                                    }, {
                                       "s" : [ {
                                          "value" : [ "\"Referral\"" ]
                                       } ]
                                    }, {
                                       "value" : [ "]" ]
                                    } ]
                                 } ]
                              }, {
                                 "value" : [ " ","ReferralPerformed" ]
                              } ]
                           } ]
                        }, {
                           "value" : [ "\n\t\t\t" ]
                        }, {
                           "r" : "50",
                           "s" : [ {
                              "value" : [ "where " ]
                           }, {
                              "r" : "50",
                              "s" : [ {
                                 "r" : "48",
                                 "s" : [ {
                                    "r" : "47",
                                    "s" : [ {
                                       "value" : [ "ReferralPerformed" ]
                                    } ]
                                 }, {
                                    "value" : [ "." ]
                                 }, {
                                    "r" : "48",
                                    "s" : [ {
                                       "value" : [ "relevantPeriod" ]
                                    } ]
                                 } ]
                              }, {
                                 "value" : [ " ","starts during"," " ]
                              }, {
                                 "r" : "49",
                                 "s" : [ {
                                    "value" : [ "\"Measurement Period\"" ]
                                 } ]
                              } ]
                           } ]
                        }, {
                           "value" : [ "\n\t\t\t" ]
                        }, {
                           "r" : "53",
                           "s" : [ {
                              "value" : [ "sort by " ]
                           }, {
                              "r" : "52",
                              "s" : [ {
                                 "r" : "51",
                                 "s" : [ {
                                    "value" : [ "authorDatetime" ]
                                 } ]
                              } ]
                           } ]
                        } ]
                     }, {
                        "value" : [ "\n\t)" ]
                     } ]
                  } ]
               }
            } ],
            "expression" : {
               "localId" : "55",
               "locator" : "54:2-57:2",
               "type" : "First",
               "source" : {
                  "localId" : "54",
                  "locator" : "54:8-56:25",
                  "type" : "Query",
                  "source" : [ {
                     "localId" : "46",
                     "locator" : "54:8-54:64",
                     "alias" : "ReferralPerformed",
                     "expression" : {
                        "localId" : "45",
                        "locator" : "54:8-54:46",
                        "dataType" : "{urn:healthit-gov:qdm:v5_4}PositiveInterventionPerformed",
                        "templateId" : "PositiveInterventionPerformed",
                        "codeProperty" : "code",
                        "type" : "Retrieve",
                        "codes" : {
                           "name" : "Referral",
                           "type" : "ValueSetRef"
                        }
                     }
                  } ],
                  "relationship" : [ ],
                  "where" : {
                     "localId" : "50",
                     "locator" : "55:4-55:76",
                     "type" : "In",
                     "operand" : [ {
                        "locator" : "55:43-55:48",
                        "type" : "Start",
                        "operand" : {
                           "localId" : "48",
                           "locator" : "55:10-55:41",
                           "path" : "relevantPeriod",
                           "scope" : "ReferralPerformed",
                           "type" : "Property"
                        }
                     }, {
                        "localId" : "49",
                        "locator" : "55:57-55:76",
                        "name" : "Measurement Period",
                        "type" : "ParameterRef"
                     } ]
                  },
                  "sort" : {
                     "localId" : "53",
                     "locator" : "56:4-56:25",
                     "by" : [ {
                        "localId" : "52",
                        "locator" : "56:12-56:25",
                        "direction" : "asc",
                        "path" : "authorDatetime",
                        "type" : "ByColumn"
                     } ]
                  }
               }
            }
         }, {
            "localId" : "60",
            "locator" : "34:1-36:60",
            "name" : "Initial Population",
            "context" : "Patient",
            "accessLevel" : "Public",
            "annotation" : [ {
               "type" : "Annotation",
               "s" : {
                  "r" : "60",
                  "s" : [ {
                     "value" : [ "define ","\"Initial Population\"",":\n\t" ]
                  }, {
                     "r" : "59",
                     "s" : [ {
                        "r" : "44",
                        "s" : [ {
                           "value" : [ "exists " ]
                        }, {
                           "r" : "43",
                           "s" : [ {
                              "value" : [ "\"Face to Face Encounter During Measurement Period\"" ]
                           } ]
                        } ]
                     }, {
                        "value" : [ "\n\t\tand " ]
                     }, {
                        "r" : "58",
                        "s" : [ {
                           "r" : "57",
                           "s" : [ {
                              "value" : [ "\"First Referral During Measurement Period\"" ]
                           } ]
                        }, {
                           "value" : [ " is not null" ]
                        } ]
                     } ]
                  } ]
               }
            } ],
            "expression" : {
               "localId" : "59",
               "locator" : "35:2-36:60",
               "type" : "And",
               "operand" : [ {
                  "localId" : "44",
                  "locator" : "35:2-35:58",
                  "type" : "Exists",
                  "operand" : {
                     "localId" : "43",
                     "locator" : "35:9-35:58",
                     "name" : "Face to Face Encounter During Measurement Period",
                     "type" : "ExpressionRef"
                  }
               }, {
                  "localId" : "58",
                  "locator" : "36:7-36:60",
                  "type" : "Not",
                  "operand" : {
                     "locator" : "36:7-36:60",
                     "type" : "IsNull",
                     "operand" : {
                        "localId" : "57",
                        "locator" : "36:7-36:48",
                        "name" : "First Referral During Measurement Period",
                        "type" : "ExpressionRef"
                     }
                  }
               } ]
            }
         }, {
            "localId" : "62",
            "locator" : "38:1-39:21",
            "name" : "Denominator",
            "context" : "Patient",
            "accessLevel" : "Public",
            "annotation" : [ {
               "type" : "Annotation",
               "s" : {
                  "r" : "62",
                  "s" : [ {
                     "value" : [ "define ","\"Denominator\"",":\n\t" ]
                  }, {
                     "r" : "61",
                     "s" : [ {
                        "value" : [ "\"Initial Population\"" ]
                     } ]
                  } ]
               }
            } ],
            "expression" : {
               "localId" : "61",
               "locator" : "39:2-39:21",
               "name" : "Initial Population",
               "type" : "ExpressionRef"
            }
         }, {
            "localId" : "81",
            "locator" : "59:1-63:104",
            "name" : "Referring Provider Communicated Consultant Report to Close Referral Loop",
            "context" : "Patient",
            "accessLevel" : "Public",
            "annotation" : [ {
               "type" : "Annotation",
               "s" : {
                  "r" : "81",
                  "s" : [ {
                     "value" : [ "define ","\"Referring Provider Communicated Consultant Report to Close Referral Loop\"",":\n\t" ]
                  }, {
                     "r" : "80",
                     "s" : [ {
                        "s" : [ {
                           "r" : "64",
                           "s" : [ {
                              "r" : "63",
                              "s" : [ {
                                 "r" : "63",
                                 "s" : [ {
                                    "value" : [ "[","\"Communication, Performed\"",": " ]
                                 }, {
                                    "s" : [ {
                                       "value" : [ "\"Consultant Report\"" ]
                                    } ]
                                 }, {
                                    "value" : [ "]" ]
                                 } ]
                              } ]
                           }, {
                              "value" : [ " ","ConsultantReportCommunicated" ]
                           } ]
                        } ]
                     }, {
                        "value" : [ "\n\t\t" ]
                     }, {
                        "r" : "79",
                        "s" : [ {
                           "value" : [ "with " ]
                        }, {
                           "r" : "66",
                           "s" : [ {
                              "r" : "65",
                              "s" : [ {
                                 "s" : [ {
                                    "value" : [ "\"First Referral During Measurement Period\"" ]
                                 } ]
                              } ]
                           }, {
                              "value" : [ " ","FirstReferralPerformed" ]
                           } ]
                        }, {
                           "value" : [ "\n\t\t\tsuch that " ]
                        }, {
                           "r" : "78",
                           "s" : [ {
                              "r" : "71",
                              "s" : [ {
                                 "r" : "68",
                                 "s" : [ {
                                    "r" : "67",
                                    "s" : [ {
                                       "value" : [ "FirstReferralPerformed" ]
                                    } ]
                                 }, {
                                    "value" : [ "." ]
                                 }, {
                                    "r" : "68",
                                    "s" : [ {
                                       "value" : [ "id" ]
                                    } ]
                                 } ]
                              }, {
                                 "value" : [ " in " ]
                              }, {
                                 "r" : "70",
                                 "s" : [ {
                                    "r" : "69",
                                    "s" : [ {
                                       "value" : [ "ConsultantReportCommunicated" ]
                                    } ]
                                 }, {
                                    "value" : [ "." ]
                                 }, {
                                    "r" : "70",
                                    "s" : [ {
                                       "value" : [ "relatedTo" ]
                                    } ]
                                 } ]
                              } ]
                           }, {
                              "value" : [ "\n\t\t\t\tand " ]
                           }, {
                              "r" : "77",
                              "s" : [ {
                                 "r" : "73",
                                 "s" : [ {
                                    "r" : "72",
                                    "s" : [ {
                                       "value" : [ "ConsultantReportCommunicated" ]
                                    } ]
                                 }, {
                                    "value" : [ "." ]
                                 }, {
                                    "r" : "73",
                                    "s" : [ {
                                       "value" : [ "authorDatetime" ]
                                    } ]
                                 } ]
                              }, {
                                 "value" : [ " ","after"," " ]
                              }, {
                                 "r" : "76",
                                 "s" : [ {
                                    "value" : [ "start of " ]
                                 }, {
                                    "r" : "75",
                                    "s" : [ {
                                       "r" : "74",
                                       "s" : [ {
                                          "value" : [ "FirstReferralPerformed" ]
                                       } ]
                                    }, {
                                       "value" : [ "." ]
                                    }, {
                                       "r" : "75",
                                       "s" : [ {
                                          "value" : [ "relevantPeriod" ]
                                       } ]
                                    } ]
                                 } ]
                              } ]
                           } ]
                        } ]
                     } ]
                  } ]
               }
            } ],
            "expression" : {
               "localId" : "80",
               "locator" : "60:2-63:104",
               "type" : "Query",
               "source" : [ {
                  "localId" : "64",
                  "locator" : "60:2-60:79",
                  "alias" : "ConsultantReportCommunicated",
                  "expression" : {
                     "localId" : "63",
                     "locator" : "60:2-60:50",
                     "dataType" : "{urn:healthit-gov:qdm:v5_4}PositiveCommunicationPerformed",
                     "templateId" : "PositiveCommunicationPerformed",
                     "codeProperty" : "code",
                     "type" : "Retrieve",
                     "codes" : {
                        "name" : "Consultant Report",
                        "type" : "ValueSetRef"
                     }
                  }
               } ],
               "relationship" : [ {
                  "localId" : "79",
                  "locator" : "61:3-63:104",
                  "alias" : "FirstReferralPerformed",
                  "type" : "With",
                  "expression" : {
                     "localId" : "65",
                     "locator" : "61:8-61:49",
                     "name" : "First Referral During Measurement Period",
                     "type" : "ExpressionRef"
                  },
                  "suchThat" : {
                     "localId" : "78",
                     "locator" : "62:14-63:104",
                     "type" : "And",
                     "operand" : [ {
                        "localId" : "71",
                        "locator" : "62:14-62:80",
                        "type" : "In",
                        "operand" : [ {
                           "localId" : "68",
                           "locator" : "62:14-62:38",
                           "path" : "id",
                           "scope" : "FirstReferralPerformed",
                           "type" : "Property"
                        }, {
                           "localId" : "70",
                           "locator" : "62:43-62:80",
                           "path" : "relatedTo",
                           "scope" : "ConsultantReportCommunicated",
                           "type" : "Property"
                        } ]
                     }, {
                        "localId" : "77",
                        "locator" : "63:9-63:104",
                        "type" : "After",
                        "operand" : [ {
                           "localId" : "73",
                           "locator" : "63:9-63:51",
                           "path" : "authorDatetime",
                           "scope" : "ConsultantReportCommunicated",
                           "type" : "Property"
                        }, {
                           "localId" : "76",
                           "locator" : "63:59-63:104",
                           "type" : "Start",
                           "operand" : {
                              "localId" : "75",
                              "locator" : "63:68-63:104",
                              "path" : "relevantPeriod",
                              "scope" : "FirstReferralPerformed",
                              "type" : "Property"
                           }
                        } ]
                     } ]
                  }
               } ]
            }
         }, {
            "localId" : "84",
            "locator" : "50:1-51:82",
            "name" : "Numerator",
            "context" : "Patient",
            "accessLevel" : "Public",
            "annotation" : [ {
               "type" : "Annotation",
               "s" : {
                  "r" : "84",
                  "s" : [ {
                     "value" : [ "define ","\"Numerator\"",":\n\t" ]
                  }, {
                     "r" : "83",
                     "s" : [ {
                        "value" : [ "exists " ]
                     }, {
                        "r" : "82",
                        "s" : [ {
                           "value" : [ "\"Referring Provider Communicated Consultant Report to Close Referral Loop\"" ]
                        } ]
                     } ]
                  } ]
               }
            } ],
            "expression" : {
               "localId" : "83",
               "locator" : "51:2-51:82",
               "type" : "Exists",
               "operand" : {
                  "localId" : "82",
                  "locator" : "51:9-51:82",
                  "name" : "Referring Provider Communicated Consultant Report to Close Referral Loop",
                  "type" : "ExpressionRef"
               }
            }
         } ]
      }
   }
}