{
   "library" : {
      "identifier" : {
         "id" : "HIVScreening",
         "version" : "2.9.000"
      },
      "schemaIdentifier" : {
         "id" : "urn:hl7-org:elm",
         "version" : "r1"
      },
      "usings" : {
         "def" : [ {
            "localIdentifier" : "System",
            "uri" : "urn:hl7-org:elm-types:r1"
         }, {
            "localId" : "1",
            "locator" : "3:1-3:23",
            "localIdentifier" : "QDM",
            "uri" : "urn:healthit-gov:qdm:v5_4",
            "version" : "5.4"
         } ]
      },
      "includes" : {
         "def" : [ {
            "localId" : "2",
            "locator" : "5:1-5:64",
            "localIdentifier" : "Global",
            "path" : "MATGlobalCommonFunctions",
            "version" : "4.0.000"
         } ]
      },
      "parameters" : {
         "def" : [ {
            "localId" : "21",
            "locator" : "24:1-24:49",
            "name" : "Measurement Period",
            "accessLevel" : "Public",
            "parameterTypeSpecifier" : {
               "localId" : "20",
               "locator" : "24:32-24:49",
               "type" : "IntervalTypeSpecifier",
               "pointType" : {
                  "localId" : "19",
                  "locator" : "24:41-24:48",
                  "name" : "{urn:hl7-org:elm-types:r1}DateTime",
                  "type" : "NamedTypeSpecifier"
               }
            }
         } ]
      },
      "codeSystems" : {
         "def" : [ {
            "localId" : "3",
            "locator" : "7:1-7:51",
            "name" : "LOINC",
            "id" : "urn:oid:2.16.840.1.113883.6.1",
            "accessLevel" : "Public"
         } ]
      },
      "valueSets" : {
         "def" : [ {
            "localId" : "4",
            "locator" : "9:1-9:104",
            "name" : "Conditions Due To Human Immunodeficiency Virus (HIV)",
            "id" : "urn:oid:2.16.840.1.113762.1.4.1056.54",
            "accessLevel" : "Public"
         }, {
            "localId" : "5",
            "locator" : "10:1-10:58",
            "name" : "Ethnicity",
            "id" : "urn:oid:2.16.840.1.114222.4.11.837",
            "accessLevel" : "Public"
         }, {
            "localId" : "6",
            "locator" : "11:1-11:120",
            "name" : "Human Immunodeficiency Virus (HIV) Laboratory Test Codes (Ab and Ag)",
            "id" : "urn:oid:2.16.840.1.113762.1.4.1056.50",
            "accessLevel" : "Public"
         }, {
            "localId" : "7",
            "locator" : "12:1-12:75",
            "name" : "Office Visit",
            "id" : "urn:oid:2.16.840.1.113883.3.464.1003.101.12.1001",
            "accessLevel" : "Public"
         }, {
            "localId" : "8",
            "locator" : "13:1-13:68",
            "name" : "ONC Administrative Sex",
            "id" : "urn:oid:2.16.840.1.113762.1.4.1",
            "accessLevel" : "Public"
         }, {
            "localId" : "9",
            "locator" : "14:1-14:55",
            "name" : "Payer",
            "id" : "urn:oid:2.16.840.1.114222.4.11.3591",
            "accessLevel" : "Public"
         }, {
            "localId" : "10",
            "locator" : "15:1-15:125",
            "name" : "Preventive Care Services - Established Office Visit, 18 and Up",
            "id" : "urn:oid:2.16.840.1.113883.3.464.1003.101.12.1025",
            "accessLevel" : "Public"
         }, {
            "localId" : "11",
            "locator" : "16:1-16:118",
            "name" : "Preventive Care Services, Initial Office Visit, 0 to 17",
            "id" : "urn:oid:2.16.840.1.113883.3.464.1003.101.12.1022",
            "accessLevel" : "Public"
         }, {
            "localId" : "12",
            "locator" : "17:1-17:119",
            "name" : "Preventive Care Services-Initial Office Visit, 18 and Up",
            "id" : "urn:oid:2.16.840.1.113883.3.464.1003.101.12.1023",
            "accessLevel" : "Public"
         }, {
            "localId" : "13",
            "locator" : "18:1-18:113",
            "name" : "Preventive Care, Established Office Visit, 0 to 17",
            "id" : "urn:oid:2.16.840.1.113883.3.464.1003.101.12.1024",
            "accessLevel" : "Public"
         }, {
            "localId" : "14",
            "locator" : "19:1-19:53",
            "name" : "Race",
            "id" : "urn:oid:2.16.840.1.114222.4.11.836",
            "accessLevel" : "Public"
         } ]
      },
      "codes" : {
         "def" : [ {
            "localId" : "16",
            "locator" : "21:1-21:62",
            "name" : "Birth date",
            "id" : "21112-8",
            "display" : "Birth date",
            "accessLevel" : "Public",
            "codeSystem" : {
               "localId" : "15",
               "locator" : "21:35-21:41",
               "name" : "LOINC"
            }
         }, {
            "localId" : "18",
            "locator" : "22:1-22:118",
            "name" : "HIV 1 and 2 tests - Meaningful Use set",
            "id" : "75622-1",
            "display" : "HIV 1 and 2 tests - Meaningful Use set",
            "accessLevel" : "Public",
            "codeSystem" : {
               "localId" : "17",
               "locator" : "22:63-22:69",
               "name" : "LOINC"
            }
         } ]
      },
      "statements" : {
         "def" : [ {
            "locator" : "26:1-26:15",
            "name" : "Patient",
            "context" : "Patient",
            "expression" : {
               "type" : "SingletonFrom",
               "operand" : {
                  "locator" : "26:1-26:15",
                  "dataType" : "{urn:healthit-gov:qdm:v5_4}Patient",
                  "templateId" : "Patient",
                  "type" : "Retrieve"
               }
            }
         }, {
            "localId" : "23",
            "locator" : "28:1-29:50",
            "name" : "SDE Ethnicity",
            "context" : "Patient",
            "accessLevel" : "Public",
            "annotation" : [ {
               "type" : "Annotation",
               "s" : {
                  "r" : "23",
                  "s" : [ {
                     "value" : [ "define ","\"SDE Ethnicity\"",":\n\t" ]
                  }, {
                     "r" : "22",
                     "s" : [ {
                        "value" : [ "[","\"Patient Characteristic Ethnicity\"",": " ]
                     }, {
                        "s" : [ {
                           "value" : [ "\"Ethnicity\"" ]
                        } ]
                     }, {
                        "value" : [ "]" ]
                     } ]
                  } ]
               }
            } ],
            "expression" : {
               "localId" : "22",
               "locator" : "29:2-29:50",
               "dataType" : "{urn:healthit-gov:qdm:v5_4}PatientCharacteristicEthnicity",
               "codeProperty" : "code",
               "type" : "Retrieve",
               "codes" : {
                  "name" : "Ethnicity",
                  "type" : "ValueSetRef"
               }
            }
         }, {
            "localId" : "25",
            "locator" : "31:1-32:42",
            "name" : "SDE Payer",
            "context" : "Patient",
            "accessLevel" : "Public",
            "annotation" : [ {
               "type" : "Annotation",
               "s" : {
                  "r" : "25",
                  "s" : [ {
                     "value" : [ "define ","\"SDE Payer\"",":\n\t" ]
                  }, {
                     "r" : "24",
                     "s" : [ {
                        "value" : [ "[","\"Patient Characteristic Payer\"",": " ]
                     }, {
                        "s" : [ {
                           "value" : [ "\"Payer\"" ]
                        } ]
                     }, {
                        "value" : [ "]" ]
                     } ]
                  } ]
               }
            } ],
            "expression" : {
               "localId" : "24",
               "locator" : "32:2-32:42",
               "dataType" : "{urn:healthit-gov:qdm:v5_4}PatientCharacteristicPayer",
               "codeProperty" : "code",
               "type" : "Retrieve",
               "codes" : {
                  "name" : "Payer",
                  "type" : "ValueSetRef"
               }
            }
         }, {
            "localId" : "27",
            "locator" : "34:1-35:40",
            "name" : "SDE Race",
            "context" : "Patient",
            "accessLevel" : "Public",
            "annotation" : [ {
               "type" : "Annotation",
               "s" : {
                  "r" : "27",
                  "s" : [ {
                     "value" : [ "define ","\"SDE Race\"",":\n\t" ]
                  }, {
                     "r" : "26",
                     "s" : [ {
                        "value" : [ "[","\"Patient Characteristic Race\"",": " ]
                     }, {
                        "s" : [ {
                           "value" : [ "\"Race\"" ]
                        } ]
                     }, {
                        "value" : [ "]" ]
                     } ]
                  } ]
               }
            } ],
            "expression" : {
               "localId" : "26",
               "locator" : "35:2-35:40",
               "dataType" : "{urn:healthit-gov:qdm:v5_4}PatientCharacteristicRace",
               "codeProperty" : "code",
               "type" : "Retrieve",
               "codes" : {
                  "name" : "Race",
                  "type" : "ValueSetRef"
               }
            }
         }, {
            "localId" : "29",
            "locator" : "37:1-38:57",
            "name" : "SDE Sex",
            "context" : "Patient",
            "accessLevel" : "Public",
            "annotation" : [ {
               "type" : "Annotation",
               "s" : {
                  "r" : "29",
                  "s" : [ {
                     "value" : [ "define ","\"SDE Sex\"",":\n\t" ]
                  }, {
                     "r" : "28",
                     "s" : [ {
                        "value" : [ "[","\"Patient Characteristic Sex\"",": " ]
                     }, {
                        "s" : [ {
                           "value" : [ "\"ONC Administrative Sex\"" ]
                        } ]
                     }, {
                        "value" : [ "]" ]
                     } ]
                  } ]
               }
            } ],
            "expression" : {
               "localId" : "28",
               "locator" : "38:2-38:57",
               "dataType" : "{urn:healthit-gov:qdm:v5_4}PatientCharacteristicSex",
               "codeProperty" : "code",
               "type" : "Retrieve",
               "codes" : {
                  "name" : "ONC Administrative Sex",
                  "type" : "ValueSetRef"
               }
            }
         }, {
            "localId" : "45",
            "locator" : "40:1-46:60",
            "name" : "Qualifying Encounters",
            "context" : "Patient",
            "accessLevel" : "Public",
            "annotation" : [ {
               "type" : "Annotation",
               "s" : {
                  "r" : "45",
                  "s" : [ {
                     "value" : [ "define ","\"Qualifying Encounters\"",":\n\t" ]
                  }, {
                     "r" : "44",
                     "s" : [ {
                        "s" : [ {
                           "r" : "39",
                           "s" : [ {
                              "r" : "38",
                              "s" : [ {
                                 "value" : [ "( " ]
                              }, {
                                 "r" : "38",
                                 "s" : [ {
                                    "r" : "36",
                                    "s" : [ {
                                       "r" : "34",
                                       "s" : [ {
                                          "r" : "32",
                                          "s" : [ {
                                             "r" : "30",
                                             "s" : [ {
                                                "value" : [ "[","\"Encounter, Performed\"",": " ]
                                             }, {
                                                "s" : [ {
                                                   "value" : [ "\"Preventive Care Services, Initial Office Visit, 0 to 17\"" ]
                                                } ]
                                             }, {
                                                "value" : [ "]" ]
                                             } ]
                                          }, {
                                             "value" : [ "\n\t\tunion " ]
                                          }, {
                                             "r" : "31",
                                             "s" : [ {
                                                "value" : [ "[","\"Encounter, Performed\"",": " ]
                                             }, {
                                                "s" : [ {
                                                   "value" : [ "\"Preventive Care Services-Initial Office Visit, 18 and Up\"" ]
                                                } ]
                                             }, {
                                                "value" : [ "]" ]
                                             } ]
                                          } ]
                                       }, {
                                          "value" : [ "\n\t\tunion " ]
                                       }, {
                                          "r" : "33",
                                          "s" : [ {
                                             "value" : [ "[","\"Encounter, Performed\"",": " ]
                                          }, {
                                             "s" : [ {
                                                "value" : [ "\"Preventive Care, Established Office Visit, 0 to 17\"" ]
                                             } ]
                                          }, {
                                             "value" : [ "]" ]
                                          } ]
                                       } ]
                                    }, {
                                       "value" : [ "\n\t\tunion " ]
                                    }, {
                                       "r" : "35",
                                       "s" : [ {
                                          "value" : [ "[","\"Encounter, Performed\"",": " ]
                                       }, {
                                          "s" : [ {
                                             "value" : [ "\"Preventive Care Services - Established Office Visit, 18 and Up\"" ]
                                          } ]
                                       }, {
                                          "value" : [ "]" ]
                                       } ]
                                    } ]
                                 }, {
                                    "value" : [ "\n\t\tunion " ]
                                 }, {
                                    "r" : "37",
                                    "s" : [ {
                                       "value" : [ "[","\"Encounter, Performed\"",": " ]
                                    }, {
                                       "s" : [ {
                                          "value" : [ "\"Office Visit\"" ]
                                       } ]
                                    }, {
                                       "value" : [ "]" ]
                                    } ]
                                 } ]
                              }, {
                                 "value" : [ " )" ]
                              } ]
                           }, {
                              "value" : [ " ","Encounter" ]
                           } ]
                        } ]
                     }, {
                        "value" : [ "\n\t\t" ]
                     }, {
                        "r" : "43",
                        "s" : [ {
                           "value" : [ "where " ]
                        }, {
                           "r" : "43",
                           "s" : [ {
                              "r" : "41",
                              "s" : [ {
                                 "r" : "40",
                                 "s" : [ {
                                    "value" : [ "Encounter" ]
                                 } ]
                              }, {
                                 "value" : [ "." ]
                              }, {
                                 "r" : "41",
                                 "s" : [ {
                                    "value" : [ "relevantPeriod" ]
                                 } ]
                              } ]
                           }, {
                              "value" : [ " ","during"," " ]
                           }, {
                              "r" : "42",
                              "s" : [ {
                                 "value" : [ "\"Measurement Period\"" ]
                              } ]
                           } ]
                        } ]
                     } ]
                  } ]
               }
            } ],
            "expression" : {
               "localId" : "44",
               "locator" : "41:2-46:60",
               "type" : "Query",
               "source" : [ {
                  "localId" : "39",
                  "locator" : "41:2-45:60",
                  "alias" : "Encounter",
                  "expression" : {
                     "localId" : "38",
                     "locator" : "41:2-45:50",
                     "type" : "Union",
                     "operand" : [ {
                        "localId" : "36",
                        "locator" : "41:4-44:98",
                        "type" : "Union",
                        "operand" : [ {
                           "localId" : "32",
                           "locator" : "41:4-42:92",
                           "type" : "Union",
                           "operand" : [ {
                              "localId" : "30",
                              "locator" : "41:4-41:86",
                              "dataType" : "{urn:healthit-gov:qdm:v5_4}PositiveEncounterPerformed",
                              "templateId" : "PositiveEncounterPerformed",
                              "codeProperty" : "code",
                              "type" : "Retrieve",
                              "codes" : {
                                 "name" : "Preventive Care Services, Initial Office Visit, 0 to 17",
                                 "type" : "ValueSetRef"
                              }
                           }, {
                              "localId" : "31",
                              "locator" : "42:9-42:92",
                              "dataType" : "{urn:healthit-gov:qdm:v5_4}PositiveEncounterPerformed",
                              "templateId" : "PositiveEncounterPerformed",
                              "codeProperty" : "code",
                              "type" : "Retrieve",
                              "codes" : {
                                 "name" : "Preventive Care Services-Initial Office Visit, 18 and Up",
                                 "type" : "ValueSetRef"
                              }
                           } ]
                        }, {
                           "type" : "Union",
                           "operand" : [ {
                              "localId" : "33",
                              "locator" : "43:9-43:86",
                              "dataType" : "{urn:healthit-gov:qdm:v5_4}PositiveEncounterPerformed",
                              "templateId" : "PositiveEncounterPerformed",
                              "codeProperty" : "code",
                              "type" : "Retrieve",
                              "codes" : {
                                 "name" : "Preventive Care, Established Office Visit, 0 to 17",
                                 "type" : "ValueSetRef"
                              }
                           }, {
                              "localId" : "35",
                              "locator" : "44:9-44:98",
                              "dataType" : "{urn:healthit-gov:qdm:v5_4}PositiveEncounterPerformed",
                              "templateId" : "PositiveEncounterPerformed",
                              "codeProperty" : "code",
                              "type" : "Retrieve",
                              "codes" : {
                                 "name" : "Preventive Care Services - Established Office Visit, 18 and Up",
                                 "type" : "ValueSetRef"
                              }
                           } ]
                        } ]
                     }, {
                        "localId" : "37",
                        "locator" : "45:9-45:48",
                        "dataType" : "{urn:healthit-gov:qdm:v5_4}PositiveEncounterPerformed",
                        "templateId" : "PositiveEncounterPerformed",
                        "codeProperty" : "code",
                        "type" : "Retrieve",
                        "codes" : {
                           "name" : "Office Visit",
                           "type" : "ValueSetRef"
                        }
                     } ]
                  }
               } ],
               "relationship" : [ ],
               "where" : {
                  "localId" : "43",
                  "locator" : "46:3-46:60",
                  "type" : "IncludedIn",
                  "operand" : [ {
                     "localId" : "41",
                     "locator" : "46:9-46:32",
                     "path" : "relevantPeriod",
                     "scope" : "Encounter",
                     "type" : "Property"
                  }, {
                     "localId" : "42",
                     "locator" : "46:41-46:60",
                     "name" : "Measurement Period",
                     "type" : "ParameterRef"
                  } ]
               }
            }
         }, {
            "localId" : "70",
            "locator" : "69:1-74:36",
            "name" : "Initial Population",
            "context" : "Patient",
            "accessLevel" : "Public",
            "annotation" : [ {
               "type" : "Annotation",
               "s" : {
                  "r" : "70",
                  "s" : [ {
                     "value" : [ "define ","\"Initial Population\"",":\n\t" ]
                  }, {
                     "r" : "69",
                     "s" : [ {
                        "r" : "66",
                        "s" : [ {
                           "value" : [ "exists " ]
                        }, {
                           "r" : "65",
                           "s" : [ {
                              "value" : [ "( " ]
                           }, {
                              "r" : "65",
                              "s" : [ {
                                 "s" : [ {
                                    "r" : "47",
                                    "s" : [ {
                                       "r" : "46",
                                       "s" : [ {
                                          "r" : "46",
                                          "s" : [ {
                                             "value" : [ "[","\"Patient Characteristic Birthdate\"",": " ]
                                          }, {
                                             "s" : [ {
                                                "value" : [ "\"Birth date\"" ]
                                             } ]
                                          }, {
                                             "value" : [ "]" ]
                                          } ]
                                       } ]
                                    }, {
                                       "value" : [ " ","BirthDate" ]
                                    } ]
                                 } ]
                              }, {
                                 "value" : [ "\n\t\t\t" ]
                              }, {
                                 "r" : "64",
                                 "s" : [ {
                                    "value" : [ "where " ]
                                 }, {
                                    "r" : "64",
                                    "s" : [ {
                                       "r" : "55",
                                       "s" : [ {
                                          "r" : "53",
                                          "s" : [ {
                                             "r" : "48",
                                             "s" : [ {
                                                "value" : [ "Global" ]
                                             } ]
                                          }, {
                                             "value" : [ "." ]
                                          }, {
                                             "r" : "53",
                                             "s" : [ {
                                                "value" : [ "\"CalendarAgeInYearsAt\"","(" ]
                                             }, {
                                                "r" : "50",
                                                "s" : [ {
                                                   "r" : "49",
                                                   "s" : [ {
                                                      "value" : [ "BirthDate" ]
                                                   } ]
                                                }, {
                                                   "value" : [ "." ]
                                                }, {
                                                   "r" : "50",
                                                   "s" : [ {
                                                      "value" : [ "birthDatetime" ]
                                                   } ]
                                                } ]
                                             }, {
                                                "value" : [ ", " ]
                                             }, {
                                                "r" : "52",
                                                "s" : [ {
                                                   "value" : [ "start of " ]
                                                }, {
                                                   "r" : "51",
                                                   "s" : [ {
                                                      "value" : [ "\"Measurement Period\"" ]
                                                   } ]
                                                } ]
                                             }, {
                                                "value" : [ ")" ]
                                             } ]
                                          } ]
                                       }, {
                                          "value" : [ ">="," ","15" ]
                                       } ]
                                    }, {
                                       "value" : [ "\n\t\t\t\tand " ]
                                    }, {
                                       "r" : "63",
                                       "s" : [ {
                                          "r" : "61",
                                          "s" : [ {
                                             "r" : "56",
                                             "s" : [ {
                                                "value" : [ "Global" ]
                                             } ]
                                          }, {
                                             "value" : [ "." ]
                                          }, {
                                             "r" : "61",
                                             "s" : [ {
                                                "value" : [ "\"CalendarAgeInYearsAt\"","(" ]
                                             }, {
                                                "r" : "58",
                                                "s" : [ {
                                                   "r" : "57",
                                                   "s" : [ {
                                                      "value" : [ "BirthDate" ]
                                                   } ]
                                                }, {
                                                   "value" : [ "." ]
                                                }, {
                                                   "r" : "58",
                                                   "s" : [ {
                                                      "value" : [ "birthDatetime" ]
                                                   } ]
                                                } ]
                                             }, {
                                                "value" : [ ", " ]
                                             }, {
                                                "r" : "60",
                                                "s" : [ {
                                                   "value" : [ "start of " ]
                                                }, {
                                                   "r" : "59",
                                                   "s" : [ {
                                                      "value" : [ "\"Measurement Period\"" ]
                                                   } ]
                                                } ]
                                             }, {
                                                "value" : [ ")" ]
                                             } ]
                                          } ]
                                       }, {
                                          "value" : [ "<"," ","66" ]
                                       } ]
                                    } ]
                                 } ]
                              } ]
                           }, {
                              "value" : [ "\n\t)" ]
                           } ]
                        } ]
                     }, {
                        "value" : [ "\n\t\tand " ]
                     }, {
                        "r" : "68",
                        "s" : [ {
                           "value" : [ "exists " ]
                        }, {
                           "r" : "67",
                           "s" : [ {
                              "value" : [ "\"Qualifying Encounters\"" ]
                           } ]
                        } ]
                     } ]
                  } ]
               }
            } ],
            "expression" : {
               "localId" : "69",
               "locator" : "70:2-74:36",
               "type" : "And",
               "operand" : [ {
                  "localId" : "66",
                  "locator" : "70:2-73:2",
                  "type" : "Exists",
                  "operand" : {
                     "localId" : "65",
                     "locator" : "70:9-73:2",
                     "type" : "Query",
                     "source" : [ {
                        "localId" : "47",
                        "locator" : "70:11-70:70",
                        "alias" : "BirthDate",
                        "expression" : {
                           "localId" : "46",
                           "locator" : "70:11-70:60",
                           "dataType" : "{urn:healthit-gov:qdm:v5_4}PatientCharacteristicBirthdate",
                           "codeProperty" : "code",
                           "type" : "Retrieve",
                           "codes" : {
                              "type" : "ToList",
                              "operand" : {
                                 "name" : "Birth date",
                                 "type" : "CodeRef"
                              }
                           }
                        }
                     } ],
                     "relationship" : [ ],
                     "where" : {
                        "localId" : "64",
                        "locator" : "71:4-72:97",
                        "type" : "And",
                        "operand" : [ {
                           "localId" : "55",
                           "locator" : "71:10-71:99",
                           "type" : "GreaterOrEqual",
                           "operand" : [ {
                              "localId" : "53",
                              "locator" : "71:10-71:94",
                              "name" : "CalendarAgeInYearsAt",
                              "libraryName" : "Global",
                              "type" : "FunctionRef",
                              "operand" : [ {
                                 "localId" : "50",
                                 "locator" : "71:40-71:62",
                                 "path" : "birthDatetime",
                                 "scope" : "BirthDate",
                                 "type" : "Property"
                              }, {
                                 "localId" : "52",
                                 "locator" : "71:65-71:93",
                                 "type" : "Start",
                                 "operand" : {
                                    "localId" : "51",
                                    "locator" : "71:74-71:93",
                                    "name" : "Measurement Period",
                                    "type" : "ParameterRef"
                                 }
                              } ]
                           }, {
                              "localId" : "54",
                              "locator" : "71:98-71:99",
                              "valueType" : "{urn:hl7-org:elm-types:r1}Integer",
                              "value" : "15",
                              "type" : "Literal"
                           } ]
                        }, {
                           "localId" : "63",
                           "locator" : "72:9-72:97",
                           "type" : "Less",
                           "operand" : [ {
                              "localId" : "61",
                              "locator" : "72:9-72:93",
                              "name" : "CalendarAgeInYearsAt",
                              "libraryName" : "Global",
                              "type" : "FunctionRef",
                              "operand" : [ {
                                 "localId" : "58",
                                 "locator" : "72:39-72:61",
                                 "path" : "birthDatetime",
                                 "scope" : "BirthDate",
                                 "type" : "Property"
                              }, {
                                 "localId" : "60",
                                 "locator" : "72:64-72:92",
                                 "type" : "Start",
                                 "operand" : {
                                    "localId" : "59",
                                    "locator" : "72:73-72:92",
                                    "name" : "Measurement Period",
                                    "type" : "ParameterRef"
                                 }
                              } ]
                           }, {
                              "localId" : "62",
                              "locator" : "72:96-72:97",
                              "valueType" : "{urn:hl7-org:elm-types:r1}Integer",
                              "value" : "66",
                              "type" : "Literal"
                           } ]
                        } ]
                     }
                  }
               }, {
                  "localId" : "68",
                  "locator" : "74:7-74:36",
                  "type" : "Exists",
                  "operand" : {
                     "localId" : "67",
                     "locator" : "74:14-74:36",
                     "name" : "Qualifying Encounters",
                     "type" : "ExpressionRef"
                  }
               } ]
            }
         }, {
            "localId" : "72",
            "locator" : "48:1-49:21",
            "name" : "Denominator",
            "context" : "Patient",
            "accessLevel" : "Public",
            "annotation" : [ {
               "type" : "Annotation",
               "s" : {
                  "r" : "72",
                  "s" : [ {
                     "value" : [ "define ","\"Denominator\"",":\n\t" ]
                  }, {
                     "r" : "71",
                     "s" : [ {
                        "value" : [ "\"Initial Population\"" ]
                     } ]
                  } ]
               }
            } ],
            "expression" : {
               "localId" : "71",
               "locator" : "49:2-49:21",
               "name" : "Initial Population",
               "type" : "ExpressionRef"
            }
         }, {
            "localId" : "82",
            "locator" : "51:1-54:2",
            "name" : "Denominator Exclusions",
            "context" : "Patient",
            "accessLevel" : "Public",
            "annotation" : [ {
               "type" : "Annotation",
               "s" : {
                  "r" : "82",
                  "s" : [ {
                     "value" : [ "define ","\"Denominator Exclusions\"",":\n\t" ]
                  }, {
                     "r" : "81",
                     "s" : [ {
                        "value" : [ "exists " ]
                     }, {
                        "r" : "80",
                        "s" : [ {
                           "value" : [ "( " ]
                        }, {
                           "r" : "80",
                           "s" : [ {
                              "s" : [ {
                                 "r" : "74",
                                 "s" : [ {
                                    "r" : "73",
                                    "s" : [ {
                                       "r" : "73",
                                       "s" : [ {
                                          "value" : [ "[","\"Diagnosis\"",": " ]
                                       }, {
                                          "s" : [ {
                                             "value" : [ "\"Conditions Due To Human Immunodeficiency Virus (HIV)\"" ]
                                          } ]
                                       }, {
                                          "value" : [ "]" ]
                                       } ]
                                    } ]
                                 }, {
                                    "value" : [ " ","HIVConditions" ]
                                 } ]
                              } ]
                           }, {
                              "value" : [ "\n\t\t\t" ]
                           }, {
                              "r" : "79",
                              "s" : [ {
                                 "value" : [ "where " ]
                              }, {
                                 "r" : "79",
                                 "s" : [ {
                                    "r" : "76",
                                    "s" : [ {
                                       "r" : "75",
                                       "s" : [ {
                                          "value" : [ "HIVConditions" ]
                                       } ]
                                    }, {
                                       "value" : [ "." ]
                                    }, {
                                       "r" : "76",
                                       "s" : [ {
                                          "value" : [ "prevalencePeriod" ]
                                       } ]
                                    } ]
                                 }, {
                                    "value" : [ " ","starts before"," " ]
                                 }, {
                                    "r" : "78",
                                    "s" : [ {
                                       "value" : [ "start of " ]
                                    }, {
                                       "r" : "77",
                                       "s" : [ {
                                          "value" : [ "\"Measurement Period\"" ]
                                       } ]
                                    } ]
                                 } ]
                              } ]
                           } ]
                        }, {
                           "value" : [ "\n\t)" ]
                        } ]
                     } ]
                  } ]
               }
            } ],
            "expression" : {
               "localId" : "81",
               "locator" : "52:2-54:2",
               "type" : "Exists",
               "operand" : {
                  "localId" : "80",
                  "locator" : "52:9-54:2",
                  "type" : "Query",
                  "source" : [ {
                     "localId" : "74",
                     "locator" : "52:11-52:93",
                     "alias" : "HIVConditions",
                     "expression" : {
                        "localId" : "73",
                        "locator" : "52:11-52:79",
                        "dataType" : "{urn:healthit-gov:qdm:v5_4}Diagnosis",
                        "codeProperty" : "code",
                        "type" : "Retrieve",
                        "codes" : {
                           "name" : "Conditions Due To Human Immunodeficiency Virus (HIV)",
                           "type" : "ValueSetRef"
                        }
                     }
                  } ],
                  "relationship" : [ ],
                  "where" : {
                     "localId" : "79",
                     "locator" : "53:4-53:83",
                     "type" : "Before",
                     "operand" : [ {
                        "locator" : "53:41-53:46",
                        "type" : "Start",
                        "operand" : {
                           "localId" : "76",
                           "locator" : "53:10-53:39",
                           "path" : "prevalencePeriod",
                           "scope" : "HIVConditions",
                           "type" : "Property"
                        }
                     }, {
                        "localId" : "78",
                        "locator" : "53:55-53:83",
                        "type" : "Start",
                        "operand" : {
                           "localId" : "77",
                           "locator" : "53:64-53:83",
                           "name" : "Measurement Period",
                           "type" : "ParameterRef"
                        }
                     } ]
                  }
               }
            }
         }, {
            "localId" : "117",
            "locator" : "59:1-67:30",
            "name" : "HIV Test Performed",
            "context" : "Patient",
            "accessLevel" : "Public",
            "annotation" : [ {
               "type" : "Annotation",
               "s" : {
                  "r" : "117",
                  "s" : [ {
                     "value" : [ "define ","\"HIV Test Performed\"",":\n\t" ]
                  }, {
                     "r" : "116",
                     "s" : [ {
                        "s" : [ {
                           "r" : "86",
                           "s" : [ {
                              "r" : "85",
                              "s" : [ {
                                 "value" : [ "( " ]
                              }, {
                                 "r" : "85",
                                 "s" : [ {
                                    "r" : "83",
                                    "s" : [ {
                                       "value" : [ "[","\"Laboratory Test, Performed\"",": " ]
                                    }, {
                                       "s" : [ {
                                          "value" : [ "\"Human Immunodeficiency Virus (HIV) Laboratory Test Codes (Ab and Ag)\"" ]
                                       } ]
                                    }, {
                                       "value" : [ "]" ]
                                    } ]
                                 }, {
                                    "value" : [ "\n\t\tunion " ]
                                 }, {
                                    "r" : "84",
                                    "s" : [ {
                                       "value" : [ "[","\"Laboratory Test, Performed\"",": " ]
                                    }, {
                                       "s" : [ {
                                          "value" : [ "\"HIV 1 and 2 tests - Meaningful Use set\"" ]
                                       } ]
                                    }, {
                                       "value" : [ "]" ]
                                    } ]
                                 } ]
                              }, {
                                 "value" : [ " )" ]
                              } ]
                           }, {
                              "value" : [ " ","HIVTest" ]
                           } ]
                        } ]
                     }, {
                        "value" : [ "\n\t\t" ]
                     }, {
                        "r" : "115",
                        "s" : [ {
                           "value" : [ "where " ]
                        }, {
                           "r" : "115",
                           "s" : [ {
                              "r" : "109",
                              "s" : [ {
                                 "value" : [ "exists " ]
                              }, {
                                 "r" : "108",
                                 "s" : [ {
                                    "value" : [ "( " ]
                                 }, {
                                    "r" : "108",
                                    "s" : [ {
                                       "s" : [ {
                                          "r" : "88",
                                          "s" : [ {
                                             "r" : "87",
                                             "s" : [ {
                                                "r" : "87",
                                                "s" : [ {
                                                   "value" : [ "[","\"Patient Characteristic Birthdate\"",": " ]
                                                }, {
                                                   "s" : [ {
                                                      "value" : [ "\"Birth date\"" ]
                                                   } ]
                                                }, {
                                                   "value" : [ "]" ]
                                                } ]
                                             } ]
                                          }, {
                                             "value" : [ " ","BirthDate" ]
                                          } ]
                                       } ]
                                    }, {
                                       "value" : [ "\n\t\t\t\t" ]
                                    }, {
                                       "r" : "107",
                                       "s" : [ {
                                          "value" : [ "where " ]
                                       }, {
                                          "r" : "107",
                                          "s" : [ {
                                             "r" : "97",
                                             "s" : [ {
                                                "r" : "95",
                                                "s" : [ {
                                                   "r" : "89",
                                                   "s" : [ {
                                                      "value" : [ "Global" ]
                                                   } ]
                                                }, {
                                                   "value" : [ "." ]
                                                }, {
                                                   "r" : "95",
                                                   "s" : [ {
                                                      "value" : [ "\"CalendarAgeInYearsAt\"","(" ]
                                                   }, {
                                                      "r" : "91",
                                                      "s" : [ {
                                                         "r" : "90",
                                                         "s" : [ {
                                                            "value" : [ "BirthDate" ]
                                                         } ]
                                                      }, {
                                                         "value" : [ "." ]
                                                      }, {
                                                         "r" : "91",
                                                         "s" : [ {
                                                            "value" : [ "birthDatetime" ]
                                                         } ]
                                                      } ]
                                                   }, {
                                                      "value" : [ ", " ]
                                                   }, {
                                                      "r" : "94",
                                                      "s" : [ {
                                                         "value" : [ "start of " ]
                                                      }, {
                                                         "r" : "93",
                                                         "s" : [ {
                                                            "r" : "92",
                                                            "s" : [ {
                                                               "value" : [ "HIVTest" ]
                                                            } ]
                                                         }, {
                                                            "value" : [ "." ]
                                                         }, {
                                                            "r" : "93",
                                                            "s" : [ {
                                                               "value" : [ "relevantPeriod" ]
                                                            } ]
                                                         } ]
                                                      } ]
                                                   }, {
                                                      "value" : [ ")" ]
                                                   } ]
                                                } ]
                                             }, {
                                                "value" : [ ">="," ","15" ]
                                             } ]
                                          }, {
                                             "value" : [ "\n\t\t\t\t\tand " ]
                                          }, {
                                             "r" : "106",
                                             "s" : [ {
                                                "r" : "104",
                                                "s" : [ {
                                                   "r" : "98",
                                                   "s" : [ {
                                                      "value" : [ "Global" ]
                                                   } ]
                                                }, {
                                                   "value" : [ "." ]
                                                }, {
                                                   "r" : "104",
                                                   "s" : [ {
                                                      "value" : [ "\"CalendarAgeInYearsAt\"","(" ]
                                                   }, {
                                                      "r" : "100",
                                                      "s" : [ {
                                                         "r" : "99",
                                                         "s" : [ {
                                                            "value" : [ "BirthDate" ]
                                                         } ]
                                                      }, {
                                                         "value" : [ "." ]
                                                      }, {
                                                         "r" : "100",
                                                         "s" : [ {
                                                            "value" : [ "birthDatetime" ]
                                                         } ]
                                                      } ]
                                                   }, {
                                                      "value" : [ ", " ]
                                                   }, {
                                                      "r" : "103",
                                                      "s" : [ {
                                                         "value" : [ "start of " ]
                                                      }, {
                                                         "r" : "102",
                                                         "s" : [ {
                                                            "r" : "101",
                                                            "s" : [ {
                                                               "value" : [ "HIVTest" ]
                                                            } ]
                                                         }, {
                                                            "value" : [ "." ]
                                                         }, {
                                                            "r" : "102",
                                                            "s" : [ {
                                                               "value" : [ "relevantPeriod" ]
                                                            } ]
                                                         } ]
                                                      } ]
                                                   }, {
                                                      "value" : [ ")" ]
                                                   } ]
                                                } ]
                                             }, {
                                                "value" : [ "<"," ","66" ]
                                             } ]
                                          } ]
                                       } ]
                                    } ]
                                 }, {
                                    "value" : [ "\n\t\t)" ]
                                 } ]
                              } ]
                           }, {
                              "value" : [ "\n\t\t\tand " ]
                           }, {
                              "r" : "114",
                              "s" : [ {
                                 "r" : "111",
                                 "s" : [ {
                                    "r" : "110",
                                    "s" : [ {
                                       "value" : [ "HIVTest" ]
                                    } ]
                                 }, {
                                    "value" : [ "." ]
                                 }, {
                                    "r" : "111",
                                    "s" : [ {
                                       "value" : [ "relevantPeriod" ]
                                    } ]
                                 } ]
                              }, {
                                 "value" : [ " ","starts before"," \n\t\t\t" ]
                              }, {
                                 "r" : "113",
                                 "s" : [ {
                                    "value" : [ "end of " ]
                                 }, {
                                    "r" : "112",
                                    "s" : [ {
                                       "value" : [ "\"Measurement Period\"" ]
                                    } ]
                                 } ]
                              } ]
                           } ]
                        } ]
                     } ]
                  } ]
               }
            } ],
            "expression" : {
               "localId" : "116",
               "locator" : "60:2-67:30",
               "type" : "Query",
               "source" : [ {
                  "localId" : "86",
                  "locator" : "60:2-61:90",
                  "alias" : "HIVTest",
                  "expression" : {
                     "localId" : "85",
                     "locator" : "60:2-61:82",
                     "type" : "Union",
                     "operand" : [ {
                        "localId" : "83",
                        "locator" : "60:4-60:105",
                        "dataType" : "{urn:healthit-gov:qdm:v5_4}PositiveLaboratoryTestPerformed",
                        "templateId" : "PositiveLaboratoryTestPerformed",
                        "codeProperty" : "code",
                        "type" : "Retrieve",
                        "codes" : {
                           "name" : "Human Immunodeficiency Virus (HIV) Laboratory Test Codes (Ab and Ag)",
                           "type" : "ValueSetRef"
                        }
                     }, {
                        "localId" : "84",
                        "locator" : "61:9-61:80",
                        "dataType" : "{urn:healthit-gov:qdm:v5_4}PositiveLaboratoryTestPerformed",
                        "templateId" : "PositiveLaboratoryTestPerformed",
                        "codeProperty" : "code",
                        "type" : "Retrieve",
                        "codes" : {
                           "type" : "ToList",
                           "operand" : {
                              "name" : "HIV 1 and 2 tests - Meaningful Use set",
                              "type" : "CodeRef"
                           }
                        }
                     } ]
                  }
               } ],
               "relationship" : [ ],
               "where" : {
                  "localId" : "115",
                  "locator" : "62:3-67:30",
                  "type" : "And",
                  "operand" : [ {
                     "localId" : "109",
                     "locator" : "62:9-65:3",
                     "type" : "Exists",
                     "operand" : {
                        "localId" : "108",
                        "locator" : "62:16-65:3",
                        "type" : "Query",
                        "source" : [ {
                           "localId" : "88",
                           "locator" : "62:18-62:77",
                           "alias" : "BirthDate",
                           "expression" : {
                              "localId" : "87",
                              "locator" : "62:18-62:67",
                              "dataType" : "{urn:healthit-gov:qdm:v5_4}PatientCharacteristicBirthdate",
                              "codeProperty" : "code",
                              "type" : "Retrieve",
                              "codes" : {
                                 "type" : "ToList",
                                 "operand" : {
                                    "name" : "Birth date",
                                    "type" : "CodeRef"
                                 }
                              }
                           }
                        } ],
                        "relationship" : [ ],
                        "where" : {
                           "localId" : "107",
                           "locator" : "63:5-64:100",
                           "type" : "And",
                           "operand" : [ {
                              "localId" : "97",
                              "locator" : "63:11-63:102",
                              "type" : "GreaterOrEqual",
                              "operand" : [ {
                                 "localId" : "95",
                                 "locator" : "63:11-63:97",
                                 "name" : "CalendarAgeInYearsAt",
                                 "libraryName" : "Global",
                                 "type" : "FunctionRef",
                                 "operand" : [ {
                                    "localId" : "91",
                                    "locator" : "63:41-63:63",
                                    "path" : "birthDatetime",
                                    "scope" : "BirthDate",
                                    "type" : "Property"
                                 }, {
                                    "localId" : "94",
                                    "locator" : "63:66-63:96",
                                    "type" : "Start",
                                    "operand" : {
                                       "localId" : "93",
                                       "locator" : "63:75-63:96",
                                       "path" : "relevantPeriod",
                                       "scope" : "HIVTest",
                                       "type" : "Property"
                                    }
                                 } ]
                              }, {
                                 "localId" : "96",
                                 "locator" : "63:101-63:102",
                                 "valueType" : "{urn:hl7-org:elm-types:r1}Integer",
                                 "value" : "15",
                                 "type" : "Literal"
                              } ]
                           }, {
                              "localId" : "106",
                              "locator" : "64:10-64:100",
                              "type" : "Less",
                              "operand" : [ {
                                 "localId" : "104",
                                 "locator" : "64:10-64:96",
                                 "name" : "CalendarAgeInYearsAt",
                                 "libraryName" : "Global",
                                 "type" : "FunctionRef",
                                 "operand" : [ {
                                    "localId" : "100",
                                    "locator" : "64:40-64:62",
                                    "path" : "birthDatetime",
                                    "scope" : "BirthDate",
                                    "type" : "Property"
                                 }, {
                                    "localId" : "103",
                                    "locator" : "64:65-64:95",
                                    "type" : "Start",
                                    "operand" : {
                                       "localId" : "102",
                                       "locator" : "64:74-64:95",
                                       "path" : "relevantPeriod",
                                       "scope" : "HIVTest",
                                       "type" : "Property"
                                    }
                                 } ]
                              }, {
                                 "localId" : "105",
                                 "locator" : "64:99-64:100",
                                 "valueType" : "{urn:hl7-org:elm-types:r1}Integer",
                                 "value" : "66",
                                 "type" : "Literal"
                              } ]
                           } ]
                        }
                     }
                  }, {
                     "localId" : "114",
                     "locator" : "66:8-67:30",
                     "type" : "Before",
                     "operand" : [ {
                        "locator" : "66:31-66:36",
                        "type" : "Start",
                        "operand" : {
                           "localId" : "111",
                           "locator" : "66:8-66:29",
                           "path" : "relevantPeriod",
                           "scope" : "HIVTest",
                           "type" : "Property"
                        }
                     }, {
                        "localId" : "113",
                        "locator" : "67:4-67:30",
                        "type" : "End",
                        "operand" : {
                           "localId" : "112",
                           "locator" : "67:11-67:30",
                           "name" : "Measurement Period",
                           "type" : "ParameterRef"
                        }
                     } ]
                  } ]
               }
            }
         }, {
            "localId" : "120",
            "locator" : "56:1-57:32",
            "name" : "Numerator",
            "context" : "Patient",
            "accessLevel" : "Public",
            "annotation" : [ {
               "type" : "Annotation",
               "s" : {
                  "r" : "120",
                  "s" : [ {
                     "value" : [ "define ","\"Numerator\"",":\n\t" ]
                  }, {
                     "r" : "119",
                     "s" : [ {
                        "value" : [ "exists " ]
                     }, {
                        "r" : "118",
                        "s" : [ {
                           "value" : [ "( " ]
                        }, {
                           "r" : "118",
                           "s" : [ {
                              "value" : [ "\"HIV Test Performed\"" ]
                           } ]
                        }, {
                           "value" : [ " )" ]
                        } ]
                     } ]
                  } ]
               }
            } ],
            "expression" : {
               "localId" : "119",
               "locator" : "57:2-57:32",
               "type" : "Exists",
               "operand" : {
                  "localId" : "118",
                  "locator" : "57:9-57:32",
                  "name" : "HIV Test Performed",
                  "type" : "ExpressionRef"
               }
            }
         } ]
      }
   }
}