<?xml version="1.0" encoding="UTF-8"?>
<library xmlns="urn:hl7-org:elm:r1" xmlns:t="urn:hl7-org:elm-types:r1" xmlns:xsi="http://www.w3.org/2001/XMLSchema-instance" xmlns:xsd="http://www.w3.org/2001/XMLSchema" xmlns:fhir="http://hl7.org/fhir" xmlns:qdm43="urn:healthit-gov:qdm:v4_3" xmlns:qdm53="urn:healthit-gov:qdm:v5_3" xmlns:a="urn:hl7-org:cql-annotations:r1">
   <identifier id="HIVScreening" version="2.9.000"/>
   <schemaIdentifier id="urn:hl7-org:elm" version="r1"/>
   <usings>
      <def localIdentifier="System" uri="urn:hl7-org:elm-types:r1"/>
      <def localId="1" locator="3:1-3:23" localIdentifier="QDM" uri="urn:healthit-gov:qdm:v5_4" version="5.4"/>
   </usings>
   <includes>
      <def localId="2" locator="5:1-5:64" localIdentifier="Global" path="MATGlobalCommonFunctions" version="4.0.000"/>
   </includes>
   <parameters>
      <def localId="21" locator="24:1-24:49" name="Measurement Period" accessLevel="Public">
         <parameterTypeSpecifier localId="20" locator="24:32-24:49" xsi:type="IntervalTypeSpecifier">
            <pointType localId="19" locator="24:41-24:48" name="t:DateTime" xsi:type="NamedTypeSpecifier"/>
         </parameterTypeSpecifier>
      </def>
   </parameters>
   <codeSystems>
      <def localId="3" locator="7:1-7:51" name="LOINC" id="urn:oid:2.16.840.1.113883.6.1" accessLevel="Public"/>
   </codeSystems>
   <valueSets>
      <def localId="4" locator="9:1-9:104" name="Conditions Due To Human Immunodeficiency Virus (HIV)" id="urn:oid:2.16.840.1.113762.1.4.1056.54" accessLevel="Public"/>
      <def localId="5" locator="10:1-10:58" name="Ethnicity" id="urn:oid:2.16.840.1.114222.4.11.837" accessLevel="Public"/>
      <def localId="6" locator="11:1-11:120" name="Human Immunodeficiency Virus (HIV) Laboratory Test Codes (Ab and Ag)" id="urn:oid:2.16.840.1.113762.1.4.1056.50" accessLevel="Public"/>
      <def localId="7" locator="12:1-12:75" name="Office Visit" id="urn:oid:2.16.840.1.113883.3.464.1003.101.12.1001" accessLevel="Public"/>
      <def localId="8" locator="13:1-13:68" name="ONC Administrative Sex" id="urn:oid:2.16.840.1.113762.1.4.1" accessLevel="Public"/>
      <def localId="9" locator="14:1-14:55" name="Payer" id="urn:oid:2.16.840.1.114222.4.11.3591" accessLevel="Public"/>
      <def localId="10" locator="15:1-15:125" name="Preventive Care Services - Established Office Visit, 18 and Up" id="urn:oid:2.16.840.1.113883.3.464.1003.101.12.1025" accessLevel="Public"/>
      <def localId="11" locator="16:1-16:118" name="Preventive Care Services, Initial Office Visit, 0 to 17" id="urn:oid:2.16.840.1.113883.3.464.1003.101.12.1022" accessLevel="Public"/>
      <def localId="12" locator="17:1-17:119" name="Preventive Care Services-Initial Office Visit, 18 and Up" id="urn:oid:2.16.840.1.113883.3.464.1003.101.12.1023" accessLevel="Public"/>
      <def localId="13" locator="18:1-18:113" name="Preventive Care, Established Office Visit, 0 to 17" id="urn:oid:2.16.840.1.113883.3.464.1003.101.12.1024" accessLevel="Public"/>
      <def localId="14" locator="19:1-19:53" name="Race" id="urn:oid:2.16.840.1.114222.4.11.836" accessLevel="Public"/>
   </valueSets>
   <codes>
      <def localId="16" locator="21:1-21:62" name="Birth date" id="21112-8" display="Birth date" accessLevel="Public">
         <codeSystem localId="15" locator="21:35-21:41" name="LOINC"/>
      </def>
      <def localId="18" locator="22:1-22:118" name="HIV 1 and 2 tests - Meaningful Use set" id="75622-1" display="HIV 1 and 2 tests - Meaningful Use set" accessLevel="Public">
         <codeSystem localId="17" locator="22:63-22:69" name="LOINC"/>
      </def>
   </codes>
   <statements>
      <def locator="26:1-26:15" name="Patient" context="Patient">
         <expression xsi:type="SingletonFrom">
            <operand locator="26:1-26:15" xmlns:ns0="urn:healthit-gov:qdm:v5_4" dataType="ns0:Patient" templateId="Patient" xsi:type="Retrieve"/>
         </expression>
      </def>
      <def localId="23" locator="28:1-29:50" name="SDE Ethnicity" context="Patient" accessLevel="Public">
         <annotation xsi:type="a:Annotation">
            <a:s r="23">
               <a:s>define &quot;SDE Ethnicity&quot;:
	</a:s>
               <a:s r="22">
                  <a:s>[&quot;Patient Characteristic Ethnicity&quot;: </a:s>
                  <a:s>
                     <a:s>&quot;Ethnicity&quot;</a:s>
                  </a:s>
                  <a:s>]</a:s>
               </a:s>
            </a:s>
         </annotation>
         <expression localId="22" locator="29:2-29:50" xmlns:ns1="urn:healthit-gov:qdm:v5_4" dataType="ns1:PatientCharacteristicEthnicity" codeProperty="code" xsi:type="Retrieve">
            <codes name="Ethnicity" xsi:type="ValueSetRef"/>
         </expression>
      </def>
      <def localId="25" locator="31:1-32:42" name="SDE Payer" context="Patient" accessLevel="Public">
         <annotation xsi:type="a:Annotation">
            <a:s r="25">
               <a:s>define &quot;SDE Payer&quot;:
	</a:s>
               <a:s r="24">
                  <a:s>[&quot;Patient Characteristic Payer&quot;: </a:s>
                  <a:s>
                     <a:s>&quot;Payer&quot;</a:s>
                  </a:s>
                  <a:s>]</a:s>
               </a:s>
            </a:s>
         </annotation>
         <expression localId="24" locator="32:2-32:42" xmlns:ns2="urn:healthit-gov:qdm:v5_4" dataType="ns2:PatientCharacteristicPayer" codeProperty="code" xsi:type="Retrieve">
            <codes name="Payer" xsi:type="ValueSetRef"/>
         </expression>
      </def>
      <def localId="27" locator="34:1-35:40" name="SDE Race" context="Patient" accessLevel="Public">
         <annotation xsi:type="a:Annotation">
            <a:s r="27">
               <a:s>define &quot;SDE Race&quot;:
	</a:s>
               <a:s r="26">
                  <a:s>[&quot;Patient Characteristic Race&quot;: </a:s>
                  <a:s>
                     <a:s>&quot;Race&quot;</a:s>
                  </a:s>
                  <a:s>]</a:s>
               </a:s>
            </a:s>
         </annotation>
         <expression localId="26" locator="35:2-35:40" xmlns:ns3="urn:healthit-gov:qdm:v5_4" dataType="ns3:PatientCharacteristicRace" codeProperty="code" xsi:type="Retrieve">
            <codes name="Race" xsi:type="ValueSetRef"/>
         </expression>
      </def>
      <def localId="29" locator="37:1-38:57" name="SDE Sex" context="Patient" accessLevel="Public">
         <annotation xsi:type="a:Annotation">
            <a:s r="29">
               <a:s>define &quot;SDE Sex&quot;:
	</a:s>
               <a:s r="28">
                  <a:s>[&quot;Patient Characteristic Sex&quot;: </a:s>
                  <a:s>
                     <a:s>&quot;ONC Administrative Sex&quot;</a:s>
                  </a:s>
                  <a:s>]</a:s>
               </a:s>
            </a:s>
         </annotation>
         <expression localId="28" locator="38:2-38:57" xmlns:ns4="urn:healthit-gov:qdm:v5_4" dataType="ns4:PatientCharacteristicSex" codeProperty="code" xsi:type="Retrieve">
            <codes name="ONC Administrative Sex" xsi:type="ValueSetRef"/>
         </expression>
      </def>
      <def localId="45" locator="40:1-46:60" name="Qualifying Encounters" context="Patient" accessLevel="Public">
         <annotation xsi:type="a:Annotation">
            <a:s r="45">
               <a:s>define &quot;Qualifying Encounters&quot;:
	</a:s>
               <a:s r="44">
                  <a:s>
                     <a:s r="39">
                        <a:s r="38">
                           <a:s>( </a:s>
                           <a:s r="38">
                              <a:s r="36">
                                 <a:s r="34">
                                    <a:s r="32">
                                       <a:s r="30">
                                          <a:s>[&quot;Encounter, Performed&quot;: </a:s>
                                          <a:s>
                                             <a:s>&quot;Preventive Care Services, Initial Office Visit, 0 to 17&quot;</a:s>
                                          </a:s>
                                          <a:s>]</a:s>
                                       </a:s>
                                       <a:s>
		union </a:s>
                                       <a:s r="31">
                                          <a:s>[&quot;Encounter, Performed&quot;: </a:s>
                                          <a:s>
                                             <a:s>&quot;Preventive Care Services-Initial Office Visit, 18 and Up&quot;</a:s>
                                          </a:s>
                                          <a:s>]</a:s>
                                       </a:s>
                                    </a:s>
                                    <a:s>
		union </a:s>
                                    <a:s r="33">
                                       <a:s>[&quot;Encounter, Performed&quot;: </a:s>
                                       <a:s>
                                          <a:s>&quot;Preventive Care, Established Office Visit, 0 to 17&quot;</a:s>
                                       </a:s>
                                       <a:s>]</a:s>
                                    </a:s>
                                 </a:s>
                                 <a:s>
		union </a:s>
                                 <a:s r="35">
                                    <a:s>[&quot;Encounter, Performed&quot;: </a:s>
                                    <a:s>
                                       <a:s>&quot;Preventive Care Services - Established Office Visit, 18 and Up&quot;</a:s>
                                    </a:s>
                                    <a:s>]</a:s>
                                 </a:s>
                              </a:s>
                              <a:s>
		union </a:s>
                              <a:s r="37">
                                 <a:s>[&quot;Encounter, Performed&quot;: </a:s>
                                 <a:s>
                                    <a:s>&quot;Office Visit&quot;</a:s>
                                 </a:s>
                                 <a:s>]</a:s>
                              </a:s>
                           </a:s>
                           <a:s> )</a:s>
                        </a:s>
                        <a:s> Encounter</a:s>
                     </a:s>
                  </a:s>
                  <a:s>
		</a:s>
                  <a:s r="43">
                     <a:s>where </a:s>
                     <a:s r="43">
                        <a:s r="41">
                           <a:s r="40">
                              <a:s>Encounter</a:s>
                           </a:s>
                           <a:s>.</a:s>
                           <a:s r="41">
                              <a:s>relevantPeriod</a:s>
                           </a:s>
                        </a:s>
                        <a:s> during </a:s>
                        <a:s r="42">
                           <a:s>&quot;Measurement Period&quot;</a:s>
                        </a:s>
                     </a:s>
                  </a:s>
               </a:s>
            </a:s>
         </annotation>
         <expression localId="44" locator="41:2-46:60" xsi:type="Query">
            <source localId="39" locator="41:2-45:60" alias="Encounter">
               <expression localId="38" locator="41:2-45:50" xsi:type="Union">
                  <operand localId="36" locator="41:4-44:98" xsi:type="Union">
                     <operand localId="32" locator="41:4-42:92" xsi:type="Union">
                        <operand localId="30" locator="41:4-41:86" xmlns:ns5="urn:healthit-gov:qdm:v5_4" dataType="ns5:PositiveEncounterPerformed" templateId="PositiveEncounterPerformed" codeProperty="code" xsi:type="Retrieve">
                           <codes name="Preventive Care Services, Initial Office Visit, 0 to 17" xsi:type="ValueSetRef"/>
                        </operand>
                        <operand localId="31" locator="42:9-42:92" xmlns:ns6="urn:healthit-gov:qdm:v5_4" dataType="ns6:PositiveEncounterPerformed" templateId="PositiveEncounterPerformed" codeProperty="code" xsi:type="Retrieve">
                           <codes name="Preventive Care Services-Initial Office Visit, 18 and Up" xsi:type="ValueSetRef"/>
                        </operand>
                     </operand>
                     <operand xsi:type="Union">
                        <operand localId="33" locator="43:9-43:86" xmlns:ns7="urn:healthit-gov:qdm:v5_4" dataType="ns7:PositiveEncounterPerformed" templateId="PositiveEncounterPerformed" codeProperty="code" xsi:type="Retrieve">
                           <codes name="Preventive Care, Established Office Visit, 0 to 17" xsi:type="ValueSetRef"/>
                        </operand>
                        <operand localId="35" locator="44:9-44:98" xmlns:ns8="urn:healthit-gov:qdm:v5_4" dataType="ns8:PositiveEncounterPerformed" templateId="PositiveEncounterPerformed" codeProperty="code" xsi:type="Retrieve">
                           <codes name="Preventive Care Services - Established Office Visit, 18 and Up" xsi:type="ValueSetRef"/>
                        </operand>
                     </operand>
                  </operand>
                  <operand localId="37" locator="45:9-45:48" xmlns:ns9="urn:healthit-gov:qdm:v5_4" dataType="ns9:PositiveEncounterPerformed" templateId="PositiveEncounterPerformed" codeProperty="code" xsi:type="Retrieve">
                     <codes name="Office Visit" xsi:type="ValueSetRef"/>
                  </operand>
               </expression>
            </source>
            <where localId="43" locator="46:3-46:60" xsi:type="IncludedIn">
               <operand localId="41" locator="46:9-46:32" path="relevantPeriod" scope="Encounter" xsi:type="Property"/>
               <operand localId="42" locator="46:41-46:60" name="Measurement Period" xsi:type="ParameterRef"/>
            </where>
         </expression>
      </def>
      <def localId="70" locator="69:1-74:36" name="Initial Population" context="Patient" accessLevel="Public">
         <annotation xsi:type="a:Annotation">
            <a:s r="70">
               <a:s>define &quot;Initial Population&quot;:
	</a:s>
               <a:s r="69">
                  <a:s r="66">
                     <a:s>exists </a:s>
                     <a:s r="65">
                        <a:s>( </a:s>
                        <a:s r="65">
                           <a:s>
                              <a:s r="47">
                                 <a:s r="46">
                                    <a:s r="46">
                                       <a:s>[&quot;Patient Characteristic Birthdate&quot;: </a:s>
                                       <a:s>
                                          <a:s>&quot;Birth date&quot;</a:s>
                                       </a:s>
                                       <a:s>]</a:s>
                                    </a:s>
                                 </a:s>
                                 <a:s> BirthDate</a:s>
                              </a:s>
                           </a:s>
                           <a:s>
			</a:s>
                           <a:s r="64">
                              <a:s>where </a:s>
                              <a:s r="64">
                                 <a:s r="55">
                                    <a:s r="53">
                                       <a:s r="48">
                                          <a:s>Global</a:s>
                                       </a:s>
                                       <a:s>.</a:s>
                                       <a:s r="53">
                                          <a:s>&quot;CalendarAgeInYearsAt&quot;(</a:s>
                                          <a:s r="50">
                                             <a:s r="49">
                                                <a:s>BirthDate</a:s>
                                             </a:s>
                                             <a:s>.</a:s>
                                             <a:s r="50">
                                                <a:s>birthDatetime</a:s>
                                             </a:s>
                                          </a:s>
                                          <a:s>, </a:s>
                                          <a:s r="52">
                                             <a:s>start of </a:s>
                                             <a:s r="51">
                                                <a:s>&quot;Measurement Period&quot;</a:s>
                                             </a:s>
                                          </a:s>
                                          <a:s>)</a:s>
                                       </a:s>
                                    </a:s>
                                    <a:s>>= 15</a:s>
                                 </a:s>
                                 <a:s>
				and </a:s>
                                 <a:s r="63">
                                    <a:s r="61">
                                       <a:s r="56">
                                          <a:s>Global</a:s>
                                       </a:s>
                                       <a:s>.</a:s>
                                       <a:s r="61">
                                          <a:s>&quot;CalendarAgeInYearsAt&quot;(</a:s>
                                          <a:s r="58">
                                             <a:s r="57">
                                                <a:s>BirthDate</a:s>
                                             </a:s>
                                             <a:s>.</a:s>
                                             <a:s r="58">
                                                <a:s>birthDatetime</a:s>
                                             </a:s>
                                          </a:s>
                                          <a:s>, </a:s>
                                          <a:s r="60">
                                             <a:s>start of </a:s>
                                             <a:s r="59">
                                                <a:s>&quot;Measurement Period&quot;</a:s>
                                             </a:s>
                                          </a:s>
                                          <a:s>)</a:s>
                                       </a:s>
                                    </a:s>
                                    <a:s>&lt; 66</a:s>
                                 </a:s>
                              </a:s>
                           </a:s>
                        </a:s>
                        <a:s>
	)</a:s>
                     </a:s>
                  </a:s>
                  <a:s>
		and </a:s>
                  <a:s r="68">
                     <a:s>exists </a:s>
                     <a:s r="67">
                        <a:s>&quot;Qualifying Encounters&quot;</a:s>
                     </a:s>
                  </a:s>
               </a:s>
            </a:s>
         </annotation>
         <expression localId="69" locator="70:2-74:36" xsi:type="And">
            <operand localId="66" locator="70:2-73:2" xsi:type="Exists">
               <operand localId="65" locator="70:9-73:2" xsi:type="Query">
                  <source localId="47" locator="70:11-70:70" alias="BirthDate">
                     <expression localId="46" locator="70:11-70:60" xmlns:ns10="urn:healthit-gov:qdm:v5_4" dataType="ns10:PatientCharacteristicBirthdate" codeProperty="code" xsi:type="Retrieve">
                        <codes xsi:type="ToList">
                           <operand name="Birth date" xsi:type="CodeRef"/>
                        </codes>
                     </expression>
                  </source>
                  <where localId="64" locator="71:4-72:97" xsi:type="And">
                     <operand localId="55" locator="71:10-71:99" xsi:type="GreaterOrEqual">
                        <operand localId="53" locator="71:10-71:94" name="CalendarAgeInYearsAt" libraryName="Global" xsi:type="FunctionRef">
                           <operand localId="50" locator="71:40-71:62" path="birthDatetime" scope="BirthDate" xsi:type="Property"/>
                           <operand localId="52" locator="71:65-71:93" xsi:type="Start">
                              <operand localId="51" locator="71:74-71:93" name="Measurement Period" xsi:type="ParameterRef"/>
                           </operand>
                        </operand>
                        <operand localId="54" locator="71:98-71:99" valueType="t:Integer" value="15" xsi:type="Literal"/>
                     </operand>
                     <operand localId="63" locator="72:9-72:97" xsi:type="Less">
                        <operand localId="61" locator="72:9-72:93" name="CalendarAgeInYearsAt" libraryName="Global" xsi:type="FunctionRef">
                           <operand localId="58" locator="72:39-72:61" path="birthDatetime" scope="BirthDate" xsi:type="Property"/>
                           <operand localId="60" locator="72:64-72:92" xsi:type="Start">
                              <operand localId="59" locator="72:73-72:92" name="Measurement Period" xsi:type="ParameterRef"/>
                           </operand>
                        </operand>
                        <operand localId="62" locator="72:96-72:97" valueType="t:Integer" value="66" xsi:type="Literal"/>
                     </operand>
                  </where>
               </operand>
            </operand>
            <operand localId="68" locator="74:7-74:36" xsi:type="Exists">
               <operand localId="67" locator="74:14-74:36" name="Qualifying Encounters" xsi:type="ExpressionRef"/>
            </operand>
         </expression>
      </def>
      <def localId="72" locator="48:1-49:21" name="Denominator" context="Patient" accessLevel="Public">
         <annotation xsi:type="a:Annotation">
            <a:s r="72">
               <a:s>define &quot;Denominator&quot;:
	</a:s>
               <a:s r="71">
                  <a:s>&quot;Initial Population&quot;</a:s>
               </a:s>
            </a:s>
         </annotation>
         <expression localId="71" locator="49:2-49:21" name="Initial Population" xsi:type="ExpressionRef"/>
      </def>
      <def localId="82" locator="51:1-54:2" name="Denominator Exclusions" context="Patient" accessLevel="Public">
         <annotation xsi:type="a:Annotation">
            <a:s r="82">
               <a:s>define &quot;Denominator Exclusions&quot;:
	</a:s>
               <a:s r="81">
                  <a:s>exists </a:s>
                  <a:s r="80">
                     <a:s>( </a:s>
                     <a:s r="80">
                        <a:s>
                           <a:s r="74">
                              <a:s r="73">
                                 <a:s r="73">
                                    <a:s>[&quot;Diagnosis&quot;: </a:s>
                                    <a:s>
                                       <a:s>&quot;Conditions Due To Human Immunodeficiency Virus (HIV)&quot;</a:s>
                                    </a:s>
                                    <a:s>]</a:s>
                                 </a:s>
                              </a:s>
                              <a:s> HIVConditions</a:s>
                           </a:s>
                        </a:s>
                        <a:s>
			</a:s>
                        <a:s r="79">
                           <a:s>where </a:s>
                           <a:s r="79">
                              <a:s r="76">
                                 <a:s r="75">
                                    <a:s>HIVConditions</a:s>
                                 </a:s>
                                 <a:s>.</a:s>
                                 <a:s r="76">
                                    <a:s>prevalencePeriod</a:s>
                                 </a:s>
                              </a:s>
                              <a:s> starts before </a:s>
                              <a:s r="78">
                                 <a:s>start of </a:s>
                                 <a:s r="77">
                                    <a:s>&quot;Measurement Period&quot;</a:s>
                                 </a:s>
                              </a:s>
                           </a:s>
                        </a:s>
                     </a:s>
                     <a:s>
	)</a:s>
                  </a:s>
               </a:s>
            </a:s>
         </annotation>
         <expression localId="81" locator="52:2-54:2" xsi:type="Exists">
            <operand localId="80" locator="52:9-54:2" xsi:type="Query">
               <source localId="74" locator="52:11-52:93" alias="HIVConditions">
                  <expression localId="73" locator="52:11-52:79" xmlns:ns11="urn:healthit-gov:qdm:v5_4" dataType="ns11:Diagnosis" codeProperty="code" xsi:type="Retrieve">
                     <codes name="Conditions Due To Human Immunodeficiency Virus (HIV)" xsi:type="ValueSetRef"/>
                  </expression>
               </source>
               <where localId="79" locator="53:4-53:83" xsi:type="Before">
                  <operand locator="53:41-53:46" xsi:type="Start">
                     <operand localId="76" locator="53:10-53:39" path="prevalencePeriod" scope="HIVConditions" xsi:type="Property"/>
                  </operand>
                  <operand localId="78" locator="53:55-53:83" xsi:type="Start">
                     <operand localId="77" locator="53:64-53:83" name="Measurement Period" xsi:type="ParameterRef"/>
                  </operand>
               </where>
            </operand>
         </expression>
      </def>
      <def localId="117" locator="59:1-67:30" name="HIV Test Performed" context="Patient" accessLevel="Public">
         <annotation xsi:type="a:Annotation">
            <a:s r="117">
               <a:s>define &quot;HIV Test Performed&quot;:
	</a:s>
               <a:s r="116">
                  <a:s>
                     <a:s r="86">
                        <a:s r="85">
                           <a:s>( </a:s>
                           <a:s r="85">
                              <a:s r="83">
                                 <a:s>[&quot;Laboratory Test, Performed&quot;: </a:s>
                                 <a:s>
                                    <a:s>&quot;Human Immunodeficiency Virus (HIV) Laboratory Test Codes (Ab and Ag)&quot;</a:s>
                                 </a:s>
                                 <a:s>]</a:s>
                              </a:s>
                              <a:s>
		union </a:s>
                              <a:s r="84">
                                 <a:s>[&quot;Laboratory Test, Performed&quot;: </a:s>
                                 <a:s>
                                    <a:s>&quot;HIV 1 and 2 tests - Meaningful Use set&quot;</a:s>
                                 </a:s>
                                 <a:s>]</a:s>
                              </a:s>
                           </a:s>
                           <a:s> )</a:s>
                        </a:s>
                        <a:s> HIVTest</a:s>
                     </a:s>
                  </a:s>
                  <a:s>
		</a:s>
                  <a:s r="115">
                     <a:s>where </a:s>
                     <a:s r="115">
                        <a:s r="109">
                           <a:s>exists </a:s>
                           <a:s r="108">
                              <a:s>( </a:s>
                              <a:s r="108">
                                 <a:s>
                                    <a:s r="88">
                                       <a:s r="87">
                                          <a:s r="87">
                                             <a:s>[&quot;Patient Characteristic Birthdate&quot;: </a:s>
                                             <a:s>
                                                <a:s>&quot;Birth date&quot;</a:s>
                                             </a:s>
                                             <a:s>]</a:s>
                                          </a:s>
                                       </a:s>
                                       <a:s> BirthDate</a:s>
                                    </a:s>
                                 </a:s>
                                 <a:s>
				</a:s>
                                 <a:s r="107">
                                    <a:s>where </a:s>
                                    <a:s r="107">
                                       <a:s r="97">
                                          <a:s r="95">
                                             <a:s r="89">
                                                <a:s>Global</a:s>
                                             </a:s>
                                             <a:s>.</a:s>
                                             <a:s r="95">
                                                <a:s>&quot;CalendarAgeInYearsAt&quot;(</a:s>
                                                <a:s r="91">
                                                   <a:s r="90">
                                                      <a:s>BirthDate</a:s>
                                                   </a:s>
                                                   <a:s>.</a:s>
                                                   <a:s r="91">
                                                      <a:s>birthDatetime</a:s>
                                                   </a:s>
                                                </a:s>
                                                <a:s>, </a:s>
                                                <a:s r="94">
                                                   <a:s>start of </a:s>
                                                   <a:s r="93">
                                                      <a:s r="92">
                                                         <a:s>HIVTest</a:s>
                                                      </a:s>
                                                      <a:s>.</a:s>
                                                      <a:s r="93">
                                                         <a:s>relevantPeriod</a:s>
                                                      </a:s>
                                                   </a:s>
                                                </a:s>
                                                <a:s>)</a:s>
                                             </a:s>
                                          </a:s>
                                          <a:s>>= 15</a:s>
                                       </a:s>
                                       <a:s>
					and </a:s>
                                       <a:s r="106">
                                          <a:s r="104">
                                             <a:s r="98">
                                                <a:s>Global</a:s>
                                             </a:s>
                                             <a:s>.</a:s>
                                             <a:s r="104">
                                                <a:s>&quot;CalendarAgeInYearsAt&quot;(</a:s>
                                                <a:s r="100">
                                                   <a:s r="99">
                                                      <a:s>BirthDate</a:s>
                                                   </a:s>
                                                   <a:s>.</a:s>
                                                   <a:s r="100">
                                                      <a:s>birthDatetime</a:s>
                                                   </a:s>
                                                </a:s>
                                                <a:s>, </a:s>
                                                <a:s r="103">
                                                   <a:s>start of </a:s>
                                                   <a:s r="102">
                                                      <a:s r="101">
                                                         <a:s>HIVTest</a:s>
                                                      </a:s>
                                                      <a:s>.</a:s>
                                                      <a:s r="102">
                                                         <a:s>relevantPeriod</a:s>
                                                      </a:s>
                                                   </a:s>
                                                </a:s>
                                                <a:s>)</a:s>
                                             </a:s>
                                          </a:s>
                                          <a:s>&lt; 66</a:s>
                                       </a:s>
                                    </a:s>
                                 </a:s>
                              </a:s>
                              <a:s>
		)</a:s>
                           </a:s>
                        </a:s>
                        <a:s>
			and </a:s>
                        <a:s r="114">
                           <a:s r="111">
                              <a:s r="110">
                                 <a:s>HIVTest</a:s>
                              </a:s>
                              <a:s>.</a:s>
                              <a:s r="111">
                                 <a:s>relevantPeriod</a:s>
                              </a:s>
                           </a:s>
                           <a:s> starts before 
			</a:s>
                           <a:s r="113">
                              <a:s>end of </a:s>
                              <a:s r="112">
                                 <a:s>&quot;Measurement Period&quot;</a:s>
                              </a:s>
                           </a:s>
                        </a:s>
                     </a:s>
                  </a:s>
               </a:s>
            </a:s>
         </annotation>
         <expression localId="116" locator="60:2-67:30" xsi:type="Query">
            <source localId="86" locator="60:2-61:90" alias="HIVTest">
               <expression localId="85" locator="60:2-61:82" xsi:type="Union">
                  <operand localId="83" locator="60:4-60:105" xmlns:ns12="urn:healthit-gov:qdm:v5_4" dataType="ns12:PositiveLaboratoryTestPerformed" templateId="PositiveLaboratoryTestPerformed" codeProperty="code" xsi:type="Retrieve">
                     <codes name="Human Immunodeficiency Virus (HIV) Laboratory Test Codes (Ab and Ag)" xsi:type="ValueSetRef"/>
                  </operand>
                  <operand localId="84" locator="61:9-61:80" xmlns:ns13="urn:healthit-gov:qdm:v5_4" dataType="ns13:PositiveLaboratoryTestPerformed" templateId="PositiveLaboratoryTestPerformed" codeProperty="code" xsi:type="Retrieve">
                     <codes xsi:type="ToList">
                        <operand name="HIV 1 and 2 tests - Meaningful Use set" xsi:type="CodeRef"/>
                     </codes>
                  </operand>
               </expression>
            </source>
            <where localId="115" locator="62:3-67:30" xsi:type="And">
               <operand localId="109" locator="62:9-65:3" xsi:type="Exists">
                  <operand localId="108" locator="62:16-65:3" xsi:type="Query">
                     <source localId="88" locator="62:18-62:77" alias="BirthDate">
                        <expression localId="87" locator="62:18-62:67" xmlns:ns14="urn:healthit-gov:qdm:v5_4" dataType="ns14:PatientCharacteristicBirthdate" codeProperty="code" xsi:type="Retrieve">
                           <codes xsi:type="ToList">
                              <operand name="Birth date" xsi:type="CodeRef"/>
                           </codes>
                        </expression>
                     </source>
                     <where localId="107" locator="63:5-64:100" xsi:type="And">
                        <operand localId="97" locator="63:11-63:102" xsi:type="GreaterOrEqual">
                           <operand localId="95" locator="63:11-63:97" name="CalendarAgeInYearsAt" libraryName="Global" xsi:type="FunctionRef">
                              <operand localId="91" locator="63:41-63:63" path="birthDatetime" scope="BirthDate" xsi:type="Property"/>
                              <operand localId="94" locator="63:66-63:96" xsi:type="Start">
                                 <operand localId="93" locator="63:75-63:96" path="relevantPeriod" scope="HIVTest" xsi:type="Property"/>
                              </operand>
                           </operand>
                           <operand localId="96" locator="63:101-63:102" valueType="t:Integer" value="15" xsi:type="Literal"/>
                        </operand>
                        <operand localId="106" locator="64:10-64:100" xsi:type="Less">
                           <operand localId="104" locator="64:10-64:96" name="CalendarAgeInYearsAt" libraryName="Global" xsi:type="FunctionRef">
                              <operand localId="100" locator="64:40-64:62" path="birthDatetime" scope="BirthDate" xsi:type="Property"/>
                              <operand localId="103" locator="64:65-64:95" xsi:type="Start">
                                 <operand localId="102" locator="64:74-64:95" path="relevantPeriod" scope="HIVTest" xsi:type="Property"/>
                              </operand>
                           </operand>
                           <operand localId="105" locator="64:99-64:100" valueType="t:Integer" value="66" xsi:type="Literal"/>
                        </operand>
                     </where>
                  </operand>
               </operand>
               <operand localId="114" locator="66:8-67:30" xsi:type="Before">
                  <operand locator="66:31-66:36" xsi:type="Start">
                     <operand localId="111" locator="66:8-66:29" path="relevantPeriod" scope="HIVTest" xsi:type="Property"/>
                  </operand>
                  <operand localId="113" locator="67:4-67:30" xsi:type="End">
                     <operand localId="112" locator="67:11-67:30" name="Measurement Period" xsi:type="ParameterRef"/>
                  </operand>
               </operand>
            </where>
         </expression>
      </def>
      <def localId="120" locator="56:1-57:32" name="Numerator" context="Patient" accessLevel="Public">
         <annotation xsi:type="a:Annotation">
            <a:s r="120">
               <a:s>define &quot;Numerator&quot;:
	</a:s>
               <a:s r="119">
                  <a:s>exists </a:s>
                  <a:s r="118">
                     <a:s>( </a:s>
                     <a:s r="118">
                        <a:s>&quot;HIV Test Performed&quot;</a:s>
                     </a:s>
                     <a:s> )</a:s>
                  </a:s>
               </a:s>
            </a:s>
         </annotation>
         <expression localId="119" locator="57:2-57:32" xsi:type="Exists">
            <operand localId="118" locator="57:9-57:32" name="HIV Test Performed" xsi:type="ExpressionRef"/>
         </expression>
      </def>
   </statements>
</library>
