{
   "library" : {
      "identifier" : {
         "id" : "DiabetesMedicalAttentionforNephropathy",
         "version" : "9.3.000"
      },
      "schemaIdentifier" : {
         "id" : "urn:hl7-org:elm",
         "version" : "r1"
      },
      "usings" : {
         "def" : [ {
            "localIdentifier" : "System",
            "uri" : "urn:hl7-org:elm-types:r1"
         }, {
            "localId" : "1",
            "locator" : "3:1-3:23",
            "localIdentifier" : "QDM",
            "uri" : "urn:healthit-gov:qdm:v5_5",
            "version" : "5.5"
         } ]
      },
      "includes" : {
         "def" : [ {
            "localId" : "2",
            "locator" : "5:1-5:86",
            "localIdentifier" : "AdultOutpatientEncounters",
            "path" : "Adult_Outpatient_Encounters",
            "version" : "1.3.000"
         }, {
            "localId" : "3",
            "locator" : "6:1-6:64",
            "localIdentifier" : "Global",
            "path" : "MATGlobalCommonFunctions",
            "version" : "5.0.000"
         }, {
            "localId" : "4",
            "locator" : "7:1-7:48",
            "localIdentifier" : "Hospice",
            "path" : "Hospice",
            "version" : "2.2.000"
         }, {
            "localId" : "5",
            "locator" : "8:1-8:82",
            "localIdentifier" : "FrailtyLTI",
            "path" : "AdvancedIllnessandFrailtyExclusionECQM",
            "version" : "5.5.000"
         } ]
      },
      "parameters" : {
         "def" : [ {
            "localId" : "29",
            "locator" : "33:1-33:49",
            "name" : "Measurement Period",
            "accessLevel" : "Public",
            "parameterTypeSpecifier" : {
               "localId" : "28",
               "locator" : "33:32-33:49",
               "type" : "IntervalTypeSpecifier",
               "pointType" : {
                  "localId" : "27",
                  "locator" : "33:41-33:48",
                  "name" : "{urn:hl7-org:elm-types:r1}DateTime",
                  "type" : "NamedTypeSpecifier"
               }
            }
         } ]
      },
      "codeSystems" : {
         "def" : [ {
            "localId" : "6",
            "locator" : "10:1-10:51",
            "name" : "LOINC",
            "id" : "urn:oid:2.16.840.1.113883.6.1",
            "accessLevel" : "Public"
         } ]
      },
      "valueSets" : {
         "def" : [ {
            "localId" : "7",
            "locator" : "12:1-12:81",
            "name" : "ACE Inhibitor or ARB or ARNI",
            "id" : "urn:oid:2.16.840.1.113883.3.526.3.1139",
            "accessLevel" : "Public"
         }, {
            "localId" : "8",
            "locator" : "13:1-13:71",
            "name" : "Diabetes",
            "id" : "urn:oid:2.16.840.1.113883.3.464.1003.103.12.1001",
            "accessLevel" : "Public"
         }, {
            "localId" : "9",
            "locator" : "14:1-14:83",
            "name" : "Diabetic Nephropathy",
            "id" : "urn:oid:2.16.840.1.113883.3.464.1003.109.12.1004",
            "accessLevel" : "Public"
         }, {
            "localId" : "10",
            "locator" : "15:1-15:81",
            "name" : "Dialysis Education",
            "id" : "urn:oid:2.16.840.1.113883.3.464.1003.109.12.1016",
            "accessLevel" : "Public"
         }, {
            "localId" : "11",
            "locator" : "16:1-16:80",
            "name" : "Dialysis Services",
            "id" : "urn:oid:2.16.840.1.113883.3.464.1003.109.12.1013",
            "accessLevel" : "Public"
         }, {
            "localId" : "12",
            "locator" : "17:1-17:95",
            "name" : "ESRD Monthly Outpatient Services",
            "id" : "urn:oid:2.16.840.1.113883.3.464.1003.109.12.1014",
            "accessLevel" : "Public"
         }, {
            "localId" : "13",
            "locator" : "18:1-18:58",
            "name" : "Ethnicity",
            "id" : "urn:oid:2.16.840.1.114222.4.11.837",
            "accessLevel" : "Public"
         }, {
            "localId" : "14",
            "locator" : "19:1-19:104",
            "name" : "Glomerulonephritis and Nephrotic Syndrome",
            "id" : "urn:oid:2.16.840.1.113883.3.464.1003.109.12.1018",
            "accessLevel" : "Public"
         }, {
            "localId" : "15",
            "locator" : "20:1-20:98",
            "name" : "Hypertensive Chronic Kidney Disease",
            "id" : "urn:oid:2.16.840.1.113883.3.464.1003.109.12.1017",
            "accessLevel" : "Public"
         }, {
            "localId" : "16",
            "locator" : "21:1-21:77",
            "name" : "Kidney Failure",
            "id" : "urn:oid:2.16.840.1.113883.3.464.1003.109.12.1028",
            "accessLevel" : "Public"
         }, {
            "localId" : "17",
            "locator" : "22:1-22:80",
            "name" : "Kidney Transplant",
            "id" : "urn:oid:2.16.840.1.113883.3.464.1003.109.12.1012",
            "accessLevel" : "Public"
         }, {
            "localId" : "18",
            "locator" : "23:1-23:68",
            "name" : "ONC Administrative Sex",
            "id" : "urn:oid:2.16.840.1.113762.1.4.1",
            "accessLevel" : "Public"
         }, {
            "localId" : "19",
            "locator" : "24:1-24:97",
            "name" : "Other Services Related to Dialysis",
            "id" : "urn:oid:2.16.840.1.113883.3.464.1003.109.12.1015",
            "accessLevel" : "Public"
         }, {
            "localId" : "20",
            "locator" : "25:1-25:55",
            "name" : "Payer",
            "id" : "urn:oid:2.16.840.1.114222.4.11.3591",
            "accessLevel" : "Public"
         }, {
            "localId" : "21",
            "locator" : "26:1-26:64",
            "name" : "Proteinuria",
            "id" : "urn:oid:2.16.840.1.113883.3.526.3.1003",
            "accessLevel" : "Public"
         }, {
            "localId" : "22",
            "locator" : "27:1-27:53",
            "name" : "Race",
            "id" : "urn:oid:2.16.840.1.114222.4.11.836",
            "accessLevel" : "Public"
         }, {
            "localId" : "23",
            "locator" : "28:1-28:82",
            "name" : "Urine Protein Tests",
            "id" : "urn:oid:2.16.840.1.113883.3.464.1003.109.12.1024",
            "accessLevel" : "Public"
         }, {
            "localId" : "24",
            "locator" : "29:1-29:91",
            "name" : "Vascular Access for Dialysis",
            "id" : "urn:oid:2.16.840.1.113883.3.464.1003.109.12.1011",
            "accessLevel" : "Public"
         } ]
      },
      "codes" : {
         "def" : [ {
            "localId" : "26",
            "locator" : "31:1-31:62",
            "name" : "Birth date",
            "id" : "21112-8",
            "display" : "Birth date",
            "accessLevel" : "Public",
            "codeSystem" : {
               "localId" : "25",
               "locator" : "31:35-31:41",
               "name" : "LOINC"
            }
         } ]
      },
      "statements" : {
         "def" : [ {
            "locator" : "35:1-35:15",
            "name" : "Patient",
            "context" : "Patient",
            "expression" : {
               "type" : "SingletonFrom",
               "operand" : {
                  "locator" : "35:1-35:15",
                  "dataType" : "{urn:healthit-gov:qdm:v5_5}Patient",
                  "templateId" : "Patient",
                  "type" : "Retrieve"
               }
            }
         }, {
            "localId" : "31",
            "locator" : "37:1-38:51",
            "name" : "SDE Ethnicity",
            "context" : "Patient",
            "accessLevel" : "Public",
            "annotation" : [ {
               "type" : "Annotation",
               "s" : {
                  "r" : "31",
                  "s" : [ {
                     "value" : [ "define ","\"SDE Ethnicity\"",":\n  " ]
                  }, {
                     "r" : "30",
                     "s" : [ {
                        "value" : [ "[","\"Patient Characteristic Ethnicity\"",": " ]
                     }, {
                        "s" : [ {
                           "value" : [ "\"Ethnicity\"" ]
                        } ]
                     }, {
                        "value" : [ "]" ]
                     } ]
                  } ]
               }
            } ],
            "expression" : {
               "localId" : "30",
               "locator" : "38:3-38:51",
               "dataType" : "{urn:healthit-gov:qdm:v5_5}PatientCharacteristicEthnicity",
               "codeProperty" : "code",
               "type" : "Retrieve",
               "codes" : {
                  "locator" : "38:40-38:50",
                  "name" : "Ethnicity",
                  "type" : "ValueSetRef"
               }
            }
         }, {
            "localId" : "33",
            "locator" : "40:1-41:43",
            "name" : "SDE Payer",
            "context" : "Patient",
            "accessLevel" : "Public",
            "annotation" : [ {
               "type" : "Annotation",
               "s" : {
                  "r" : "33",
                  "s" : [ {
                     "value" : [ "define ","\"SDE Payer\"",":\n  " ]
                  }, {
                     "r" : "32",
                     "s" : [ {
                        "value" : [ "[","\"Patient Characteristic Payer\"",": " ]
                     }, {
                        "s" : [ {
                           "value" : [ "\"Payer\"" ]
                        } ]
                     }, {
                        "value" : [ "]" ]
                     } ]
                  } ]
               }
            } ],
            "expression" : {
               "localId" : "32",
               "locator" : "41:3-41:43",
               "dataType" : "{urn:healthit-gov:qdm:v5_5}PatientCharacteristicPayer",
               "codeProperty" : "code",
               "type" : "Retrieve",
               "codes" : {
                  "locator" : "41:36-41:42",
                  "name" : "Payer",
                  "type" : "ValueSetRef"
               }
            }
         }, {
            "localId" : "35",
            "locator" : "43:1-44:41",
            "name" : "SDE Race",
            "context" : "Patient",
            "accessLevel" : "Public",
            "annotation" : [ {
               "type" : "Annotation",
               "s" : {
                  "r" : "35",
                  "s" : [ {
                     "value" : [ "define ","\"SDE Race\"",":\n  " ]
                  }, {
                     "r" : "34",
                     "s" : [ {
                        "value" : [ "[","\"Patient Characteristic Race\"",": " ]
                     }, {
                        "s" : [ {
                           "value" : [ "\"Race\"" ]
                        } ]
                     }, {
                        "value" : [ "]" ]
                     } ]
                  } ]
               }
            } ],
            "expression" : {
               "localId" : "34",
               "locator" : "44:3-44:41",
               "dataType" : "{urn:healthit-gov:qdm:v5_5}PatientCharacteristicRace",
               "codeProperty" : "code",
               "type" : "Retrieve",
               "codes" : {
                  "locator" : "44:35-44:40",
                  "name" : "Race",
                  "type" : "ValueSetRef"
               }
            }
         }, {
            "localId" : "37",
            "locator" : "46:1-47:58",
            "name" : "SDE Sex",
            "context" : "Patient",
            "accessLevel" : "Public",
            "annotation" : [ {
               "type" : "Annotation",
               "s" : {
                  "r" : "37",
                  "s" : [ {
                     "value" : [ "define ","\"SDE Sex\"",":\n  " ]
                  }, {
                     "r" : "36",
                     "s" : [ {
                        "value" : [ "[","\"Patient Characteristic Sex\"",": " ]
                     }, {
                        "s" : [ {
                           "value" : [ "\"ONC Administrative Sex\"" ]
                        } ]
                     }, {
                        "value" : [ "]" ]
                     } ]
                  } ]
               }
            } ],
            "expression" : {
               "localId" : "36",
               "locator" : "47:3-47:58",
               "dataType" : "{urn:healthit-gov:qdm:v5_5}PatientCharacteristicSex",
               "codeProperty" : "code",
               "type" : "Retrieve",
               "codes" : {
                  "locator" : "47:34-47:57",
                  "name" : "ONC Administrative Sex",
                  "type" : "ValueSetRef"
               }
            }
         }, {
            "localId" : "43",
            "locator" : "49:1-53:3",
            "name" : "Renal Procedures",
            "context" : "Patient",
            "accessLevel" : "Public",
            "annotation" : [ {
               "type" : "Annotation",
               "s" : {
                  "r" : "43",
                  "s" : [ {
                     "value" : [ "define ","\"Renal Procedures\"",":\n  " ]
                  }, {
                     "r" : "42",
                     "s" : [ {
                        "value" : [ "( " ]
                     }, {
                        "r" : "42",
                        "s" : [ {
                           "r" : "40",
                           "s" : [ {
                              "r" : "38",
                              "s" : [ {
                                 "value" : [ "[","\"Procedure, Performed\"",": " ]
                              }, {
                                 "s" : [ {
                                    "value" : [ "\"Kidney Transplant\"" ]
                                 } ]
                              }, {
                                 "value" : [ "]" ]
                              } ]
                           }, {
                              "value" : [ "\n      union " ]
                           }, {
                              "r" : "39",
                              "s" : [ {
                                 "value" : [ "[","\"Procedure, Performed\"",": " ]
                              }, {
                                 "s" : [ {
                                    "value" : [ "\"Vascular Access for Dialysis\"" ]
                                 } ]
                              }, {
                                 "value" : [ "]" ]
                              } ]
                           } ]
                        }, {
                           "value" : [ "\n      union " ]
                        }, {
                           "r" : "41",
                           "s" : [ {
                              "value" : [ "[","\"Procedure, Performed\"",": " ]
                           }, {
                              "s" : [ {
                                 "value" : [ "\"Dialysis Services\"" ]
                              } ]
                           }, {
                              "value" : [ "]" ]
                           } ]
                        } ]
                     }, {
                        "value" : [ "\n  )" ]
                     } ]
                  } ]
               }
            } ],
            "expression" : {
               "localId" : "42",
               "locator" : "50:3-53:3",
               "type" : "Union",
               "operand" : [ {
                  "localId" : "40",
                  "locator" : "50:5-51:68",
                  "type" : "Union",
                  "operand" : [ {
                     "localId" : "38",
                     "locator" : "50:5-50:49",
                     "dataType" : "{urn:healthit-gov:qdm:v5_5}PositiveProcedurePerformed",
                     "templateId" : "PositiveProcedurePerformed",
                     "codeProperty" : "code",
                     "type" : "Retrieve",
                     "codes" : {
                        "locator" : "50:30-50:48",
                        "name" : "Kidney Transplant",
                        "type" : "ValueSetRef"
                     }
                  }, {
                     "localId" : "39",
                     "locator" : "51:13-51:68",
                     "dataType" : "{urn:healthit-gov:qdm:v5_5}PositiveProcedurePerformed",
                     "templateId" : "PositiveProcedurePerformed",
                     "codeProperty" : "code",
                     "type" : "Retrieve",
                     "codes" : {
                        "locator" : "51:38-51:67",
                        "name" : "Vascular Access for Dialysis",
                        "type" : "ValueSetRef"
                     }
                  } ]
               }, {
                  "localId" : "41",
                  "locator" : "52:13-52:57",
                  "dataType" : "{urn:healthit-gov:qdm:v5_5}PositiveProcedurePerformed",
                  "templateId" : "PositiveProcedurePerformed",
                  "codeProperty" : "code",
                  "type" : "Retrieve",
                  "codes" : {
                     "locator" : "52:38-52:56",
                     "name" : "Dialysis Services",
                     "type" : "ValueSetRef"
                  }
               } ]
            }
         }, {
            "localId" : "47",
            "locator" : "55:1-57:59",
            "name" : "Renal Interventions",
            "context" : "Patient",
            "accessLevel" : "Public",
            "annotation" : [ {
               "type" : "Annotation",
               "s" : {
                  "r" : "47",
                  "s" : [ {
                     "value" : [ "define ","\"Renal Interventions\"",":\n  " ]
                  }, {
                     "r" : "46",
                     "s" : [ {
                        "r" : "44",
                        "s" : [ {
                           "value" : [ "[","\"Intervention, Performed\"",": " ]
                        }, {
                           "s" : [ {
                              "value" : [ "\"Other Services Related to Dialysis\"" ]
                           } ]
                        }, {
                           "value" : [ "]" ]
                        } ]
                     }, {
                        "value" : [ "\n    union " ]
                     }, {
                        "r" : "45",
                        "s" : [ {
                           "value" : [ "[","\"Intervention, Performed\"",": " ]
                        }, {
                           "s" : [ {
                              "value" : [ "\"Dialysis Education\"" ]
                           } ]
                        }, {
                           "value" : [ "]" ]
                        } ]
                     } ]
                  } ]
               }
            } ],
            "expression" : {
               "localId" : "46",
               "locator" : "56:3-57:59",
               "type" : "Union",
               "operand" : [ {
                  "localId" : "44",
                  "locator" : "56:3-56:67",
                  "dataType" : "{urn:healthit-gov:qdm:v5_5}PositiveInterventionPerformed",
                  "templateId" : "PositiveInterventionPerformed",
                  "codeProperty" : "code",
                  "type" : "Retrieve",
                  "codes" : {
                     "locator" : "56:31-56:66",
                     "name" : "Other Services Related to Dialysis",
                     "type" : "ValueSetRef"
                  }
               }, {
                  "localId" : "45",
                  "locator" : "57:11-57:59",
                  "dataType" : "{urn:healthit-gov:qdm:v5_5}PositiveInterventionPerformed",
                  "templateId" : "PositiveInterventionPerformed",
                  "codeProperty" : "code",
                  "type" : "Retrieve",
                  "codes" : {
                     "locator" : "57:39-57:58",
                     "name" : "Dialysis Education",
                     "type" : "ValueSetRef"
                  }
               } ]
            }
         }, {
            "localId" : "63",
            "locator" : "59:1-65:77",
            "name" : "Nephropathy Diagnoses",
            "context" : "Patient",
            "accessLevel" : "Public",
            "annotation" : [ {
               "type" : "Annotation",
               "s" : {
                  "r" : "63",
                  "s" : [ {
                     "value" : [ "define ","\"Nephropathy Diagnoses\"",":\n  " ]
                  }, {
                     "r" : "62",
                     "s" : [ {
                        "s" : [ {
                           "r" : "57",
                           "s" : [ {
                              "r" : "56",
                              "s" : [ {
                                 "value" : [ "( " ]
                              }, {
                                 "r" : "56",
                                 "s" : [ {
                                    "r" : "54",
                                    "s" : [ {
                                       "r" : "52",
                                       "s" : [ {
                                          "r" : "50",
                                          "s" : [ {
                                             "r" : "48",
                                             "s" : [ {
                                                "value" : [ "[","\"Diagnosis\"",": " ]
                                             }, {
                                                "s" : [ {
                                                   "value" : [ "\"Hypertensive Chronic Kidney Disease\"" ]
                                                } ]
                                             }, {
                                                "value" : [ "]" ]
                                             } ]
                                          }, {
                                             "value" : [ "\n    union " ]
                                          }, {
                                             "r" : "49",
                                             "s" : [ {
                                                "value" : [ "[","\"Diagnosis\"",": " ]
                                             }, {
                                                "s" : [ {
                                                   "value" : [ "\"Kidney Failure\"" ]
                                                } ]
                                             }, {
                                                "value" : [ "]" ]
                                             } ]
                                          } ]
                                       }, {
                                          "value" : [ "\n    union " ]
                                       }, {
                                          "r" : "51",
                                          "s" : [ {
                                             "value" : [ "[","\"Diagnosis\"",": " ]
                                          }, {
                                             "s" : [ {
                                                "value" : [ "\"Glomerulonephritis and Nephrotic Syndrome\"" ]
                                             } ]
                                          }, {
                                             "value" : [ "]" ]
                                          } ]
                                       } ]
                                    }, {
                                       "value" : [ "\n    union " ]
                                    }, {
                                       "r" : "53",
                                       "s" : [ {
                                          "value" : [ "[","\"Diagnosis\"",": " ]
                                       }, {
                                          "s" : [ {
                                             "value" : [ "\"Diabetic Nephropathy\"" ]
                                          } ]
                                       }, {
                                          "value" : [ "]" ]
                                       } ]
                                    } ]
                                 }, {
                                    "value" : [ "\n    union " ]
                                 }, {
                                    "r" : "55",
                                    "s" : [ {
                                       "value" : [ "[","\"Diagnosis\"",": " ]
                                    }, {
                                       "s" : [ {
                                          "value" : [ "\"Proteinuria\"" ]
                                       } ]
                                    }, {
                                       "value" : [ "]" ]
                                    } ]
                                 } ]
                              }, {
                                 "value" : [ " )" ]
                              } ]
                           }, {
                              "value" : [ " ","NephropathyDiagnoses" ]
                           } ]
                        } ]
                     }, {
                        "value" : [ "\n    " ]
                     }, {
                        "r" : "61",
                        "s" : [ {
                           "value" : [ "where " ]
                        }, {
                           "r" : "61",
                           "s" : [ {
                              "r" : "59",
                              "s" : [ {
                                 "r" : "58",
                                 "s" : [ {
                                    "value" : [ "NephropathyDiagnoses" ]
                                 } ]
                              }, {
                                 "value" : [ "." ]
                              }, {
                                 "r" : "59",
                                 "s" : [ {
                                    "value" : [ "prevalencePeriod" ]
                                 } ]
                              } ]
                           }, {
                              "r" : "61",
                              "value" : [ " ","overlaps"," " ]
                           }, {
                              "r" : "60",
                              "s" : [ {
                                 "value" : [ "\"Measurement Period\"" ]
                              } ]
                           } ]
                        } ]
                     } ]
                  } ]
               }
            } ],
            "expression" : {
               "localId" : "62",
               "locator" : "60:3-65:77",
               "type" : "Query",
               "source" : [ {
                  "localId" : "57",
                  "locator" : "60:3-64:61",
                  "alias" : "NephropathyDiagnoses",
                  "expression" : {
                     "localId" : "56",
                     "locator" : "60:3-64:40",
                     "type" : "Union",
                     "operand" : [ {
                        "localId" : "54",
                        "locator" : "60:5-63:47",
                        "type" : "Union",
                        "operand" : [ {
                           "localId" : "50",
                           "locator" : "60:5-61:41",
                           "type" : "Union",
                           "operand" : [ {
                              "localId" : "48",
                              "locator" : "60:5-60:56",
                              "dataType" : "{urn:healthit-gov:qdm:v5_5}Diagnosis",
                              "codeProperty" : "code",
                              "type" : "Retrieve",
                              "codes" : {
                                 "locator" : "60:19-60:55",
                                 "name" : "Hypertensive Chronic Kidney Disease",
                                 "type" : "ValueSetRef"
                              }
                           }, {
                              "localId" : "49",
                              "locator" : "61:11-61:41",
                              "dataType" : "{urn:healthit-gov:qdm:v5_5}Diagnosis",
                              "codeProperty" : "code",
                              "type" : "Retrieve",
                              "codes" : {
                                 "locator" : "61:25-61:40",
                                 "name" : "Kidney Failure",
                                 "type" : "ValueSetRef"
                              }
                           } ]
                        }, {
                           "type" : "Union",
                           "operand" : [ {
                              "localId" : "51",
                              "locator" : "62:11-62:68",
                              "dataType" : "{urn:healthit-gov:qdm:v5_5}Diagnosis",
                              "codeProperty" : "code",
                              "type" : "Retrieve",
                              "codes" : {
                                 "locator" : "62:25-62:67",
                                 "name" : "Glomerulonephritis and Nephrotic Syndrome",
                                 "type" : "ValueSetRef"
                              }
                           }, {
                              "localId" : "53",
                              "locator" : "63:11-63:47",
                              "dataType" : "{urn:healthit-gov:qdm:v5_5}Diagnosis",
                              "codeProperty" : "code",
                              "type" : "Retrieve",
                              "codes" : {
                                 "locator" : "63:25-63:46",
                                 "name" : "Diabetic Nephropathy",
                                 "type" : "ValueSetRef"
                              }
                           } ]
                        } ]
                     }, {
                        "localId" : "55",
                        "locator" : "64:11-64:38",
                        "dataType" : "{urn:healthit-gov:qdm:v5_5}Diagnosis",
                        "codeProperty" : "code",
                        "type" : "Retrieve",
                        "codes" : {
                           "locator" : "64:25-64:37",
                           "name" : "Proteinuria",
                           "type" : "ValueSetRef"
                        }
                     } ]
                  }
               } ],
               "relationship" : [ ],
               "where" : {
                  "localId" : "61",
                  "locator" : "65:5-65:77",
                  "type" : "Overlaps",
                  "operand" : [ {
                     "localId" : "59",
                     "locator" : "65:11-65:47",
                     "path" : "prevalencePeriod",
                     "scope" : "NephropathyDiagnoses",
                     "type" : "Property"
                  }, {
                     "localId" : "60",
                     "locator" : "65:58-65:77",
                     "name" : "Measurement Period",
                     "type" : "ParameterRef"
                  } ]
               }
            }
         }, {
            "localId" : "91",
            "locator" : "89:1-96:5",
            "name" : "Initial Population",
            "context" : "Patient",
            "accessLevel" : "Public",
            "annotation" : [ {
               "type" : "Annotation",
               "s" : {
                  "r" : "91",
                  "s" : [ {
                     "value" : [ "define ","\"Initial Population\"",":\n  " ]
                  }, {
                     "r" : "90",
                     "s" : [ {
                        "r" : "81",
                        "s" : [ {
                           "r" : "77",
                           "s" : [ {
                              "value" : [ "exists " ]
                           }, {
                              "r" : "76",
                              "s" : [ {
                                 "value" : [ "( " ]
                              }, {
                                 "r" : "76",
                                 "s" : [ {
                                    "s" : [ {
                                       "r" : "65",
                                       "s" : [ {
                                          "r" : "64",
                                          "s" : [ {
                                             "r" : "64",
                                             "s" : [ {
                                                "value" : [ "[","\"Patient Characteristic Birthdate\"",": " ]
                                             }, {
                                                "s" : [ {
                                                   "value" : [ "\"Birth date\"" ]
                                                } ]
                                             }, {
                                                "value" : [ "]" ]
                                             } ]
                                          } ]
                                       }, {
                                          "value" : [ " ","BirthDate" ]
                                       } ]
                                    } ]
                                 }, {
                                    "value" : [ "\n      " ]
                                 }, {
                                    "r" : "75",
                                    "s" : [ {
                                       "value" : [ "where " ]
                                    }, {
                                       "r" : "75",
                                       "s" : [ {
                                          "r" : "71",
                                          "s" : [ {
                                             "r" : "66",
                                             "s" : [ {
                                                "value" : [ "Global" ]
                                             } ]
                                          }, {
                                             "value" : [ "." ]
                                          }, {
                                             "r" : "71",
                                             "s" : [ {
                                                "value" : [ "\"CalendarAgeInYearsAt\""," ( " ]
                                             }, {
                                                "r" : "68",
                                                "s" : [ {
                                                   "r" : "67",
                                                   "s" : [ {
                                                      "value" : [ "BirthDate" ]
                                                   } ]
                                                }, {
                                                   "value" : [ "." ]
                                                }, {
                                                   "r" : "68",
                                                   "s" : [ {
                                                      "value" : [ "birthDatetime" ]
                                                   } ]
                                                } ]
                                             }, {
                                                "value" : [ ", " ]
                                             }, {
                                                "r" : "70",
                                                "s" : [ {
                                                   "value" : [ "start of " ]
                                                }, {
                                                   "r" : "69",
                                                   "s" : [ {
                                                      "value" : [ "\"Measurement Period\"" ]
                                                   } ]
                                                } ]
                                             }, {
                                                "value" : [ " )" ]
                                             } ]
                                          } ]
                                       }, {
                                          "value" : [ " in " ]
                                       }, {
                                          "r" : "74",
                                          "s" : [ {
                                             "r" : "72",
                                             "value" : [ "Interval[","18",", ","75"," )" ]
                                          } ]
                                       } ]
                                    } ]
                                 } ]
                              }, {
                                 "value" : [ "\n  )" ]
                              } ]
                           } ]
                        }, {
                           "value" : [ "\n    and " ]
                        }, {
                           "r" : "80",
                           "s" : [ {
                              "value" : [ "exists " ]
                           }, {
                              "r" : "79",
                              "s" : [ {
                                 "value" : [ "( " ]
                              }, {
                                 "r" : "79",
                                 "s" : [ {
                                    "r" : "78",
                                    "s" : [ {
                                       "value" : [ "AdultOutpatientEncounters" ]
                                    } ]
                                 }, {
                                    "value" : [ "." ]
                                 }, {
                                    "r" : "79",
                                    "s" : [ {
                                       "value" : [ "\"Qualifying Encounters\"" ]
                                    } ]
                                 } ]
                              }, {
                                 "value" : [ " )" ]
                              } ]
                           } ]
                        } ]
                     }, {
                        "value" : [ "\n    and " ]
                     }, {
                        "r" : "89",
                        "s" : [ {
                           "value" : [ "exists " ]
                        }, {
                           "r" : "88",
                           "s" : [ {
                              "value" : [ "( " ]
                           }, {
                              "r" : "88",
                              "s" : [ {
                                 "s" : [ {
                                    "r" : "83",
                                    "s" : [ {
                                       "r" : "82",
                                       "s" : [ {
                                          "r" : "82",
                                          "s" : [ {
                                             "value" : [ "[","\"Diagnosis\"",": " ]
                                          }, {
                                             "s" : [ {
                                                "value" : [ "\"Diabetes\"" ]
                                             } ]
                                          }, {
                                             "value" : [ "]" ]
                                          } ]
                                       } ]
                                    }, {
                                       "value" : [ " ","Diabetes" ]
                                    } ]
                                 } ]
                              }, {
                                 "value" : [ "\n        " ]
                              }, {
                                 "r" : "87",
                                 "s" : [ {
                                    "value" : [ "where " ]
                                 }, {
                                    "r" : "87",
                                    "s" : [ {
                                       "r" : "85",
                                       "s" : [ {
                                          "r" : "84",
                                          "s" : [ {
                                             "value" : [ "Diabetes" ]
                                          } ]
                                       }, {
                                          "value" : [ "." ]
                                       }, {
                                          "r" : "85",
                                          "s" : [ {
                                             "value" : [ "prevalencePeriod" ]
                                          } ]
                                       } ]
                                    }, {
                                       "r" : "87",
                                       "value" : [ " ","overlaps"," " ]
                                    }, {
                                       "r" : "86",
                                       "s" : [ {
                                          "value" : [ "\"Measurement Period\"" ]
                                       } ]
                                    } ]
                                 } ]
                              } ]
                           }, {
                              "value" : [ "\n    )" ]
                           } ]
                        } ]
                     } ]
                  } ]
               }
            } ],
            "expression" : {
               "localId" : "90",
               "locator" : "90:3-96:5",
               "type" : "And",
               "operand" : [ {
                  "localId" : "81",
                  "locator" : "90:3-93:68",
                  "type" : "And",
                  "operand" : [ {
                     "localId" : "77",
                     "locator" : "90:3-92:3",
                     "type" : "Exists",
                     "operand" : {
                        "localId" : "76",
                        "locator" : "90:10-92:3",
                        "type" : "Query",
                        "source" : [ {
                           "localId" : "65",
                           "locator" : "90:12-90:71",
                           "alias" : "BirthDate",
                           "expression" : {
                              "localId" : "64",
                              "locator" : "90:12-90:61",
                              "dataType" : "{urn:healthit-gov:qdm:v5_5}PatientCharacteristicBirthdate",
                              "codeProperty" : "code",
                              "type" : "Retrieve",
                              "codes" : {
                                 "type" : "ToList",
                                 "operand" : {
                                    "locator" : "90:49-90:60",
                                    "name" : "Birth date",
                                    "type" : "CodeRef"
                                 }
                              }
                           }
                        } ],
                        "relationship" : [ ],
                        "where" : {
                           "localId" : "75",
                           "locator" : "91:7-91:121",
                           "type" : "In",
                           "operand" : [ {
                              "localId" : "71",
                              "locator" : "91:13-91:100",
                              "name" : "CalendarAgeInYearsAt",
                              "libraryName" : "Global",
                              "type" : "FunctionRef",
                              "operand" : [ {
                                 "localId" : "68",
                                 "locator" : "91:45-91:67",
                                 "path" : "birthDatetime",
                                 "scope" : "BirthDate",
                                 "type" : "Property"
                              }, {
                                 "localId" : "70",
                                 "locator" : "91:70-91:98",
                                 "type" : "Start",
                                 "operand" : {
                                    "localId" : "69",
                                    "locator" : "91:79-91:98",
                                    "name" : "Measurement Period",
                                    "type" : "ParameterRef"
                                 }
                              } ]
                           }, {
                              "localId" : "74",
                              "locator" : "91:105-91:121",
                              "lowClosed" : true,
                              "highClosed" : false,
                              "type" : "Interval",
                              "low" : {
                                 "localId" : "72",
                                 "locator" : "91:114-91:115",
                                 "valueType" : "{urn:hl7-org:elm-types:r1}Integer",
                                 "value" : "18",
                                 "type" : "Literal"
                              },
                              "high" : {
                                 "localId" : "73",
                                 "locator" : "91:118-91:119",
                                 "valueType" : "{urn:hl7-org:elm-types:r1}Integer",
                                 "value" : "75",
                                 "type" : "Literal"
                              }
                           } ]
                        }
                     }
                  }, {
                     "localId" : "80",
                     "locator" : "93:9-93:68",
                     "type" : "Exists",
                     "operand" : {
                        "localId" : "79",
                        "locator" : "93:16-93:68",
                        "name" : "Qualifying Encounters",
                        "libraryName" : "AdultOutpatientEncounters",
                        "type" : "ExpressionRef"
                     }
                  } ]
               }, {
                  "localId" : "89",
                  "locator" : "94:9-96:5",
                  "type" : "Exists",
                  "operand" : {
                     "localId" : "88",
                     "locator" : "94:16-96:5",
                     "type" : "Query",
                     "source" : [ {
                        "localId" : "83",
                        "locator" : "94:18-94:51",
                        "alias" : "Diabetes",
                        "expression" : {
                           "localId" : "82",
                           "locator" : "94:18-94:42",
                           "dataType" : "{urn:healthit-gov:qdm:v5_5}Diagnosis",
                           "codeProperty" : "code",
                           "type" : "Retrieve",
                           "codes" : {
                              "locator" : "94:32-94:41",
                              "name" : "Diabetes",
                              "type" : "ValueSetRef"
                           }
                        }
                     } ],
                     "relationship" : [ ],
                     "where" : {
                        "localId" : "87",
                        "locator" : "95:9-95:69",
                        "type" : "Overlaps",
                        "operand" : [ {
                           "localId" : "85",
                           "locator" : "95:15-95:39",
                           "path" : "prevalencePeriod",
                           "scope" : "Diabetes",
                           "type" : "Property"
                        }, {
                           "localId" : "86",
                           "locator" : "95:50-95:69",
                           "name" : "Measurement Period",
                           "type" : "ParameterRef"
                        } ]
                     }
                  }
               } ]
            }
         }, {
            "localId" : "93",
            "locator" : "67:1-68:22",
            "name" : "Denominator",
            "context" : "Patient",
            "accessLevel" : "Public",
            "annotation" : [ {
               "type" : "Annotation",
               "s" : {
                  "r" : "93",
                  "s" : [ {
                     "value" : [ "define ","\"Denominator\"",":\n  " ]
                  }, {
                     "r" : "92",
                     "s" : [ {
                        "value" : [ "\"Initial Population\"" ]
                     } ]
                  } ]
               }
            } ],
            "expression" : {
               "localId" : "92",
               "locator" : "68:3-68:22",
               "name" : "Initial Population",
               "type" : "ExpressionRef"
            }
         }, {
            "localId" : "100",
            "locator" : "70:1-72:46",
            "name" : "Protein Urea Lab Test",
            "context" : "Patient",
            "accessLevel" : "Public",
            "annotation" : [ {
               "type" : "Annotation",
               "s" : {
                  "r" : "100",
                  "s" : [ {
                     "value" : [ "define ","\"Protein Urea Lab Test\"",":\n  " ]
                  }, {
                     "r" : "99",
                     "s" : [ {
                        "s" : [ {
                           "r" : "95",
                           "s" : [ {
                              "r" : "94",
                              "s" : [ {
                                 "r" : "94",
                                 "s" : [ {
                                    "value" : [ "[","\"Laboratory Test, Performed\"",": " ]
                                 }, {
                                    "s" : [ {
                                       "value" : [ "\"Urine Protein Tests\"" ]
                                    } ]
                                 }, {
                                    "value" : [ "]" ]
                                 } ]
                              } ]
                           }, {
                              "value" : [ " ","ProteinUreaResult" ]
                           } ]
                        } ]
                     }, {
                        "value" : [ "\n    " ]
                     }, {
                        "r" : "98",
                        "s" : [ {
                           "value" : [ "where " ]
                        }, {
                           "r" : "98",
                           "s" : [ {
                              "r" : "97",
                              "s" : [ {
                                 "r" : "96",
                                 "s" : [ {
                                    "value" : [ "ProteinUreaResult" ]
                                 } ]
                              }, {
                                 "value" : [ "." ]
                              }, {
                                 "r" : "97",
                                 "s" : [ {
                                    "value" : [ "result" ]
                                 } ]
                              } ]
                           }, {
                              "value" : [ " is not null" ]
                           } ]
                        } ]
                     } ]
                  } ]
               }
            } ],
            "expression" : {
               "localId" : "99",
               "locator" : "71:3-72:46",
               "type" : "Query",
               "source" : [ {
                  "localId" : "95",
                  "locator" : "71:3-71:73",
                  "alias" : "ProteinUreaResult",
                  "expression" : {
                     "localId" : "94",
                     "locator" : "71:3-71:55",
                     "dataType" : "{urn:healthit-gov:qdm:v5_5}PositiveLaboratoryTestPerformed",
                     "templateId" : "PositiveLaboratoryTestPerformed",
                     "codeProperty" : "code",
                     "type" : "Retrieve",
                     "codes" : {
                        "locator" : "71:34-71:54",
                        "name" : "Urine Protein Tests",
                        "type" : "ValueSetRef"
                     }
                  }
               } ],
               "relationship" : [ ],
               "where" : {
                  "localId" : "98",
                  "locator" : "72:5-72:46",
                  "type" : "Not",
                  "operand" : {
                     "locator" : "72:11-72:46",
                     "type" : "IsNull",
                     "operand" : {
                        "localId" : "97",
                        "locator" : "72:11-72:34",
                        "path" : "result",
                        "scope" : "ProteinUreaResult",
                        "type" : "Property"
                     }
                  }
               }
            }
         }, {
            "localId" : "102",
            "locator" : "74:1-75:62",
            "name" : "End Stage Renal Disease Encounter",
            "context" : "Patient",
            "accessLevel" : "Public",
            "annotation" : [ {
               "type" : "Annotation",
               "s" : {
                  "r" : "102",
                  "s" : [ {
                     "value" : [ "define ","\"End Stage Renal Disease Encounter\"",":\n  " ]
                  }, {
                     "r" : "101",
                     "s" : [ {
                        "value" : [ "[","\"Encounter, Performed\"",": " ]
                     }, {
                        "s" : [ {
                           "value" : [ "\"ESRD Monthly Outpatient Services\"" ]
                        } ]
                     }, {
                        "value" : [ "]" ]
                     } ]
                  } ]
               }
            } ],
            "expression" : {
               "localId" : "101",
               "locator" : "75:3-75:62",
               "dataType" : "{urn:healthit-gov:qdm:v5_5}PositiveEncounterPerformed",
               "templateId" : "PositiveEncounterPerformed",
               "codeProperty" : "code",
               "type" : "Retrieve",
               "codes" : {
                  "locator" : "75:28-75:61",
                  "name" : "ESRD Monthly Outpatient Services",
                  "type" : "ValueSetRef"
               }
            }
         }, {
            "localId" : "110",
            "locator" : "106:1-108:73",
            "name" : "Active ACE or ARB Medications",
            "context" : "Patient",
            "accessLevel" : "Public",
            "annotation" : [ {
               "type" : "Annotation",
               "s" : {
                  "r" : "110",
                  "s" : [ {
                     "value" : [ "define ","\"Active ACE or ARB Medications\"",":\n  " ]
                  }, {
                     "r" : "109",
                     "s" : [ {
                        "s" : [ {
                           "r" : "104",
                           "s" : [ {
                              "r" : "103",
                              "s" : [ {
                                 "r" : "103",
                                 "s" : [ {
                                    "value" : [ "[","\"Medication, Active\"",": " ]
                                 }, {
                                    "s" : [ {
                                       "value" : [ "\"ACE Inhibitor or ARB or ARNI\"" ]
                                    } ]
                                 }, {
                                    "value" : [ "]" ]
                                 } ]
                              } ]
                           }, {
                              "value" : [ " ","ACEorARBMedication" ]
                           } ]
                        } ]
                     }, {
                        "value" : [ "\n    " ]
                     }, {
                        "r" : "108",
                        "s" : [ {
                           "value" : [ "where " ]
                        }, {
                           "r" : "108",
                           "s" : [ {
                              "r" : "106",
                              "s" : [ {
                                 "r" : "105",
                                 "s" : [ {
                                    "value" : [ "ACEorARBMedication" ]
                                 } ]
                              }, {
                                 "value" : [ "." ]
                              }, {
                                 "r" : "106",
                                 "s" : [ {
                                    "value" : [ "relevantPeriod" ]
                                 } ]
                              } ]
                           }, {
                              "r" : "108",
                              "value" : [ " ","overlaps"," " ]
                           }, {
                              "r" : "107",
                              "s" : [ {
                                 "value" : [ "\"Measurement Period\"" ]
                              } ]
                           } ]
                        } ]
                     } ]
                  } ]
               }
            } ],
            "expression" : {
               "localId" : "109",
               "locator" : "107:3-108:73",
               "type" : "Query",
               "source" : [ {
                  "localId" : "104",
                  "locator" : "107:3-107:75",
                  "alias" : "ACEorARBMedication",
                  "expression" : {
                     "localId" : "103",
                     "locator" : "107:3-107:56",
                     "dataType" : "{urn:healthit-gov:qdm:v5_5}MedicationActive",
                     "codeProperty" : "code",
                     "type" : "Retrieve",
                     "codes" : {
                        "locator" : "107:26-107:55",
                        "name" : "ACE Inhibitor or ARB or ARNI",
                        "type" : "ValueSetRef"
                     }
                  }
               } ],
               "relationship" : [ ],
               "where" : {
                  "localId" : "108",
                  "locator" : "108:5-108:73",
                  "type" : "Overlaps",
                  "operand" : [ {
                     "localId" : "106",
                     "locator" : "108:11-108:43",
                     "path" : "relevantPeriod",
                     "scope" : "ACEorARBMedication",
                     "type" : "Property"
                  }, {
                     "localId" : "107",
                     "locator" : "108:54-108:73",
                     "name" : "Measurement Period",
                     "type" : "ParameterRef"
                  } ]
               }
            }
         }, {
            "localId" : "129",
            "locator" : "82:1-87:73",
            "name" : "Nephropathy Screenings",
            "context" : "Patient",
            "accessLevel" : "Public",
            "annotation" : [ {
               "type" : "Annotation",
               "s" : {
                  "r" : "129",
                  "s" : [ {
                     "value" : [ "define ","\"Nephropathy Screenings\"",":\n  " ]
                  }, {
                     "r" : "128",
                     "s" : [ {
                        "s" : [ {
                           "r" : "123",
                           "s" : [ {
                              "r" : "122",
                              "s" : [ {
                                 "value" : [ "( " ]
                              }, {
                                 "r" : "122",
                                 "s" : [ {
                                    "r" : "120",
                                    "s" : [ {
                                       "r" : "118",
                                       "s" : [ {
                                          "r" : "116",
                                          "s" : [ {
                                             "value" : [ "\"Renal Procedures\"" ]
                                          } ]
                                       }, {
                                          "value" : [ "\n    union " ]
                                       }, {
                                          "r" : "117",
                                          "s" : [ {
                                             "value" : [ "\"Renal Interventions\"" ]
                                          } ]
                                       } ]
                                    }, {
                                       "value" : [ "\n    union " ]
                                    }, {
                                       "r" : "119",
                                       "s" : [ {
                                          "value" : [ "\"End Stage Renal Disease Encounter\"" ]
                                       } ]
                                    } ]
                                 }, {
                                    "value" : [ "\n    union " ]
                                 }, {
                                    "r" : "121",
                                    "s" : [ {
                                       "value" : [ "\"Protein Urea Lab Test\"" ]
                                    } ]
                                 } ]
                              }, {
                                 "value" : [ " )" ]
                              } ]
                           }, {
                              "value" : [ " ","ScreeningNephropathy" ]
                           } ]
                        } ]
                     }, {
                        "value" : [ "\n    " ]
                     }, {
                        "r" : "127",
                        "s" : [ {
                           "value" : [ "where " ]
                        }, {
                           "r" : "127",
                           "s" : [ {
                              "r" : "125",
                              "s" : [ {
                                 "r" : "124",
                                 "s" : [ {
                                    "value" : [ "ScreeningNephropathy" ]
                                 } ]
                              }, {
                                 "value" : [ "." ]
                              }, {
                                 "r" : "125",
                                 "s" : [ {
                                    "value" : [ "relevantPeriod" ]
                                 } ]
                              } ]
                           }, {
                              "r" : "127",
                              "value" : [ " ","during"," " ]
                           }, {
                              "r" : "126",
                              "s" : [ {
                                 "value" : [ "\"Measurement Period\"" ]
                              } ]
                           } ]
                        } ]
                     } ]
                  } ]
               }
            } ],
            "expression" : {
               "localId" : "128",
               "locator" : "83:3-87:73",
               "type" : "Query",
               "source" : [ {
                  "localId" : "123",
                  "locator" : "83:3-86:56",
                  "alias" : "ScreeningNephropathy",
                  "expression" : {
                     "localId" : "122",
                     "locator" : "83:3-86:35",
                     "type" : "Union",
                     "operand" : [ {
                        "type" : "As",
                        "operand" : {
                           "localId" : "120",
                           "locator" : "83:5-85:45",
                           "type" : "Union",
                           "operand" : [ {
                              "type" : "As",
                              "operand" : {
                                 "localId" : "118",
                                 "locator" : "83:5-84:31",
                                 "type" : "Union",
                                 "operand" : [ {
                                    "type" : "As",
                                    "operand" : {
                                       "localId" : "116",
                                       "locator" : "83:5-83:22",
                                       "name" : "Renal Procedures",
                                       "type" : "ExpressionRef"
                                    },
                                    "asTypeSpecifier" : {
                                       "type" : "ListTypeSpecifier",
                                       "elementType" : {
                                          "type" : "ChoiceTypeSpecifier",
                                          "choice" : [ {
                                             "name" : "{urn:healthit-gov:qdm:v5_5}PositiveInterventionPerformed",
                                             "type" : "NamedTypeSpecifier"
                                          }, {
                                             "name" : "{urn:healthit-gov:qdm:v5_5}PositiveProcedurePerformed",
                                             "type" : "NamedTypeSpecifier"
                                          } ]
                                       }
                                    }
                                 }, {
                                    "type" : "As",
                                    "operand" : {
                                       "localId" : "117",
                                       "locator" : "84:11-84:31",
                                       "name" : "Renal Interventions",
                                       "type" : "ExpressionRef"
                                    },
                                    "asTypeSpecifier" : {
                                       "type" : "ListTypeSpecifier",
                                       "elementType" : {
                                          "type" : "ChoiceTypeSpecifier",
                                          "choice" : [ {
                                             "name" : "{urn:healthit-gov:qdm:v5_5}PositiveInterventionPerformed",
                                             "type" : "NamedTypeSpecifier"
                                          }, {
                                             "name" : "{urn:healthit-gov:qdm:v5_5}PositiveProcedurePerformed",
                                             "type" : "NamedTypeSpecifier"
                                          } ]
                                       }
                                    }
                                 } ]
                              },
                              "asTypeSpecifier" : {
                                 "type" : "ListTypeSpecifier",
                                 "elementType" : {
                                    "type" : "ChoiceTypeSpecifier",
                                    "choice" : [ {
                                       "name" : "{urn:healthit-gov:qdm:v5_5}PositiveEncounterPerformed",
                                       "type" : "NamedTypeSpecifier"
                                    }, {
                                       "name" : "{urn:healthit-gov:qdm:v5_5}PositiveInterventionPerformed",
                                       "type" : "NamedTypeSpecifier"
                                    }, {
                                       "name" : "{urn:healthit-gov:qdm:v5_5}PositiveProcedurePerformed",
                                       "type" : "NamedTypeSpecifier"
                                    } ]
                                 }
                              }
                           }, {
                              "type" : "As",
                              "operand" : {
                                 "localId" : "119",
                                 "locator" : "85:11-85:45",
                                 "name" : "End Stage Renal Disease Encounter",
                                 "type" : "ExpressionRef"
                              },
                              "asTypeSpecifier" : {
                                 "type" : "ListTypeSpecifier",
                                 "elementType" : {
                                    "type" : "ChoiceTypeSpecifier",
                                    "choice" : [ {
                                       "name" : "{urn:healthit-gov:qdm:v5_5}PositiveEncounterPerformed",
                                       "type" : "NamedTypeSpecifier"
                                    }, {
                                       "name" : "{urn:healthit-gov:qdm:v5_5}PositiveInterventionPerformed",
                                       "type" : "NamedTypeSpecifier"
                                    }, {
                                       "name" : "{urn:healthit-gov:qdm:v5_5}PositiveProcedurePerformed",
                                       "type" : "NamedTypeSpecifier"
                                    } ]
                                 }
                              }
                           } ]
                        },
                        "asTypeSpecifier" : {
                           "type" : "ListTypeSpecifier",
                           "elementType" : {
                              "type" : "ChoiceTypeSpecifier",
                              "choice" : [ {
                                 "name" : "{urn:healthit-gov:qdm:v5_5}PositiveEncounterPerformed",
                                 "type" : "NamedTypeSpecifier"
                              }, {
                                 "name" : "{urn:healthit-gov:qdm:v5_5}PositiveLaboratoryTestPerformed",
                                 "type" : "NamedTypeSpecifier"
                              }, {
                                 "name" : "{urn:healthit-gov:qdm:v5_5}PositiveInterventionPerformed",
                                 "type" : "NamedTypeSpecifier"
                              }, {
                                 "name" : "{urn:healthit-gov:qdm:v5_5}PositiveProcedurePerformed",
                                 "type" : "NamedTypeSpecifier"
                              } ]
                           }
                        }
                     }, {
                        "type" : "As",
                        "operand" : {
                           "localId" : "121",
                           "locator" : "86:11-86:33",
                           "name" : "Protein Urea Lab Test",
                           "type" : "ExpressionRef"
                        },
                        "asTypeSpecifier" : {
                           "type" : "ListTypeSpecifier",
                           "elementType" : {
                              "type" : "ChoiceTypeSpecifier",
                              "choice" : [ {
                                 "name" : "{urn:healthit-gov:qdm:v5_5}PositiveEncounterPerformed",
                                 "type" : "NamedTypeSpecifier"
                              }, {
                                 "name" : "{urn:healthit-gov:qdm:v5_5}PositiveLaboratoryTestPerformed",
                                 "type" : "NamedTypeSpecifier"
                              }, {
                                 "name" : "{urn:healthit-gov:qdm:v5_5}PositiveInterventionPerformed",
                                 "type" : "NamedTypeSpecifier"
                              }, {
                                 "name" : "{urn:healthit-gov:qdm:v5_5}PositiveProcedurePerformed",
                                 "type" : "NamedTypeSpecifier"
                              } ]
                           }
                        }
                     } ]
                  }
               } ],
               "relationship" : [ ],
               "where" : {
                  "localId" : "127",
                  "locator" : "87:5-87:73",
                  "type" : "IncludedIn",
                  "operand" : [ {
                     "localId" : "125",
                     "locator" : "87:11-87:45",
                     "path" : "relevantPeriod",
                     "scope" : "ScreeningNephropathy",
                     "type" : "Property"
                  }, {
                     "localId" : "126",
                     "locator" : "87:54-87:73",
                     "name" : "Measurement Period",
                     "type" : "ParameterRef"
                  } ]
               }
            }
         }, {
            "localId" : "133",
            "locator" : "77:1-80:42",
            "name" : "Numerator",
            "context" : "Patient",
            "accessLevel" : "Public",
            "annotation" : [ {
               "type" : "Annotation",
               "s" : {
                  "r" : "133",
                  "s" : [ {
                     "value" : [ "define ","\"Numerator\"",":\n  " ]
                  }, {
                     "r" : "132",
                     "s" : [ {
                        "r" : "115",
                        "s" : [ {
                           "r" : "112",
                           "s" : [ {
                              "value" : [ "exists " ]
                           }, {
                              "r" : "111",
                              "s" : [ {
                                 "value" : [ "( " ]
                              }, {
                                 "r" : "111",
                                 "s" : [ {
                                    "value" : [ "\"Active ACE or ARB Medications\"" ]
                                 } ]
                              }, {
                                 "value" : [ " )" ]
                              } ]
                           } ]
                        }, {
                           "value" : [ "\n    or " ]
                        }, {
                           "r" : "114",
                           "s" : [ {
                              "value" : [ "exists " ]
                           }, {
                              "r" : "113",
                              "s" : [ {
                                 "value" : [ "( " ]
                              }, {
                                 "r" : "113",
                                 "s" : [ {
                                    "value" : [ "\"Nephropathy Diagnoses\"" ]
                                 } ]
                              }, {
                                 "value" : [ " )" ]
                              } ]
                           } ]
                        } ]
                     }, {
                        "value" : [ "\n    or " ]
                     }, {
                        "r" : "131",
                        "s" : [ {
                           "value" : [ "exists " ]
                        }, {
                           "r" : "130",
                           "s" : [ {
                              "value" : [ "( " ]
                           }, {
                              "r" : "130",
                              "s" : [ {
                                 "value" : [ "\"Nephropathy Screenings\"" ]
                              } ]
                           }, {
                              "value" : [ " )" ]
                           } ]
                        } ]
                     } ]
                  } ]
               }
            } ],
            "expression" : {
               "localId" : "132",
               "locator" : "78:3-80:42",
               "type" : "Or",
               "operand" : [ {
                  "localId" : "115",
                  "locator" : "78:3-79:41",
                  "type" : "Or",
                  "operand" : [ {
                     "localId" : "112",
                     "locator" : "78:3-78:44",
                     "type" : "Exists",
                     "operand" : {
                        "localId" : "111",
                        "locator" : "78:10-78:44",
                        "name" : "Active ACE or ARB Medications",
                        "type" : "ExpressionRef"
                     }
                  }, {
                     "localId" : "114",
                     "locator" : "79:8-79:41",
                     "type" : "Exists",
                     "operand" : {
                        "localId" : "113",
                        "locator" : "79:15-79:41",
                        "name" : "Nephropathy Diagnoses",
                        "type" : "ExpressionRef"
                     }
                  } ]
               }, {
                  "localId" : "131",
                  "locator" : "80:8-80:42",
                  "type" : "Exists",
                  "operand" : {
                     "localId" : "130",
                     "locator" : "80:15-80:42",
                     "name" : "Nephropathy Screenings",
                     "type" : "ExpressionRef"
                  }
               } ]
            }
         }, {
            "localId" : "155",
            "locator" : "98:1-104:5",
            "name" : "Denominator Exclusions",
            "context" : "Patient",
            "accessLevel" : "Public",
            "annotation" : [ {
               "type" : "Annotation",
               "s" : {
                  "r" : "155",
                  "s" : [ {
                     "value" : [ "define ","\"Denominator Exclusions\"",":\n  " ]
                  }, {
                     "r" : "154",
                     "s" : [ {
                        "r" : "138",
                        "s" : [ {
                           "r" : "135",
                           "s" : [ {
                              "r" : "134",
                              "s" : [ {
                                 "value" : [ "Hospice" ]
                              } ]
                           }, {
                              "value" : [ "." ]
                           }, {
                              "r" : "135",
                              "s" : [ {
                                 "value" : [ "\"Has Hospice\"" ]
                              } ]
                           } ]
                        }, {
                           "value" : [ "\n    or " ]
                        }, {
                           "r" : "137",
                           "s" : [ {
                              "r" : "136",
                              "s" : [ {
                                 "value" : [ "FrailtyLTI" ]
                              } ]
                           }, {
                              "value" : [ "." ]
                           }, {
                              "r" : "137",
                              "s" : [ {
                                 "value" : [ "\"Advanced Illness and Frailty Exclusion Not Including Over Age 80\"" ]
                              } ]
                           } ]
                        } ]
                     }, {
                        "value" : [ "\n    or " ]
                     }, {
                        "r" : "153",
                        "s" : [ {
                           "value" : [ "( " ]
                        }, {
                           "r" : "153",
                           "s" : [ {
                              "value" : [ "exists " ]
                           }, {
                              "r" : "152",
                              "s" : [ {
                                 "s" : [ {
                                    "r" : "140",
                                    "s" : [ {
                                       "r" : "139",
                                       "s" : [ {
                                          "r" : "139",
                                          "s" : [ {
                                             "value" : [ "[","\"Patient Characteristic Birthdate\"",": " ]
                                          }, {
                                             "s" : [ {
                                                "value" : [ "\"Birth date\"" ]
                                             } ]
                                          }, {
                                             "value" : [ "]" ]
                                          } ]
                                       } ]
                                    }, {
                                       "value" : [ " ","BirthDate" ]
                                    } ]
                                 } ]
                              }, {
                                 "value" : [ "\n        " ]
                              }, {
                                 "r" : "151",
                                 "s" : [ {
                                    "value" : [ "where " ]
                                 }, {
                                    "r" : "151",
                                    "s" : [ {
                                       "r" : "148",
                                       "s" : [ {
                                          "value" : [ "( " ]
                                       }, {
                                          "r" : "148",
                                          "s" : [ {
                                             "r" : "146",
                                             "s" : [ {
                                                "r" : "141",
                                                "s" : [ {
                                                   "value" : [ "Global" ]
                                                } ]
                                             }, {
                                                "value" : [ "." ]
                                             }, {
                                                "r" : "146",
                                                "s" : [ {
                                                   "value" : [ "\"CalendarAgeInYearsAt\""," ( " ]
                                                }, {
                                                   "r" : "143",
                                                   "s" : [ {
                                                      "r" : "142",
                                                      "s" : [ {
                                                         "value" : [ "BirthDate" ]
                                                      } ]
                                                   }, {
                                                      "value" : [ "." ]
                                                   }, {
                                                      "r" : "143",
                                                      "s" : [ {
                                                         "value" : [ "birthDatetime" ]
                                                      } ]
                                                   } ]
                                                }, {
                                                   "value" : [ ", " ]
                                                }, {
                                                   "r" : "145",
                                                   "s" : [ {
                                                      "value" : [ "start of " ]
                                                   }, {
                                                      "r" : "144",
                                                      "s" : [ {
                                                         "value" : [ "\"Measurement Period\"" ]
                                                      } ]
                                                   } ]
                                                }, {
                                                   "value" : [ " )" ]
                                                } ]
                                             } ]
                                          }, {
                                             "r" : "147",
                                             "value" : [ " ",">="," ","65" ]
                                          } ]
                                       }, {
                                          "value" : [ " )" ]
                                       } ]
                                    }, {
                                       "value" : [ "\n          and " ]
                                    }, {
                                       "r" : "150",
                                       "s" : [ {
                                          "r" : "149",
                                          "s" : [ {
                                             "value" : [ "FrailtyLTI" ]
                                          } ]
                                       }, {
                                          "value" : [ "." ]
                                       }, {
                                          "r" : "150",
                                          "s" : [ {
                                             "value" : [ "\"Long Term Care Periods Longer Than 90 Consecutive Days\"" ]
                                          } ]
                                       } ]
                                    } ]
                                 } ]
                              } ]
                           } ]
                        }, {
                           "value" : [ "\n    )" ]
                        } ]
                     } ]
                  } ]
               }
            } ],
            "expression" : {
               "localId" : "154",
               "locator" : "99:3-104:5",
               "type" : "Or",
               "operand" : [ {
                  "localId" : "138",
                  "locator" : "99:3-100:84",
                  "type" : "Or",
                  "operand" : [ {
                     "localId" : "135",
                     "locator" : "99:3-99:23",
                     "name" : "Has Hospice",
                     "libraryName" : "Hospice",
                     "type" : "ExpressionRef"
                  }, {
                     "localId" : "137",
                     "locator" : "100:8-100:84",
                     "name" : "Advanced Illness and Frailty Exclusion Not Including Over Age 80",
                     "libraryName" : "FrailtyLTI",
                     "type" : "ExpressionRef"
                  } ]
               }, {
                  "localId" : "153",
                  "locator" : "101:8-104:5",
                  "type" : "Exists",
                  "operand" : {
                     "localId" : "152",
                     "locator" : "101:17-103:81",
                     "type" : "Query",
                     "source" : [ {
                        "localId" : "140",
                        "locator" : "101:17-101:76",
                        "alias" : "BirthDate",
                        "expression" : {
                           "localId" : "139",
                           "locator" : "101:17-101:66",
                           "dataType" : "{urn:healthit-gov:qdm:v5_5}PatientCharacteristicBirthdate",
                           "codeProperty" : "code",
                           "type" : "Retrieve",
                           "codes" : {
                              "type" : "ToList",
                              "operand" : {
                                 "locator" : "101:54-101:65",
                                 "name" : "Birth date",
                                 "type" : "CodeRef"
                              }
                           }
                        }
                     } ],
                     "relationship" : [ ],
                     "where" : {
                        "localId" : "151",
                        "locator" : "102:9-103:81",
                        "type" : "And",
                        "operand" : [ {
                           "localId" : "148",
                           "locator" : "102:15-102:112",
                           "type" : "GreaterOrEqual",
                           "operand" : [ {
                              "localId" : "146",
                              "locator" : "102:17-102:104",
                              "name" : "CalendarAgeInYearsAt",
                              "libraryName" : "Global",
                              "type" : "FunctionRef",
                              "operand" : [ {
                                 "localId" : "143",
                                 "locator" : "102:49-102:71",
                                 "path" : "birthDatetime",
                                 "scope" : "BirthDate",
                                 "type" : "Property"
                              }, {
                                 "localId" : "145",
                                 "locator" : "102:74-102:102",
                                 "type" : "Start",
                                 "operand" : {
                                    "localId" : "144",
                                    "locator" : "102:83-102:102",
                                    "name" : "Measurement Period",
                                    "type" : "ParameterRef"
                                 }
                              } ]
                           }, {
                              "localId" : "147",
                              "locator" : "102:109-102:110",
                              "valueType" : "{urn:hl7-org:elm-types:r1}Integer",
                              "value" : "65",
                              "type" : "Literal"
                           } ]
                        }, {
                           "localId" : "150",
                           "locator" : "103:15-103:81",
                           "name" : "Long Term Care Periods Longer Than 90 Consecutive Days",
                           "libraryName" : "FrailtyLTI",
                           "type" : "ExpressionRef"
                        } ]
                     }
                  }
               } ]
            }
         } ]
      }
   }
}