<?xml version="1.0" encoding="UTF-8" standalone="yes"?>
<QualityMeasureDocument xmlns="urn:hl7-org:v3" xmlns:cql-ext="urn:hhs-cql:hqmf-n1-extensions:v1"
                        xmlns:xsi="http://www.w3.org/2001/XMLSchema-instance">
         
      <!--
			**************************************************************
			Measure Details Section
			**************************************************************
		-->
         
      <typeId extension="POQM_HD000001UV02" root="2.16.840.1.113883.1.3"/>
   <templateId>
      <item extension="2019-05-01" root="2.16.840.1.113883.10.20.28.1.2"/>
   </templateId>
   <id root="2c928085-7198-38ee-0171-98972d42011e"/>
   <code code="57024-2" codeSystem="2.16.840.1.113883.6.1">
      <displayName value="Health Quality Measure Document"/>
   </code>
   <title
          value="Heart Failure (HF): Beta-Blocker Therapy for Left Ventricular Systolic Dysfunction (LVSD)"/>
   <text
         value="Percentage of patients aged 18 years and older with a diagnosis of heart failure (HF) with a current or prior left ventricular ejection fraction (LVEF) &lt; 40% who were prescribed beta-blocker therapy either within a 12-month period when seen in the outpatient setting OR at each hospital discharge"/>
   <statusCode code="COMPLETED"/>
   <setId root="8439f671-2932-4d4c-88ca-ea5faeacc89a"/>
   <versionNumber value="9.2.000"/>
   <author>
      <responsibleParty classCode="ASSIGNED">
         <representedResponsibleOrganization classCode="ORG" determinerCode="INSTANCE">
            <id>
               <item root="d041e15c-a7a0-41b8-be5b-87340ecd14bc"/>
            </id>
            <name>
               <item>
                  <part value="American Medical Association (AMA)"/>
               </item>
            </name>
         </representedResponsibleOrganization>
      </responsibleParty>
   </author>
   <author>
      <responsibleParty classCode="ASSIGNED">
         <representedResponsibleOrganization classCode="ORG" determinerCode="INSTANCE">
            <id>
               <item root="83e9797c-adec-4446-8c35-3ffd5d981c66"/>
            </id>
            <name>
               <item>
                  <part value="PCPI(R) Foundation (PCPI[R])"/>
               </item>
            </name>
         </representedResponsibleOrganization>
      </responsibleParty>
   </author>
   <custodian>
      <responsibleParty classCode="ASSIGNED">
         <representedResponsibleOrganization classCode="ORG" determinerCode="INSTANCE">
            <id>
               <item root="130"/>
            </id>
            <name>
               <item>
                  <part value="PCPI(R) Foundation (PCPI[R])"/>
               </item>
            </name>
         </representedResponsibleOrganization>
      </responsibleParty>
   </custodian>
   <verifier>
      <responsibleParty classCode="ASSIGNED">
         <representedResponsibleOrganization classCode="ORG" determinerCode="INSTANCE">
            <id>
               <item root="2.16.840.1.113883.3.560"/>
            </id>
            <name>
               <item>
                  <part value="National Quality Forum"/>
               </item>
            </name>
         </representedResponsibleOrganization>
      </responsibleParty>
   </verifier>
   <!--Left Ventricular Systolic Dysfunction-->
     	 <definition>
      <valueSet classCode="OBS" moodCode="DEF">
         <id root="2.16.840.1.113883.3.526.3.1091"/>
         <title value="Left Ventricular Systolic Dysfunction"/>
      </valueSet>
   </definition>
   <!--ONC Administrative Sex-->
     	 <definition>
      <valueSet classCode="OBS" moodCode="DEF">
         <id root="2.16.840.1.113762.1.4.1"/>
         <title value="ONC Administrative Sex"/>
      </valueSet>
   </definition>
   <!--Outpatient Consultation-->
     	 <definition>
      <valueSet classCode="OBS" moodCode="DEF">
         <id root="2.16.840.1.113883.3.464.1003.101.12.1008"/>
         <title value="Outpatient Consultation"/>
      </valueSet>
   </definition>
   <!--Arrhythmia-->
     	 <definition>
      <valueSet classCode="OBS" moodCode="DEF">
         <id root="2.16.840.1.113883.3.526.3.366"/>
         <title value="Arrhythmia"/>
      </valueSet>
   </definition>
   <!--Care Services in Long-Term Residential Facility-->
     	 <definition>
      <valueSet classCode="OBS" moodCode="DEF">
         <id root="2.16.840.1.113883.3.464.1003.101.12.1014"/>
         <title value="Care Services in Long-Term Residential Facility"/>
      </valueSet>
   </definition>
   <!--Home Healthcare Services-->
     	 <definition>
      <valueSet classCode="OBS" moodCode="DEF">
         <id root="2.16.840.1.113883.3.464.1003.101.12.1016"/>
         <title value="Home Healthcare Services"/>
      </valueSet>
   </definition>
   <!--Race-->
     	 <definition>
      <valueSet classCode="OBS" moodCode="DEF">
         <id root="2.16.840.1.114222.4.11.836"/>
         <title value="Race"/>
      </valueSet>
   </definition>
   <!--Heart Failure-->
     	 <definition>
      <valueSet classCode="OBS" moodCode="DEF">
         <id root="2.16.840.1.113883.3.526.3.376"/>
         <title value="Heart Failure"/>
      </valueSet>
   </definition>
   <!--Nursing Facility Visit-->
     	 <definition>
      <valueSet classCode="OBS" moodCode="DEF">
         <id root="2.16.840.1.113883.3.464.1003.101.12.1012"/>
         <title value="Nursing Facility Visit"/>
      </valueSet>
   </definition>
   <!--Patient Provider Interaction-->
     	 <definition>
      <valueSet classCode="OBS" moodCode="DEF">
         <id root="2.16.840.1.113883.3.526.3.1012"/>
         <title value="Patient Provider Interaction"/>
      </valueSet>
   </definition>
   <!--Moderate or Severe LVSD-->
     	 <definition>
      <valueSet classCode="OBS" moodCode="DEF">
         <id root="2.16.840.1.113883.3.526.3.1090"/>
         <title value="Moderate or Severe LVSD"/>
      </valueSet>
   </definition>
   <!--Cardiac Pacer in Situ-->
     	 <definition>
      <valueSet classCode="OBS" moodCode="DEF">
         <id root="2.16.840.1.113883.3.526.3.368"/>
         <title value="Cardiac Pacer in Situ"/>
      </valueSet>
   </definition>
   <!--Office Visit-->
     	 <definition>
      <valueSet classCode="OBS" moodCode="DEF">
         <id root="2.16.840.1.113883.3.464.1003.101.12.1001"/>
         <title value="Office Visit"/>
      </valueSet>
   </definition>
   <!--Payer-->
     	 <definition>
      <valueSet classCode="OBS" moodCode="DEF">
         <id root="2.16.840.1.114222.4.11.3591"/>
         <title value="Payer"/>
      </valueSet>
   </definition>
   <!--Heart Rate-->
     	 <definition>
      <valueSet classCode="OBS" moodCode="DEF">
         <id root="2.16.840.1.113883.3.526.3.1176"/>
         <title value="Heart Rate"/>
      </valueSet>
   </definition>
   <!--Cardiac Pacer-->
     	 <definition>
      <valueSet classCode="OBS" moodCode="DEF">
         <id root="2.16.840.1.113883.3.526.3.1193"/>
         <title value="Cardiac Pacer"/>
      </valueSet>
   </definition>
   <!--Beta Blocker Therapy Ingredient-->
     	 <definition>
      <valueSet classCode="OBS" moodCode="DEF">
         <id root="2.16.840.1.113883.3.526.3.1493"/>
         <title value="Beta Blocker Therapy Ingredient"/>
      </valueSet>
   </definition>
   <!--Ejection Fraction-->
     	 <definition>
      <valueSet classCode="OBS" moodCode="DEF">
         <id root="2.16.840.1.113883.3.526.3.1134"/>
         <title value="Ejection Fraction"/>
      </valueSet>
   </definition>
   <!--Hypotension-->
     	 <definition>
      <valueSet classCode="OBS" moodCode="DEF">
         <id root="2.16.840.1.113883.3.526.3.370"/>
         <title value="Hypotension"/>
      </valueSet>
   </definition>
   <!--Asthma-->
     	 <definition>
      <valueSet classCode="OBS" moodCode="DEF">
         <id root="2.16.840.1.113883.3.526.3.362"/>
         <title value="Asthma"/>
      </valueSet>
   </definition>
   <!--Atrioventricular Block-->
     	 <definition>
      <valueSet classCode="OBS" moodCode="DEF">
         <id root="2.16.840.1.113883.3.526.3.367"/>
         <title value="Atrioventricular Block"/>
      </valueSet>
   </definition>
   <!--Bradycardia-->
     	 <definition>
      <valueSet classCode="OBS" moodCode="DEF">
         <id root="2.16.840.1.113883.3.526.3.412"/>
         <title value="Bradycardia"/>
      </valueSet>
   </definition>
   <!--Ethnicity-->
     	 <definition>
      <valueSet classCode="OBS" moodCode="DEF">
         <id root="2.16.840.1.114222.4.11.837"/>
         <title value="Ethnicity"/>
      </valueSet>
   </definition>
   <!--Intolerance to Beta Blocker Therapy-->
     	 <definition>
      <valueSet classCode="OBS" moodCode="DEF">
         <id root="2.16.840.1.113883.3.526.3.1178"/>
         <title value="Intolerance to Beta Blocker Therapy"/>
      </valueSet>
   </definition>
   <!--Beta Blocker Therapy for LVSD-->
     	 <definition>
      <valueSet classCode="OBS" moodCode="DEF">
         <id root="2.16.840.1.113883.3.526.3.1184"/>
         <title value="Beta Blocker Therapy for LVSD"/>
      </valueSet>
   </definition>
   <!--Discharge Services - Hospital Inpatient-->
     	 <definition>
      <valueSet classCode="OBS" moodCode="DEF">
         <id root="2.16.840.1.113883.3.464.1003.101.12.1007"/>
         <title value="Discharge Services - Hospital Inpatient"/>
      </valueSet>
   </definition>
   <!--Allergy to Beta Blocker Therapy-->
     	 <definition>
      <valueSet classCode="OBS" moodCode="DEF">
         <id root="2.16.840.1.113883.3.526.3.1177"/>
         <title value="Allergy to Beta Blocker Therapy"/>
      </valueSet>
   </definition>
   <!--System Reason-->
     	 <definition>
      <valueSet classCode="OBS" moodCode="DEF">
         <id root="2.16.840.1.113883.3.526.3.1009"/>
         <title value="System Reason"/>
      </valueSet>
   </definition>
   <!--Patient Reason-->
     	 <definition>
      <valueSet classCode="OBS" moodCode="DEF">
         <id root="2.16.840.1.113883.3.526.3.1008"/>
         <title value="Patient Reason"/>
      </valueSet>
   </definition>
   <!--Medical Reason-->
     	 <definition>
      <valueSet classCode="OBS" moodCode="DEF">
         <id root="2.16.840.1.113883.3.526.3.1007"/>
         <title value="Medical Reason"/>
      </valueSet>
   </definition>
   <!--Moderate or Severe-->
     	 <definition>
      <valueSet classCode="OBS" moodCode="DEF">
         <id root="2.16.840.1.113883.3.526.3.1092"/>
         <title value="Moderate or Severe"/>
      </valueSet>
   </definition>
   <!--Substance with beta adrenergic receptor antagonist mechanism of action (substance)-CODE:/CodeSystem/SNOMEDCT/Version/2019-09/Code/373254001/Info-->
      <definition>
      <cql-ext:code code="373254001" codeSystem="2.16.840.1.113883.6.96" codeSystemName="SNOMEDCT">
         <displayName value="Substance with beta adrenergic receptor antagonist mechanism of action (substance)"/>
      </cql-ext:code>
   </definition>
   <!--Birth date-CODE:/CodeSystem/LOINC/Version/2.67/Code/21112-8/Info-->
      <definition>
      <cql-ext:code code="21112-8" codeSystem="2.16.840.1.113883.6.1" codeSystemName="LOINC">
         <displayName value="Birth date"/>
      </cql-ext:code>
   </definition>
   <relatedDocument typeCode="COMP">
      <expressionDocument>
         <id root="896107F6-6A0E-41C0-B659-E94F3C72A532"/>
         <text mediaType="text/cql">
            <reference value="https://emeasuretool.cms.gov/libraries/8439f671-2932-4d4c-88ca-ea5faeacc89a/HFBetaBlockerTherapyforLVSD-9.2.000.cql"/>
            <translation mediaType="application/elm+xml">
               <reference value="https://emeasuretool.cms.gov/libraries/8439f671-2932-4d4c-88ca-ea5faeacc89a/HFBetaBlockerTherapyforLVSD-9.2.000.xml"/>
            </translation>
            <translation mediaType="application/elm+json">
               <reference value="https://emeasuretool.cms.gov/libraries/8439f671-2932-4d4c-88ca-ea5faeacc89a/HFBetaBlockerTherapyforLVSD-9.2.000.json"/>
            </translation>
         </text>
         <setId extension="8439f671-2932-4d4c-88ca-ea5faeacc89a"
                identifierName="HFBetaBlockerTherapyforLVSD"
                root="https://emeasuretool.cms.gov/libraries"/>
         <versionNumber value="9.2.000"/>
      </expressionDocument>
   </relatedDocument>
   <relatedDocument typeCode="COMP">
      <expressionDocument>
         <id root="402803826cd4f54a016cde28210f096b"/>
         <text mediaType="text/cql">
            <reference value="https://emeasuretool.cms.gov/libraries/8bdc0a19-b210-4a58-8a07-f5d95a34eca9/MATGlobalCommonFunctions-5.0.000.cql"/>
            <translation mediaType="application/elm+xml">
               <reference value="https://emeasuretool.cms.gov/libraries/8bdc0a19-b210-4a58-8a07-f5d95a34eca9/MATGlobalCommonFunctions-5.0.000.xml"/>
            </translation>
            <translation mediaType="application/elm+json">
               <reference value="https://emeasuretool.cms.gov/libraries/8bdc0a19-b210-4a58-8a07-f5d95a34eca9/MATGlobalCommonFunctions-5.0.000.json"/>
            </translation>
         </text>
         <setId extension="8bdc0a19-b210-4a58-8a07-f5d95a34eca9"
                identifierName="MATGlobalCommonFunctions"
                root="https://emeasuretool.cms.gov/libraries"/>
         <versionNumber value="5.0.000"/>
      </expressionDocument>
   </relatedDocument>
   <controlVariable>
      <measurePeriod>
         <id extension="measureperiod" root="5ad4d0c4-a998-4f58-ac29-70c6c288316d"/>
         <code code="MSRTP" codeSystem="2.16.840.1.113883.5.4">
            <originalText value="Measurement Period"/>
         </code>
         <value xsi:type="PIVL_TS">
            <phase highClosed="true" lowClosed="true">
               <low value="20200101"/>
               <width unit="a" value="1" xsi:type="PQ"/>
            </phase>
            <period unit="a" value="1"/>
         </value>
      </measurePeriod>
   </controlVariable>
   <subjectOf>
      <measureAttribute>
         <code nullFlavor="OTH">
            <originalText value="eCQM Identifier (Measure Authoring Tool)"/>
         </code>
         <value mediaType="text/plain" value="144" xsi:type="ED"/>
      </measureAttribute>
   </subjectOf>
   <subjectOf>
      <measureAttribute>
         <code nullFlavor="OTH">
            <originalText value="NQF Number"/>
         </code>
         <value mediaType="text/plain" value="0083e" xsi:type="ED"/>
      </measureAttribute>
   </subjectOf>
   <subjectOf>
      <measureAttribute>
         <code code="COPY" codeSystem="2.16.840.1.113883.5.4">
            <displayName value="Copyright"/>
         </code>
         <value mediaType="text/plain"
                value="Copyright 2020 American College of Cardiology, American Heart Association and American Medical Association. All Rights Reserved."
                xsi:type="ED"/>
      </measureAttribute>
   </subjectOf>
   <subjectOf>
      <measureAttribute>
         <code code="DISC" codeSystem="2.16.840.1.113883.5.4">
            <displayName value="Disclaimer"/>
         </code>
         <value mediaType="text/plain"
                value="The Measure is not a clinical guideline, does not establish a standard of medical care, and has not been tested for all potential applications. &#xA;&#xA;The Measure, while copyrighted, can be reproduced and distributed, without modification, for noncommercial purposes, e.g., use by health care providers in connection with their practices. Commercial use is defined as the sale, license, or distribution of the Measure for commercial gain, or incorporation of the Measure into a product or service that is sold, licensed or distributed for commercial gain. &#xA;&#xA;Commercial uses of the Measure require a license agreement between the user and the American Medical Association (AMA), American College of Cardiology (ACC) or the American Heart Association (AHA). Neither the AMA, nor ACC, nor AHA, nor the former AMA-convened Physician Consortium for Performance Improvement(R) (AMA-PCPI), nor the PCPI (R) Foundation (PCPI[R]), nor their members shall be responsible for any use of the Measure. &#xA;&#xA;AMA and PCPI encourage use of the Measure by other health care professionals, where appropriate.&#xA;&#xA;THE MEASURE AND SPECIFICATIONS ARE PROVIDED &quot;AS IS&quot; WITHOUT WARRANTY OF ANY KIND.&#xA;&#xA;Limited proprietary coding is contained in the Measure specifications for convenience. Users of the proprietary code sets should obtain all necessary licenses from the owners of these code sets. The AMA, ACC, AHA, the PCPI and its members and former members of the AMA-PCPI disclaim all liability for use or accuracy of any Current Procedural Terminology (CPT[R]) or other coding contained in the specifications. &#xA;&#xA;CPT(R) contained in the Measure specifications is copyright 2004-2019 American Medical Association. LOINC(R) is copyright 2004-2019 Regenstrief Institute, Inc. This material contains SNOMED Clinical Terms(R) (SNOMED CT[R]) copyright 2004-2019 International Health Terminology Standards Development Organisation. ICD-10 is copyright 2019 World Health Organization. All Rights Reserved.&#xA;&#xA;Due to technical limitations, registered trademarks are indicated by (R) or [R]."
                xsi:type="ED"/>
      </measureAttribute>
   </subjectOf>
   <subjectOf>
      <measureAttribute>
         <code code="MSRSCORE" codeSystem="2.16.840.1.113883.5.4">
            <displayName value="Measure Scoring"/>
         </code>
         <value code="PROPOR" codeSystem="2.16.840.1.113883.5.1063" xsi:type="CD">
            <displayName value="Proportion"/>
         </value>
      </measureAttribute>
   </subjectOf>
   <subjectOf>
      <measureAttribute>
         <code code="MSRTYPE" codeSystem="2.16.840.1.113883.5.4">
            <displayName value="Measure Type"/>
         </code>
         <value code="PROCESS" codeSystem="2.16.840.1.113883.5.1063" xsi:type="CD">
            <displayName value="PROCESS"/>
         </value>
      </measureAttribute>
   </subjectOf>
   <subjectOf>
      <measureAttribute>
         <code code="STRAT" codeSystem="2.16.840.1.113883.5.4">
            <displayName value="Stratification"/>
         </code>
         <value mediaType="text/plain" value="None" xsi:type="ED"/>
      </measureAttribute>
   </subjectOf>
   <subjectOf>
      <measureAttribute>
         <code code="MSRADJ" codeSystem="2.16.840.1.113883.5.4">
            <displayName value="Risk Adjustment"/>
         </code>
         <value mediaType="text/plain" value="None" xsi:type="ED"/>
      </measureAttribute>
   </subjectOf>
   <subjectOf>
      <measureAttribute>
         <code code="MSRAGG" codeSystem="2.16.840.1.113883.5.4">
            <displayName value="Rate Aggregation"/>
         </code>
         <value mediaType="text/plain"
                value="This measure is intended to have one reporting rate, which aggregates the following populations into a single performance rate for reporting purposes: &#xA;- Population 1: Patients who were prescribed beta-blocker therapy within a 12-month period when seen in the outpatient setting &#xA;- Population 2: Patients who were prescribed beta-blocker therapy at each hospital discharge&#xA;&#xA;For the purposes of this measure, a single performance rate can be calculated as follows:&#xA;Performance Rate = (Numerator 1 + Numerator 2)/ [(Denominator 1 - Denominator Exceptions 1) + (Denominator 2 - Denominator Exceptions 2)]"
                xsi:type="ED"/>
      </measureAttribute>
   </subjectOf>
   <subjectOf>
      <measureAttribute>
         <code code="RAT" codeSystem="2.16.840.1.113883.5.4">
            <displayName value="Rationale"/>
         </code>
         <value mediaType="text/plain"
                value="Beta-blockers are recommended for all patients with stable heart failure and left ventricular systolic dysfunction, unless contraindicated. Treatment should be initiated as soon as a patient is diagnosed with left ventricular systolic dysfunction and does not have low blood pressure, fluid overload, or recent treatment with an intravenous positive inotropic agent. Beta-blockers have been shown to lessen the symptoms of heart failure, improve the clinical status of patients, reduce future clinical deterioration, and decrease the risk of mortality and the combined risk of mortality and hospitalization."
                xsi:type="ED"/>
      </measureAttribute>
   </subjectOf>
   <subjectOf>
      <measureAttribute>
         <code code="CRS" codeSystem="2.16.840.1.113883.5.4">
            <displayName value="Clinical Recommendation Statement"/>
         </code>
         <value mediaType="text/plain"
                value="Use of 1 of the 3 beta blockers proven to reduce mortality (e.g., bisoprolol, carvedilol, and sustained-release metoprolol succinate) is recommended for all patients with current or prior symptoms of HFrEF [heart failure with reduced ejection fraction], unless contraindicated, to reduce morbidity and mortality (Class I, Level of Evidence: A) (ACCF/AHA, 2013).&#xA;&#xA;Treatment with a beta blocker should be initiated at very low doses [see excerpt from guideline table below] followed by gradual increments in dose if lower doses have been well tolerated... Clinicians should make every effort to achieve the target doses of the beta blockers shown to be effective in major clinical trials. Even if symptoms do not improve, long-term treatment should be maintained to reduce the risk of major clinical events. Abrupt withdrawal of treatment with a beta blocker can lead to clinical deterioration and should be avoided (ACCF/AHA, 2013).&#xA;&#xA;Drugs Commonly Used for Stage C HFrEF (abbreviated to align with focus of measure to include only Beta-blocker therapy)&#xA;Drug                               Initial Daily Dose(s)       Maximum Dose(s)        Mean Doses Achieved in Clinical Trials&#xA;                                                                                                                                                &#xA;Beta Blockers&#xA;Bisoprolol                         1.25 mg once               10 mg once                  8.6 mg/d&#xA;Carvedilol                         3.125 mg twice            50 mg twice                  37 mg/d&#xA;Carvedilol  CR                  10 mg once                  80 mg once                   N/A&#xA;Metoprolol succinate        12.5 to 25 mg once      200 mg once                159 mg/d&#xA;extended release&#xA;(metoprolol CR/XL)&#xA;&#xA;For the hospitalized patient:&#xA;In patients with HFrEF experiencing a symptomatic exacerbation of HF requiring hospitalization during chronic maintenance treatment with GDMT [guideline-directed medical therapy; GDMT represents optimal medical therapy as defined by ACCF/AHA guideline-recommended therapies (primarily Class I)], it is recommended that GDMT be continued in the absence of hemodynamic instability or contraindications (Class I, Level of Evidence: B) (ACCF/AHA, 2013).&#xA;&#xA;Initiation of beta-blocker therapy is recommended after optimization of volume status and successful discontinuation of intravenous diuretics, vasodilators, and inotropic agents. Beta-blocker therapy should be initiated at a low dose and only in stable patients. Caution should be used when initiating beta blockers in patients who have required inotropes during their hospital course (Class I, Level of Evidence: B) (ACCF/AHA, 2013)."
                xsi:type="ED"/>
      </measureAttribute>
   </subjectOf>
   <subjectOf>
      <measureAttribute>
         <code code="IDUR" codeSystem="2.16.840.1.113883.5.4">
            <displayName value="Improvement Notation"/>
         </code>
         <value mediaType="text/plain" value="Higher score indicates better quality"
                xsi:type="ED"/>
      </measureAttribute>
   </subjectOf>
   <subjectOf>
      <measureAttribute>
         <code code="REF" codeSystem="2.16.840.1.113883.5.4">
            <displayName value="Reference"/>
         </code>
         <value mediaType="text/plain"
                value="Yancy, C. W., Jessup, M., Bozkurt, B., Butler, J., Casey, D. E., Drazner, M. H., … Wilkoff, B. L. (2013). 2013 ACCF/AHA Guideline for the Management of Heart Failure A Report of the American College of Cardiology Foundation/American Heart Association Task Force on Practice Guidelines. Circulation, 128(16), e240–e327. doi: https://doi.org/10.1161/CIR.0b013e31829e8776"
                xsi:type="ED"/>
      </measureAttribute>
   </subjectOf>
   <subjectOf>
      <measureAttribute>
         <code code="DEF" codeSystem="2.16.840.1.113883.5.4">
            <displayName value="Definition"/>
         </code>
         <value mediaType="text/plain"
                value="Prescribed-Outpatient setting: prescription given to the patient for beta-blocker therapy at one or more visits in the measurement period OR patient already taking beta-blocker therapy as documented in current medication list.&#xA;&#xA;Prescribed-Inpatient setting: prescription given to the patient for beta-blocker therapy at discharge OR beta-blocker therapy to be continued after discharge as documented in the discharge medication list.&#xA;&#xA;LVEF &lt; 40% corresponds to qualitative documentation of moderate dysfunction or severe dysfunction."
                xsi:type="ED"/>
      </measureAttribute>
   </subjectOf>
   <subjectOf>
      <measureAttribute>
         <code code="GUIDE" codeSystem="2.16.840.1.113883.5.4">
            <displayName value="Guidance"/>
         </code>
         <value mediaType="text/plain"
                value="This eCQM is to be reported as patient-based or episode-based, depending on the clinical setting. To satisfy this measure, it must be reported for all heart failure patients at least once during the measurement period if seen in the outpatient setting. If the patient has an eligible inpatient discharge during the measurement period, as defined in the measure logic, it is expected to be reported at each hospital discharge.&#xA;&#xA;A range value should satisfy the logic requirement for 'Ejection Fraction' as long as the ranged observation value clearly meets the less than 40% threshold noted in the denominator logic. A range that is inclusive of or greater than 40% would not meet the measure requirement. &#xA;&#xA;Beta-blocker therapy:&#xA;-For patients with prior LVEF &lt; 40%, beta-blocker therapy should include bisoprolol, carvedilol, or sustained release metoprolol succinate.&#xA;&#xA;The requirement of two or more visits used in Population Criteria 1 is to establish that the eligible professional or eligible clinician has an existing relationship with the patient.&#xA;&#xA;This version of the eCQM uses QDM version 5.5. Please refer to the eCQI resource center (https://ecqi.healthit.gov/qdm) for more information on the QDM."
                xsi:type="ED"/>
      </measureAttribute>
   </subjectOf>
   <subjectOf>
      <measureAttribute>
         <code code="TRANF" codeSystem="2.16.840.1.113883.5.4">
            <displayName value="Transmission Format"/>
         </code>
         <value mediaType="text/plain" value="TBD" xsi:type="ED"/>
      </measureAttribute>
   </subjectOf>
   <subjectOf>
      <measureAttribute>
         <code code="IPOP" codeSystem="2.16.840.1.113883.5.4">
            <displayName value="Initial Population"/>
         </code>
         <value mediaType="text/plain"
                value="All patients aged 18 years and older with a diagnosis of heart failure"
                xsi:type="ED"/>
      </measureAttribute>
   </subjectOf>
   <subjectOf>
      <measureAttribute>
         <code code="DENOM" codeSystem="2.16.840.1.113883.5.4">
            <displayName value="Denominator"/>
         </code>
         <value mediaType="text/plain"
                value="Equals Initial Population with a current or prior LVEF &lt; 40%"
                xsi:type="ED"/>
      </measureAttribute>
   </subjectOf>
   <subjectOf>
      <measureAttribute>
         <code code="DENEX" codeSystem="2.16.840.1.113883.5.4">
            <displayName value="Denominator Exclusions"/>
         </code>
         <value mediaType="text/plain" value="None" xsi:type="ED"/>
      </measureAttribute>
   </subjectOf>
   <subjectOf>
      <measureAttribute>
         <code code="NUMER" codeSystem="2.16.840.1.113883.5.4">
            <displayName value="Numerator"/>
         </code>
         <value mediaType="text/plain"
                value="Patients who were prescribed beta-blocker therapy either within a 12-month period when seen in the outpatient setting OR at each hospital discharge"
                xsi:type="ED"/>
      </measureAttribute>
   </subjectOf>
   <subjectOf>
      <measureAttribute>
         <code code="NUMEX" codeSystem="2.16.840.1.113883.5.4">
            <displayName value="Numerator Exclusions"/>
         </code>
         <value mediaType="text/plain" value="Not Applicable" xsi:type="ED"/>
      </measureAttribute>
   </subjectOf>
   <subjectOf>
      <measureAttribute>
         <code code="DENEXCEP" codeSystem="2.16.840.1.113883.5.4">
            <displayName value="Denominator Exceptions"/>
         </code>
         <value mediaType="text/plain"
                value="Documentation of medical reason(s) for not prescribing beta-blocker therapy (e.g., low blood pressure, fluid overload, asthma, patients recently treated with an intravenous positive inotropic agent, allergy, intolerance, other medical reasons).&#xA;&#xA;Documentation of patient reason(s) for not prescribing beta-blocker therapy (e.g., patient declined, other patient reasons).&#xA;&#xA;Documentation of system reason(s) for not prescribing beta-blocker therapy (e.g., other reasons attributable to the healthcare system)."
                xsi:type="ED"/>
      </measureAttribute>
   </subjectOf>
   <subjectOf>
      <measureAttribute>
         <code code="SDE" codeSystem="2.16.840.1.113883.5.4">
            <displayName value="Supplemental Data Elements"/>
         </code>
         <value mediaType="text/plain"
                value="For every patient evaluated by this measure also identify payer, race, ethnicity and sex"
                xsi:type="ED"/>
      </measureAttribute>
   </subjectOf>
   <componentOf>
      <qualityMeasureSet classCode="ACT">
         <id root=""/>
         <title value="None"/>
      </qualityMeasureSet>
   </componentOf>
   <!--Data Criteria Section-->
   <component>
      <dataCriteriaSection>
         <templateId>
            <item extension="2019-05-01" root="2.16.840.1.113883.10.20.28.2.6"/>
         </templateId>
         <code code="57025-9" codeSystem="2.16.840.1.113883.6.1"/>
         <title value="Data Criteria Section"/>
         <text/>
         <entry typeCode="DRIV">
            <localVariableName value="LeftVentricularSystolicDysfunction_Diagnosis_XzwhB"/>
            <observationCriteria classCode="OBS" moodCode="EVN">
               <templateId>
                  <item extension="2019-05-01" root="2.16.840.1.113883.10.20.28.4.110"/>
               </templateId>
               <id extension="LeftVentricularSystolicDysfunction_Diagnosis"
                   root="846e06d0-a41f-4ceb-802b-762c1a9206d4"/>
               <code code="282291009" codeSystem="2.16.840.1.113883.6.96" codeSystemName="SNOMED CT">
                  <displayName value="Diagnosis"/>
               </code>
               <title value="Diagnosis"/>
               <statusCode code="COMPLETED"/>
               <value valueSet="2.16.840.1.113883.3.526.3.1091" xsi:type="CD"/>
            </observationCriteria>
         </entry>
         <entry typeCode="DRIV">
            <localVariableName value="ONCAdministrativeSex_PatientCharacteristicSex_GP8Mu"/>
            <observationCriteria classCode="OBS" moodCode="EVN">
               <templateId>
                  <item extension="2017-05-01" root="2.16.840.1.113883.10.20.28.4.55"/>
               </templateId>
               <id extension="ONCAdministrativeSex_PatientCharacteristicSex"
                   root="d71a0869-e6dd-4787-802a-c4c055480932"/>
               <code code="263495000" codeSystem="2.16.840.1.113883.6.96" codeSystemName="SNOMED CT">
                  <displayName value="Gender"/>
               </code>
               <title value="Patient Characteristic Sex"/>
               <statusCode code="COMPLETED"/>
               <value valueSet="2.16.840.1.113762.1.4.1" xsi:type="CD"/>
            </observationCriteria>
         </entry>
         <entry typeCode="DRIV">
            <localVariableName value="OutpatientConsultation_EncounterPerformed_1Dq7S"/>
            <encounterCriteria classCode="ENC" moodCode="EVN">
               <templateId>
                  <item extension="2019-05-01" root="2.16.840.1.113883.10.20.28.4.5"/>
               </templateId>
               <id extension="OutpatientConsultation_EncounterPerformed"
                   root="40280381-3d61-56a7-013e-666032c94505"/>
               <code valueSet="2.16.840.1.113883.3.464.1003.101.12.1008"/>
               <title value="Encounter, Performed"/>
               <statusCode code="COMPLETED"/>
            </encounterCriteria>
         </entry>
         <entry typeCode="DRIV">
            <localVariableName value="Arrhythmia_Diagnosis_UnOAM"/>
            <observationCriteria classCode="OBS" moodCode="EVN">
               <templateId>
                  <item extension="2019-05-01" root="2.16.840.1.113883.10.20.28.4.110"/>
               </templateId>
               <id extension="Arrhythmia_Diagnosis" root="333993b1-8394-4e10-8b22-ada1406cad87"/>
               <code code="282291009" codeSystem="2.16.840.1.113883.6.96" codeSystemName="SNOMED CT">
                  <displayName value="Diagnosis"/>
               </code>
               <title value="Diagnosis"/>
               <statusCode code="COMPLETED"/>
               <value valueSet="2.16.840.1.113883.3.526.3.366" xsi:type="CD"/>
            </observationCriteria>
         </entry>
         <entry typeCode="DRIV">
            <localVariableName value="CareServicesinLong-TermResidentialFacility_EncounterPerformed_NDRIA"/>
            <encounterCriteria classCode="ENC" moodCode="EVN">
               <templateId>
                  <item extension="2019-05-01" root="2.16.840.1.113883.10.20.28.4.5"/>
               </templateId>
               <id extension="CareServicesinLong-TermResidentialFacility_EncounterPerformed"
                   root="40280381-3d61-56a7-013e-666032ca4507"/>
               <code valueSet="2.16.840.1.113883.3.464.1003.101.12.1014"/>
               <title value="Encounter, Performed"/>
               <statusCode code="COMPLETED"/>
            </encounterCriteria>
         </entry>
         <entry typeCode="DRIV">
            <localVariableName value="HomeHealthcareServices_EncounterPerformed_9MYNn"/>
            <encounterCriteria classCode="ENC" moodCode="EVN">
               <templateId>
                  <item extension="2019-05-01" root="2.16.840.1.113883.10.20.28.4.5"/>
               </templateId>
               <id extension="HomeHealthcareServices_EncounterPerformed"
                   root="40280381-3d61-56a7-013e-666032ca4509"/>
               <code valueSet="2.16.840.1.113883.3.464.1003.101.12.1016"/>
               <title value="Encounter, Performed"/>
               <statusCode code="COMPLETED"/>
            </encounterCriteria>
         </entry>
         <entry typeCode="DRIV">
            <localVariableName value="Race_PatientCharacteristicRace_0h10R"/>
            <observationCriteria classCode="OBS" moodCode="EVN">
               <templateId>
                  <item extension="2017-05-01" root="2.16.840.1.113883.10.20.28.4.59"/>
               </templateId>
               <id extension="Race_PatientCharacteristicRace"
                   root="96ca5664-00f4-46f7-aac8-65b025c0d6e1"/>
               <code code="32624-9" codeSystem="2.16.840.1.113883.6.1" codeSystemName="LOINC">
                  <displayName value="Race"/>
               </code>
               <title value="Patient Characteristic Race"/>
               <statusCode code="COMPLETED"/>
               <value valueSet="2.16.840.1.114222.4.11.836" xsi:type="CD"/>
            </observationCriteria>
         </entry>
         <entry typeCode="DRIV">
            <localVariableName value="HeartFailure_Diagnosis_NWlTd"/>
            <observationCriteria classCode="OBS" moodCode="EVN">
               <templateId>
                  <item extension="2019-05-01" root="2.16.840.1.113883.10.20.28.4.110"/>
               </templateId>
               <id extension="HeartFailure_Diagnosis" root="6f251fa6-0b44-4c8a-b09f-c918590542f3"/>
               <code code="282291009" codeSystem="2.16.840.1.113883.6.96" codeSystemName="SNOMED CT">
                  <displayName value="Diagnosis"/>
               </code>
               <title value="Diagnosis"/>
               <statusCode code="COMPLETED"/>
               <value valueSet="2.16.840.1.113883.3.526.3.376" xsi:type="CD"/>
            </observationCriteria>
         </entry>
         <entry typeCode="DRIV">
            <localVariableName value="NursingFacilityVisit_EncounterPerformed_iPHxC"/>
            <encounterCriteria classCode="ENC" moodCode="EVN">
               <templateId>
                  <item extension="2019-05-01" root="2.16.840.1.113883.10.20.28.4.5"/>
               </templateId>
               <id extension="NursingFacilityVisit_EncounterPerformed"
                   root="40280381-3d61-56a7-013e-666032c94501"/>
               <code valueSet="2.16.840.1.113883.3.464.1003.101.12.1012"/>
               <title value="Encounter, Performed"/>
               <statusCode code="COMPLETED"/>
            </encounterCriteria>
         </entry>
         <entry typeCode="DRIV">
            <localVariableName value="PatientProviderInteraction_EncounterPerformed_1HcC4"/>
            <encounterCriteria classCode="ENC" moodCode="EVN">
               <templateId>
                  <item extension="2019-05-01" root="2.16.840.1.113883.10.20.28.4.5"/>
               </templateId>
               <id extension="PatientProviderInteraction_EncounterPerformed"
                   root="40280381-3d61-56a7-013e-666032ca450b"/>
               <code valueSet="2.16.840.1.113883.3.526.3.1012"/>
               <title value="Encounter, Performed"/>
               <statusCode code="COMPLETED"/>
            </encounterCriteria>
         </entry>
         <entry typeCode="DRIV">
            <localVariableName value="ModerateorSevereLVSD_Diagnosis_Z7wn7"/>
            <observationCriteria classCode="OBS" moodCode="EVN">
               <templateId>
                  <item extension="2019-05-01" root="2.16.840.1.113883.10.20.28.4.110"/>
               </templateId>
               <id extension="ModerateorSevereLVSD_Diagnosis"
                   root="1ac1a77d-6e27-4e84-b202-c3adfe2eb3a3"/>
               <code code="282291009" codeSystem="2.16.840.1.113883.6.96" codeSystemName="SNOMED CT">
                  <displayName value="Diagnosis"/>
               </code>
               <title value="Diagnosis"/>
               <statusCode code="COMPLETED"/>
               <value valueSet="2.16.840.1.113883.3.526.3.1090" xsi:type="CD"/>
            </observationCriteria>
         </entry>
         <entry typeCode="DRIV">
            <localVariableName value="CardiacPacerinSitu_Diagnosis_FoE9R"/>
            <observationCriteria classCode="OBS" moodCode="EVN">
               <templateId>
                  <item extension="2019-05-01" root="2.16.840.1.113883.10.20.28.4.110"/>
               </templateId>
               <id extension="CardiacPacerinSitu_Diagnosis"
                   root="4f84c153-fbfd-4cb9-ad14-c2fb8364d5ca"/>
               <code code="282291009" codeSystem="2.16.840.1.113883.6.96" codeSystemName="SNOMED CT">
                  <displayName value="Diagnosis"/>
               </code>
               <title value="Diagnosis"/>
               <statusCode code="COMPLETED"/>
               <value valueSet="2.16.840.1.113883.3.526.3.368" xsi:type="CD"/>
            </observationCriteria>
         </entry>
         <entry typeCode="DRIV">
            <localVariableName value="OfficeVisit_EncounterPerformed_jEF4p"/>
            <encounterCriteria classCode="ENC" moodCode="EVN">
               <templateId>
                  <item extension="2019-05-01" root="2.16.840.1.113883.10.20.28.4.5"/>
               </templateId>
               <id extension="OfficeVisit_EncounterPerformed"
                   root="40280381-3d61-56a7-013e-666032c94503"/>
               <code valueSet="2.16.840.1.113883.3.464.1003.101.12.1001"/>
               <title value="Encounter, Performed"/>
               <statusCode code="COMPLETED"/>
            </encounterCriteria>
         </entry>
         <entry typeCode="DRIV">
            <localVariableName value="Payer_PatientCharacteristicPayer_bBNsw"/>
            <observationCriteria classCode="OBS" moodCode="EVN">
               <templateId>
                  <item extension="2017-05-01" root="2.16.840.1.113883.10.20.28.4.58"/>
               </templateId>
               <id extension="Payer_PatientCharacteristicPayer"
                   root="e7032ac1-1412-43a3-9a68-670f3357e28c"/>
               <code code="48768-6" codeSystem="2.16.840.1.113883.6.1" codeSystemName="LOINC">
                  <displayName value="Payer"/>
               </code>
               <title value="Patient Characteristic Payer"/>
               <statusCode code="COMPLETED"/>
               <value valueSet="2.16.840.1.114222.4.11.3591" xsi:type="CD"/>
            </observationCriteria>
         </entry>
         <entry typeCode="DRIV">
            <localVariableName value="HeartRate_PhysicalExamPerformed_Bc6Il"/>
            <observationCriteria classCode="OBS" moodCode="EVN">
               <templateId>
                  <item extension="2019-05-01" root="2.16.840.1.113883.10.20.28.4.62"/>
               </templateId>
               <id extension="HeartRate_PhysicalExamPerformed"
                   root="b15e0bcb-7a29-4afc-89e2-c4e8e9aa03fd"/>
               <code code="5880005" codeSystem="2.16.840.1.113883.6.96" codeSystemName="SNOMED CT">
                  <displayName value="physical examination"/>
               </code>
               <title value="Physical Exam, Performed"/>
               <statusCode code="COMPLETED"/>
               <value valueSet="2.16.840.1.113883.3.526.3.1176" xsi:type="CD"/>
            </observationCriteria>
         </entry>
         <entry typeCode="DRIV">
            <localVariableName value="CardiacPacer_DeviceApplied_1IEcz"/>
            <procedureCriteria classCode="PROC" moodCode="EVN">
               <templateId>
                  <item extension="2019-05-01" root="2.16.840.1.113883.10.20.28.4.13"/>
               </templateId>
               <id extension="CardiacPacer_DeviceApplied"
                   root="c756a1a4-5c56-4620-b014-1f6a8a740d76"/>
               <code code="360030002" codeSystem="2.16.840.1.113883.6.96">
                  <displayName value="Application of Device"/>
               </code>
               <title value="Device, Applied"/>
               <statusCode code="COMPLETED"/>
			            <participation typeCode="DEV">
                  <role classCode="MANU">
                     <playingDevice classCode="DEV" determinerCode="KIND">
                        <code valueSet="2.16.840.1.113883.3.526.3.1193"/>
                     </playingDevice>
                  </role>
               </participation>
		          </procedureCriteria>
         </entry>
         <entry typeCode="DRIV">
            <localVariableName value="BetaBlockerTherapyIngredient_Allergy/Intolerance_D7YTE"/>
            <observationCriteria classCode="OBS" moodCode="EVN">
               <templateId>
                  <item extension="2019-05-01" root="2.16.840.1.113883.10.20.28.4.119"/>
               </templateId>
               <id extension="BetaBlockerTherapyIngredient_Allergy/Intolerance"
                   root="6bc20791-ff47-4eb2-8a1e-f2b180c6b860"/>
               <code code="ASSERTION" codeSystem="2.16.840.1.113883.5.4" codeSystemName="ActCode"/>
               <title value="Allergy/Intolerance"/>
               <statusCode code="COMPLETED"/>
               <value code="106190000" codeSystem="2.16.840.1.113883.6.96" xsi:type="CD"/>
			            <participation typeCode="CSM">
                  <role classCode="MANU">
                     <playingEntity classCode="MMAT" determinerCode="KIND">
                        <code valueSet="2.16.840.1.113883.3.526.3.1493"/>
                     </playingEntity>
                  </role>
               </participation>
		          </observationCriteria>
         </entry>
         <entry typeCode="DRIV">
            <localVariableName value="EjectionFraction_DiagnosticStudyPerformed_M96w2"/>
            <observationCriteria classCode="OBS" moodCode="EVN">
               <templateId>
                  <item extension="2019-05-01" root="2.16.840.1.113883.10.20.28.4.23"/>
               </templateId>
               <id extension="EjectionFraction_DiagnosticStudyPerformed"
                   root="40280381-3d61-56a7-013e-666032ca450d"/>
               <code valueSet="2.16.840.1.113883.3.526.3.1134"/>
               <title value="Diagnostic Study, Performed"/>
               <statusCode code="COMPLETED"/>
            </observationCriteria>
         </entry>
         <entry typeCode="DRIV">
            <localVariableName value="Hypotension_Diagnosis_leokO"/>
            <observationCriteria classCode="OBS" moodCode="EVN">
               <templateId>
                  <item extension="2019-05-01" root="2.16.840.1.113883.10.20.28.4.110"/>
               </templateId>
               <id extension="Hypotension_Diagnosis" root="fa0dae4f-8cbd-48bc-8d40-d1e8714a20ea"/>
               <code code="282291009" codeSystem="2.16.840.1.113883.6.96" codeSystemName="SNOMED CT">
                  <displayName value="Diagnosis"/>
               </code>
               <title value="Diagnosis"/>
               <statusCode code="COMPLETED"/>
               <value valueSet="2.16.840.1.113883.3.526.3.370" xsi:type="CD"/>
            </observationCriteria>
         </entry>
         <entry typeCode="DRIV">
            <localVariableName value="Asthma_Diagnosis_finJw"/>
            <observationCriteria classCode="OBS" moodCode="EVN">
               <templateId>
                  <item extension="2019-05-01" root="2.16.840.1.113883.10.20.28.4.110"/>
               </templateId>
               <id extension="Asthma_Diagnosis" root="f5e920f6-cefe-42ef-9513-9856be835c96"/>
               <code code="282291009" codeSystem="2.16.840.1.113883.6.96" codeSystemName="SNOMED CT">
                  <displayName value="Diagnosis"/>
               </code>
               <title value="Diagnosis"/>
               <statusCode code="COMPLETED"/>
               <value valueSet="2.16.840.1.113883.3.526.3.362" xsi:type="CD"/>
            </observationCriteria>
         </entry>
         <entry typeCode="DRIV">
            <localVariableName value="AtrioventricularBlock_Diagnosis_xRIUg"/>
            <observationCriteria classCode="OBS" moodCode="EVN">
               <templateId>
                  <item extension="2019-05-01" root="2.16.840.1.113883.10.20.28.4.110"/>
               </templateId>
               <id extension="AtrioventricularBlock_Diagnosis"
                   root="5c742fee-cc05-4326-b3ce-59879e2be4a7"/>
               <code code="282291009" codeSystem="2.16.840.1.113883.6.96" codeSystemName="SNOMED CT">
                  <displayName value="Diagnosis"/>
               </code>
               <title value="Diagnosis"/>
               <statusCode code="COMPLETED"/>
               <value valueSet="2.16.840.1.113883.3.526.3.367" xsi:type="CD"/>
            </observationCriteria>
         </entry>
         <entry typeCode="DRIV">
            <localVariableName value="Bradycardia_Diagnosis_rDIVt"/>
            <observationCriteria classCode="OBS" moodCode="EVN">
               <templateId>
                  <item extension="2019-05-01" root="2.16.840.1.113883.10.20.28.4.110"/>
               </templateId>
               <id extension="Bradycardia_Diagnosis" root="7b940a49-750c-45b2-b3af-796bb9b7641f"/>
               <code code="282291009" codeSystem="2.16.840.1.113883.6.96" codeSystemName="SNOMED CT">
                  <displayName value="Diagnosis"/>
               </code>
               <title value="Diagnosis"/>
               <statusCode code="COMPLETED"/>
               <value valueSet="2.16.840.1.113883.3.526.3.412" xsi:type="CD"/>
            </observationCriteria>
         </entry>
         <entry typeCode="DRIV">
            <localVariableName value="Ethnicity_PatientCharacteristicEthnicity_3PVLU"/>
            <observationCriteria classCode="OBS" moodCode="EVN">
               <templateId>
                  <item extension="2017-05-01" root="2.16.840.1.113883.10.20.28.4.56"/>
               </templateId>
               <id extension="Ethnicity_PatientCharacteristicEthnicity"
                   root="0721a4e0-f429-4de9-8867-120782e83a08"/>
               <code code="54133-4" codeSystem="2.16.840.1.113883.6.1" codeSystemName="LOINC">
                  <displayName value="Ethnicity"/>
               </code>
               <title value="Patient Characteristic Ethnicity"/>
               <statusCode code="COMPLETED"/>
               <value valueSet="2.16.840.1.114222.4.11.837" xsi:type="CD"/>
            </observationCriteria>
         </entry>
         <entry typeCode="DRIV">
            <localVariableName value="IntolerancetoBetaBlockerTherapy_Diagnosis_QevgQ"/>
            <observationCriteria classCode="OBS" moodCode="EVN">
               <templateId>
                  <item extension="2019-05-01" root="2.16.840.1.113883.10.20.28.4.110"/>
               </templateId>
               <id extension="IntolerancetoBetaBlockerTherapy_Diagnosis"
                   root="44663fc1-9504-4027-b3ef-9bd02e8f8710"/>
               <code code="282291009" codeSystem="2.16.840.1.113883.6.96" codeSystemName="SNOMED CT">
                  <displayName value="Diagnosis"/>
               </code>
               <title value="Diagnosis"/>
               <statusCode code="COMPLETED"/>
               <value valueSet="2.16.840.1.113883.3.526.3.1178" xsi:type="CD"/>
            </observationCriteria>
         </entry>
         <entry typeCode="DRIV">
            <localVariableName value="BetaBlockerTherapyforLVSD_MedicationNotDischarged_gOpJ0"/>
            <substanceAdministrationCriteria actionNegationInd="TRUE" classCode="SBADM" moodCode="RQO">
               <templateId>
                  <item extension="2019-05-01" root="2.16.840.1.113883.10.20.28.4.48"/>
               </templateId>
               <id extension="BetaBlockerTherapyforLVSD_MedicationNotDischarged"
                   root="40280381-3d61-56a7-013e-666032ca4513"/>
               <code code="10183-2" codeSystem="2.16.840.1.113883.6.1"/>
               <title value="Medication, Not Discharged"/>
               <statusCode code="ACTIVE"/>
			            <participation typeCode="CSM">
                  <role classCode="MANU">
                     <playingManufacturedMaterial classCode="MMAT" determinerCode="KIND">
                        <code valueSet="2.16.840.1.113883.3.526.3.1184"/>
                     </playingManufacturedMaterial>
                  </role>
               </participation>
		          </substanceAdministrationCriteria>
         </entry>
         <entry typeCode="DRIV">
            <localVariableName value="BetaBlockerTherapyforLVSD_MedicationDischarge_Z6JVI"/>
            <substanceAdministrationCriteria classCode="SBADM" moodCode="RQO">
               <templateId>
                  <item extension="2019-05-01" root="2.16.840.1.113883.10.20.28.4.48"/>
               </templateId>
               <id extension="BetaBlockerTherapyforLVSD_MedicationDischarge"
                   root="40280381-3d61-56a7-013e-666032ca4513"/>
               <code code="10183-2" codeSystem="2.16.840.1.113883.6.1"/>
               <title value="Medication, Discharge"/>
               <statusCode code="ACTIVE"/>
			            <participation typeCode="CSM">
                  <role classCode="MANU">
                     <playingManufacturedMaterial classCode="MMAT" determinerCode="KIND">
                        <code valueSet="2.16.840.1.113883.3.526.3.1184"/>
                     </playingManufacturedMaterial>
                  </role>
               </participation>
		          </substanceAdministrationCriteria>
         </entry>
         <entry typeCode="DRIV">
            <localVariableName value="BetaBlockerTherapyforLVSD_MedicationActive_QAq1h"/>
            <substanceAdministrationCriteria classCode="SBADM" moodCode="EVN">
               <templateId>
                  <item extension="2019-05-01" root="2.16.840.1.113883.10.20.28.4.44"/>
               </templateId>
               <id extension="BetaBlockerTherapyforLVSD_MedicationActive"
                   root="40280381-3d61-56a7-013e-666032ca4513"/>
               <title value="Medication, Active"/>
               <statusCode code="ACTIVE"/>
			            <participation typeCode="CSM">
                  <role classCode="MANU">
                     <playingMaterial classCode="MMAT" determinerCode="KIND">
                        <code valueSet="2.16.840.1.113883.3.526.3.1184"/>
                     </playingMaterial>
                  </role>
               </participation>
		          </substanceAdministrationCriteria>
         </entry>
         <entry typeCode="DRIV">
            <localVariableName value="BetaBlockerTherapyforLVSD_MedicationOrder_9bK9d"/>
            <substanceAdministrationCriteria classCode="SBADM" moodCode="RQO">
               <templateId>
                  <item extension="2019-05-01" root="2.16.840.1.113883.10.20.28.4.51"/>
               </templateId>
               <id extension="BetaBlockerTherapyforLVSD_MedicationOrder"
                   root="40280381-3d61-56a7-013e-666032ca4513"/>
               <title value="Medication, Order"/>
               <statusCode code="ACTIVE"/>
			            <participation typeCode="CSM">
                  <role classCode="MANU">
                     <playingMaterial classCode="MMAT" determinerCode="KIND">
                        <code valueSet="2.16.840.1.113883.3.526.3.1184"/>
                     </playingMaterial>
                  </role>
               </participation>
		          </substanceAdministrationCriteria>
         </entry>
         <entry typeCode="DRIV">
            <localVariableName value="BetaBlockerTherapyforLVSD_MedicationNotOrdered_RwBTm"/>
            <substanceAdministrationCriteria actionNegationInd="TRUE" classCode="SBADM" moodCode="RQO">
               <templateId>
                  <item extension="2019-05-01" root="2.16.840.1.113883.10.20.28.4.51"/>
               </templateId>
               <id extension="BetaBlockerTherapyforLVSD_MedicationNotOrdered"
                   root="40280381-3d61-56a7-013e-666032ca4513"/>
               <title value="Medication, Not Ordered"/>
               <statusCode code="ACTIVE"/>
			            <participation typeCode="CSM">
                  <role classCode="MANU">
                     <playingMaterial classCode="MMAT" determinerCode="KIND">
                        <code valueSet="2.16.840.1.113883.3.526.3.1184"/>
                     </playingMaterial>
                  </role>
               </participation>
		          </substanceAdministrationCriteria>
         </entry>
         <entry typeCode="DRIV">
            <localVariableName value="DischargeServices-HospitalInpatient_EncounterPerformed_27eSw"/>
            <encounterCriteria classCode="ENC" moodCode="EVN">
               <templateId>
                  <item extension="2019-05-01" root="2.16.840.1.113883.10.20.28.4.5"/>
               </templateId>
               <id extension="DischargeServices-HospitalInpatient_EncounterPerformed"
                   root="40280381-3d61-56a7-013e-666032c944ff"/>
               <code valueSet="2.16.840.1.113883.3.464.1003.101.12.1007"/>
               <title value="Encounter, Performed"/>
               <statusCode code="COMPLETED"/>
            </encounterCriteria>
         </entry>
         <entry typeCode="DRIV">
            <localVariableName value="AllergytoBetaBlockerTherapy_Diagnosis_asbPZ"/>
            <observationCriteria classCode="OBS" moodCode="EVN">
               <templateId>
                  <item extension="2019-05-01" root="2.16.840.1.113883.10.20.28.4.110"/>
               </templateId>
               <id extension="AllergytoBetaBlockerTherapy_Diagnosis"
                   root="fea2385b-dc2f-4ac2-aedd-feb97ed60561"/>
               <code code="282291009" codeSystem="2.16.840.1.113883.6.96" codeSystemName="SNOMED CT">
                  <displayName value="Diagnosis"/>
               </code>
               <title value="Diagnosis"/>
               <statusCode code="COMPLETED"/>
               <value valueSet="2.16.840.1.113883.3.526.3.1177" xsi:type="CD"/>
            </observationCriteria>
         </entry>
         <entry typeCode="DRIV">
            <observationCriteria classCode="OBS" moodCode="EVN">
               <templateId>
                  <item extension="2019-05-01" root="2.16.840.1.113883.10.20.28.4.119"/>
               </templateId>
               <id extension="373254001_Allergy/Intolerance"
                   root="C6CB0FED-74DC-4693-8364-39302E810F24"/>
               <code code="ASSERTION" codeSystem="2.16.840.1.113883.5.4" codeSystemName="ActCode"/>
               <title value="Allergy/Intolerance"/>
               <statusCode code="COMPLETED"/>
               <value code="106190000" codeSystem="2.16.840.1.113883.6.96" xsi:type="CD"/>
			            <participation typeCode="CSM">
                  <role classCode="MANU">
                     <playingEntity classCode="MMAT" determinerCode="KIND">
                        <code code="373254001" codeSystem="2.16.840.1.113883.6.96" codeSystemName="SNOMEDCT"/>
                     </playingEntity>
                  </role>
               </participation>
		          </observationCriteria>
         </entry>
         <entry typeCode="DRIV">
            <observationCriteria classCode="OBS" moodCode="EVN">
               <templateId>
                  <item extension="2017-05-01" root="2.16.840.1.113883.10.20.28.4.54"/>
               </templateId>
               <id extension="21112-8_PatientCharacteristicBirthdate"
                   root="1704C69D-5ED7-4D96-B8AD-BC8A777E7850"/>
               <code code="21112-8" codeSystem="2.16.840.1.113883.6.1" codeSystemName="LOINC"/>
               <title value="Patient Characteristic Birthdate"/>
               <statusCode code="COMPLETED"/>
            </observationCriteria>
         </entry>
      </dataCriteriaSection>
   </component>
   <component>
      <populationCriteriaSection>
         <templateId>
            <item extension="2017-08-01" root="2.16.840.1.113883.10.20.28.2.7"/>
         </templateId>
         <id extension="PopulationCriteria1" root="7EB95F54-EE77-49AF-8FB8-76560E4E46F6"/>
         <code code="57026-7" codeSystem="2.16.840.1.113883.6.1"/>
         <title value="Population Criteria Section"/>
         <text/>
         <component typeCode="COMP">
            <initialPopulationCriteria classCode="OBS" moodCode="EVN">
               <id extension="initialPopulation" root="065E56F2-BC96-4306-9CB3-8D5E727A8EC9"/>
               <code code="IPOP" codeSystem="2.16.840.1.113883.5.4" codeSystemName="Act Code"/>
               <precondition typeCode="PRCN">
                  <criteriaReference classCode="OBS" moodCode="EVN">
                     <id extension="HFBetaBlockerTherapyforLVSD.&quot;Initial Population 1&quot;"
                         root="896107F6-6A0E-41C0-B659-E94F3C72A532"/>
                  </criteriaReference>
               </precondition>
            </initialPopulationCriteria>
         </component>
         <component typeCode="COMP">
            <denominatorCriteria classCode="OBS" moodCode="EVN">
               <id extension="denominator" root="04025C9A-D1F0-44D0-8214-D8E9E592BD89"/>
               <code code="DENOM" codeSystem="2.16.840.1.113883.5.4" codeSystemName="Act Code"/>
               <precondition typeCode="PRCN">
                  <criteriaReference classCode="OBS" moodCode="EVN">
                     <id extension="HFBetaBlockerTherapyforLVSD.&quot;Denominator 1&quot;"
                         root="896107F6-6A0E-41C0-B659-E94F3C72A532"/>
                  </criteriaReference>
               </precondition>
            </denominatorCriteria>
         </component>
         <component typeCode="COMP">
            <denominatorExceptionCriteria classCode="OBS" moodCode="EVN">
               <id extension="denominatorExceptions" root="092B3C50-14DA-48DC-985C-A73DA2693793"/>
               <code code="DENEXCEP" codeSystem="2.16.840.1.113883.5.4" codeSystemName="Act Code"/>
               <precondition typeCode="PRCN">
                  <criteriaReference classCode="OBS" moodCode="EVN">
                     <id extension="HFBetaBlockerTherapyforLVSD.&quot;Denominator Exceptions 1&quot;"
                         root="896107F6-6A0E-41C0-B659-E94F3C72A532"/>
                  </criteriaReference>
               </precondition>
            </denominatorExceptionCriteria>
         </component>
         <component typeCode="COMP">
            <numeratorCriteria classCode="OBS" moodCode="EVN">
               <id extension="numerator" root="AAB85AF3-3582-4C34-9C36-4339A2DE059C"/>
               <code code="NUMER" codeSystem="2.16.840.1.113883.5.4" codeSystemName="Act Code"/>
               <precondition typeCode="PRCN">
                  <criteriaReference classCode="OBS" moodCode="EVN">
                     <id extension="HFBetaBlockerTherapyforLVSD.&quot;Numerator 1&quot;"
                         root="896107F6-6A0E-41C0-B659-E94F3C72A532"/>
                  </criteriaReference>
               </precondition>
            </numeratorCriteria>
         </component>
         <component typeCode="COMP">
            <cql-ext:supplementalDataElement>
               <id extension="Supplemental Data Elements"
                   root="EE7010ED-EBA0-4374-95C9-75FF70AB6885"/>
               <code code="SDE" codeSystem="2.16.840.1.113883.5.4" codeSystemName="Act Code"/>
               <precondition typeCode="PRCN">
                  <criteriaReference classCode="OBS" moodCode="EVN">
                     <id extension="HFBetaBlockerTherapyforLVSD.&quot;SDE Ethnicity&quot;"
                         root="896107F6-6A0E-41C0-B659-E94F3C72A532"/>
                  </criteriaReference>
               </precondition>
            </cql-ext:supplementalDataElement>
         </component>
         <component typeCode="COMP">
            <cql-ext:supplementalDataElement>
               <id extension="Supplemental Data Elements"
                   root="FFFA7B6A-C652-4CF6-952B-46D08E264100"/>
               <code code="SDE" codeSystem="2.16.840.1.113883.5.4" codeSystemName="Act Code"/>
               <precondition typeCode="PRCN">
                  <criteriaReference classCode="OBS" moodCode="EVN">
                     <id extension="HFBetaBlockerTherapyforLVSD.&quot;SDE Payer&quot;"
                         root="896107F6-6A0E-41C0-B659-E94F3C72A532"/>
                  </criteriaReference>
               </precondition>
            </cql-ext:supplementalDataElement>
         </component>
         <component typeCode="COMP">
            <cql-ext:supplementalDataElement>
               <id extension="Supplemental Data Elements"
                   root="6170F78F-8F05-4BB7-917B-8391EC7D5738"/>
               <code code="SDE" codeSystem="2.16.840.1.113883.5.4" codeSystemName="Act Code"/>
               <precondition typeCode="PRCN">
                  <criteriaReference classCode="OBS" moodCode="EVN">
                     <id extension="HFBetaBlockerTherapyforLVSD.&quot;SDE Race&quot;"
                         root="896107F6-6A0E-41C0-B659-E94F3C72A532"/>
                  </criteriaReference>
               </precondition>
            </cql-ext:supplementalDataElement>
         </component>
         <component typeCode="COMP">
            <cql-ext:supplementalDataElement>
               <id extension="Supplemental Data Elements"
                   root="D12EEABB-0CA5-4B35-AE19-02975574D646"/>
               <code code="SDE" codeSystem="2.16.840.1.113883.5.4" codeSystemName="Act Code"/>
               <precondition typeCode="PRCN">
                  <criteriaReference classCode="OBS" moodCode="EVN">
                     <id extension="HFBetaBlockerTherapyforLVSD.&quot;SDE Sex&quot;"
                         root="896107F6-6A0E-41C0-B659-E94F3C72A532"/>
                  </criteriaReference>
               </precondition>
            </cql-ext:supplementalDataElement>
         </component>
      </populationCriteriaSection>
   </component>
   <component>
      <populationCriteriaSection>
         <templateId>
            <item extension="2017-08-01" root="2.16.840.1.113883.10.20.28.2.7"/>
         </templateId>
         <id extension="PopulationCriteria2" root="C0A3AD92-53EE-454A-AFDE-3824F262E48E"/>
         <code code="57026-7" codeSystem="2.16.840.1.113883.6.1"/>
         <title value="Population Criteria Section"/>
         <text/>
         <component typeCode="COMP">
            <initialPopulationCriteria classCode="OBS" moodCode="EVN">
               <id extension="initialPopulation" root="78DA301F-CCF0-452B-BE03-497F9DAC5E7E"/>
               <code code="IPOP" codeSystem="2.16.840.1.113883.5.4" codeSystemName="Act Code"/>
               <precondition typeCode="PRCN">
                  <criteriaReference classCode="OBS" moodCode="EVN">
                     <id extension="HFBetaBlockerTherapyforLVSD.&quot;Initial Population 2&quot;"
                         root="896107F6-6A0E-41C0-B659-E94F3C72A532"/>
                  </criteriaReference>
               </precondition>
            </initialPopulationCriteria>
         </component>
         <component typeCode="COMP">
            <denominatorCriteria classCode="OBS" moodCode="EVN">
               <id extension="denominator" root="307ACFDF-3ED9-4164-A9DD-2CCC3B84A7A3"/>
               <code code="DENOM" codeSystem="2.16.840.1.113883.5.4" codeSystemName="Act Code"/>
               <precondition typeCode="PRCN">
                  <criteriaReference classCode="OBS" moodCode="EVN">
                     <id extension="HFBetaBlockerTherapyforLVSD.&quot;Denominator 2&quot;"
                         root="896107F6-6A0E-41C0-B659-E94F3C72A532"/>
                  </criteriaReference>
               </precondition>
            </denominatorCriteria>
         </component>
         <component typeCode="COMP">
            <denominatorExceptionCriteria classCode="OBS" moodCode="EVN">
               <id extension="denominatorExceptions" root="6CED6D74-B23A-4DA1-8677-8C00DD9EE901"/>
               <code code="DENEXCEP" codeSystem="2.16.840.1.113883.5.4" codeSystemName="Act Code"/>
               <precondition typeCode="PRCN">
                  <criteriaReference classCode="OBS" moodCode="EVN">
                     <id extension="HFBetaBlockerTherapyforLVSD.&quot;Denominator Exceptions 2&quot;"
                         root="896107F6-6A0E-41C0-B659-E94F3C72A532"/>
                  </criteriaReference>
               </precondition>
            </denominatorExceptionCriteria>
         </component>
         <component typeCode="COMP">
            <numeratorCriteria classCode="OBS" moodCode="EVN">
               <id extension="numerator" root="59CA6C03-0C8B-45B7-8E4F-E3BBFD89296F"/>
               <code code="NUMER" codeSystem="2.16.840.1.113883.5.4" codeSystemName="Act Code"/>
               <precondition typeCode="PRCN">
                  <criteriaReference classCode="OBS" moodCode="EVN">
                     <id extension="HFBetaBlockerTherapyforLVSD.&quot;Numerator 2&quot;"
                         root="896107F6-6A0E-41C0-B659-E94F3C72A532"/>
                  </criteriaReference>
               </precondition>
            </numeratorCriteria>
         </component>
         <component typeCode="COMP">
            <cql-ext:supplementalDataElement>
               <id extension="Supplemental Data Elements"
                   root="67699142-5FE9-4FDA-A363-D877EE9C523C"/>
               <code code="SDE" codeSystem="2.16.840.1.113883.5.4" codeSystemName="Act Code"/>
               <precondition typeCode="PRCN">
                  <criteriaReference classCode="OBS" moodCode="EVN">
                     <id extension="HFBetaBlockerTherapyforLVSD.&quot;SDE Ethnicity&quot;"
                         root="896107F6-6A0E-41C0-B659-E94F3C72A532"/>
                  </criteriaReference>
               </precondition>
            </cql-ext:supplementalDataElement>
         </component>
         <component typeCode="COMP">
            <cql-ext:supplementalDataElement>
               <id extension="Supplemental Data Elements"
                   root="838D3FA2-98D5-4FCC-8770-1BEA13959B6C"/>
               <code code="SDE" codeSystem="2.16.840.1.113883.5.4" codeSystemName="Act Code"/>
               <precondition typeCode="PRCN">
                  <criteriaReference classCode="OBS" moodCode="EVN">
                     <id extension="HFBetaBlockerTherapyforLVSD.&quot;SDE Payer&quot;"
                         root="896107F6-6A0E-41C0-B659-E94F3C72A532"/>
                  </criteriaReference>
               </precondition>
            </cql-ext:supplementalDataElement>
         </component>
         <component typeCode="COMP">
            <cql-ext:supplementalDataElement>
               <id extension="Supplemental Data Elements"
                   root="C8C88CB4-93E1-4DDE-9DE4-D98BB6A53F7F"/>
               <code code="SDE" codeSystem="2.16.840.1.113883.5.4" codeSystemName="Act Code"/>
               <precondition typeCode="PRCN">
                  <criteriaReference classCode="OBS" moodCode="EVN">
                     <id extension="HFBetaBlockerTherapyforLVSD.&quot;SDE Race&quot;"
                         root="896107F6-6A0E-41C0-B659-E94F3C72A532"/>
                  </criteriaReference>
               </precondition>
            </cql-ext:supplementalDataElement>
         </component>
         <component typeCode="COMP">
            <cql-ext:supplementalDataElement>
               <id extension="Supplemental Data Elements"
                   root="9BE44AC4-1CA3-4524-89A4-A59741A21813"/>
               <code code="SDE" codeSystem="2.16.840.1.113883.5.4" codeSystemName="Act Code"/>
               <precondition typeCode="PRCN">
                  <criteriaReference classCode="OBS" moodCode="EVN">
                     <id extension="HFBetaBlockerTherapyforLVSD.&quot;SDE Sex&quot;"
                         root="896107F6-6A0E-41C0-B659-E94F3C72A532"/>
                  </criteriaReference>
               </precondition>
            </cql-ext:supplementalDataElement>
         </component>
      </populationCriteriaSection>
   </component>
</QualityMeasureDocument>