<?xml version="1.0" encoding="UTF-8" standalone="yes"?>
<QualityMeasureDocument xmlns="urn:hl7-org:v3" xmlns:cql-ext="urn:hhs-cql:hqmf-n1-extensions:v1"
                        xmlns:xsi="http://www.w3.org/2001/XMLSchema-instance">
         
      <!--
			**************************************************************
			Measure Details Section
			**************************************************************
		-->
         
      <typeId extension="POQM_HD000001UV02" root="2.16.840.1.113883.1.3"/>
   <templateId>
      <item extension="2019-05-01" root="2.16.840.1.113883.10.20.28.1.2"/>
   </templateId>
   <id root="2c928085-7198-38ee-0171-9d78a0d406b3"/>
   <code code="57024-2" codeSystem="2.16.840.1.113883.6.1">
      <displayName value="Health Quality Measure Document"/>
   </code>
   <title value="Diabetes: Hemoglobin A1c (HbA1c) Poor Control (&gt; 9%)"/>
   <text
         value="Percentage of patients 18-75 years of age with diabetes who had hemoglobin A1c &gt; 9.0% during the measurement period"/>
   <statusCode code="COMPLETED"/>
   <setId root="f2986519-5a4e-4149-a8f2-af0a1dc7f6bc"/>
   <versionNumber value="9.3.000"/>
   <author>
      <responsibleParty classCode="ASSIGNED">
         <representedResponsibleOrganization classCode="ORG" determinerCode="INSTANCE">
            <id>
               <item root="2.16.840.1.113883.3.464"/>
            </id>
            <name>
               <item>
                  <part value="National Committee for Quality Assurance"/>
               </item>
            </name>
         </representedResponsibleOrganization>
      </responsibleParty>
   </author>
   <custodian>
      <responsibleParty classCode="ASSIGNED">
         <representedResponsibleOrganization classCode="ORG" determinerCode="INSTANCE">
            <id>
               <item root="40"/>
            </id>
            <name>
               <item>
                  <part value="National Committee for Quality Assurance"/>
               </item>
            </name>
         </representedResponsibleOrganization>
      </responsibleParty>
   </custodian>
   <!--Preventive Care Services-Initial Office Visit, 18 and Up-->
     	 <definition>
      <valueSet classCode="OBS" moodCode="DEF">
         <id root="2.16.840.1.113883.3.464.1003.101.12.1023"/>
         <title value="Preventive Care Services-Initial Office Visit, 18 and Up"/>
      </valueSet>
   </definition>
   <!--ONC Administrative Sex-->
     	 <definition>
      <valueSet classCode="OBS" moodCode="DEF">
         <id root="2.16.840.1.113762.1.4.1"/>
         <title value="ONC Administrative Sex"/>
      </valueSet>
   </definition>
   <!--Hospice care ambulatory-->
     	 <definition>
      <valueSet classCode="OBS" moodCode="DEF">
         <id root="2.16.840.1.113762.1.4.1108.15"/>
         <title value="Hospice care ambulatory"/>
      </valueSet>
   </definition>
   <!--Home Healthcare Services-->
     	 <definition>
      <valueSet classCode="OBS" moodCode="DEF">
         <id root="2.16.840.1.113883.3.464.1003.101.12.1016"/>
         <title value="Home Healthcare Services"/>
      </valueSet>
   </definition>
   <!--HbA1c Laboratory Test-->
     	 <definition>
      <valueSet classCode="OBS" moodCode="DEF">
         <id root="2.16.840.1.113883.3.464.1003.198.12.1013"/>
         <title value="HbA1c Laboratory Test"/>
      </valueSet>
   </definition>
   <!--ED-->
     	 <definition>
      <valueSet classCode="OBS" moodCode="DEF">
         <id root="2.16.840.1.113883.3.464.1003.101.12.1085"/>
         <title value="ED"/>
      </valueSet>
   </definition>
   <!--Nursing Facility Visit-->
     	 <definition>
      <valueSet classCode="OBS" moodCode="DEF">
         <id root="2.16.840.1.113883.3.464.1003.101.12.1012"/>
         <title value="Nursing Facility Visit"/>
      </valueSet>
   </definition>
   <!--Encounter Inpatient-->
     	 <definition>
      <valueSet classCode="OBS" moodCode="DEF">
         <id root="2.16.840.1.113883.3.666.5.307"/>
         <title value="Encounter Inpatient"/>
      </valueSet>
   </definition>
   <!--Race-->
     	 <definition>
      <valueSet classCode="OBS" moodCode="DEF">
         <id root="2.16.840.1.114222.4.11.836"/>
         <title value="Race"/>
      </valueSet>
   </definition>
   <!--Outpatient-->
     	 <definition>
      <valueSet classCode="OBS" moodCode="DEF">
         <id root="2.16.840.1.113883.3.464.1003.101.12.1087"/>
         <title value="Outpatient"/>
      </valueSet>
   </definition>
   <!--Acute Inpatient-->
     	 <definition>
      <valueSet classCode="OBS" moodCode="DEF">
         <id root="2.16.840.1.113883.3.464.1003.101.12.1083"/>
         <title value="Acute Inpatient"/>
      </valueSet>
   </definition>
   <!--Payer-->
     	 <definition>
      <valueSet classCode="OBS" moodCode="DEF">
         <id root="2.16.840.1.114222.4.11.3591"/>
         <title value="Payer"/>
      </valueSet>
   </definition>
   <!--Nonacute Inpatient-->
     	 <definition>
      <valueSet classCode="OBS" moodCode="DEF">
         <id root="2.16.840.1.113883.3.464.1003.101.12.1084"/>
         <title value="Nonacute Inpatient"/>
      </valueSet>
   </definition>
   <!--Annual Wellness Visit-->
     	 <definition>
      <valueSet classCode="OBS" moodCode="DEF">
         <id root="2.16.840.1.113883.3.526.3.1240"/>
         <title value="Annual Wellness Visit"/>
      </valueSet>
   </definition>
   <!--Frailty Encounter-->
     	 <definition>
      <valueSet classCode="OBS" moodCode="DEF">
         <id root="2.16.840.1.113883.3.464.1003.101.12.1088"/>
         <title value="Frailty Encounter"/>
      </valueSet>
   </definition>
   <!--Observation-->
     	 <definition>
      <valueSet classCode="OBS" moodCode="DEF">
         <id root="2.16.840.1.113883.3.464.1003.101.12.1086"/>
         <title value="Observation"/>
      </valueSet>
   </definition>
   <!--Frailty Diagnosis-->
     	 <definition>
      <valueSet classCode="OBS" moodCode="DEF">
         <id root="2.16.840.1.113883.3.464.1003.113.12.1074"/>
         <title value="Frailty Diagnosis"/>
      </valueSet>
   </definition>
   <!--Care Services in Long-Term Residential Facility-->
     	 <definition>
      <valueSet classCode="OBS" moodCode="DEF">
         <id root="2.16.840.1.113883.3.464.1003.101.12.1014"/>
         <title value="Care Services in Long-Term Residential Facility"/>
      </valueSet>
   </definition>
   <!--Dementia Medications-->
     	 <definition>
      <valueSet classCode="OBS" moodCode="DEF">
         <id root="2.16.840.1.113883.3.464.1003.196.12.1510"/>
         <title value="Dementia Medications"/>
      </valueSet>
   </definition>
   <!--Office Visit-->
     	 <definition>
      <valueSet classCode="OBS" moodCode="DEF">
         <id root="2.16.840.1.113883.3.464.1003.101.12.1001"/>
         <title value="Office Visit"/>
      </valueSet>
   </definition>
   <!--Ethnicity-->
     	 <definition>
      <valueSet classCode="OBS" moodCode="DEF">
         <id root="2.16.840.1.114222.4.11.837"/>
         <title value="Ethnicity"/>
      </valueSet>
   </definition>
   <!--Preventive Care Services - Established Office Visit, 18 and Up-->
     	 <definition>
      <valueSet classCode="OBS" moodCode="DEF">
         <id root="2.16.840.1.113883.3.464.1003.101.12.1025"/>
         <title value="Preventive Care Services - Established Office Visit, 18 and Up"/>
      </valueSet>
   </definition>
   <!--Diabetes-->
     	 <definition>
      <valueSet classCode="OBS" moodCode="DEF">
         <id root="2.16.840.1.113883.3.464.1003.103.12.1001"/>
         <title value="Diabetes"/>
      </valueSet>
   </definition>
   <!--Frailty Device-->
     	 <definition>
      <valueSet classCode="OBS" moodCode="DEF">
         <id root="2.16.840.1.113883.3.464.1003.118.12.1300"/>
         <title value="Frailty Device"/>
      </valueSet>
   </definition>
   <!--Frailty Symptom-->
     	 <definition>
      <valueSet classCode="OBS" moodCode="DEF">
         <id root="2.16.840.1.113883.3.464.1003.113.12.1075"/>
         <title value="Frailty Symptom"/>
      </valueSet>
   </definition>
   <!--Advanced Illness-->
     	 <definition>
      <valueSet classCode="OBS" moodCode="DEF">
         <id root="2.16.840.1.113883.3.464.1003.110.12.1082"/>
         <title value="Advanced Illness"/>
      </valueSet>
   </definition>
   <!--Birth date-CODE:/CodeSystem/LOINC/Version/2.65/Code/21112-8/Info-->
      <definition>
      <cql-ext:code code="21112-8" codeSystem="2.16.840.1.113883.6.1" codeSystemName="LOINC">
         <displayName value="Birth date"/>
      </cql-ext:code>
   </definition>
   <!--Discharge to healthcare facility for hospice care (procedure)-CODE:/CodeSystem/SNOMEDCT/Version/2017-09/Code/428371000124100/Info-->
      <definition>
      <cql-ext:code code="428371000124100" codeSystem="2.16.840.1.113883.6.96"
                    codeSystemName="SNOMEDCT">
         <displayName value="Discharge to healthcare facility for hospice care (procedure)"/>
      </cql-ext:code>
   </definition>
   <!--Discharge to home for hospice care (procedure)-CODE:/CodeSystem/SNOMEDCT/Version/2017-09/Code/428361000124107/Info-->
      <definition>
      <cql-ext:code code="428361000124107" codeSystem="2.16.840.1.113883.6.96"
                    codeSystemName="SNOMEDCT">
         <displayName value="Discharge to home for hospice care (procedure)"/>
      </cql-ext:code>
   </definition>
   <relatedDocument typeCode="COMP">
      <expressionDocument>
         <id root="89AAAB15-925F-4BB1-8E06-7181E073DCCF"/>
         <text mediaType="text/cql">
            <reference value="https://emeasuretool.cms.gov/libraries/f2986519-5a4e-4149-a8f2-af0a1dc7f6bc/DiabetesHemoglobinA1cHbA1cPoorControl9-9.3.000.cql"/>
            <translation mediaType="application/elm+xml">
               <reference value="https://emeasuretool.cms.gov/libraries/f2986519-5a4e-4149-a8f2-af0a1dc7f6bc/DiabetesHemoglobinA1cHbA1cPoorControl9-9.3.000.xml"/>
            </translation>
            <translation mediaType="application/elm+json">
               <reference value="https://emeasuretool.cms.gov/libraries/f2986519-5a4e-4149-a8f2-af0a1dc7f6bc/DiabetesHemoglobinA1cHbA1cPoorControl9-9.3.000.json"/>
            </translation>
         </text>
         <setId extension="f2986519-5a4e-4149-a8f2-af0a1dc7f6bc"
                identifierName="DiabetesHemoglobinA1cHbA1cPoorControl9"
                root="https://emeasuretool.cms.gov/libraries"/>
         <versionNumber value="9.3.000"/>
      </expressionDocument>
   </relatedDocument>
   <relatedDocument typeCode="COMP">
      <expressionDocument>
         <id root="2c92808270b154160170d02469cf09f9"/>
         <text mediaType="text/cql">
            <reference value="https://emeasuretool.cms.gov/libraries/60aebe4a-ef31-4ff1-8cfb-93bd7ee79cf5/AdvancedIllnessandFrailtyExclusionECQM-5.5.000.cql"/>
            <translation mediaType="application/elm+xml">
               <reference value="https://emeasuretool.cms.gov/libraries/60aebe4a-ef31-4ff1-8cfb-93bd7ee79cf5/AdvancedIllnessandFrailtyExclusionECQM-5.5.000.xml"/>
            </translation>
            <translation mediaType="application/elm+json">
               <reference value="https://emeasuretool.cms.gov/libraries/60aebe4a-ef31-4ff1-8cfb-93bd7ee79cf5/AdvancedIllnessandFrailtyExclusionECQM-5.5.000.json"/>
            </translation>
         </text>
         <setId extension="60aebe4a-ef31-4ff1-8cfb-93bd7ee79cf5"
                identifierName="AdvancedIllnessandFrailtyExclusionECQM"
                root="https://emeasuretool.cms.gov/libraries"/>
         <versionNumber value="5.5.000"/>
      </expressionDocument>
   </relatedDocument>
   <relatedDocument typeCode="COMP">
      <expressionDocument>
         <id root="402803826cd4f54a016cde28210f096b"/>
         <text mediaType="text/cql">
            <reference value="https://emeasuretool.cms.gov/libraries/8bdc0a19-b210-4a58-8a07-f5d95a34eca9/MATGlobalCommonFunctions-5.0.000.cql"/>
            <translation mediaType="application/elm+xml">
               <reference value="https://emeasuretool.cms.gov/libraries/8bdc0a19-b210-4a58-8a07-f5d95a34eca9/MATGlobalCommonFunctions-5.0.000.xml"/>
            </translation>
            <translation mediaType="application/elm+json">
               <reference value="https://emeasuretool.cms.gov/libraries/8bdc0a19-b210-4a58-8a07-f5d95a34eca9/MATGlobalCommonFunctions-5.0.000.json"/>
            </translation>
         </text>
         <setId extension="8bdc0a19-b210-4a58-8a07-f5d95a34eca9"
                identifierName="MATGlobalCommonFunctions"
                root="https://emeasuretool.cms.gov/libraries"/>
         <versionNumber value="5.0.000"/>
      </expressionDocument>
   </relatedDocument>
   <relatedDocument typeCode="COMP">
      <expressionDocument>
         <id root="402803826c7bec34016cd4e75e34149c"/>
         <text mediaType="text/cql">
            <reference value="https://emeasuretool.cms.gov/libraries/47bbc6ea-a2f3-421d-85ca-fae959fcbafd/Adult_Outpatient_Encounters-1.3.000.cql"/>
            <translation mediaType="application/elm+xml">
               <reference value="https://emeasuretool.cms.gov/libraries/47bbc6ea-a2f3-421d-85ca-fae959fcbafd/Adult_Outpatient_Encounters-1.3.000.xml"/>
            </translation>
            <translation mediaType="application/elm+json">
               <reference value="https://emeasuretool.cms.gov/libraries/47bbc6ea-a2f3-421d-85ca-fae959fcbafd/Adult_Outpatient_Encounters-1.3.000.json"/>
            </translation>
         </text>
         <setId extension="47bbc6ea-a2f3-421d-85ca-fae959fcbafd"
                identifierName="Adult_Outpatient_Encounters"
                root="https://emeasuretool.cms.gov/libraries"/>
         <versionNumber value="1.3.000"/>
      </expressionDocument>
   </relatedDocument>
   <relatedDocument typeCode="COMP">
      <expressionDocument>
         <id root="402803826f15ff8b016f5c699acc0f17"/>
         <text mediaType="text/cql">
            <reference value="https://emeasuretool.cms.gov/libraries/64299b80-f383-4dc9-82e4-d6ef0b271b11/Hospice-2.2.000.cql"/>
            <translation mediaType="application/elm+xml">
               <reference value="https://emeasuretool.cms.gov/libraries/64299b80-f383-4dc9-82e4-d6ef0b271b11/Hospice-2.2.000.xml"/>
            </translation>
            <translation mediaType="application/elm+json">
               <reference value="https://emeasuretool.cms.gov/libraries/64299b80-f383-4dc9-82e4-d6ef0b271b11/Hospice-2.2.000.json"/>
            </translation>
         </text>
         <setId extension="64299b80-f383-4dc9-82e4-d6ef0b271b11" identifierName="Hospice"
                root="https://emeasuretool.cms.gov/libraries"/>
         <versionNumber value="2.2.000"/>
      </expressionDocument>
   </relatedDocument>
   <controlVariable>
      <measurePeriod>
         <id extension="measureperiod" root="e5174d8e-0d45-4486-9a1c-c9c0a4ee1065"/>
         <code code="MSRTP" codeSystem="2.16.840.1.113883.5.4">
            <originalText value="Measurement Period"/>
         </code>
         <value xsi:type="PIVL_TS">
            <phase highClosed="true" lowClosed="true">
               <low value="20200101"/>
               <width unit="a" value="1" xsi:type="PQ"/>
            </phase>
            <period unit="a" value="1"/>
         </value>
      </measurePeriod>
   </controlVariable>
   <subjectOf>
      <measureAttribute>
         <code nullFlavor="OTH">
            <originalText value="eCQM Identifier (Measure Authoring Tool)"/>
         </code>
         <value mediaType="text/plain" value="122" xsi:type="ED"/>
      </measureAttribute>
   </subjectOf>
   <subjectOf>
      <measureAttribute>
         <code nullFlavor="OTH">
            <originalText value="NQF Number"/>
         </code>
         <value mediaType="text/plain" value="Not Applicable" xsi:type="ED"/>
      </measureAttribute>
   </subjectOf>
   <subjectOf>
      <measureAttribute>
         <code code="COPY" codeSystem="2.16.840.1.113883.5.4">
            <displayName value="Copyright"/>
         </code>
         <value mediaType="text/plain"
                value="This Physician Performance Measure (Measure) and related data specifications are owned and were developed by the National Committee for Quality Assurance (NCQA). NCQA is not responsible for any use of the Measure. NCQA makes no representations, warranties, or endorsement about the quality of any organization or physician that uses or reports performance measures and NCQA has no liability to anyone who relies on such measures or specifications. NCQA holds a copyright in the Measure. The Measure can be reproduced and distributed, without modification, for noncommercial purposes (e.g., use by healthcare providers in connection with their practices) without obtaining approval from NCQA. Commercial use is defined as the sale, licensing, or distribution of the Measure for commercial gain, or incorporation of the Measure into a product or service that is sold, licensed or distributed for commercial gain. All commercial uses or requests for modification must be approved by NCQA and are subject to a license at the discretion of NCQA. (C) 2012-2019 National Committee for Quality Assurance. All Rights Reserved. &#xA;&#xA;Limited proprietary coding is contained in the Measure specifications for user convenience. Users of proprietary code sets should obtain all necessary licenses from the owners of the code sets. NCQA disclaims all liability for use or accuracy of any third party codes contained in the specifications.&#xA;&#xA;CPT(R) contained in the Measure specifications is copyright 2004-2019 American Medical Association. LOINC(R) copyright 2004-2019 Regenstrief Institute, Inc. This material contains SNOMED Clinical Terms(R) (SNOMED CT[R]) copyright 2004-2019 International Health Terminology Standards Development Organisation. ICD-10 copyright 2019 World Health Organization. All Rights Reserved."
                xsi:type="ED"/>
      </measureAttribute>
   </subjectOf>
   <subjectOf>
      <measureAttribute>
         <code code="DISC" codeSystem="2.16.840.1.113883.5.4">
            <displayName value="Disclaimer"/>
         </code>
         <value mediaType="text/plain"
                value="The performance Measure is not a clinical guideline and does not establish a standard of medical care, and has not been tested for all potential applications. THE MEASURE AND SPECIFICATIONS ARE PROVIDED &quot;AS IS&quot; WITHOUT WARRANTY OF ANY KIND.&#xA; &#xA;Due to technical limitations, registered trademarks are indicated by (R) or [R] and unregistered trademarks are indicated by (TM) or [TM]."
                xsi:type="ED"/>
      </measureAttribute>
   </subjectOf>
   <subjectOf>
      <measureAttribute>
         <code code="MSRSCORE" codeSystem="2.16.840.1.113883.5.4">
            <displayName value="Measure Scoring"/>
         </code>
         <value code="PROPOR" codeSystem="2.16.840.1.113883.5.1063" xsi:type="CD">
            <displayName value="Proportion"/>
         </value>
      </measureAttribute>
   </subjectOf>
   <subjectOf>
      <measureAttribute>
         <code code="MSRTYPE" codeSystem="2.16.840.1.113883.5.4">
            <displayName value="Measure Type"/>
         </code>
         <value code="INTERM-OM" codeSystem="2.16.840.1.113883.5.1063" xsi:type="CD">
            <displayName value="INTERM-OM"/>
         </value>
      </measureAttribute>
   </subjectOf>
   <subjectOf>
      <measureAttribute>
         <code code="STRAT" codeSystem="2.16.840.1.113883.5.4">
            <displayName value="Stratification"/>
         </code>
         <value mediaType="text/plain" value="None" xsi:type="ED"/>
      </measureAttribute>
   </subjectOf>
   <subjectOf>
      <measureAttribute>
         <code code="MSRADJ" codeSystem="2.16.840.1.113883.5.4">
            <displayName value="Risk Adjustment"/>
         </code>
         <value mediaType="text/plain" value="None" xsi:type="ED"/>
      </measureAttribute>
   </subjectOf>
   <subjectOf>
      <measureAttribute>
         <code code="MSRAGG" codeSystem="2.16.840.1.113883.5.4">
            <displayName value="Rate Aggregation"/>
         </code>
         <value mediaType="text/plain" value="None" xsi:type="ED"/>
      </measureAttribute>
   </subjectOf>
   <subjectOf>
      <measureAttribute>
         <code code="RAT" codeSystem="2.16.840.1.113883.5.4">
            <displayName value="Rationale"/>
         </code>
         <value mediaType="text/plain"
                value="As the seventh leading cause of death in the U.S., diabetes kills approximately 79,500 people a year and affects more than 30 million Americans (9.4 percent of the U.S. population) (Centers for Disease Control and Prevention [CDC], 2017a, 2017b). Diabetes is a long-lasting disease marked by high blood glucose levels, resulting from the body's inability to produce or use insulin properly (CDC, 2019). People with diabetes are at increased risk of serious health complications including vision loss, heart disease, stroke, kidney failure, amputation of toes, feet or legs, and premature death (CDC, 2016). &#xA;&#xA;In 2017, diabetes cost the U.S. an estimated $327 billion: $237 billion in direct medical costs and $90 billion in reduced productivity. This is a 34 percent increase from the estimated $245 billion spent on diabetes in 2012 (American Diabetes Association, 2018).  &#xA;&#xA;Controlling A1c blood levels help reduce the risk of microvascular complications (eye, kidney and nerve diseases) (CDC, 2014)."
                xsi:type="ED"/>
      </measureAttribute>
   </subjectOf>
   <subjectOf>
      <measureAttribute>
         <code code="CRS" codeSystem="2.16.840.1.113883.5.4">
            <displayName value="Clinical Recommendation Statement"/>
         </code>
         <value mediaType="text/plain"
                value="American Diabetes Association (2019):&#xA;&#xA;- A reasonable A1C goal for many nonpregnant adults is &lt;7%. (Level of evidence: A)&#xA;&#xA;- Providers might reasonably suggest more stringent A1C goals (such as &lt;6.5% [48 mmol/mol]) for selected individual patients if this can be achieved without significant hypoglycemia or other adverse effects of treatment (i.e. polypharmacy). Appropriate patients might include those with short duration of diabetes, type 2 diabetes treated with lifestyle or metformin only, long life expectancy, or no significant cardiovascular disease (CVD). (Level of evidence: C)&#xA;&#xA;- Less stringent A1C goals (such as &lt;8% [64 mmol/mol]) may be appropriate for patients with a history of severe hypoglycemia, limited life expectancy, advanced microvascular or macrovascular complications, extensive comorbid&#xA; conditions, or long-standing diabetes in whom the goal is difficult to achieve despite diabetes self-management education, appropriate glucose monitoring, and effective doses of multiple glucose-lowering agents including insulin. (Level of evidence: B)"
                xsi:type="ED"/>
      </measureAttribute>
   </subjectOf>
   <subjectOf>
      <measureAttribute>
         <code code="IDUR" codeSystem="2.16.840.1.113883.5.4">
            <displayName value="Improvement Notation"/>
         </code>
         <value mediaType="text/plain" value="Lower score indicates better quality"
                xsi:type="ED"/>
      </measureAttribute>
   </subjectOf>
   <subjectOf>
      <measureAttribute>
         <code code="REF" codeSystem="2.16.840.1.113883.5.4">
            <displayName value="Reference"/>
         </code>
         <value mediaType="text/plain"
                value="American Diabetes Association. (2018). Economic costs of diabetes in the U.S. in 2017. Diabetes Care, 41, 917-928. Retrieved from http://care.diabetesjournals.org/content/early/2018/03/20/dci18-0007"
                xsi:type="ED"/>
      </measureAttribute>
   </subjectOf>
   <subjectOf>
      <measureAttribute>
         <code code="REF" codeSystem="2.16.840.1.113883.5.4">
            <displayName value="Reference"/>
         </code>
         <value mediaType="text/plain"
                value="American Diabetes Association. (2019). 6. Glycemic targets: Standards of medical care in diabetes—2019. Diabetes Care, 42(Suppl. 1), S61-S70. https://doi.org/10.2337/dc19-S006"
                xsi:type="ED"/>
      </measureAttribute>
   </subjectOf>
   <subjectOf>
      <measureAttribute>
         <code code="REF" codeSystem="2.16.840.1.113883.5.4">
            <displayName value="Reference"/>
         </code>
         <value mediaType="text/plain"
                value="Centers for Disease Control and Prevention. (2014). National diabetes statistics report, 2014. Atlanta, GA: U.S. Department of Health and Human Services, CDC. Retrieved from http://www.thefdha.org/pdf/diabetes.pdf"
                xsi:type="ED"/>
      </measureAttribute>
   </subjectOf>
   <subjectOf>
      <measureAttribute>
         <code code="REF" codeSystem="2.16.840.1.113883.5.4">
            <displayName value="Reference"/>
         </code>
         <value mediaType="text/plain"
                value="Centers for Disease Control and Prevention. (2016). At a glance 2016: Diabetes—Working to reverse the U.S. epidemic. Atlanta, GA: Author. Retrieved from https://upcap.org/admin/wp-content/uploads/2016/06/Diabetes-at-a-Glance.pdf"
                xsi:type="ED"/>
      </measureAttribute>
   </subjectOf>
   <subjectOf>
      <measureAttribute>
         <code code="REF" codeSystem="2.16.840.1.113883.5.4">
            <displayName value="Reference"/>
         </code>
         <value mediaType="text/plain"
                value="Centers for Disease Control and Prevention. (2017a). Health, United States, 2016: With chartbook on long-term trends in health. Retrieved from https://www.cdc.gov/nchs/data/hus/hus16.pdf"
                xsi:type="ED"/>
      </measureAttribute>
   </subjectOf>
   <subjectOf>
      <measureAttribute>
         <code code="REF" codeSystem="2.16.840.1.113883.5.4">
            <displayName value="Reference"/>
         </code>
         <value mediaType="text/plain"
                value="Centers for Disease Control and Prevention. (2017b). National diabetes statistics report, 2017. Atlanta, GA: U.S. Department of Health and Human Services, CDC. Retrieved from https://www.cdc.gov/diabetes/pdfs/data/statistics/national-diabetes-statistics-report.pdf"
                xsi:type="ED"/>
      </measureAttribute>
   </subjectOf>
   <subjectOf>
      <measureAttribute>
         <code code="REF" codeSystem="2.16.840.1.113883.5.4">
            <displayName value="Reference"/>
         </code>
         <value mediaType="text/plain"
                value="Centers for Disease Control and Prevention. (2019). About diabetes. Retrieved from https://www.cdc.gov/diabetes/basics/diabetes.html"
                xsi:type="ED"/>
      </measureAttribute>
   </subjectOf>
   <subjectOf>
      <measureAttribute>
         <code code="DEF" codeSystem="2.16.840.1.113883.5.4">
            <displayName value="Definition"/>
         </code>
         <value mediaType="text/plain" value="None" xsi:type="ED"/>
      </measureAttribute>
   </subjectOf>
   <subjectOf>
      <measureAttribute>
         <code code="GUIDE" codeSystem="2.16.840.1.113883.5.4">
            <displayName value="Guidance"/>
         </code>
         <value mediaType="text/plain"
                value="Patient is numerator compliant if most recent HbA1c level &gt;9%, the most recent HbA1c result is missing, or if there are no HbA1c tests performed and results documented during the measurement period. If the HbA1c test result is in the medical record, the test can be used to determine numerator compliance.&#xA;&#xA;Only patients with a diagnosis of Type 1 or Type 2 diabetes should be included in the denominator of this measure; patients with a diagnosis of secondary diabetes due to another condition should not be included.&#xA;&#xA;This eCQM is a patient-based measure.&#xA;&#xA;This version of the eCQM uses QDM version 5.5.  Please refer to the eCQI resource center (https://ecqi.healthit.gov/qdm) for more information on the QDM."
                xsi:type="ED"/>
      </measureAttribute>
   </subjectOf>
   <subjectOf>
      <measureAttribute>
         <code code="TRANF" codeSystem="2.16.840.1.113883.5.4">
            <displayName value="Transmission Format"/>
         </code>
         <value mediaType="text/plain" value="TBD" xsi:type="ED"/>
      </measureAttribute>
   </subjectOf>
   <subjectOf>
      <measureAttribute>
         <code code="IPOP" codeSystem="2.16.840.1.113883.5.4">
            <displayName value="Initial Population"/>
         </code>
         <value mediaType="text/plain"
                value="Patients 18-75 years of age with diabetes with a visit during the measurement period"
                xsi:type="ED"/>
      </measureAttribute>
   </subjectOf>
   <subjectOf>
      <measureAttribute>
         <code code="DENOM" codeSystem="2.16.840.1.113883.5.4">
            <displayName value="Denominator"/>
         </code>
         <value mediaType="text/plain" value="Equals Initial Population" xsi:type="ED"/>
      </measureAttribute>
   </subjectOf>
   <subjectOf>
      <measureAttribute>
         <code code="DENEX" codeSystem="2.16.840.1.113883.5.4">
            <displayName value="Denominator Exclusions"/>
         </code>
         <value mediaType="text/plain"
                value="Exclude patients whose hospice care overlaps the measurement period.&#xA;&#xA;Exclude patients 66 and older who are living long term in an institution for more than 90 consecutive days during the measurement period.&#xA;&#xA;Exclude patients 66 and older with advanced illness and frailty because it is unlikely that patients will benefit from the services being measured."
                xsi:type="ED"/>
      </measureAttribute>
   </subjectOf>
   <subjectOf>
      <measureAttribute>
         <code code="NUMER" codeSystem="2.16.840.1.113883.5.4">
            <displayName value="Numerator"/>
         </code>
         <value mediaType="text/plain"
                value="Patients whose most recent HbA1c level (performed during the measurement period) is &gt;9.0%"
                xsi:type="ED"/>
      </measureAttribute>
   </subjectOf>
   <subjectOf>
      <measureAttribute>
         <code code="NUMEX" codeSystem="2.16.840.1.113883.5.4">
            <displayName value="Numerator Exclusions"/>
         </code>
         <value mediaType="text/plain" value="Not Applicable" xsi:type="ED"/>
      </measureAttribute>
   </subjectOf>
   <subjectOf>
      <measureAttribute>
         <code code="DENEXCEP" codeSystem="2.16.840.1.113883.5.4">
            <displayName value="Denominator Exceptions"/>
         </code>
         <value mediaType="text/plain" value="None" xsi:type="ED"/>
      </measureAttribute>
   </subjectOf>
   <subjectOf>
      <measureAttribute>
         <code code="SDE" codeSystem="2.16.840.1.113883.5.4">
            <displayName value="Supplemental Data Elements"/>
         </code>
         <value mediaType="text/plain"
                value="For every patient evaluated by this measure also identify payer, race, ethnicity and sex"
                xsi:type="ED"/>
      </measureAttribute>
   </subjectOf>
   <componentOf>
      <qualityMeasureSet classCode="ACT">
         <id root=""/>
         <title value="None"/>
      </qualityMeasureSet>
   </componentOf>
   <!--Data Criteria Section-->
   <component>
      <dataCriteriaSection>
         <templateId>
            <item extension="2019-05-01" root="2.16.840.1.113883.10.20.28.2.6"/>
         </templateId>
         <code code="57025-9" codeSystem="2.16.840.1.113883.6.1"/>
         <title value="Data Criteria Section"/>
         <text/>
         <entry typeCode="DRIV">
            <localVariableName value="PreventiveCareServices-InitialOfficeVisit18andUp_EncounterPerformed_uX7vN"/>
            <encounterCriteria classCode="ENC" moodCode="EVN">
               <templateId>
                  <item extension="2019-05-01" root="2.16.840.1.113883.10.20.28.4.5"/>
               </templateId>
               <id extension="PreventiveCareServices-InitialOfficeVisit18andUp_EncounterPerformed"
                   root="09201b3c-a8c5-4252-a331-7b3c3142000f"/>
               <code valueSet="2.16.840.1.113883.3.464.1003.101.12.1023"/>
               <title value="Encounter, Performed"/>
               <statusCode code="COMPLETED"/>
            </encounterCriteria>
         </entry>
         <entry typeCode="DRIV">
            <localVariableName value="ONCAdministrativeSex_PatientCharacteristicSex_jVuqy"/>
            <observationCriteria classCode="OBS" moodCode="EVN">
               <templateId>
                  <item extension="2017-05-01" root="2.16.840.1.113883.10.20.28.4.55"/>
               </templateId>
               <id extension="ONCAdministrativeSex_PatientCharacteristicSex"
                   root="83aa6e89-146d-4432-8101-72c1b74df5f5"/>
               <code code="263495000" codeSystem="2.16.840.1.113883.6.96" codeSystemName="SNOMED CT">
                  <displayName value="Gender"/>
               </code>
               <title value="Patient Characteristic Sex"/>
               <statusCode code="COMPLETED"/>
               <value valueSet="2.16.840.1.113762.1.4.1" xsi:type="CD"/>
            </observationCriteria>
         </entry>
         <entry typeCode="DRIV">
            <localVariableName value="Hospicecareambulatory_InterventionOrder_xLhwK"/>
            <actCriteria classCode="ACT" moodCode="RQO">
               <templateId>
                  <item extension="2019-05-01" root="2.16.840.1.113883.10.20.28.4.35"/>
               </templateId>
               <id extension="Hospicecareambulatory_InterventionOrder"
                   root="95cca057-9695-4ee4-a5bd-eff4b54c6098"/>
               <code valueSet="2.16.840.1.113762.1.4.1108.15"/>
               <title value="Intervention, Order"/>
               <statusCode code="ACTIVE"/>
            </actCriteria>
         </entry>
         <entry typeCode="DRIV">
            <localVariableName value="Hospicecareambulatory_InterventionPerformed_V1cln"/>
            <actCriteria classCode="ACT" moodCode="EVN">
               <templateId>
                  <item extension="2019-05-01" root="2.16.840.1.113883.10.20.28.4.36"/>
               </templateId>
               <id extension="Hospicecareambulatory_InterventionPerformed"
                   root="95cca057-9695-4ee4-a5bd-eff4b54c6098"/>
               <code valueSet="2.16.840.1.113762.1.4.1108.15"/>
               <title value="Intervention, Performed"/>
               <statusCode code="COMPLETED"/>
            </actCriteria>
         </entry>
         <entry typeCode="DRIV">
            <localVariableName value="HomeHealthcareServices_EncounterPerformed_xXuuY"/>
            <encounterCriteria classCode="ENC" moodCode="EVN">
               <templateId>
                  <item extension="2019-05-01" root="2.16.840.1.113883.10.20.28.4.5"/>
               </templateId>
               <id extension="HomeHealthcareServices_EncounterPerformed"
                   root="4852fab7-616b-49c0-9945-90f8864ae335"/>
               <code valueSet="2.16.840.1.113883.3.464.1003.101.12.1016"/>
               <title value="Encounter, Performed"/>
               <statusCode code="COMPLETED"/>
            </encounterCriteria>
         </entry>
         <entry typeCode="DRIV">
            <localVariableName value="HbA1cLaboratoryTest_LaboratoryTestPerformed_9sr6v"/>
            <observationCriteria classCode="OBS" moodCode="EVN">
               <templateId>
                  <item extension="2019-05-01" root="2.16.840.1.113883.10.20.28.4.42"/>
               </templateId>
               <id extension="HbA1cLaboratoryTest_LaboratoryTestPerformed"
                   root="3b63e1f8-aaf3-4b56-9869-eb05ccc33687"/>
               <code valueSet="2.16.840.1.113883.3.464.1003.198.12.1013"/>
               <title value="Laboratory Test, Performed"/>
               <statusCode code="COMPLETED"/>
            </observationCriteria>
         </entry>
         <entry typeCode="DRIV">
            <localVariableName value="ED_EncounterPerformed_TysdF"/>
            <encounterCriteria classCode="ENC" moodCode="EVN">
               <templateId>
                  <item extension="2019-05-01" root="2.16.840.1.113883.10.20.28.4.5"/>
               </templateId>
               <id extension="ED_EncounterPerformed" root="2f3b61fd-d4d2-4500-a649-dcb501994297"/>
               <code valueSet="2.16.840.1.113883.3.464.1003.101.12.1085"/>
               <title value="Encounter, Performed"/>
               <statusCode code="COMPLETED"/>
            </encounterCriteria>
         </entry>
         <entry typeCode="DRIV">
            <localVariableName value="NursingFacilityVisit_EncounterPerformed_3b898"/>
            <encounterCriteria classCode="ENC" moodCode="EVN">
               <templateId>
                  <item extension="2019-05-01" root="2.16.840.1.113883.10.20.28.4.5"/>
               </templateId>
               <id extension="NursingFacilityVisit_EncounterPerformed"
                   root="87b7bdae-27e7-4d64-9e00-ad4c0a73b3a1"/>
               <code valueSet="2.16.840.1.113883.3.464.1003.101.12.1012"/>
               <title value="Encounter, Performed"/>
               <statusCode code="COMPLETED"/>
            </encounterCriteria>
         </entry>
         <entry typeCode="DRIV">
            <localVariableName value="EncounterInpatient_EncounterPerformed_V5TG7"/>
            <encounterCriteria classCode="ENC" moodCode="EVN">
               <templateId>
                  <item extension="2019-05-01" root="2.16.840.1.113883.10.20.28.4.5"/>
               </templateId>
               <id extension="EncounterInpatient_EncounterPerformed"
                   root="59c3933e-c568-4119-b89d-c29b7c752ef3"/>
               <code valueSet="2.16.840.1.113883.3.666.5.307"/>
               <title value="Encounter, Performed"/>
               <statusCode code="COMPLETED"/>
            </encounterCriteria>
         </entry>
         <entry typeCode="DRIV">
            <localVariableName value="Race_PatientCharacteristicRace_4ilyD"/>
            <observationCriteria classCode="OBS" moodCode="EVN">
               <templateId>
                  <item extension="2017-05-01" root="2.16.840.1.113883.10.20.28.4.59"/>
               </templateId>
               <id extension="Race_PatientCharacteristicRace"
                   root="c3a4bf0c-b283-42c0-8990-29a971f9eb4d"/>
               <code code="32624-9" codeSystem="2.16.840.1.113883.6.1" codeSystemName="LOINC">
                  <displayName value="Race"/>
               </code>
               <title value="Patient Characteristic Race"/>
               <statusCode code="COMPLETED"/>
               <value valueSet="2.16.840.1.114222.4.11.836" xsi:type="CD"/>
            </observationCriteria>
         </entry>
         <entry typeCode="DRIV">
            <localVariableName value="Outpatient_EncounterPerformed_ufCpT"/>
            <encounterCriteria classCode="ENC" moodCode="EVN">
               <templateId>
                  <item extension="2019-05-01" root="2.16.840.1.113883.10.20.28.4.5"/>
               </templateId>
               <id extension="Outpatient_EncounterPerformed"
                   root="74132a0d-4844-43d8-a380-72d24f8efe6e"/>
               <code valueSet="2.16.840.1.113883.3.464.1003.101.12.1087"/>
               <title value="Encounter, Performed"/>
               <statusCode code="COMPLETED"/>
            </encounterCriteria>
         </entry>
         <entry typeCode="DRIV">
            <localVariableName value="AcuteInpatient_EncounterPerformed_yn4QL"/>
            <encounterCriteria classCode="ENC" moodCode="EVN">
               <templateId>
                  <item extension="2019-05-01" root="2.16.840.1.113883.10.20.28.4.5"/>
               </templateId>
               <id extension="AcuteInpatient_EncounterPerformed"
                   root="0c42fbd2-5784-4eeb-8c3f-dad620b76bd5"/>
               <code valueSet="2.16.840.1.113883.3.464.1003.101.12.1083"/>
               <title value="Encounter, Performed"/>
               <statusCode code="COMPLETED"/>
            </encounterCriteria>
         </entry>
         <entry typeCode="DRIV">
            <localVariableName value="Payer_PatientCharacteristicPayer_DqPH9"/>
            <observationCriteria classCode="OBS" moodCode="EVN">
               <templateId>
                  <item extension="2017-05-01" root="2.16.840.1.113883.10.20.28.4.58"/>
               </templateId>
               <id extension="Payer_PatientCharacteristicPayer"
                   root="64692662-357c-46ce-940c-825503b6aea6"/>
               <code code="48768-6" codeSystem="2.16.840.1.113883.6.1" codeSystemName="LOINC">
                  <displayName value="Payer"/>
               </code>
               <title value="Patient Characteristic Payer"/>
               <statusCode code="COMPLETED"/>
               <value valueSet="2.16.840.1.114222.4.11.3591" xsi:type="CD"/>
            </observationCriteria>
         </entry>
         <entry typeCode="DRIV">
            <localVariableName value="NonacuteInpatient_EncounterPerformed_u79gG"/>
            <encounterCriteria classCode="ENC" moodCode="EVN">
               <templateId>
                  <item extension="2019-05-01" root="2.16.840.1.113883.10.20.28.4.5"/>
               </templateId>
               <id extension="NonacuteInpatient_EncounterPerformed"
                   root="091d1af8-71ce-42be-a29d-341c25b64454"/>
               <code valueSet="2.16.840.1.113883.3.464.1003.101.12.1084"/>
               <title value="Encounter, Performed"/>
               <statusCode code="COMPLETED"/>
            </encounterCriteria>
         </entry>
         <entry typeCode="DRIV">
            <localVariableName value="AnnualWellnessVisit_EncounterPerformed_XKCP5"/>
            <encounterCriteria classCode="ENC" moodCode="EVN">
               <templateId>
                  <item extension="2019-05-01" root="2.16.840.1.113883.10.20.28.4.5"/>
               </templateId>
               <id extension="AnnualWellnessVisit_EncounterPerformed"
                   root="d44294a7-4e9f-4cae-ba8c-04ec713826fb"/>
               <code valueSet="2.16.840.1.113883.3.526.3.1240"/>
               <title value="Encounter, Performed"/>
               <statusCode code="COMPLETED"/>
            </encounterCriteria>
         </entry>
         <entry typeCode="DRIV">
            <localVariableName value="FrailtyEncounter_EncounterPerformed_49XNw"/>
            <encounterCriteria classCode="ENC" moodCode="EVN">
               <templateId>
                  <item extension="2019-05-01" root="2.16.840.1.113883.10.20.28.4.5"/>
               </templateId>
               <id extension="FrailtyEncounter_EncounterPerformed"
                   root="f49a4332-bb2f-4685-8788-3946d624776e"/>
               <code valueSet="2.16.840.1.113883.3.464.1003.101.12.1088"/>
               <title value="Encounter, Performed"/>
               <statusCode code="COMPLETED"/>
            </encounterCriteria>
         </entry>
         <entry typeCode="DRIV">
            <localVariableName value="Observation_EncounterPerformed_inHYt"/>
            <encounterCriteria classCode="ENC" moodCode="EVN">
               <templateId>
                  <item extension="2019-05-01" root="2.16.840.1.113883.10.20.28.4.5"/>
               </templateId>
               <id extension="Observation_EncounterPerformed"
                   root="65b06ccd-427f-499f-b5bf-aa9f350d0ca7"/>
               <code valueSet="2.16.840.1.113883.3.464.1003.101.12.1086"/>
               <title value="Encounter, Performed"/>
               <statusCode code="COMPLETED"/>
            </encounterCriteria>
         </entry>
         <entry typeCode="DRIV">
            <localVariableName value="FrailtyDiagnosis_Diagnosis_fju1u"/>
            <observationCriteria classCode="OBS" moodCode="EVN">
               <templateId>
                  <item extension="2019-05-01" root="2.16.840.1.113883.10.20.28.4.110"/>
               </templateId>
               <id extension="FrailtyDiagnosis_Diagnosis"
                   root="ffe64f65-5595-4ccc-8663-935a1017f45b"/>
               <code code="282291009" codeSystem="2.16.840.1.113883.6.96" codeSystemName="SNOMED CT">
                  <displayName value="Diagnosis"/>
               </code>
               <title value="Diagnosis"/>
               <statusCode code="COMPLETED"/>
               <value valueSet="2.16.840.1.113883.3.464.1003.113.12.1074" xsi:type="CD"/>
            </observationCriteria>
         </entry>
         <entry typeCode="DRIV">
            <localVariableName value="CareServicesinLong-TermResidentialFacility_EncounterPerformed_oKMJP"/>
            <encounterCriteria classCode="ENC" moodCode="EVN">
               <templateId>
                  <item extension="2019-05-01" root="2.16.840.1.113883.10.20.28.4.5"/>
               </templateId>
               <id extension="CareServicesinLong-TermResidentialFacility_EncounterPerformed"
                   root="00ddc2b5-be46-4bea-8312-38982e5b9666"/>
               <code valueSet="2.16.840.1.113883.3.464.1003.101.12.1014"/>
               <title value="Encounter, Performed"/>
               <statusCode code="COMPLETED"/>
            </encounterCriteria>
         </entry>
         <entry typeCode="DRIV">
            <localVariableName value="DementiaMedications_MedicationActive_Rh7JZ"/>
            <substanceAdministrationCriteria classCode="SBADM" moodCode="EVN">
               <templateId>
                  <item extension="2019-05-01" root="2.16.840.1.113883.10.20.28.4.44"/>
               </templateId>
               <id extension="DementiaMedications_MedicationActive"
                   root="8d5f9441-8c89-47a0-86ec-f41fdca53424"/>
               <title value="Medication, Active"/>
               <statusCode code="ACTIVE"/>
			            <participation typeCode="CSM">
                  <role classCode="MANU">
                     <playingMaterial classCode="MMAT" determinerCode="KIND">
                        <code valueSet="2.16.840.1.113883.3.464.1003.196.12.1510"/>
                     </playingMaterial>
                  </role>
               </participation>
		          </substanceAdministrationCriteria>
         </entry>
         <entry typeCode="DRIV">
            <localVariableName value="OfficeVisit_EncounterPerformed_7dSAQ"/>
            <encounterCriteria classCode="ENC" moodCode="EVN">
               <templateId>
                  <item extension="2019-05-01" root="2.16.840.1.113883.10.20.28.4.5"/>
               </templateId>
               <id extension="OfficeVisit_EncounterPerformed"
                   root="ccaea27f-c786-41f6-9f67-90ed125d1c0d"/>
               <code valueSet="2.16.840.1.113883.3.464.1003.101.12.1001"/>
               <title value="Encounter, Performed"/>
               <statusCode code="COMPLETED"/>
            </encounterCriteria>
         </entry>
         <entry typeCode="DRIV">
            <localVariableName value="Ethnicity_PatientCharacteristicEthnicity_SBtPc"/>
            <observationCriteria classCode="OBS" moodCode="EVN">
               <templateId>
                  <item extension="2017-05-01" root="2.16.840.1.113883.10.20.28.4.56"/>
               </templateId>
               <id extension="Ethnicity_PatientCharacteristicEthnicity"
                   root="c8ba78cf-40f6-4093-862d-6006cc65023f"/>
               <code code="54133-4" codeSystem="2.16.840.1.113883.6.1" codeSystemName="LOINC">
                  <displayName value="Ethnicity"/>
               </code>
               <title value="Patient Characteristic Ethnicity"/>
               <statusCode code="COMPLETED"/>
               <value valueSet="2.16.840.1.114222.4.11.837" xsi:type="CD"/>
            </observationCriteria>
         </entry>
         <entry typeCode="DRIV">
            <localVariableName value="PreventiveCareServices-EstablishedOfficeVisit18andUp_EncounterPerformed_2zpg1"/>
            <encounterCriteria classCode="ENC" moodCode="EVN">
               <templateId>
                  <item extension="2019-05-01" root="2.16.840.1.113883.10.20.28.4.5"/>
               </templateId>
               <id extension="PreventiveCareServices-EstablishedOfficeVisit18andUp_EncounterPerformed"
                   root="b1ad8105-2d49-41b5-b606-0f82e227158f"/>
               <code valueSet="2.16.840.1.113883.3.464.1003.101.12.1025"/>
               <title value="Encounter, Performed"/>
               <statusCode code="COMPLETED"/>
            </encounterCriteria>
         </entry>
         <entry typeCode="DRIV">
            <localVariableName value="Diabetes_Diagnosis_z1P6M"/>
            <observationCriteria classCode="OBS" moodCode="EVN">
               <templateId>
                  <item extension="2019-05-01" root="2.16.840.1.113883.10.20.28.4.110"/>
               </templateId>
               <id extension="Diabetes_Diagnosis" root="dbaa8edd-2495-49f1-9d8d-86c97c3dd2da"/>
               <code code="282291009" codeSystem="2.16.840.1.113883.6.96" codeSystemName="SNOMED CT">
                  <displayName value="Diagnosis"/>
               </code>
               <title value="Diagnosis"/>
               <statusCode code="COMPLETED"/>
               <value valueSet="2.16.840.1.113883.3.464.1003.103.12.1001" xsi:type="CD"/>
            </observationCriteria>
         </entry>
         <entry typeCode="DRIV">
            <localVariableName value="FrailtyDevice_DeviceOrder_anGAp"/>
            <supplyCriteria classCode="SPLY" moodCode="RQO">
               <templateId>
                  <item extension="2019-05-01" root="2.16.840.1.113883.10.20.28.4.15"/>
               </templateId>
               <id extension="FrailtyDevice_DeviceOrder"
                   root="09d12239-3f43-47e8-9d01-84e20943e503"/>
               <title value="Device, Order"/>
               <statusCode code="ACTIVE"/>
			            <participation typeCode="DEV">
                  <role classCode="MANU">
                     <playingDevice classCode="DEV" determinerCode="KIND">
                        <code valueSet="2.16.840.1.113883.3.464.1003.118.12.1300"/>
                     </playingDevice>
                  </role>
               </participation>
		          </supplyCriteria>
         </entry>
         <entry typeCode="DRIV">
            <localVariableName value="FrailtyDevice_DeviceApplied_nGiaT"/>
            <procedureCriteria classCode="PROC" moodCode="EVN">
               <templateId>
                  <item extension="2019-05-01" root="2.16.840.1.113883.10.20.28.4.13"/>
               </templateId>
               <id extension="FrailtyDevice_DeviceApplied"
                   root="09d12239-3f43-47e8-9d01-84e20943e503"/>
               <code code="360030002" codeSystem="2.16.840.1.113883.6.96">
                  <displayName value="Application of Device"/>
               </code>
               <title value="Device, Applied"/>
               <statusCode code="COMPLETED"/>
			            <participation typeCode="DEV">
                  <role classCode="MANU">
                     <playingDevice classCode="DEV" determinerCode="KIND">
                        <code valueSet="2.16.840.1.113883.3.464.1003.118.12.1300"/>
                     </playingDevice>
                  </role>
               </participation>
		          </procedureCriteria>
         </entry>
         <entry typeCode="DRIV">
            <localVariableName value="FrailtySymptom_Symptom_0CCnx"/>
            <observationCriteria classCode="OBS" moodCode="EVN">
               <templateId>
                  <item extension="2019-05-01" root="2.16.840.1.113883.10.20.28.4.116"/>
               </templateId>
               <id extension="FrailtySymptom_Symptom" root="bfcb65b5-61f2-49b8-a2e9-f648e6a818c0"/>
               <code code="418799008" codeSystem="2.16.840.1.113883.6.96" codeSystemName="SNOMED CT">
                  <displayName value="Symptom"/>
               </code>
               <title value="Symptom"/>
               <statusCode code="COMPLETED"/>
               <value valueSet="2.16.840.1.113883.3.464.1003.113.12.1075" xsi:type="CD"/>
            </observationCriteria>
         </entry>
         <entry typeCode="DRIV">
            <observationCriteria classCode="OBS" moodCode="EVN">
               <templateId>
                  <item extension="2017-05-01" root="2.16.840.1.113883.10.20.28.4.54"/>
               </templateId>
               <id extension="21112-8_PatientCharacteristicBirthdate"
                   root="3F7FF665-AEBD-426B-8A18-920684F445A1"/>
               <code code="21112-8" codeSystem="2.16.840.1.113883.6.1" codeSystemName="LOINC"/>
               <title value="Patient Characteristic Birthdate"/>
               <statusCode code="COMPLETED"/>
            </observationCriteria>
         </entry>
      </dataCriteriaSection>
   </component>
   <component>
      <populationCriteriaSection>
         <templateId>
            <item extension="2017-08-01" root="2.16.840.1.113883.10.20.28.2.7"/>
         </templateId>
         <id extension="PopulationCriteria1" root="158A0206-3FD7-4428-A4B2-BA7CF13F7DF5"/>
         <code code="57026-7" codeSystem="2.16.840.1.113883.6.1"/>
         <title value="Population Criteria Section"/>
         <text/>
         <component typeCode="COMP">
            <initialPopulationCriteria classCode="OBS" moodCode="EVN">
               <id extension="initialPopulation" root="C7396995-408E-4254-BF40-D2CD2A97E858"/>
               <code code="IPOP" codeSystem="2.16.840.1.113883.5.4" codeSystemName="Act Code"/>
               <precondition typeCode="PRCN">
                  <criteriaReference classCode="OBS" moodCode="EVN">
                     <id extension="DiabetesHemoglobinA1cHbA1cPoorControl9.&quot;Initial Population&quot;"
                         root="89AAAB15-925F-4BB1-8E06-7181E073DCCF"/>
                  </criteriaReference>
               </precondition>
            </initialPopulationCriteria>
         </component>
         <component typeCode="COMP">
            <denominatorCriteria classCode="OBS" moodCode="EVN">
               <id extension="denominator" root="02793E57-2555-4145-BECF-1BE0F6CAED62"/>
               <code code="DENOM" codeSystem="2.16.840.1.113883.5.4" codeSystemName="Act Code"/>
               <precondition typeCode="PRCN">
                  <criteriaReference classCode="OBS" moodCode="EVN">
                     <id extension="DiabetesHemoglobinA1cHbA1cPoorControl9.&quot;Denominator&quot;"
                         root="89AAAB15-925F-4BB1-8E06-7181E073DCCF"/>
                  </criteriaReference>
               </precondition>
            </denominatorCriteria>
         </component>
         <component typeCode="COMP">
            <denominatorExclusionCriteria classCode="OBS" moodCode="EVN">
               <id extension="denominatorExclusions" root="3FAC8D80-C279-47FC-B001-5E41407757AF"/>
               <code code="DENEX" codeSystem="2.16.840.1.113883.5.4" codeSystemName="Act Code"/>
               <precondition typeCode="PRCN">
                  <criteriaReference classCode="OBS" moodCode="EVN">
                     <id extension="DiabetesHemoglobinA1cHbA1cPoorControl9.&quot;Denominator Exclusions&quot;"
                         root="89AAAB15-925F-4BB1-8E06-7181E073DCCF"/>
                  </criteriaReference>
               </precondition>
            </denominatorExclusionCriteria>
         </component>
         <component typeCode="COMP">
            <numeratorCriteria classCode="OBS" moodCode="EVN">
               <id extension="numerator" root="44E72F3A-B3EC-42E6-85DB-928A9515255C"/>
               <code code="NUMER" codeSystem="2.16.840.1.113883.5.4" codeSystemName="Act Code"/>
               <precondition typeCode="PRCN">
                  <criteriaReference classCode="OBS" moodCode="EVN">
                     <id extension="DiabetesHemoglobinA1cHbA1cPoorControl9.&quot;Numerator&quot;"
                         root="89AAAB15-925F-4BB1-8E06-7181E073DCCF"/>
                  </criteriaReference>
               </precondition>
            </numeratorCriteria>
         </component>
         <component typeCode="COMP">
            <cql-ext:supplementalDataElement>
               <id extension="Supplemental Data Elements"
                   root="E499849E-DD8C-42A0-978B-51F822AB8902"/>
               <code code="SDE" codeSystem="2.16.840.1.113883.5.4" codeSystemName="Act Code"/>
               <precondition typeCode="PRCN">
                  <criteriaReference classCode="OBS" moodCode="EVN">
                     <id extension="DiabetesHemoglobinA1cHbA1cPoorControl9.&quot;SDE Ethnicity&quot;"
                         root="89AAAB15-925F-4BB1-8E06-7181E073DCCF"/>
                  </criteriaReference>
               </precondition>
            </cql-ext:supplementalDataElement>
         </component>
         <component typeCode="COMP">
            <cql-ext:supplementalDataElement>
               <id extension="Supplemental Data Elements"
                   root="4D9CA261-BC42-473C-9ED6-5A2BC213C0F0"/>
               <code code="SDE" codeSystem="2.16.840.1.113883.5.4" codeSystemName="Act Code"/>
               <precondition typeCode="PRCN">
                  <criteriaReference classCode="OBS" moodCode="EVN">
                     <id extension="DiabetesHemoglobinA1cHbA1cPoorControl9.&quot;SDE Payer&quot;"
                         root="89AAAB15-925F-4BB1-8E06-7181E073DCCF"/>
                  </criteriaReference>
               </precondition>
            </cql-ext:supplementalDataElement>
         </component>
         <component typeCode="COMP">
            <cql-ext:supplementalDataElement>
               <id extension="Supplemental Data Elements"
                   root="B7029120-1DEE-4ABA-8B21-070D8B4518FF"/>
               <code code="SDE" codeSystem="2.16.840.1.113883.5.4" codeSystemName="Act Code"/>
               <precondition typeCode="PRCN">
                  <criteriaReference classCode="OBS" moodCode="EVN">
                     <id extension="DiabetesHemoglobinA1cHbA1cPoorControl9.&quot;SDE Race&quot;"
                         root="89AAAB15-925F-4BB1-8E06-7181E073DCCF"/>
                  </criteriaReference>
               </precondition>
            </cql-ext:supplementalDataElement>
         </component>
         <component typeCode="COMP">
            <cql-ext:supplementalDataElement>
               <id extension="Supplemental Data Elements"
                   root="08ACF572-CC3E-4EBC-BA59-B4EC1A2760D9"/>
               <code code="SDE" codeSystem="2.16.840.1.113883.5.4" codeSystemName="Act Code"/>
               <precondition typeCode="PRCN">
                  <criteriaReference classCode="OBS" moodCode="EVN">
                     <id extension="DiabetesHemoglobinA1cHbA1cPoorControl9.&quot;SDE Sex&quot;"
                         root="89AAAB15-925F-4BB1-8E06-7181E073DCCF"/>
                  </criteriaReference>
               </precondition>
            </cql-ext:supplementalDataElement>
         </component>
      </populationCriteriaSection>
   </component>
</QualityMeasureDocument>