<?xml version="1.0" encoding="UTF-8"?>
<library xmlns="urn:hl7-org:elm:r1" xmlns:t="urn:hl7-org:elm-types:r1" xmlns:xsi="http://www.w3.org/2001/XMLSchema-instance" xmlns:xsd="http://www.w3.org/2001/XMLSchema" xmlns:fhir="http://hl7.org/fhir" xmlns:qdm43="urn:healthit-gov:qdm:v4_3" xmlns:qdm53="urn:healthit-gov:qdm:v5_3" xmlns:a="urn:hl7-org:cql-annotations:r1">
   <identifier id="DiabetesHemoglobinA1cHbA1cPoorControl9" version="9.3.000"/>
   <schemaIdentifier id="urn:hl7-org:elm" version="r1"/>
   <usings>
      <def localIdentifier="System" uri="urn:hl7-org:elm-types:r1"/>
      <def localId="1" locator="3:1-3:23" localIdentifier="QDM" uri="urn:healthit-gov:qdm:v5_5" version="5.5"/>
   </usings>
   <includes>
      <def localId="2" locator="5:1-5:86" localIdentifier="AdultOutpatientEncounters" path="Adult_Outpatient_Encounters" version="1.3.000"/>
      <def localId="3" locator="6:1-6:64" localIdentifier="Global" path="MATGlobalCommonFunctions" version="5.0.000"/>
      <def localId="4" locator="7:1-7:48" localIdentifier="Hospice" path="Hospice" version="2.2.000"/>
      <def localId="5" locator="8:1-8:82" localIdentifier="FrailtyLTI" path="AdvancedIllnessandFrailtyExclusionECQM" version="5.5.000"/>
   </includes>
   <parameters>
      <def localId="17" locator="21:1-21:49" name="Measurement Period" accessLevel="Public">
         <parameterTypeSpecifier localId="16" locator="21:32-21:49" xsi:type="IntervalTypeSpecifier">
            <pointType localId="15" locator="21:41-21:48" name="t:DateTime" xsi:type="NamedTypeSpecifier"/>
         </parameterTypeSpecifier>
      </def>
   </parameters>
   <codeSystems>
      <def localId="6" locator="10:1-10:51" name="LOINC" id="urn:oid:2.16.840.1.113883.6.1" accessLevel="Public"/>
   </codeSystems>
   <valueSets>
      <def localId="7" locator="12:1-12:71" name="Diabetes" id="urn:oid:2.16.840.1.113883.3.464.1003.103.12.1001" accessLevel="Public"/>
      <def localId="8" locator="13:1-13:58" name="Ethnicity" id="urn:oid:2.16.840.1.114222.4.11.837" accessLevel="Public"/>
      <def localId="9" locator="14:1-14:84" name="HbA1c Laboratory Test" id="urn:oid:2.16.840.1.113883.3.464.1003.198.12.1013" accessLevel="Public"/>
      <def localId="10" locator="15:1-15:68" name="ONC Administrative Sex" id="urn:oid:2.16.840.1.113762.1.4.1" accessLevel="Public"/>
      <def localId="11" locator="16:1-16:55" name="Payer" id="urn:oid:2.16.840.1.114222.4.11.3591" accessLevel="Public"/>
      <def localId="12" locator="17:1-17:53" name="Race" id="urn:oid:2.16.840.1.114222.4.11.836" accessLevel="Public"/>
   </valueSets>
   <codes>
      <def localId="14" locator="19:1-19:62" name="Birth date" id="21112-8" display="Birth date" accessLevel="Public">
         <codeSystem localId="13" locator="19:35-19:41" name="LOINC"/>
      </def>
   </codes>
   <statements>
      <def locator="23:1-23:15" name="Patient" context="Patient">
         <expression xsi:type="SingletonFrom">
            <operand locator="23:1-23:15" xmlns:ns0="urn:healthit-gov:qdm:v5_5" dataType="ns0:Patient" templateId="Patient" xsi:type="Retrieve"/>
         </expression>
      </def>
      <def localId="19" locator="25:1-26:51" name="SDE Ethnicity" context="Patient" accessLevel="Public">
         <annotation xsi:type="a:Annotation">
            <a:s r="19">
               <a:s>define &quot;SDE Ethnicity&quot;:
  </a:s>
               <a:s r="18">
                  <a:s>[&quot;Patient Characteristic Ethnicity&quot;: </a:s>
                  <a:s>
                     <a:s>&quot;Ethnicity&quot;</a:s>
                  </a:s>
                  <a:s>]</a:s>
               </a:s>
            </a:s>
         </annotation>
         <expression localId="18" locator="26:3-26:51" xmlns:ns1="urn:healthit-gov:qdm:v5_5" dataType="ns1:PatientCharacteristicEthnicity" codeProperty="code" xsi:type="Retrieve">
            <codes locator="26:40-26:50" name="Ethnicity" xsi:type="ValueSetRef"/>
         </expression>
      </def>
      <def localId="21" locator="28:1-29:43" name="SDE Payer" context="Patient" accessLevel="Public">
         <annotation xsi:type="a:Annotation">
            <a:s r="21">
               <a:s>define &quot;SDE Payer&quot;:
  </a:s>
               <a:s r="20">
                  <a:s>[&quot;Patient Characteristic Payer&quot;: </a:s>
                  <a:s>
                     <a:s>&quot;Payer&quot;</a:s>
                  </a:s>
                  <a:s>]</a:s>
               </a:s>
            </a:s>
         </annotation>
         <expression localId="20" locator="29:3-29:43" xmlns:ns2="urn:healthit-gov:qdm:v5_5" dataType="ns2:PatientCharacteristicPayer" codeProperty="code" xsi:type="Retrieve">
            <codes locator="29:36-29:42" name="Payer" xsi:type="ValueSetRef"/>
         </expression>
      </def>
      <def localId="23" locator="31:1-32:41" name="SDE Race" context="Patient" accessLevel="Public">
         <annotation xsi:type="a:Annotation">
            <a:s r="23">
               <a:s>define &quot;SDE Race&quot;:
  </a:s>
               <a:s r="22">
                  <a:s>[&quot;Patient Characteristic Race&quot;: </a:s>
                  <a:s>
                     <a:s>&quot;Race&quot;</a:s>
                  </a:s>
                  <a:s>]</a:s>
               </a:s>
            </a:s>
         </annotation>
         <expression localId="22" locator="32:3-32:41" xmlns:ns3="urn:healthit-gov:qdm:v5_5" dataType="ns3:PatientCharacteristicRace" codeProperty="code" xsi:type="Retrieve">
            <codes locator="32:35-32:40" name="Race" xsi:type="ValueSetRef"/>
         </expression>
      </def>
      <def localId="25" locator="34:1-35:58" name="SDE Sex" context="Patient" accessLevel="Public">
         <annotation xsi:type="a:Annotation">
            <a:s r="25">
               <a:s>define &quot;SDE Sex&quot;:
  </a:s>
               <a:s r="24">
                  <a:s>[&quot;Patient Characteristic Sex&quot;: </a:s>
                  <a:s>
                     <a:s>&quot;ONC Administrative Sex&quot;</a:s>
                  </a:s>
                  <a:s>]</a:s>
               </a:s>
            </a:s>
         </annotation>
         <expression localId="24" locator="35:3-35:58" xmlns:ns4="urn:healthit-gov:qdm:v5_5" dataType="ns4:PatientCharacteristicSex" codeProperty="code" xsi:type="Retrieve">
            <codes locator="35:34-35:57" name="ONC Administrative Sex" xsi:type="ValueSetRef"/>
         </expression>
      </def>
      <def localId="53" locator="45:1-52:5" name="Initial Population" context="Patient" accessLevel="Public">
         <annotation xsi:type="a:Annotation">
            <a:s r="53">
               <a:s>define &quot;Initial Population&quot;:
  </a:s>
               <a:s r="52">
                  <a:s r="43">
                     <a:s r="39">
                        <a:s>exists </a:s>
                        <a:s r="38">
                           <a:s>( </a:s>
                           <a:s r="38">
                              <a:s>
                                 <a:s r="27">
                                    <a:s r="26">
                                       <a:s r="26">
                                          <a:s>[&quot;Patient Characteristic Birthdate&quot;: </a:s>
                                          <a:s>
                                             <a:s>&quot;Birth date&quot;</a:s>
                                          </a:s>
                                          <a:s>]</a:s>
                                       </a:s>
                                    </a:s>
                                    <a:s> BirthDate</a:s>
                                 </a:s>
                              </a:s>
                              <a:s>
      </a:s>
                              <a:s r="37">
                                 <a:s>where </a:s>
                                 <a:s r="37">
                                    <a:s r="33">
                                       <a:s r="28">
                                          <a:s>Global</a:s>
                                       </a:s>
                                       <a:s>.</a:s>
                                       <a:s r="33">
                                          <a:s>&quot;CalendarAgeInYearsAt&quot; ( </a:s>
                                          <a:s r="30">
                                             <a:s r="29">
                                                <a:s>BirthDate</a:s>
                                             </a:s>
                                             <a:s>.</a:s>
                                             <a:s r="30">
                                                <a:s>birthDatetime</a:s>
                                             </a:s>
                                          </a:s>
                                          <a:s>, </a:s>
                                          <a:s r="32">
                                             <a:s>start of </a:s>
                                             <a:s r="31">
                                                <a:s>&quot;Measurement Period&quot;</a:s>
                                             </a:s>
                                          </a:s>
                                          <a:s> )</a:s>
                                       </a:s>
                                    </a:s>
                                    <a:s> in </a:s>
                                    <a:s r="36">
                                       <a:s r="34">Interval[18, 75 )</a:s>
                                    </a:s>
                                 </a:s>
                              </a:s>
                           </a:s>
                           <a:s>
  )</a:s>
                        </a:s>
                     </a:s>
                     <a:s>
    and </a:s>
                     <a:s r="42">
                        <a:s>exists </a:s>
                        <a:s r="41">
                           <a:s>( </a:s>
                           <a:s r="41">
                              <a:s r="40">
                                 <a:s>AdultOutpatientEncounters</a:s>
                              </a:s>
                              <a:s>.</a:s>
                              <a:s r="41">
                                 <a:s>&quot;Qualifying Encounters&quot;</a:s>
                              </a:s>
                           </a:s>
                           <a:s> )</a:s>
                        </a:s>
                     </a:s>
                  </a:s>
                  <a:s>
    and </a:s>
                  <a:s r="51">
                     <a:s>exists </a:s>
                     <a:s r="50">
                        <a:s>( </a:s>
                        <a:s r="50">
                           <a:s>
                              <a:s r="45">
                                 <a:s r="44">
                                    <a:s r="44">
                                       <a:s>[&quot;Diagnosis&quot;: </a:s>
                                       <a:s>
                                          <a:s>&quot;Diabetes&quot;</a:s>
                                       </a:s>
                                       <a:s>]</a:s>
                                    </a:s>
                                 </a:s>
                                 <a:s> Diabetes</a:s>
                              </a:s>
                           </a:s>
                           <a:s>
        </a:s>
                           <a:s r="49">
                              <a:s>where </a:s>
                              <a:s r="49">
                                 <a:s r="47">
                                    <a:s r="46">
                                       <a:s>Diabetes</a:s>
                                    </a:s>
                                    <a:s>.</a:s>
                                    <a:s r="47">
                                       <a:s>prevalencePeriod</a:s>
                                    </a:s>
                                 </a:s>
                                 <a:s r="49"> overlaps </a:s>
                                 <a:s r="48">
                                    <a:s>&quot;Measurement Period&quot;</a:s>
                                 </a:s>
                              </a:s>
                           </a:s>
                        </a:s>
                        <a:s>
    )</a:s>
                     </a:s>
                  </a:s>
               </a:s>
            </a:s>
         </annotation>
         <expression localId="52" locator="46:3-52:5" xsi:type="And">
            <operand localId="43" locator="46:3-49:68" xsi:type="And">
               <operand localId="39" locator="46:3-48:3" xsi:type="Exists">
                  <operand localId="38" locator="46:10-48:3" xsi:type="Query">
                     <source localId="27" locator="46:12-46:71" alias="BirthDate">
                        <expression localId="26" locator="46:12-46:61" xmlns:ns5="urn:healthit-gov:qdm:v5_5" dataType="ns5:PatientCharacteristicBirthdate" codeProperty="code" xsi:type="Retrieve">
                           <codes xsi:type="ToList">
                              <operand locator="46:49-46:60" name="Birth date" xsi:type="CodeRef"/>
                           </codes>
                        </expression>
                     </source>
                     <where localId="37" locator="47:7-47:121" xsi:type="In">
                        <operand localId="33" locator="47:13-47:100" name="CalendarAgeInYearsAt" libraryName="Global" xsi:type="FunctionRef">
                           <operand localId="30" locator="47:45-47:67" path="birthDatetime" scope="BirthDate" xsi:type="Property"/>
                           <operand localId="32" locator="47:70-47:98" xsi:type="Start">
                              <operand localId="31" locator="47:79-47:98" name="Measurement Period" xsi:type="ParameterRef"/>
                           </operand>
                        </operand>
                        <operand localId="36" locator="47:105-47:121" lowClosed="true" highClosed="false" xsi:type="Interval">
                           <low localId="34" locator="47:114-47:115" valueType="t:Integer" value="18" xsi:type="Literal"/>
                           <high localId="35" locator="47:118-47:119" valueType="t:Integer" value="75" xsi:type="Literal"/>
                        </operand>
                     </where>
                  </operand>
               </operand>
               <operand localId="42" locator="49:9-49:68" xsi:type="Exists">
                  <operand localId="41" locator="49:16-49:68" name="Qualifying Encounters" libraryName="AdultOutpatientEncounters" xsi:type="ExpressionRef"/>
               </operand>
            </operand>
            <operand localId="51" locator="50:9-52:5" xsi:type="Exists">
               <operand localId="50" locator="50:16-52:5" xsi:type="Query">
                  <source localId="45" locator="50:18-50:51" alias="Diabetes">
                     <expression localId="44" locator="50:18-50:42" xmlns:ns6="urn:healthit-gov:qdm:v5_5" dataType="ns6:Diagnosis" codeProperty="code" xsi:type="Retrieve">
                        <codes locator="50:32-50:41" name="Diabetes" xsi:type="ValueSetRef"/>
                     </expression>
                  </source>
                  <where localId="49" locator="51:9-51:69" xsi:type="Overlaps">
                     <operand localId="47" locator="51:15-51:39" path="prevalencePeriod" scope="Diabetes" xsi:type="Property"/>
                     <operand localId="48" locator="51:50-51:69" name="Measurement Period" xsi:type="ParameterRef"/>
                  </where>
               </operand>
            </operand>
         </expression>
      </def>
      <def localId="55" locator="37:1-38:22" name="Denominator" context="Patient" accessLevel="Public">
         <annotation xsi:type="a:Annotation">
            <a:s r="55">
               <a:s>define &quot;Denominator&quot;:
  </a:s>
               <a:s r="54">
                  <a:s>&quot;Initial Population&quot;</a:s>
               </a:s>
            </a:s>
         </annotation>
         <expression localId="54" locator="38:3-38:22" name="Initial Population" xsi:type="ExpressionRef"/>
      </def>
      <def localId="67" locator="67:1-71:3" name="Most Recent HbA1c" context="Patient" accessLevel="Public">
         <annotation xsi:type="a:Annotation">
            <a:s r="67">
               <a:s>define &quot;Most Recent HbA1c&quot;:
  </a:s>
               <a:s r="66">
                  <a:s>Last(</a:s>
                  <a:s r="65">
                     <a:s>
                        <a:s r="57">
                           <a:s r="56">
                              <a:s r="56">
                                 <a:s>[&quot;Laboratory Test, Performed&quot;: </a:s>
                                 <a:s>
                                    <a:s>&quot;HbA1c Laboratory Test&quot;</a:s>
                                 </a:s>
                                 <a:s>]</a:s>
                              </a:s>
                           </a:s>
                           <a:s> RecentHbA1c</a:s>
                        </a:s>
                     </a:s>
                     <a:s>
      </a:s>
                     <a:s r="61">
                        <a:s>where </a:s>
                        <a:s r="61">
                           <a:s r="59">
                              <a:s r="58">
                                 <a:s>RecentHbA1c</a:s>
                              </a:s>
                              <a:s>.</a:s>
                              <a:s r="59">
                                 <a:s>relevantDatetime</a:s>
                              </a:s>
                           </a:s>
                           <a:s r="61"> during </a:s>
                           <a:s r="60">
                              <a:s>&quot;Measurement Period&quot;</a:s>
                           </a:s>
                        </a:s>
                     </a:s>
                     <a:s>
      </a:s>
                     <a:s r="64">
                        <a:s>sort by </a:s>
                        <a:s r="63">
                           <a:s r="62">
                              <a:s>relevantDatetime</a:s>
                           </a:s>
                        </a:s>
                     </a:s>
                  </a:s>
                  <a:s>
  )</a:s>
               </a:s>
            </a:s>
         </annotation>
         <expression localId="66" locator="68:3-71:3" xsi:type="Last">
            <source localId="65" locator="68:8-70:30" xsi:type="Query">
               <source localId="57" locator="68:8-68:74" alias="RecentHbA1c">
                  <expression localId="56" locator="68:8-68:62" xmlns:ns7="urn:healthit-gov:qdm:v5_5" dataType="ns7:PositiveLaboratoryTestPerformed" templateId="PositiveLaboratoryTestPerformed" codeProperty="code" xsi:type="Retrieve">
                     <codes locator="68:39-68:61" name="HbA1c Laboratory Test" xsi:type="ValueSetRef"/>
                  </expression>
               </source>
               <where localId="61" locator="69:7-69:68" xsi:type="In">
                  <operand localId="59" locator="69:13-69:40" path="relevantDatetime" scope="RecentHbA1c" xsi:type="Property"/>
                  <operand localId="60" locator="69:49-69:68" name="Measurement Period" xsi:type="ParameterRef"/>
               </where>
               <sort localId="64" locator="70:7-70:30">
                  <by localId="63" locator="70:15-70:30" direction="asc" path="relevantDatetime" xsi:type="ByColumn"/>
               </sort>
            </source>
         </expression>
      </def>
      <def localId="74" locator="76:1-78:42" name="Has Most Recent HbA1c Without Result" context="Patient" accessLevel="Public">
         <annotation xsi:type="a:Annotation">
            <a:s r="74">
               <a:s>define &quot;Has Most Recent HbA1c Without Result&quot;:
  </a:s>
               <a:s r="73">
                  <a:s r="69">
                     <a:s r="68">
                        <a:s>&quot;Most Recent HbA1c&quot;</a:s>
                     </a:s>
                     <a:s> is not null</a:s>
                  </a:s>
                  <a:s>
    and </a:s>
                  <a:s r="72">
                     <a:s r="71">
                        <a:s r="70">
                           <a:s>&quot;Most Recent HbA1c&quot;</a:s>
                        </a:s>
                        <a:s>.</a:s>
                        <a:s r="71">
                           <a:s>result</a:s>
                        </a:s>
                     </a:s>
                     <a:s> is null</a:s>
                  </a:s>
               </a:s>
            </a:s>
         </annotation>
         <expression localId="73" locator="77:3-78:42" xsi:type="And">
            <operand localId="69" locator="77:3-77:33" xsi:type="Not">
               <operand locator="77:3-77:33" xsi:type="IsNull">
                  <operand localId="68" locator="77:3-77:21" name="Most Recent HbA1c" xsi:type="ExpressionRef"/>
               </operand>
            </operand>
            <operand localId="72" locator="78:9-78:42" xsi:type="IsNull">
               <operand localId="71" locator="78:9-78:34" path="result" xsi:type="Property">
                  <source localId="70" locator="78:9-78:27" name="Most Recent HbA1c" xsi:type="ExpressionRef"/>
               </operand>
            </operand>
         </expression>
      </def>
      <def localId="80" locator="73:1-74:36" name="Has Most Recent Elevated HbA1c" context="Patient" accessLevel="Public">
         <annotation xsi:type="a:Annotation">
            <a:s r="80">
               <a:s>define &quot;Has Most Recent Elevated HbA1c&quot;:
  </a:s>
               <a:s r="79">
                  <a:s r="77">
                     <a:s r="76">
                        <a:s>&quot;Most Recent HbA1c&quot;</a:s>
                     </a:s>
                     <a:s>.</a:s>
                     <a:s r="77">
                        <a:s>result</a:s>
                     </a:s>
                  </a:s>
                  <a:s> > </a:s>
                  <a:s r="78">
                     <a:s>9 '%'</a:s>
                  </a:s>
               </a:s>
            </a:s>
         </annotation>
         <expression localId="79" locator="74:3-74:36" xsi:type="Greater">
            <operand asType="t:Quantity" xsi:type="As">
               <operand localId="77" locator="74:3-74:28" path="result" xsi:type="Property">
                  <source localId="76" locator="74:3-74:21" name="Most Recent HbA1c" xsi:type="ExpressionRef"/>
               </operand>
            </operand>
            <operand localId="78" locator="74:32-74:36" value="9" unit="%" xsi:type="Quantity"/>
         </expression>
      </def>
      <def localId="92" locator="54:1-57:3" name="Has No Record Of HbA1c" context="Patient" accessLevel="Public">
         <annotation xsi:type="a:Annotation">
            <a:s r="92">
               <a:s>define &quot;Has No Record Of HbA1c&quot;:
  </a:s>
               <a:s r="91">
                  <a:s>not </a:s>
                  <a:s r="90">
                     <a:s>exists </a:s>
                     <a:s r="89">
                        <a:s>( </a:s>
                        <a:s r="89">
                           <a:s>
                              <a:s r="84">
                                 <a:s r="83">
                                    <a:s r="83">
                                       <a:s>[&quot;Laboratory Test, Performed&quot;: </a:s>
                                       <a:s>
                                          <a:s>&quot;HbA1c Laboratory Test&quot;</a:s>
                                       </a:s>
                                       <a:s>]</a:s>
                                    </a:s>
                                 </a:s>
                                 <a:s> NoHbA1c</a:s>
                              </a:s>
                           </a:s>
                           <a:s>
      </a:s>
                           <a:s r="88">
                              <a:s>where </a:s>
                              <a:s r="88">
                                 <a:s r="86">
                                    <a:s r="85">
                                       <a:s>NoHbA1c</a:s>
                                    </a:s>
                                    <a:s>.</a:s>
                                    <a:s r="86">
                                       <a:s>relevantDatetime</a:s>
                                    </a:s>
                                 </a:s>
                                 <a:s r="88"> during </a:s>
                                 <a:s r="87">
                                    <a:s>&quot;Measurement Period&quot;</a:s>
                                 </a:s>
                              </a:s>
                           </a:s>
                        </a:s>
                        <a:s>
  )</a:s>
                     </a:s>
                  </a:s>
               </a:s>
            </a:s>
         </annotation>
         <expression localId="91" locator="55:3-57:3" xsi:type="Not">
            <operand localId="90" locator="55:7-57:3" xsi:type="Exists">
               <operand localId="89" locator="55:14-57:3" xsi:type="Query">
                  <source localId="84" locator="55:16-55:78" alias="NoHbA1c">
                     <expression localId="83" locator="55:16-55:70" xmlns:ns8="urn:healthit-gov:qdm:v5_5" dataType="ns8:PositiveLaboratoryTestPerformed" templateId="PositiveLaboratoryTestPerformed" codeProperty="code" xsi:type="Retrieve">
                        <codes locator="55:47-55:69" name="HbA1c Laboratory Test" xsi:type="ValueSetRef"/>
                     </expression>
                  </source>
                  <where localId="88" locator="56:7-56:64" xsi:type="In">
                     <operand localId="86" locator="56:13-56:36" path="relevantDatetime" scope="NoHbA1c" xsi:type="Property"/>
                     <operand localId="87" locator="56:45-56:64" name="Measurement Period" xsi:type="ParameterRef"/>
                  </where>
               </operand>
            </operand>
         </expression>
      </def>
      <def localId="95" locator="40:1-43:31" name="Numerator" context="Patient" accessLevel="Public">
         <annotation xsi:type="a:Annotation">
            <a:s r="95">
               <a:s>define &quot;Numerator&quot;:
  </a:s>
               <a:s r="94">
                  <a:s r="82">
                     <a:s r="75">
                        <a:s>&quot;Has Most Recent HbA1c Without Result&quot;</a:s>
                     </a:s>
                     <a:s>
    or </a:s>
                     <a:s r="81">
                        <a:s>&quot;Has Most Recent Elevated HbA1c&quot;</a:s>
                     </a:s>
                  </a:s>
                  <a:s>
    or </a:s>
                  <a:s r="93">
                     <a:s>&quot;Has No Record Of HbA1c&quot;</a:s>
                  </a:s>
               </a:s>
            </a:s>
         </annotation>
         <expression localId="94" locator="41:3-43:31" xsi:type="Or">
            <operand localId="82" locator="41:3-42:39" xsi:type="Or">
               <operand localId="75" locator="41:3-41:40" name="Has Most Recent HbA1c Without Result" xsi:type="ExpressionRef"/>
               <operand localId="81" locator="42:8-42:39" name="Has Most Recent Elevated HbA1c" xsi:type="ExpressionRef"/>
            </operand>
            <operand localId="93" locator="43:8-43:31" name="Has No Record Of HbA1c" xsi:type="ExpressionRef"/>
         </expression>
      </def>
      <def localId="117" locator="59:1-65:5" name="Denominator Exclusions" context="Patient" accessLevel="Public">
         <annotation xsi:type="a:Annotation">
            <a:s r="117">
               <a:s>define &quot;Denominator Exclusions&quot;:
  </a:s>
               <a:s r="116">
                  <a:s r="100">
                     <a:s r="97">
                        <a:s r="96">
                           <a:s>Hospice</a:s>
                        </a:s>
                        <a:s>.</a:s>
                        <a:s r="97">
                           <a:s>&quot;Has Hospice&quot;</a:s>
                        </a:s>
                     </a:s>
                     <a:s>
    or </a:s>
                     <a:s r="99">
                        <a:s r="98">
                           <a:s>FrailtyLTI</a:s>
                        </a:s>
                        <a:s>.</a:s>
                        <a:s r="99">
                           <a:s>&quot;Advanced Illness and Frailty Exclusion Not Including Over Age 80&quot;</a:s>
                        </a:s>
                     </a:s>
                  </a:s>
                  <a:s>
    or </a:s>
                  <a:s r="115">
                     <a:s>( </a:s>
                     <a:s r="115">
                        <a:s>exists </a:s>
                        <a:s r="114">
                           <a:s>
                              <a:s r="102">
                                 <a:s r="101">
                                    <a:s r="101">
                                       <a:s>[&quot;Patient Characteristic Birthdate&quot;: </a:s>
                                       <a:s>
                                          <a:s>&quot;Birth date&quot;</a:s>
                                       </a:s>
                                       <a:s>]</a:s>
                                    </a:s>
                                 </a:s>
                                 <a:s> BirthDate</a:s>
                              </a:s>
                           </a:s>
                           <a:s>
        </a:s>
                           <a:s r="113">
                              <a:s>where </a:s>
                              <a:s r="113">
                                 <a:s r="110">
                                    <a:s>( </a:s>
                                    <a:s r="110">
                                       <a:s r="108">
                                          <a:s r="103">
                                             <a:s>Global</a:s>
                                          </a:s>
                                          <a:s>.</a:s>
                                          <a:s r="108">
                                             <a:s>&quot;CalendarAgeInYearsAt&quot; ( </a:s>
                                             <a:s r="105">
                                                <a:s r="104">
                                                   <a:s>BirthDate</a:s>
                                                </a:s>
                                                <a:s>.</a:s>
                                                <a:s r="105">
                                                   <a:s>birthDatetime</a:s>
                                                </a:s>
                                             </a:s>
                                             <a:s>, </a:s>
                                             <a:s r="107">
                                                <a:s>start of </a:s>
                                                <a:s r="106">
                                                   <a:s>&quot;Measurement Period&quot;</a:s>
                                                </a:s>
                                             </a:s>
                                             <a:s> )</a:s>
                                          </a:s>
                                       </a:s>
                                       <a:s r="109"> >= 65</a:s>
                                    </a:s>
                                    <a:s> )</a:s>
                                 </a:s>
                                 <a:s>
          and </a:s>
                                 <a:s r="112">
                                    <a:s r="111">
                                       <a:s>FrailtyLTI</a:s>
                                    </a:s>
                                    <a:s>.</a:s>
                                    <a:s r="112">
                                       <a:s>&quot;Long Term Care Periods Longer Than 90 Consecutive Days&quot;</a:s>
                                    </a:s>
                                 </a:s>
                              </a:s>
                           </a:s>
                        </a:s>
                     </a:s>
                     <a:s>
    )</a:s>
                  </a:s>
               </a:s>
            </a:s>
         </annotation>
         <expression localId="116" locator="60:3-65:5" xsi:type="Or">
            <operand localId="100" locator="60:3-61:84" xsi:type="Or">
               <operand localId="97" locator="60:3-60:23" name="Has Hospice" libraryName="Hospice" xsi:type="ExpressionRef"/>
               <operand localId="99" locator="61:8-61:84" name="Advanced Illness and Frailty Exclusion Not Including Over Age 80" libraryName="FrailtyLTI" xsi:type="ExpressionRef"/>
            </operand>
            <operand localId="115" locator="62:8-65:5" xsi:type="Exists">
               <operand localId="114" locator="62:17-64:81" xsi:type="Query">
                  <source localId="102" locator="62:17-62:76" alias="BirthDate">
                     <expression localId="101" locator="62:17-62:66" xmlns:ns9="urn:healthit-gov:qdm:v5_5" dataType="ns9:PatientCharacteristicBirthdate" codeProperty="code" xsi:type="Retrieve">
                        <codes xsi:type="ToList">
                           <operand locator="62:54-62:65" name="Birth date" xsi:type="CodeRef"/>
                        </codes>
                     </expression>
                  </source>
                  <where localId="113" locator="63:9-64:81" xsi:type="And">
                     <operand localId="110" locator="63:15-63:112" xsi:type="GreaterOrEqual">
                        <operand localId="108" locator="63:17-63:104" name="CalendarAgeInYearsAt" libraryName="Global" xsi:type="FunctionRef">
                           <operand localId="105" locator="63:49-63:71" path="birthDatetime" scope="BirthDate" xsi:type="Property"/>
                           <operand localId="107" locator="63:74-63:102" xsi:type="Start">
                              <operand localId="106" locator="63:83-63:102" name="Measurement Period" xsi:type="ParameterRef"/>
                           </operand>
                        </operand>
                        <operand localId="109" locator="63:109-63:110" valueType="t:Integer" value="65" xsi:type="Literal"/>
                     </operand>
                     <operand localId="112" locator="64:15-64:81" name="Long Term Care Periods Longer Than 90 Consecutive Days" libraryName="FrailtyLTI" xsi:type="ExpressionRef"/>
                  </where>
               </operand>
            </operand>
         </expression>
      </def>
   </statements>
</library>
