{
   "library" : {
      "identifier" : {
         "id" : "DiabetesHemoglobinA1cHbA1cPoorControl9",
         "version" : "9.3.000"
      },
      "schemaIdentifier" : {
         "id" : "urn:hl7-org:elm",
         "version" : "r1"
      },
      "usings" : {
         "def" : [ {
            "localIdentifier" : "System",
            "uri" : "urn:hl7-org:elm-types:r1"
         }, {
            "localId" : "1",
            "locator" : "3:1-3:23",
            "localIdentifier" : "QDM",
            "uri" : "urn:healthit-gov:qdm:v5_5",
            "version" : "5.5"
         } ]
      },
      "includes" : {
         "def" : [ {
            "localId" : "2",
            "locator" : "5:1-5:86",
            "localIdentifier" : "AdultOutpatientEncounters",
            "path" : "Adult_Outpatient_Encounters",
            "version" : "1.3.000"
         }, {
            "localId" : "3",
            "locator" : "6:1-6:64",
            "localIdentifier" : "Global",
            "path" : "MATGlobalCommonFunctions",
            "version" : "5.0.000"
         }, {
            "localId" : "4",
            "locator" : "7:1-7:48",
            "localIdentifier" : "Hospice",
            "path" : "Hospice",
            "version" : "2.2.000"
         }, {
            "localId" : "5",
            "locator" : "8:1-8:82",
            "localIdentifier" : "FrailtyLTI",
            "path" : "AdvancedIllnessandFrailtyExclusionECQM",
            "version" : "5.5.000"
         } ]
      },
      "parameters" : {
         "def" : [ {
            "localId" : "17",
            "locator" : "21:1-21:49",
            "name" : "Measurement Period",
            "accessLevel" : "Public",
            "parameterTypeSpecifier" : {
               "localId" : "16",
               "locator" : "21:32-21:49",
               "type" : "IntervalTypeSpecifier",
               "pointType" : {
                  "localId" : "15",
                  "locator" : "21:41-21:48",
                  "name" : "{urn:hl7-org:elm-types:r1}DateTime",
                  "type" : "NamedTypeSpecifier"
               }
            }
         } ]
      },
      "codeSystems" : {
         "def" : [ {
            "localId" : "6",
            "locator" : "10:1-10:51",
            "name" : "LOINC",
            "id" : "urn:oid:2.16.840.1.113883.6.1",
            "accessLevel" : "Public"
         } ]
      },
      "valueSets" : {
         "def" : [ {
            "localId" : "7",
            "locator" : "12:1-12:71",
            "name" : "Diabetes",
            "id" : "urn:oid:2.16.840.1.113883.3.464.1003.103.12.1001",
            "accessLevel" : "Public"
         }, {
            "localId" : "8",
            "locator" : "13:1-13:58",
            "name" : "Ethnicity",
            "id" : "urn:oid:2.16.840.1.114222.4.11.837",
            "accessLevel" : "Public"
         }, {
            "localId" : "9",
            "locator" : "14:1-14:84",
            "name" : "HbA1c Laboratory Test",
            "id" : "urn:oid:2.16.840.1.113883.3.464.1003.198.12.1013",
            "accessLevel" : "Public"
         }, {
            "localId" : "10",
            "locator" : "15:1-15:68",
            "name" : "ONC Administrative Sex",
            "id" : "urn:oid:2.16.840.1.113762.1.4.1",
            "accessLevel" : "Public"
         }, {
            "localId" : "11",
            "locator" : "16:1-16:55",
            "name" : "Payer",
            "id" : "urn:oid:2.16.840.1.114222.4.11.3591",
            "accessLevel" : "Public"
         }, {
            "localId" : "12",
            "locator" : "17:1-17:53",
            "name" : "Race",
            "id" : "urn:oid:2.16.840.1.114222.4.11.836",
            "accessLevel" : "Public"
         } ]
      },
      "codes" : {
         "def" : [ {
            "localId" : "14",
            "locator" : "19:1-19:62",
            "name" : "Birth date",
            "id" : "21112-8",
            "display" : "Birth date",
            "accessLevel" : "Public",
            "codeSystem" : {
               "localId" : "13",
               "locator" : "19:35-19:41",
               "name" : "LOINC"
            }
         } ]
      },
      "statements" : {
         "def" : [ {
            "locator" : "23:1-23:15",
            "name" : "Patient",
            "context" : "Patient",
            "expression" : {
               "type" : "SingletonFrom",
               "operand" : {
                  "locator" : "23:1-23:15",
                  "dataType" : "{urn:healthit-gov:qdm:v5_5}Patient",
                  "templateId" : "Patient",
                  "type" : "Retrieve"
               }
            }
         }, {
            "localId" : "19",
            "locator" : "25:1-26:51",
            "name" : "SDE Ethnicity",
            "context" : "Patient",
            "accessLevel" : "Public",
            "annotation" : [ {
               "type" : "Annotation",
               "s" : {
                  "r" : "19",
                  "s" : [ {
                     "value" : [ "define ","\"SDE Ethnicity\"",":\n  " ]
                  }, {
                     "r" : "18",
                     "s" : [ {
                        "value" : [ "[","\"Patient Characteristic Ethnicity\"",": " ]
                     }, {
                        "s" : [ {
                           "value" : [ "\"Ethnicity\"" ]
                        } ]
                     }, {
                        "value" : [ "]" ]
                     } ]
                  } ]
               }
            } ],
            "expression" : {
               "localId" : "18",
               "locator" : "26:3-26:51",
               "dataType" : "{urn:healthit-gov:qdm:v5_5}PatientCharacteristicEthnicity",
               "codeProperty" : "code",
               "type" : "Retrieve",
               "codes" : {
                  "locator" : "26:40-26:50",
                  "name" : "Ethnicity",
                  "type" : "ValueSetRef"
               }
            }
         }, {
            "localId" : "21",
            "locator" : "28:1-29:43",
            "name" : "SDE Payer",
            "context" : "Patient",
            "accessLevel" : "Public",
            "annotation" : [ {
               "type" : "Annotation",
               "s" : {
                  "r" : "21",
                  "s" : [ {
                     "value" : [ "define ","\"SDE Payer\"",":\n  " ]
                  }, {
                     "r" : "20",
                     "s" : [ {
                        "value" : [ "[","\"Patient Characteristic Payer\"",": " ]
                     }, {
                        "s" : [ {
                           "value" : [ "\"Payer\"" ]
                        } ]
                     }, {
                        "value" : [ "]" ]
                     } ]
                  } ]
               }
            } ],
            "expression" : {
               "localId" : "20",
               "locator" : "29:3-29:43",
               "dataType" : "{urn:healthit-gov:qdm:v5_5}PatientCharacteristicPayer",
               "codeProperty" : "code",
               "type" : "Retrieve",
               "codes" : {
                  "locator" : "29:36-29:42",
                  "name" : "Payer",
                  "type" : "ValueSetRef"
               }
            }
         }, {
            "localId" : "23",
            "locator" : "31:1-32:41",
            "name" : "SDE Race",
            "context" : "Patient",
            "accessLevel" : "Public",
            "annotation" : [ {
               "type" : "Annotation",
               "s" : {
                  "r" : "23",
                  "s" : [ {
                     "value" : [ "define ","\"SDE Race\"",":\n  " ]
                  }, {
                     "r" : "22",
                     "s" : [ {
                        "value" : [ "[","\"Patient Characteristic Race\"",": " ]
                     }, {
                        "s" : [ {
                           "value" : [ "\"Race\"" ]
                        } ]
                     }, {
                        "value" : [ "]" ]
                     } ]
                  } ]
               }
            } ],
            "expression" : {
               "localId" : "22",
               "locator" : "32:3-32:41",
               "dataType" : "{urn:healthit-gov:qdm:v5_5}PatientCharacteristicRace",
               "codeProperty" : "code",
               "type" : "Retrieve",
               "codes" : {
                  "locator" : "32:35-32:40",
                  "name" : "Race",
                  "type" : "ValueSetRef"
               }
            }
         }, {
            "localId" : "25",
            "locator" : "34:1-35:58",
            "name" : "SDE Sex",
            "context" : "Patient",
            "accessLevel" : "Public",
            "annotation" : [ {
               "type" : "Annotation",
               "s" : {
                  "r" : "25",
                  "s" : [ {
                     "value" : [ "define ","\"SDE Sex\"",":\n  " ]
                  }, {
                     "r" : "24",
                     "s" : [ {
                        "value" : [ "[","\"Patient Characteristic Sex\"",": " ]
                     }, {
                        "s" : [ {
                           "value" : [ "\"ONC Administrative Sex\"" ]
                        } ]
                     }, {
                        "value" : [ "]" ]
                     } ]
                  } ]
               }
            } ],
            "expression" : {
               "localId" : "24",
               "locator" : "35:3-35:58",
               "dataType" : "{urn:healthit-gov:qdm:v5_5}PatientCharacteristicSex",
               "codeProperty" : "code",
               "type" : "Retrieve",
               "codes" : {
                  "locator" : "35:34-35:57",
                  "name" : "ONC Administrative Sex",
                  "type" : "ValueSetRef"
               }
            }
         }, {
            "localId" : "53",
            "locator" : "45:1-52:5",
            "name" : "Initial Population",
            "context" : "Patient",
            "accessLevel" : "Public",
            "annotation" : [ {
               "type" : "Annotation",
               "s" : {
                  "r" : "53",
                  "s" : [ {
                     "value" : [ "define ","\"Initial Population\"",":\n  " ]
                  }, {
                     "r" : "52",
                     "s" : [ {
                        "r" : "43",
                        "s" : [ {
                           "r" : "39",
                           "s" : [ {
                              "value" : [ "exists " ]
                           }, {
                              "r" : "38",
                              "s" : [ {
                                 "value" : [ "( " ]
                              }, {
                                 "r" : "38",
                                 "s" : [ {
                                    "s" : [ {
                                       "r" : "27",
                                       "s" : [ {
                                          "r" : "26",
                                          "s" : [ {
                                             "r" : "26",
                                             "s" : [ {
                                                "value" : [ "[","\"Patient Characteristic Birthdate\"",": " ]
                                             }, {
                                                "s" : [ {
                                                   "value" : [ "\"Birth date\"" ]
                                                } ]
                                             }, {
                                                "value" : [ "]" ]
                                             } ]
                                          } ]
                                       }, {
                                          "value" : [ " ","BirthDate" ]
                                       } ]
                                    } ]
                                 }, {
                                    "value" : [ "\n      " ]
                                 }, {
                                    "r" : "37",
                                    "s" : [ {
                                       "value" : [ "where " ]
                                    }, {
                                       "r" : "37",
                                       "s" : [ {
                                          "r" : "33",
                                          "s" : [ {
                                             "r" : "28",
                                             "s" : [ {
                                                "value" : [ "Global" ]
                                             } ]
                                          }, {
                                             "value" : [ "." ]
                                          }, {
                                             "r" : "33",
                                             "s" : [ {
                                                "value" : [ "\"CalendarAgeInYearsAt\""," ( " ]
                                             }, {
                                                "r" : "30",
                                                "s" : [ {
                                                   "r" : "29",
                                                   "s" : [ {
                                                      "value" : [ "BirthDate" ]
                                                   } ]
                                                }, {
                                                   "value" : [ "." ]
                                                }, {
                                                   "r" : "30",
                                                   "s" : [ {
                                                      "value" : [ "birthDatetime" ]
                                                   } ]
                                                } ]
                                             }, {
                                                "value" : [ ", " ]
                                             }, {
                                                "r" : "32",
                                                "s" : [ {
                                                   "value" : [ "start of " ]
                                                }, {
                                                   "r" : "31",
                                                   "s" : [ {
                                                      "value" : [ "\"Measurement Period\"" ]
                                                   } ]
                                                } ]
                                             }, {
                                                "value" : [ " )" ]
                                             } ]
                                          } ]
                                       }, {
                                          "value" : [ " in " ]
                                       }, {
                                          "r" : "36",
                                          "s" : [ {
                                             "r" : "34",
                                             "value" : [ "Interval[","18",", ","75"," )" ]
                                          } ]
                                       } ]
                                    } ]
                                 } ]
                              }, {
                                 "value" : [ "\n  )" ]
                              } ]
                           } ]
                        }, {
                           "value" : [ "\n    and " ]
                        }, {
                           "r" : "42",
                           "s" : [ {
                              "value" : [ "exists " ]
                           }, {
                              "r" : "41",
                              "s" : [ {
                                 "value" : [ "( " ]
                              }, {
                                 "r" : "41",
                                 "s" : [ {
                                    "r" : "40",
                                    "s" : [ {
                                       "value" : [ "AdultOutpatientEncounters" ]
                                    } ]
                                 }, {
                                    "value" : [ "." ]
                                 }, {
                                    "r" : "41",
                                    "s" : [ {
                                       "value" : [ "\"Qualifying Encounters\"" ]
                                    } ]
                                 } ]
                              }, {
                                 "value" : [ " )" ]
                              } ]
                           } ]
                        } ]
                     }, {
                        "value" : [ "\n    and " ]
                     }, {
                        "r" : "51",
                        "s" : [ {
                           "value" : [ "exists " ]
                        }, {
                           "r" : "50",
                           "s" : [ {
                              "value" : [ "( " ]
                           }, {
                              "r" : "50",
                              "s" : [ {
                                 "s" : [ {
                                    "r" : "45",
                                    "s" : [ {
                                       "r" : "44",
                                       "s" : [ {
                                          "r" : "44",
                                          "s" : [ {
                                             "value" : [ "[","\"Diagnosis\"",": " ]
                                          }, {
                                             "s" : [ {
                                                "value" : [ "\"Diabetes\"" ]
                                             } ]
                                          }, {
                                             "value" : [ "]" ]
                                          } ]
                                       } ]
                                    }, {
                                       "value" : [ " ","Diabetes" ]
                                    } ]
                                 } ]
                              }, {
                                 "value" : [ "\n        " ]
                              }, {
                                 "r" : "49",
                                 "s" : [ {
                                    "value" : [ "where " ]
                                 }, {
                                    "r" : "49",
                                    "s" : [ {
                                       "r" : "47",
                                       "s" : [ {
                                          "r" : "46",
                                          "s" : [ {
                                             "value" : [ "Diabetes" ]
                                          } ]
                                       }, {
                                          "value" : [ "." ]
                                       }, {
                                          "r" : "47",
                                          "s" : [ {
                                             "value" : [ "prevalencePeriod" ]
                                          } ]
                                       } ]
                                    }, {
                                       "r" : "49",
                                       "value" : [ " ","overlaps"," " ]
                                    }, {
                                       "r" : "48",
                                       "s" : [ {
                                          "value" : [ "\"Measurement Period\"" ]
                                       } ]
                                    } ]
                                 } ]
                              } ]
                           }, {
                              "value" : [ "\n    )" ]
                           } ]
                        } ]
                     } ]
                  } ]
               }
            } ],
            "expression" : {
               "localId" : "52",
               "locator" : "46:3-52:5",
               "type" : "And",
               "operand" : [ {
                  "localId" : "43",
                  "locator" : "46:3-49:68",
                  "type" : "And",
                  "operand" : [ {
                     "localId" : "39",
                     "locator" : "46:3-48:3",
                     "type" : "Exists",
                     "operand" : {
                        "localId" : "38",
                        "locator" : "46:10-48:3",
                        "type" : "Query",
                        "source" : [ {
                           "localId" : "27",
                           "locator" : "46:12-46:71",
                           "alias" : "BirthDate",
                           "expression" : {
                              "localId" : "26",
                              "locator" : "46:12-46:61",
                              "dataType" : "{urn:healthit-gov:qdm:v5_5}PatientCharacteristicBirthdate",
                              "codeProperty" : "code",
                              "type" : "Retrieve",
                              "codes" : {
                                 "type" : "ToList",
                                 "operand" : {
                                    "locator" : "46:49-46:60",
                                    "name" : "Birth date",
                                    "type" : "CodeRef"
                                 }
                              }
                           }
                        } ],
                        "relationship" : [ ],
                        "where" : {
                           "localId" : "37",
                           "locator" : "47:7-47:121",
                           "type" : "In",
                           "operand" : [ {
                              "localId" : "33",
                              "locator" : "47:13-47:100",
                              "name" : "CalendarAgeInYearsAt",
                              "libraryName" : "Global",
                              "type" : "FunctionRef",
                              "operand" : [ {
                                 "localId" : "30",
                                 "locator" : "47:45-47:67",
                                 "path" : "birthDatetime",
                                 "scope" : "BirthDate",
                                 "type" : "Property"
                              }, {
                                 "localId" : "32",
                                 "locator" : "47:70-47:98",
                                 "type" : "Start",
                                 "operand" : {
                                    "localId" : "31",
                                    "locator" : "47:79-47:98",
                                    "name" : "Measurement Period",
                                    "type" : "ParameterRef"
                                 }
                              } ]
                           }, {
                              "localId" : "36",
                              "locator" : "47:105-47:121",
                              "lowClosed" : true,
                              "highClosed" : false,
                              "type" : "Interval",
                              "low" : {
                                 "localId" : "34",
                                 "locator" : "47:114-47:115",
                                 "valueType" : "{urn:hl7-org:elm-types:r1}Integer",
                                 "value" : "18",
                                 "type" : "Literal"
                              },
                              "high" : {
                                 "localId" : "35",
                                 "locator" : "47:118-47:119",
                                 "valueType" : "{urn:hl7-org:elm-types:r1}Integer",
                                 "value" : "75",
                                 "type" : "Literal"
                              }
                           } ]
                        }
                     }
                  }, {
                     "localId" : "42",
                     "locator" : "49:9-49:68",
                     "type" : "Exists",
                     "operand" : {
                        "localId" : "41",
                        "locator" : "49:16-49:68",
                        "name" : "Qualifying Encounters",
                        "libraryName" : "AdultOutpatientEncounters",
                        "type" : "ExpressionRef"
                     }
                  } ]
               }, {
                  "localId" : "51",
                  "locator" : "50:9-52:5",
                  "type" : "Exists",
                  "operand" : {
                     "localId" : "50",
                     "locator" : "50:16-52:5",
                     "type" : "Query",
                     "source" : [ {
                        "localId" : "45",
                        "locator" : "50:18-50:51",
                        "alias" : "Diabetes",
                        "expression" : {
                           "localId" : "44",
                           "locator" : "50:18-50:42",
                           "dataType" : "{urn:healthit-gov:qdm:v5_5}Diagnosis",
                           "codeProperty" : "code",
                           "type" : "Retrieve",
                           "codes" : {
                              "locator" : "50:32-50:41",
                              "name" : "Diabetes",
                              "type" : "ValueSetRef"
                           }
                        }
                     } ],
                     "relationship" : [ ],
                     "where" : {
                        "localId" : "49",
                        "locator" : "51:9-51:69",
                        "type" : "Overlaps",
                        "operand" : [ {
                           "localId" : "47",
                           "locator" : "51:15-51:39",
                           "path" : "prevalencePeriod",
                           "scope" : "Diabetes",
                           "type" : "Property"
                        }, {
                           "localId" : "48",
                           "locator" : "51:50-51:69",
                           "name" : "Measurement Period",
                           "type" : "ParameterRef"
                        } ]
                     }
                  }
               } ]
            }
         }, {
            "localId" : "55",
            "locator" : "37:1-38:22",
            "name" : "Denominator",
            "context" : "Patient",
            "accessLevel" : "Public",
            "annotation" : [ {
               "type" : "Annotation",
               "s" : {
                  "r" : "55",
                  "s" : [ {
                     "value" : [ "define ","\"Denominator\"",":\n  " ]
                  }, {
                     "r" : "54",
                     "s" : [ {
                        "value" : [ "\"Initial Population\"" ]
                     } ]
                  } ]
               }
            } ],
            "expression" : {
               "localId" : "54",
               "locator" : "38:3-38:22",
               "name" : "Initial Population",
               "type" : "ExpressionRef"
            }
         }, {
            "localId" : "67",
            "locator" : "67:1-71:3",
            "name" : "Most Recent HbA1c",
            "context" : "Patient",
            "accessLevel" : "Public",
            "annotation" : [ {
               "type" : "Annotation",
               "s" : {
                  "r" : "67",
                  "s" : [ {
                     "value" : [ "define ","\"Most Recent HbA1c\"",":\n  " ]
                  }, {
                     "r" : "66",
                     "s" : [ {
                        "value" : [ "Last","(" ]
                     }, {
                        "r" : "65",
                        "s" : [ {
                           "s" : [ {
                              "r" : "57",
                              "s" : [ {
                                 "r" : "56",
                                 "s" : [ {
                                    "r" : "56",
                                    "s" : [ {
                                       "value" : [ "[","\"Laboratory Test, Performed\"",": " ]
                                    }, {
                                       "s" : [ {
                                          "value" : [ "\"HbA1c Laboratory Test\"" ]
                                       } ]
                                    }, {
                                       "value" : [ "]" ]
                                    } ]
                                 } ]
                              }, {
                                 "value" : [ " ","RecentHbA1c" ]
                              } ]
                           } ]
                        }, {
                           "value" : [ "\n      " ]
                        }, {
                           "r" : "61",
                           "s" : [ {
                              "value" : [ "where " ]
                           }, {
                              "r" : "61",
                              "s" : [ {
                                 "r" : "59",
                                 "s" : [ {
                                    "r" : "58",
                                    "s" : [ {
                                       "value" : [ "RecentHbA1c" ]
                                    } ]
                                 }, {
                                    "value" : [ "." ]
                                 }, {
                                    "r" : "59",
                                    "s" : [ {
                                       "value" : [ "relevantDatetime" ]
                                    } ]
                                 } ]
                              }, {
                                 "r" : "61",
                                 "value" : [ " ","during"," " ]
                              }, {
                                 "r" : "60",
                                 "s" : [ {
                                    "value" : [ "\"Measurement Period\"" ]
                                 } ]
                              } ]
                           } ]
                        }, {
                           "value" : [ "\n      " ]
                        }, {
                           "r" : "64",
                           "s" : [ {
                              "value" : [ "sort by " ]
                           }, {
                              "r" : "63",
                              "s" : [ {
                                 "r" : "62",
                                 "s" : [ {
                                    "value" : [ "relevantDatetime" ]
                                 } ]
                              } ]
                           } ]
                        } ]
                     }, {
                        "value" : [ "\n  )" ]
                     } ]
                  } ]
               }
            } ],
            "expression" : {
               "localId" : "66",
               "locator" : "68:3-71:3",
               "type" : "Last",
               "source" : {
                  "localId" : "65",
                  "locator" : "68:8-70:30",
                  "type" : "Query",
                  "source" : [ {
                     "localId" : "57",
                     "locator" : "68:8-68:74",
                     "alias" : "RecentHbA1c",
                     "expression" : {
                        "localId" : "56",
                        "locator" : "68:8-68:62",
                        "dataType" : "{urn:healthit-gov:qdm:v5_5}PositiveLaboratoryTestPerformed",
                        "templateId" : "PositiveLaboratoryTestPerformed",
                        "codeProperty" : "code",
                        "type" : "Retrieve",
                        "codes" : {
                           "locator" : "68:39-68:61",
                           "name" : "HbA1c Laboratory Test",
                           "type" : "ValueSetRef"
                        }
                     }
                  } ],
                  "relationship" : [ ],
                  "where" : {
                     "localId" : "61",
                     "locator" : "69:7-69:68",
                     "type" : "In",
                     "operand" : [ {
                        "localId" : "59",
                        "locator" : "69:13-69:40",
                        "path" : "relevantDatetime",
                        "scope" : "RecentHbA1c",
                        "type" : "Property"
                     }, {
                        "localId" : "60",
                        "locator" : "69:49-69:68",
                        "name" : "Measurement Period",
                        "type" : "ParameterRef"
                     } ]
                  },
                  "sort" : {
                     "localId" : "64",
                     "locator" : "70:7-70:30",
                     "by" : [ {
                        "localId" : "63",
                        "locator" : "70:15-70:30",
                        "direction" : "asc",
                        "path" : "relevantDatetime",
                        "type" : "ByColumn"
                     } ]
                  }
               }
            }
         }, {
            "localId" : "74",
            "locator" : "76:1-78:42",
            "name" : "Has Most Recent HbA1c Without Result",
            "context" : "Patient",
            "accessLevel" : "Public",
            "annotation" : [ {
               "type" : "Annotation",
               "s" : {
                  "r" : "74",
                  "s" : [ {
                     "value" : [ "define ","\"Has Most Recent HbA1c Without Result\"",":\n  " ]
                  }, {
                     "r" : "73",
                     "s" : [ {
                        "r" : "69",
                        "s" : [ {
                           "r" : "68",
                           "s" : [ {
                              "value" : [ "\"Most Recent HbA1c\"" ]
                           } ]
                        }, {
                           "value" : [ " is not null" ]
                        } ]
                     }, {
                        "value" : [ "\n    and " ]
                     }, {
                        "r" : "72",
                        "s" : [ {
                           "r" : "71",
                           "s" : [ {
                              "r" : "70",
                              "s" : [ {
                                 "value" : [ "\"Most Recent HbA1c\"" ]
                              } ]
                           }, {
                              "value" : [ "." ]
                           }, {
                              "r" : "71",
                              "s" : [ {
                                 "value" : [ "result" ]
                              } ]
                           } ]
                        }, {
                           "value" : [ " is null" ]
                        } ]
                     } ]
                  } ]
               }
            } ],
            "expression" : {
               "localId" : "73",
               "locator" : "77:3-78:42",
               "type" : "And",
               "operand" : [ {
                  "localId" : "69",
                  "locator" : "77:3-77:33",
                  "type" : "Not",
                  "operand" : {
                     "locator" : "77:3-77:33",
                     "type" : "IsNull",
                     "operand" : {
                        "localId" : "68",
                        "locator" : "77:3-77:21",
                        "name" : "Most Recent HbA1c",
                        "type" : "ExpressionRef"
                     }
                  }
               }, {
                  "localId" : "72",
                  "locator" : "78:9-78:42",
                  "type" : "IsNull",
                  "operand" : {
                     "localId" : "71",
                     "locator" : "78:9-78:34",
                     "path" : "result",
                     "type" : "Property",
                     "source" : {
                        "localId" : "70",
                        "locator" : "78:9-78:27",
                        "name" : "Most Recent HbA1c",
                        "type" : "ExpressionRef"
                     }
                  }
               } ]
            }
         }, {
            "localId" : "80",
            "locator" : "73:1-74:36",
            "name" : "Has Most Recent Elevated HbA1c",
            "context" : "Patient",
            "accessLevel" : "Public",
            "annotation" : [ {
               "type" : "Annotation",
               "s" : {
                  "r" : "80",
                  "s" : [ {
                     "value" : [ "define ","\"Has Most Recent Elevated HbA1c\"",":\n  " ]
                  }, {
                     "r" : "79",
                     "s" : [ {
                        "r" : "77",
                        "s" : [ {
                           "r" : "76",
                           "s" : [ {
                              "value" : [ "\"Most Recent HbA1c\"" ]
                           } ]
                        }, {
                           "value" : [ "." ]
                        }, {
                           "r" : "77",
                           "s" : [ {
                              "value" : [ "result" ]
                           } ]
                        } ]
                     }, {
                        "value" : [ " ",">"," " ]
                     }, {
                        "r" : "78",
                        "s" : [ {
                           "value" : [ "9 ","'%'" ]
                        } ]
                     } ]
                  } ]
               }
            } ],
            "expression" : {
               "localId" : "79",
               "locator" : "74:3-74:36",
               "type" : "Greater",
               "operand" : [ {
                  "asType" : "{urn:hl7-org:elm-types:r1}Quantity",
                  "type" : "As",
                  "operand" : {
                     "localId" : "77",
                     "locator" : "74:3-74:28",
                     "path" : "result",
                     "type" : "Property",
                     "source" : {
                        "localId" : "76",
                        "locator" : "74:3-74:21",
                        "name" : "Most Recent HbA1c",
                        "type" : "ExpressionRef"
                     }
                  }
               }, {
                  "localId" : "78",
                  "locator" : "74:32-74:36",
                  "value" : 9,
                  "unit" : "%",
                  "type" : "Quantity"
               } ]
            }
         }, {
            "localId" : "92",
            "locator" : "54:1-57:3",
            "name" : "Has No Record Of HbA1c",
            "context" : "Patient",
            "accessLevel" : "Public",
            "annotation" : [ {
               "type" : "Annotation",
               "s" : {
                  "r" : "92",
                  "s" : [ {
                     "value" : [ "define ","\"Has No Record Of HbA1c\"",":\n  " ]
                  }, {
                     "r" : "91",
                     "s" : [ {
                        "value" : [ "not " ]
                     }, {
                        "r" : "90",
                        "s" : [ {
                           "value" : [ "exists " ]
                        }, {
                           "r" : "89",
                           "s" : [ {
                              "value" : [ "( " ]
                           }, {
                              "r" : "89",
                              "s" : [ {
                                 "s" : [ {
                                    "r" : "84",
                                    "s" : [ {
                                       "r" : "83",
                                       "s" : [ {
                                          "r" : "83",
                                          "s" : [ {
                                             "value" : [ "[","\"Laboratory Test, Performed\"",": " ]
                                          }, {
                                             "s" : [ {
                                                "value" : [ "\"HbA1c Laboratory Test\"" ]
                                             } ]
                                          }, {
                                             "value" : [ "]" ]
                                          } ]
                                       } ]
                                    }, {
                                       "value" : [ " ","NoHbA1c" ]
                                    } ]
                                 } ]
                              }, {
                                 "value" : [ "\n      " ]
                              }, {
                                 "r" : "88",
                                 "s" : [ {
                                    "value" : [ "where " ]
                                 }, {
                                    "r" : "88",
                                    "s" : [ {
                                       "r" : "86",
                                       "s" : [ {
                                          "r" : "85",
                                          "s" : [ {
                                             "value" : [ "NoHbA1c" ]
                                          } ]
                                       }, {
                                          "value" : [ "." ]
                                       }, {
                                          "r" : "86",
                                          "s" : [ {
                                             "value" : [ "relevantDatetime" ]
                                          } ]
                                       } ]
                                    }, {
                                       "r" : "88",
                                       "value" : [ " ","during"," " ]
                                    }, {
                                       "r" : "87",
                                       "s" : [ {
                                          "value" : [ "\"Measurement Period\"" ]
                                       } ]
                                    } ]
                                 } ]
                              } ]
                           }, {
                              "value" : [ "\n  )" ]
                           } ]
                        } ]
                     } ]
                  } ]
               }
            } ],
            "expression" : {
               "localId" : "91",
               "locator" : "55:3-57:3",
               "type" : "Not",
               "operand" : {
                  "localId" : "90",
                  "locator" : "55:7-57:3",
                  "type" : "Exists",
                  "operand" : {
                     "localId" : "89",
                     "locator" : "55:14-57:3",
                     "type" : "Query",
                     "source" : [ {
                        "localId" : "84",
                        "locator" : "55:16-55:78",
                        "alias" : "NoHbA1c",
                        "expression" : {
                           "localId" : "83",
                           "locator" : "55:16-55:70",
                           "dataType" : "{urn:healthit-gov:qdm:v5_5}PositiveLaboratoryTestPerformed",
                           "templateId" : "PositiveLaboratoryTestPerformed",
                           "codeProperty" : "code",
                           "type" : "Retrieve",
                           "codes" : {
                              "locator" : "55:47-55:69",
                              "name" : "HbA1c Laboratory Test",
                              "type" : "ValueSetRef"
                           }
                        }
                     } ],
                     "relationship" : [ ],
                     "where" : {
                        "localId" : "88",
                        "locator" : "56:7-56:64",
                        "type" : "In",
                        "operand" : [ {
                           "localId" : "86",
                           "locator" : "56:13-56:36",
                           "path" : "relevantDatetime",
                           "scope" : "NoHbA1c",
                           "type" : "Property"
                        }, {
                           "localId" : "87",
                           "locator" : "56:45-56:64",
                           "name" : "Measurement Period",
                           "type" : "ParameterRef"
                        } ]
                     }
                  }
               }
            }
         }, {
            "localId" : "95",
            "locator" : "40:1-43:31",
            "name" : "Numerator",
            "context" : "Patient",
            "accessLevel" : "Public",
            "annotation" : [ {
               "type" : "Annotation",
               "s" : {
                  "r" : "95",
                  "s" : [ {
                     "value" : [ "define ","\"Numerator\"",":\n  " ]
                  }, {
                     "r" : "94",
                     "s" : [ {
                        "r" : "82",
                        "s" : [ {
                           "r" : "75",
                           "s" : [ {
                              "value" : [ "\"Has Most Recent HbA1c Without Result\"" ]
                           } ]
                        }, {
                           "value" : [ "\n    or " ]
                        }, {
                           "r" : "81",
                           "s" : [ {
                              "value" : [ "\"Has Most Recent Elevated HbA1c\"" ]
                           } ]
                        } ]
                     }, {
                        "value" : [ "\n    or " ]
                     }, {
                        "r" : "93",
                        "s" : [ {
                           "value" : [ "\"Has No Record Of HbA1c\"" ]
                        } ]
                     } ]
                  } ]
               }
            } ],
            "expression" : {
               "localId" : "94",
               "locator" : "41:3-43:31",
               "type" : "Or",
               "operand" : [ {
                  "localId" : "82",
                  "locator" : "41:3-42:39",
                  "type" : "Or",
                  "operand" : [ {
                     "localId" : "75",
                     "locator" : "41:3-41:40",
                     "name" : "Has Most Recent HbA1c Without Result",
                     "type" : "ExpressionRef"
                  }, {
                     "localId" : "81",
                     "locator" : "42:8-42:39",
                     "name" : "Has Most Recent Elevated HbA1c",
                     "type" : "ExpressionRef"
                  } ]
               }, {
                  "localId" : "93",
                  "locator" : "43:8-43:31",
                  "name" : "Has No Record Of HbA1c",
                  "type" : "ExpressionRef"
               } ]
            }
         }, {
            "localId" : "117",
            "locator" : "59:1-65:5",
            "name" : "Denominator Exclusions",
            "context" : "Patient",
            "accessLevel" : "Public",
            "annotation" : [ {
               "type" : "Annotation",
               "s" : {
                  "r" : "117",
                  "s" : [ {
                     "value" : [ "define ","\"Denominator Exclusions\"",":\n  " ]
                  }, {
                     "r" : "116",
                     "s" : [ {
                        "r" : "100",
                        "s" : [ {
                           "r" : "97",
                           "s" : [ {
                              "r" : "96",
                              "s" : [ {
                                 "value" : [ "Hospice" ]
                              } ]
                           }, {
                              "value" : [ "." ]
                           }, {
                              "r" : "97",
                              "s" : [ {
                                 "value" : [ "\"Has Hospice\"" ]
                              } ]
                           } ]
                        }, {
                           "value" : [ "\n    or " ]
                        }, {
                           "r" : "99",
                           "s" : [ {
                              "r" : "98",
                              "s" : [ {
                                 "value" : [ "FrailtyLTI" ]
                              } ]
                           }, {
                              "value" : [ "." ]
                           }, {
                              "r" : "99",
                              "s" : [ {
                                 "value" : [ "\"Advanced Illness and Frailty Exclusion Not Including Over Age 80\"" ]
                              } ]
                           } ]
                        } ]
                     }, {
                        "value" : [ "\n    or " ]
                     }, {
                        "r" : "115",
                        "s" : [ {
                           "value" : [ "( " ]
                        }, {
                           "r" : "115",
                           "s" : [ {
                              "value" : [ "exists " ]
                           }, {
                              "r" : "114",
                              "s" : [ {
                                 "s" : [ {
                                    "r" : "102",
                                    "s" : [ {
                                       "r" : "101",
                                       "s" : [ {
                                          "r" : "101",
                                          "s" : [ {
                                             "value" : [ "[","\"Patient Characteristic Birthdate\"",": " ]
                                          }, {
                                             "s" : [ {
                                                "value" : [ "\"Birth date\"" ]
                                             } ]
                                          }, {
                                             "value" : [ "]" ]
                                          } ]
                                       } ]
                                    }, {
                                       "value" : [ " ","BirthDate" ]
                                    } ]
                                 } ]
                              }, {
                                 "value" : [ "\n        " ]
                              }, {
                                 "r" : "113",
                                 "s" : [ {
                                    "value" : [ "where " ]
                                 }, {
                                    "r" : "113",
                                    "s" : [ {
                                       "r" : "110",
                                       "s" : [ {
                                          "value" : [ "( " ]
                                       }, {
                                          "r" : "110",
                                          "s" : [ {
                                             "r" : "108",
                                             "s" : [ {
                                                "r" : "103",
                                                "s" : [ {
                                                   "value" : [ "Global" ]
                                                } ]
                                             }, {
                                                "value" : [ "." ]
                                             }, {
                                                "r" : "108",
                                                "s" : [ {
                                                   "value" : [ "\"CalendarAgeInYearsAt\""," ( " ]
                                                }, {
                                                   "r" : "105",
                                                   "s" : [ {
                                                      "r" : "104",
                                                      "s" : [ {
                                                         "value" : [ "BirthDate" ]
                                                      } ]
                                                   }, {
                                                      "value" : [ "." ]
                                                   }, {
                                                      "r" : "105",
                                                      "s" : [ {
                                                         "value" : [ "birthDatetime" ]
                                                      } ]
                                                   } ]
                                                }, {
                                                   "value" : [ ", " ]
                                                }, {
                                                   "r" : "107",
                                                   "s" : [ {
                                                      "value" : [ "start of " ]
                                                   }, {
                                                      "r" : "106",
                                                      "s" : [ {
                                                         "value" : [ "\"Measurement Period\"" ]
                                                      } ]
                                                   } ]
                                                }, {
                                                   "value" : [ " )" ]
                                                } ]
                                             } ]
                                          }, {
                                             "r" : "109",
                                             "value" : [ " ",">="," ","65" ]
                                          } ]
                                       }, {
                                          "value" : [ " )" ]
                                       } ]
                                    }, {
                                       "value" : [ "\n          and " ]
                                    }, {
                                       "r" : "112",
                                       "s" : [ {
                                          "r" : "111",
                                          "s" : [ {
                                             "value" : [ "FrailtyLTI" ]
                                          } ]
                                       }, {
                                          "value" : [ "." ]
                                       }, {
                                          "r" : "112",
                                          "s" : [ {
                                             "value" : [ "\"Long Term Care Periods Longer Than 90 Consecutive Days\"" ]
                                          } ]
                                       } ]
                                    } ]
                                 } ]
                              } ]
                           } ]
                        }, {
                           "value" : [ "\n    )" ]
                        } ]
                     } ]
                  } ]
               }
            } ],
            "expression" : {
               "localId" : "116",
               "locator" : "60:3-65:5",
               "type" : "Or",
               "operand" : [ {
                  "localId" : "100",
                  "locator" : "60:3-61:84",
                  "type" : "Or",
                  "operand" : [ {
                     "localId" : "97",
                     "locator" : "60:3-60:23",
                     "name" : "Has Hospice",
                     "libraryName" : "Hospice",
                     "type" : "ExpressionRef"
                  }, {
                     "localId" : "99",
                     "locator" : "61:8-61:84",
                     "name" : "Advanced Illness and Frailty Exclusion Not Including Over Age 80",
                     "libraryName" : "FrailtyLTI",
                     "type" : "ExpressionRef"
                  } ]
               }, {
                  "localId" : "115",
                  "locator" : "62:8-65:5",
                  "type" : "Exists",
                  "operand" : {
                     "localId" : "114",
                     "locator" : "62:17-64:81",
                     "type" : "Query",
                     "source" : [ {
                        "localId" : "102",
                        "locator" : "62:17-62:76",
                        "alias" : "BirthDate",
                        "expression" : {
                           "localId" : "101",
                           "locator" : "62:17-62:66",
                           "dataType" : "{urn:healthit-gov:qdm:v5_5}PatientCharacteristicBirthdate",
                           "codeProperty" : "code",
                           "type" : "Retrieve",
                           "codes" : {
                              "type" : "ToList",
                              "operand" : {
                                 "locator" : "62:54-62:65",
                                 "name" : "Birth date",
                                 "type" : "CodeRef"
                              }
                           }
                        }
                     } ],
                     "relationship" : [ ],
                     "where" : {
                        "localId" : "113",
                        "locator" : "63:9-64:81",
                        "type" : "And",
                        "operand" : [ {
                           "localId" : "110",
                           "locator" : "63:15-63:112",
                           "type" : "GreaterOrEqual",
                           "operand" : [ {
                              "localId" : "108",
                              "locator" : "63:17-63:104",
                              "name" : "CalendarAgeInYearsAt",
                              "libraryName" : "Global",
                              "type" : "FunctionRef",
                              "operand" : [ {
                                 "localId" : "105",
                                 "locator" : "63:49-63:71",
                                 "path" : "birthDatetime",
                                 "scope" : "BirthDate",
                                 "type" : "Property"
                              }, {
                                 "localId" : "107",
                                 "locator" : "63:74-63:102",
                                 "type" : "Start",
                                 "operand" : {
                                    "localId" : "106",
                                    "locator" : "63:83-63:102",
                                    "name" : "Measurement Period",
                                    "type" : "ParameterRef"
                                 }
                              } ]
                           }, {
                              "localId" : "109",
                              "locator" : "63:109-63:110",
                              "valueType" : "{urn:hl7-org:elm-types:r1}Integer",
                              "value" : "65",
                              "type" : "Literal"
                           } ]
                        }, {
                           "localId" : "112",
                           "locator" : "64:15-64:81",
                           "name" : "Long Term Care Periods Longer Than 90 Consecutive Days",
                           "libraryName" : "FrailtyLTI",
                           "type" : "ExpressionRef"
                        } ]
                     }
                  }
               } ]
            }
         } ]
      }
   }
}