{
   "library" : {
      "identifier" : {
         "id" : "CRLReceiptofSpecialistReport",
         "version" : "9.2.000"
      },
      "schemaIdentifier" : {
         "id" : "urn:hl7-org:elm",
         "version" : "r1"
      },
      "usings" : {
         "def" : [ {
            "localIdentifier" : "System",
            "uri" : "urn:hl7-org:elm-types:r1"
         }, {
            "localId" : "1",
            "locator" : "3:1-3:23",
            "localIdentifier" : "QDM",
            "uri" : "urn:healthit-gov:qdm:v5_5",
            "version" : "5.5"
         } ]
      },
      "parameters" : {
         "def" : [ {
            "localId" : "16",
            "locator" : "18:1-18:49",
            "name" : "Measurement Period",
            "accessLevel" : "Public",
            "parameterTypeSpecifier" : {
               "localId" : "15",
               "locator" : "18:32-18:49",
               "type" : "IntervalTypeSpecifier",
               "pointType" : {
                  "localId" : "14",
                  "locator" : "18:41-18:48",
                  "name" : "{urn:hl7-org:elm-types:r1}DateTime",
                  "type" : "NamedTypeSpecifier"
               }
            }
         } ]
      },
      "valueSets" : {
         "def" : [ {
            "localId" : "2",
            "locator" : "5:1-5:80",
            "name" : "Consultant Report",
            "id" : "urn:oid:2.16.840.1.113883.3.464.1003.121.12.1006",
            "accessLevel" : "Public"
         }, {
            "localId" : "3",
            "locator" : "6:1-6:58",
            "name" : "Ethnicity",
            "id" : "urn:oid:2.16.840.1.114222.4.11.837",
            "accessLevel" : "Public"
         }, {
            "localId" : "4",
            "locator" : "7:1-7:75",
            "name" : "Office Visit",
            "id" : "urn:oid:2.16.840.1.113883.3.464.1003.101.12.1001",
            "accessLevel" : "Public"
         }, {
            "localId" : "5",
            "locator" : "8:1-8:68",
            "name" : "ONC Administrative Sex",
            "id" : "urn:oid:2.16.840.1.113762.1.4.1",
            "accessLevel" : "Public"
         }, {
            "localId" : "6",
            "locator" : "9:1-9:78",
            "name" : "Ophthalmological Services",
            "id" : "urn:oid:2.16.840.1.113883.3.526.3.1285",
            "accessLevel" : "Public"
         }, {
            "localId" : "7",
            "locator" : "10:1-10:55",
            "name" : "Payer",
            "id" : "urn:oid:2.16.840.1.114222.4.11.3591",
            "accessLevel" : "Public"
         }, {
            "localId" : "8",
            "locator" : "11:1-11:125",
            "name" : "Preventive Care Services - Established Office Visit, 18 and Up",
            "id" : "urn:oid:2.16.840.1.113883.3.464.1003.101.12.1025",
            "accessLevel" : "Public"
         }, {
            "localId" : "9",
            "locator" : "12:1-12:118",
            "name" : "Preventive Care Services, Initial Office Visit, 0 to 17",
            "id" : "urn:oid:2.16.840.1.113883.3.464.1003.101.12.1022",
            "accessLevel" : "Public"
         }, {
            "localId" : "10",
            "locator" : "13:1-13:119",
            "name" : "Preventive Care Services-Initial Office Visit, 18 and Up",
            "id" : "urn:oid:2.16.840.1.113883.3.464.1003.101.12.1023",
            "accessLevel" : "Public"
         }, {
            "localId" : "11",
            "locator" : "14:1-14:113",
            "name" : "Preventive Care, Established Office Visit, 0 to 17",
            "id" : "urn:oid:2.16.840.1.113883.3.464.1003.101.12.1024",
            "accessLevel" : "Public"
         }, {
            "localId" : "12",
            "locator" : "15:1-15:53",
            "name" : "Race",
            "id" : "urn:oid:2.16.840.1.114222.4.11.836",
            "accessLevel" : "Public"
         }, {
            "localId" : "13",
            "locator" : "16:1-16:71",
            "name" : "Referral",
            "id" : "urn:oid:2.16.840.1.113883.3.464.1003.101.12.1046",
            "accessLevel" : "Public"
         } ]
      },
      "statements" : {
         "def" : [ {
            "locator" : "20:1-20:15",
            "name" : "Patient",
            "context" : "Patient",
            "expression" : {
               "type" : "SingletonFrom",
               "operand" : {
                  "locator" : "20:1-20:15",
                  "dataType" : "{urn:healthit-gov:qdm:v5_5}Patient",
                  "templateId" : "Patient",
                  "type" : "Retrieve"
               }
            }
         }, {
            "localId" : "34",
            "locator" : "25:1-32:72",
            "name" : "Face to Face Encounter During Measurement Period",
            "context" : "Patient",
            "accessLevel" : "Public",
            "annotation" : [ {
               "type" : "Annotation",
               "s" : {
                  "r" : "34",
                  "s" : [ {
                     "value" : [ "define ","\"Face to Face Encounter During Measurement Period\"",":\n  " ]
                  }, {
                     "r" : "33",
                     "s" : [ {
                        "s" : [ {
                           "r" : "28",
                           "s" : [ {
                              "r" : "27",
                              "s" : [ {
                                 "value" : [ "( " ]
                              }, {
                                 "r" : "27",
                                 "s" : [ {
                                    "r" : "25",
                                    "s" : [ {
                                       "r" : "23",
                                       "s" : [ {
                                          "r" : "21",
                                          "s" : [ {
                                             "r" : "19",
                                             "s" : [ {
                                                "r" : "17",
                                                "s" : [ {
                                                   "value" : [ "[","\"Encounter, Performed\"",": " ]
                                                }, {
                                                   "s" : [ {
                                                      "value" : [ "\"Office Visit\"" ]
                                                   } ]
                                                }, {
                                                   "value" : [ "]" ]
                                                } ]
                                             }, {
                                                "value" : [ "\n    union " ]
                                             }, {
                                                "r" : "18",
                                                "s" : [ {
                                                   "value" : [ "[","\"Encounter, Performed\"",": " ]
                                                }, {
                                                   "s" : [ {
                                                      "value" : [ "\"Ophthalmological Services\"" ]
                                                   } ]
                                                }, {
                                                   "value" : [ "]" ]
                                                } ]
                                             } ]
                                          }, {
                                             "value" : [ "\n    union " ]
                                          }, {
                                             "r" : "20",
                                             "s" : [ {
                                                "value" : [ "[","\"Encounter, Performed\"",": " ]
                                             }, {
                                                "s" : [ {
                                                   "value" : [ "\"Preventive Care Services - Established Office Visit, 18 and Up\"" ]
                                                } ]
                                             }, {
                                                "value" : [ "]" ]
                                             } ]
                                          } ]
                                       }, {
                                          "value" : [ "\n    union " ]
                                       }, {
                                          "r" : "22",
                                          "s" : [ {
                                             "value" : [ "[","\"Encounter, Performed\"",": " ]
                                          }, {
                                             "s" : [ {
                                                "value" : [ "\"Preventive Care Services, Initial Office Visit, 0 to 17\"" ]
                                             } ]
                                          }, {
                                             "value" : [ "]" ]
                                          } ]
                                       } ]
                                    }, {
                                       "value" : [ "\n    union " ]
                                    }, {
                                       "r" : "24",
                                       "s" : [ {
                                          "value" : [ "[","\"Encounter, Performed\"",": " ]
                                       }, {
                                          "s" : [ {
                                             "value" : [ "\"Preventive Care Services-Initial Office Visit, 18 and Up\"" ]
                                          } ]
                                       }, {
                                          "value" : [ "]" ]
                                       } ]
                                    } ]
                                 }, {
                                    "value" : [ "\n    union " ]
                                 }, {
                                    "r" : "26",
                                    "s" : [ {
                                       "value" : [ "[","\"Encounter, Performed\"",": " ]
                                    }, {
                                       "s" : [ {
                                          "value" : [ "\"Preventive Care, Established Office Visit, 0 to 17\"" ]
                                       } ]
                                    }, {
                                       "value" : [ "]" ]
                                    } ]
                                 } ]
                              }, {
                                 "value" : [ " )" ]
                              } ]
                           }, {
                              "value" : [ " ","FaceToFaceEncounter" ]
                           } ]
                        } ]
                     }, {
                        "value" : [ "\n    " ]
                     }, {
                        "r" : "32",
                        "s" : [ {
                           "value" : [ "where " ]
                        }, {
                           "r" : "32",
                           "s" : [ {
                              "r" : "30",
                              "s" : [ {
                                 "r" : "29",
                                 "s" : [ {
                                    "value" : [ "FaceToFaceEncounter" ]
                                 } ]
                              }, {
                                 "value" : [ "." ]
                              }, {
                                 "r" : "30",
                                 "s" : [ {
                                    "value" : [ "relevantPeriod" ]
                                 } ]
                              } ]
                           }, {
                              "r" : "32",
                              "value" : [ " ","during"," " ]
                           }, {
                              "r" : "31",
                              "s" : [ {
                                 "value" : [ "\"Measurement Period\"" ]
                              } ]
                           } ]
                        } ]
                     } ]
                  } ]
               }
            } ],
            "expression" : {
               "localId" : "33",
               "locator" : "26:3-32:72",
               "type" : "Query",
               "source" : [ {
                  "localId" : "28",
                  "locator" : "26:3-31:110",
                  "alias" : "FaceToFaceEncounter",
                  "expression" : {
                     "localId" : "27",
                     "locator" : "26:3-31:90",
                     "type" : "Union",
                     "operand" : [ {
                        "localId" : "23",
                        "locator" : "26:5-29:93",
                        "type" : "Union",
                        "operand" : [ {
                           "localId" : "19",
                           "locator" : "26:5-27:63",
                           "type" : "Union",
                           "operand" : [ {
                              "localId" : "17",
                              "locator" : "26:5-26:44",
                              "dataType" : "{urn:healthit-gov:qdm:v5_5}PositiveEncounterPerformed",
                              "templateId" : "PositiveEncounterPerformed",
                              "codeProperty" : "code",
                              "type" : "Retrieve",
                              "codes" : {
                                 "locator" : "26:30-26:43",
                                 "name" : "Office Visit",
                                 "type" : "ValueSetRef"
                              }
                           }, {
                              "localId" : "18",
                              "locator" : "27:11-27:63",
                              "dataType" : "{urn:healthit-gov:qdm:v5_5}PositiveEncounterPerformed",
                              "templateId" : "PositiveEncounterPerformed",
                              "codeProperty" : "code",
                              "type" : "Retrieve",
                              "codes" : {
                                 "locator" : "27:36-27:62",
                                 "name" : "Ophthalmological Services",
                                 "type" : "ValueSetRef"
                              }
                           } ]
                        }, {
                           "type" : "Union",
                           "operand" : [ {
                              "localId" : "20",
                              "locator" : "28:11-28:100",
                              "dataType" : "{urn:healthit-gov:qdm:v5_5}PositiveEncounterPerformed",
                              "templateId" : "PositiveEncounterPerformed",
                              "codeProperty" : "code",
                              "type" : "Retrieve",
                              "codes" : {
                                 "locator" : "28:36-28:99",
                                 "name" : "Preventive Care Services - Established Office Visit, 18 and Up",
                                 "type" : "ValueSetRef"
                              }
                           }, {
                              "localId" : "22",
                              "locator" : "29:11-29:93",
                              "dataType" : "{urn:healthit-gov:qdm:v5_5}PositiveEncounterPerformed",
                              "templateId" : "PositiveEncounterPerformed",
                              "codeProperty" : "code",
                              "type" : "Retrieve",
                              "codes" : {
                                 "locator" : "29:36-29:92",
                                 "name" : "Preventive Care Services, Initial Office Visit, 0 to 17",
                                 "type" : "ValueSetRef"
                              }
                           } ]
                        } ]
                     }, {
                        "type" : "Union",
                        "operand" : [ {
                           "localId" : "24",
                           "locator" : "30:11-30:94",
                           "dataType" : "{urn:healthit-gov:qdm:v5_5}PositiveEncounterPerformed",
                           "templateId" : "PositiveEncounterPerformed",
                           "codeProperty" : "code",
                           "type" : "Retrieve",
                           "codes" : {
                              "locator" : "30:36-30:93",
                              "name" : "Preventive Care Services-Initial Office Visit, 18 and Up",
                              "type" : "ValueSetRef"
                           }
                        }, {
                           "localId" : "26",
                           "locator" : "31:11-31:88",
                           "dataType" : "{urn:healthit-gov:qdm:v5_5}PositiveEncounterPerformed",
                           "templateId" : "PositiveEncounterPerformed",
                           "codeProperty" : "code",
                           "type" : "Retrieve",
                           "codes" : {
                              "locator" : "31:36-31:87",
                              "name" : "Preventive Care, Established Office Visit, 0 to 17",
                              "type" : "ValueSetRef"
                           }
                        } ]
                     } ]
                  }
               } ],
               "relationship" : [ ],
               "where" : {
                  "localId" : "32",
                  "locator" : "32:5-32:72",
                  "type" : "IncludedIn",
                  "operand" : [ {
                     "localId" : "30",
                     "locator" : "32:11-32:44",
                     "path" : "relevantPeriod",
                     "scope" : "FaceToFaceEncounter",
                     "type" : "Property"
                  }, {
                     "localId" : "31",
                     "locator" : "32:53-32:72",
                     "name" : "Measurement Period",
                     "type" : "ParameterRef"
                  } ]
               }
            }
         }, {
            "localId" : "64",
            "locator" : "53:1-62:3",
            "name" : "First Referral During Measurement Period",
            "context" : "Patient",
            "accessLevel" : "Public",
            "annotation" : [ {
               "type" : "Annotation",
               "s" : {
                  "r" : "64",
                  "s" : [ {
                     "value" : [ "define ","\"First Referral During Measurement Period\"",":\n  " ]
                  }, {
                     "r" : "63",
                     "s" : [ {
                        "value" : [ "First","(" ]
                     }, {
                        "r" : "62",
                        "s" : [ {
                           "s" : [ {
                              "r" : "58",
                              "s" : [ {
                                 "r" : "57",
                                 "s" : [ {
                                    "value" : [ "(" ]
                                 }, {
                                    "r" : "57",
                                    "s" : [ {
                                       "r" : "43",
                                       "s" : [ {
                                          "value" : [ "(" ]
                                       }, {
                                          "r" : "43",
                                          "s" : [ {
                                             "s" : [ {
                                                "r" : "38",
                                                "s" : [ {
                                                   "r" : "37",
                                                   "s" : [ {
                                                      "r" : "37",
                                                      "s" : [ {
                                                         "value" : [ "[","\"Intervention, Performed\"",": " ]
                                                      }, {
                                                         "s" : [ {
                                                            "value" : [ "\"Referral\"" ]
                                                         } ]
                                                      }, {
                                                         "value" : [ "]" ]
                                                      } ]
                                                   } ]
                                                }, {
                                                   "value" : [ " ","ReferralPerformed" ]
                                                } ]
                                             } ]
                                          }, {
                                             "value" : [ "\n        " ]
                                          }, {
                                             "r" : "42",
                                             "s" : [ {
                                                "value" : [ "where " ]
                                             }, {
                                                "r" : "42",
                                                "s" : [ {
                                                   "r" : "40",
                                                   "s" : [ {
                                                      "r" : "39",
                                                      "s" : [ {
                                                         "value" : [ "ReferralPerformed" ]
                                                      } ]
                                                   }, {
                                                      "value" : [ "." ]
                                                   }, {
                                                      "r" : "40",
                                                      "s" : [ {
                                                         "value" : [ "relevantDatetime" ]
                                                      } ]
                                                   } ]
                                                }, {
                                                   "r" : "42",
                                                   "value" : [ " ","during"," " ]
                                                }, {
                                                   "r" : "41",
                                                   "s" : [ {
                                                      "value" : [ "\"Measurement Period\"" ]
                                                   } ]
                                                } ]
                                             } ]
                                          } ]
                                       }, {
                                          "value" : [ "\n    )" ]
                                       } ]
                                    }, {
                                       "value" : [ "\n      union" ]
                                    }, {
                                       "r" : "56",
                                       "s" : [ {
                                          "value" : [ "(" ]
                                       }, {
                                          "r" : "56",
                                          "s" : [ {
                                             "s" : [ {
                                                "r" : "45",
                                                "s" : [ {
                                                   "r" : "44",
                                                   "s" : [ {
                                                      "r" : "44",
                                                      "s" : [ {
                                                         "value" : [ "[","\"Intervention, Order\"",": " ]
                                                      }, {
                                                         "s" : [ {
                                                            "value" : [ "\"Referral\"" ]
                                                         } ]
                                                      }, {
                                                         "value" : [ "]" ]
                                                      } ]
                                                   } ]
                                                }, {
                                                   "value" : [ " ","ReferralOrder" ]
                                                } ]
                                             } ]
                                          }, {
                                             "value" : [ "\n          " ]
                                          }, {
                                             "r" : "49",
                                             "s" : [ {
                                                "value" : [ "where " ]
                                             }, {
                                                "r" : "49",
                                                "s" : [ {
                                                   "r" : "47",
                                                   "s" : [ {
                                                      "r" : "46",
                                                      "s" : [ {
                                                         "value" : [ "ReferralOrder" ]
                                                      } ]
                                                   }, {
                                                      "value" : [ "." ]
                                                   }, {
                                                      "r" : "47",
                                                      "s" : [ {
                                                         "value" : [ "authorDatetime" ]
                                                      } ]
                                                   } ]
                                                }, {
                                                   "r" : "49",
                                                   "value" : [ " ","during"," " ]
                                                }, {
                                                   "r" : "48",
                                                   "s" : [ {
                                                      "value" : [ "\"Measurement Period\"" ]
                                                   } ]
                                                } ]
                                             } ]
                                          }, {
                                             "value" : [ "\n          " ]
                                          }, {
                                             "r" : "55",
                                             "s" : [ {
                                                "value" : [ "return " ]
                                             }, {
                                                "r" : "54",
                                                "s" : [ {
                                                   "value" : [ "\"Intervention, Performed\""," { " ]
                                                }, {
                                                   "s" : [ {
                                                      "value" : [ "id",": " ]
                                                   }, {
                                                      "r" : "51",
                                                      "s" : [ {
                                                         "r" : "50",
                                                         "s" : [ {
                                                            "value" : [ "ReferralOrder" ]
                                                         } ]
                                                      }, {
                                                         "value" : [ "." ]
                                                      }, {
                                                         "r" : "51",
                                                         "s" : [ {
                                                            "value" : [ "id" ]
                                                         } ]
                                                      } ]
                                                   } ]
                                                }, {
                                                   "value" : [ ", " ]
                                                }, {
                                                   "s" : [ {
                                                      "value" : [ "relevantDatetime",": " ]
                                                   }, {
                                                      "r" : "53",
                                                      "s" : [ {
                                                         "r" : "52",
                                                         "s" : [ {
                                                            "value" : [ "ReferralOrder" ]
                                                         } ]
                                                      }, {
                                                         "value" : [ "." ]
                                                      }, {
                                                         "r" : "53",
                                                         "s" : [ {
                                                            "value" : [ "authorDatetime" ]
                                                         } ]
                                                      } ]
                                                   } ]
                                                }, {
                                                   "value" : [ " }" ]
                                                } ]
                                             } ]
                                          } ]
                                       }, {
                                          "value" : [ "\n      )" ]
                                       } ]
                                    } ]
                                 }, {
                                    "value" : [ ")" ]
                                 } ]
                              }, {
                                 "value" : [ "ReferralInterventions" ]
                              } ]
                           } ]
                        }, {
                           "value" : [ "\n      " ]
                        }, {
                           "r" : "61",
                           "s" : [ {
                              "value" : [ "sort by " ]
                           }, {
                              "r" : "60",
                              "s" : [ {
                                 "r" : "59",
                                 "s" : [ {
                                    "value" : [ "relevantDatetime" ]
                                 } ]
                              } ]
                           } ]
                        } ]
                     }, {
                        "value" : [ "\n  )" ]
                     } ]
                  } ]
               }
            } ],
            "expression" : {
               "localId" : "63",
               "locator" : "54:3-62:3",
               "type" : "First",
               "source" : {
                  "localId" : "62",
                  "locator" : "54:9-61:30",
                  "type" : "Query",
                  "source" : [ {
                     "localId" : "58",
                     "locator" : "54:9-60:29",
                     "alias" : "ReferralInterventions",
                     "expression" : {
                        "localId" : "57",
                        "locator" : "54:9-60:8",
                        "type" : "Union",
                        "operand" : [ {
                           "localId" : "43",
                           "locator" : "54:10-56:5",
                           "type" : "Query",
                           "source" : [ {
                              "localId" : "38",
                              "locator" : "54:11-54:67",
                              "alias" : "ReferralPerformed",
                              "expression" : {
                                 "localId" : "37",
                                 "locator" : "54:11-54:49",
                                 "dataType" : "{urn:healthit-gov:qdm:v5_5}PositiveInterventionPerformed",
                                 "templateId" : "PositiveInterventionPerformed",
                                 "codeProperty" : "code",
                                 "type" : "Retrieve",
                                 "codes" : {
                                    "locator" : "54:39-54:48",
                                    "name" : "Referral",
                                    "type" : "ValueSetRef"
                                 }
                              }
                           } ],
                           "relationship" : [ ],
                           "where" : {
                              "localId" : "42",
                              "locator" : "55:9-55:76",
                              "type" : "In",
                              "operand" : [ {
                                 "localId" : "40",
                                 "locator" : "55:15-55:48",
                                 "path" : "relevantDatetime",
                                 "scope" : "ReferralPerformed",
                                 "type" : "Property"
                              }, {
                                 "localId" : "41",
                                 "locator" : "55:57-55:76",
                                 "name" : "Measurement Period",
                                 "type" : "ParameterRef"
                              } ]
                           }
                        }, {
                           "localId" : "56",
                           "locator" : "57:12-60:7",
                           "type" : "Query",
                           "source" : [ {
                              "localId" : "45",
                              "locator" : "57:13-57:61",
                              "alias" : "ReferralOrder",
                              "expression" : {
                                 "localId" : "44",
                                 "locator" : "57:13-57:47",
                                 "dataType" : "{urn:healthit-gov:qdm:v5_5}PositiveInterventionOrder",
                                 "templateId" : "PositiveInterventionOrder",
                                 "codeProperty" : "code",
                                 "type" : "Retrieve",
                                 "codes" : {
                                    "locator" : "57:37-57:46",
                                    "name" : "Referral",
                                    "type" : "ValueSetRef"
                                 }
                              }
                           } ],
                           "relationship" : [ ],
                           "where" : {
                              "localId" : "49",
                              "locator" : "58:11-58:72",
                              "type" : "In",
                              "operand" : [ {
                                 "localId" : "47",
                                 "locator" : "58:17-58:44",
                                 "path" : "authorDatetime",
                                 "scope" : "ReferralOrder",
                                 "type" : "Property"
                              }, {
                                 "localId" : "48",
                                 "locator" : "58:53-58:72",
                                 "name" : "Measurement Period",
                                 "type" : "ParameterRef"
                              } ]
                           },
                           "return" : {
                              "localId" : "55",
                              "locator" : "59:11-59:115",
                              "expression" : {
                                 "localId" : "54",
                                 "locator" : "59:18-59:115",
                                 "classType" : "{urn:healthit-gov:qdm:v5_5}PositiveInterventionPerformed",
                                 "type" : "Instance",
                                 "element" : [ {
                                    "name" : "id",
                                    "value" : {
                                       "localId" : "51",
                                       "locator" : "59:50-59:65",
                                       "path" : "id",
                                       "scope" : "ReferralOrder",
                                       "type" : "Property"
                                    }
                                 }, {
                                    "name" : "relevantDatetime",
                                    "value" : {
                                       "localId" : "53",
                                       "locator" : "59:86-59:113",
                                       "path" : "authorDatetime",
                                       "scope" : "ReferralOrder",
                                       "type" : "Property"
                                    }
                                 } ]
                              }
                           }
                        } ]
                     }
                  } ],
                  "relationship" : [ ],
                  "sort" : {
                     "localId" : "61",
                     "locator" : "61:7-61:30",
                     "by" : [ {
                        "localId" : "60",
                        "locator" : "61:15-61:30",
                        "direction" : "asc",
                        "path" : "relevantDatetime",
                        "type" : "ByColumn"
                     } ]
                  }
               }
            }
         }, {
            "localId" : "68",
            "locator" : "34:1-36:62",
            "name" : "Initial Population",
            "context" : "Patient",
            "accessLevel" : "Public",
            "annotation" : [ {
               "type" : "Annotation",
               "s" : {
                  "r" : "68",
                  "s" : [ {
                     "value" : [ "define ","\"Initial Population\"",":\n  " ]
                  }, {
                     "r" : "67",
                     "s" : [ {
                        "r" : "36",
                        "s" : [ {
                           "value" : [ "exists " ]
                        }, {
                           "r" : "35",
                           "s" : [ {
                              "value" : [ "\"Face to Face Encounter During Measurement Period\"" ]
                           } ]
                        } ]
                     }, {
                        "value" : [ "\n    and " ]
                     }, {
                        "r" : "66",
                        "s" : [ {
                           "r" : "65",
                           "s" : [ {
                              "value" : [ "\"First Referral During Measurement Period\"" ]
                           } ]
                        }, {
                           "value" : [ " is not null" ]
                        } ]
                     } ]
                  } ]
               }
            } ],
            "expression" : {
               "localId" : "67",
               "locator" : "35:3-36:62",
               "type" : "And",
               "operand" : [ {
                  "localId" : "36",
                  "locator" : "35:3-35:59",
                  "type" : "Exists",
                  "operand" : {
                     "localId" : "35",
                     "locator" : "35:10-35:59",
                     "name" : "Face to Face Encounter During Measurement Period",
                     "type" : "ExpressionRef"
                  }
               }, {
                  "localId" : "66",
                  "locator" : "36:9-36:62",
                  "type" : "Not",
                  "operand" : {
                     "locator" : "36:9-36:62",
                     "type" : "IsNull",
                     "operand" : {
                        "localId" : "65",
                        "locator" : "36:9-36:50",
                        "name" : "First Referral During Measurement Period",
                        "type" : "ExpressionRef"
                     }
                  }
               } ]
            }
         }, {
            "localId" : "70",
            "locator" : "22:1-23:22",
            "name" : "Denominator",
            "context" : "Patient",
            "accessLevel" : "Public",
            "annotation" : [ {
               "type" : "Annotation",
               "s" : {
                  "r" : "70",
                  "s" : [ {
                     "value" : [ "define ","\"Denominator\"",":\n  " ]
                  }, {
                     "r" : "69",
                     "s" : [ {
                        "value" : [ "\"Initial Population\"" ]
                     } ]
                  } ]
               }
            } ],
            "expression" : {
               "localId" : "69",
               "locator" : "23:3-23:22",
               "name" : "Initial Population",
               "type" : "ExpressionRef"
            }
         }, {
            "localId" : "72",
            "locator" : "38:1-39:51",
            "name" : "SDE Ethnicity",
            "context" : "Patient",
            "accessLevel" : "Public",
            "annotation" : [ {
               "type" : "Annotation",
               "s" : {
                  "r" : "72",
                  "s" : [ {
                     "value" : [ "define ","\"SDE Ethnicity\"",":\n  " ]
                  }, {
                     "r" : "71",
                     "s" : [ {
                        "value" : [ "[","\"Patient Characteristic Ethnicity\"",": " ]
                     }, {
                        "s" : [ {
                           "value" : [ "\"Ethnicity\"" ]
                        } ]
                     }, {
                        "value" : [ "]" ]
                     } ]
                  } ]
               }
            } ],
            "expression" : {
               "localId" : "71",
               "locator" : "39:3-39:51",
               "dataType" : "{urn:healthit-gov:qdm:v5_5}PatientCharacteristicEthnicity",
               "codeProperty" : "code",
               "type" : "Retrieve",
               "codes" : {
                  "locator" : "39:40-39:50",
                  "name" : "Ethnicity",
                  "type" : "ValueSetRef"
               }
            }
         }, {
            "localId" : "74",
            "locator" : "41:1-42:43",
            "name" : "SDE Payer",
            "context" : "Patient",
            "accessLevel" : "Public",
            "annotation" : [ {
               "type" : "Annotation",
               "s" : {
                  "r" : "74",
                  "s" : [ {
                     "value" : [ "define ","\"SDE Payer\"",":\n  " ]
                  }, {
                     "r" : "73",
                     "s" : [ {
                        "value" : [ "[","\"Patient Characteristic Payer\"",": " ]
                     }, {
                        "s" : [ {
                           "value" : [ "\"Payer\"" ]
                        } ]
                     }, {
                        "value" : [ "]" ]
                     } ]
                  } ]
               }
            } ],
            "expression" : {
               "localId" : "73",
               "locator" : "42:3-42:43",
               "dataType" : "{urn:healthit-gov:qdm:v5_5}PatientCharacteristicPayer",
               "codeProperty" : "code",
               "type" : "Retrieve",
               "codes" : {
                  "locator" : "42:36-42:42",
                  "name" : "Payer",
                  "type" : "ValueSetRef"
               }
            }
         }, {
            "localId" : "76",
            "locator" : "44:1-45:41",
            "name" : "SDE Race",
            "context" : "Patient",
            "accessLevel" : "Public",
            "annotation" : [ {
               "type" : "Annotation",
               "s" : {
                  "r" : "76",
                  "s" : [ {
                     "value" : [ "define ","\"SDE Race\"",":\n  " ]
                  }, {
                     "r" : "75",
                     "s" : [ {
                        "value" : [ "[","\"Patient Characteristic Race\"",": " ]
                     }, {
                        "s" : [ {
                           "value" : [ "\"Race\"" ]
                        } ]
                     }, {
                        "value" : [ "]" ]
                     } ]
                  } ]
               }
            } ],
            "expression" : {
               "localId" : "75",
               "locator" : "45:3-45:41",
               "dataType" : "{urn:healthit-gov:qdm:v5_5}PatientCharacteristicRace",
               "codeProperty" : "code",
               "type" : "Retrieve",
               "codes" : {
                  "locator" : "45:35-45:40",
                  "name" : "Race",
                  "type" : "ValueSetRef"
               }
            }
         }, {
            "localId" : "78",
            "locator" : "47:1-48:58",
            "name" : "SDE Sex",
            "context" : "Patient",
            "accessLevel" : "Public",
            "annotation" : [ {
               "type" : "Annotation",
               "s" : {
                  "r" : "78",
                  "s" : [ {
                     "value" : [ "define ","\"SDE Sex\"",":\n  " ]
                  }, {
                     "r" : "77",
                     "s" : [ {
                        "value" : [ "[","\"Patient Characteristic Sex\"",": " ]
                     }, {
                        "s" : [ {
                           "value" : [ "\"ONC Administrative Sex\"" ]
                        } ]
                     }, {
                        "value" : [ "]" ]
                     } ]
                  } ]
               }
            } ],
            "expression" : {
               "localId" : "77",
               "locator" : "48:3-48:58",
               "dataType" : "{urn:healthit-gov:qdm:v5_5}PatientCharacteristicSex",
               "codeProperty" : "code",
               "type" : "Retrieve",
               "codes" : {
                  "locator" : "48:34-48:57",
                  "name" : "ONC Administrative Sex",
                  "type" : "ValueSetRef"
               }
            }
         }, {
            "localId" : "96",
            "locator" : "64:1-68:94",
            "name" : "Referring Provider Receives Consultant Report to Close Referral Loop",
            "context" : "Patient",
            "accessLevel" : "Public",
            "annotation" : [ {
               "type" : "Annotation",
               "s" : {
                  "r" : "96",
                  "s" : [ {
                     "value" : [ "define ","\"Referring Provider Receives Consultant Report to Close Referral Loop\"",":\n  " ]
                  }, {
                     "r" : "95",
                     "s" : [ {
                        "s" : [ {
                           "r" : "80",
                           "s" : [ {
                              "r" : "79",
                              "s" : [ {
                                 "r" : "79",
                                 "s" : [ {
                                    "value" : [ "[","\"Communication, Performed\"",": " ]
                                 }, {
                                    "s" : [ {
                                       "value" : [ "\"Consultant Report\"" ]
                                    } ]
                                 }, {
                                    "value" : [ "]" ]
                                 } ]
                              } ]
                           }, {
                              "value" : [ " ","ConsultantReportCommunicated" ]
                           } ]
                        } ]
                     }, {
                        "value" : [ "\n    " ]
                     }, {
                        "r" : "94",
                        "s" : [ {
                           "value" : [ "with " ]
                        }, {
                           "r" : "82",
                           "s" : [ {
                              "r" : "81",
                              "s" : [ {
                                 "s" : [ {
                                    "value" : [ "\"First Referral During Measurement Period\"" ]
                                 } ]
                              } ]
                           }, {
                              "value" : [ " ","FirstReferral" ]
                           } ]
                        }, {
                           "value" : [ "\n      such that " ]
                        }, {
                           "r" : "93",
                           "s" : [ {
                              "r" : "87",
                              "s" : [ {
                                 "r" : "84",
                                 "s" : [ {
                                    "r" : "83",
                                    "s" : [ {
                                       "value" : [ "FirstReferral" ]
                                    } ]
                                 }, {
                                    "value" : [ "." ]
                                 }, {
                                    "r" : "84",
                                    "s" : [ {
                                       "value" : [ "id" ]
                                    } ]
                                 } ]
                              }, {
                                 "value" : [ " in " ]
                              }, {
                                 "r" : "86",
                                 "s" : [ {
                                    "r" : "85",
                                    "s" : [ {
                                       "value" : [ "ConsultantReportCommunicated" ]
                                    } ]
                                 }, {
                                    "value" : [ "." ]
                                 }, {
                                    "r" : "86",
                                    "s" : [ {
                                       "value" : [ "relatedTo" ]
                                    } ]
                                 } ]
                              } ]
                           }, {
                              "value" : [ "\n        and " ]
                           }, {
                              "r" : "92",
                              "s" : [ {
                                 "r" : "89",
                                 "s" : [ {
                                    "r" : "88",
                                    "s" : [ {
                                       "value" : [ "ConsultantReportCommunicated" ]
                                    } ]
                                 }, {
                                    "value" : [ "." ]
                                 }, {
                                    "r" : "89",
                                    "s" : [ {
                                       "value" : [ "receivedDatetime" ]
                                    } ]
                                 } ]
                              }, {
                                 "r" : "92",
                                 "value" : [ " ","after"," " ]
                              }, {
                                 "r" : "91",
                                 "s" : [ {
                                    "r" : "90",
                                    "s" : [ {
                                       "value" : [ "FirstReferral" ]
                                    } ]
                                 }, {
                                    "value" : [ "." ]
                                 }, {
                                    "r" : "91",
                                    "s" : [ {
                                       "value" : [ "relevantDatetime" ]
                                    } ]
                                 } ]
                              } ]
                           } ]
                        } ]
                     } ]
                  } ]
               }
            } ],
            "expression" : {
               "localId" : "95",
               "locator" : "65:3-68:94",
               "type" : "Query",
               "source" : [ {
                  "localId" : "80",
                  "locator" : "65:3-65:80",
                  "alias" : "ConsultantReportCommunicated",
                  "expression" : {
                     "localId" : "79",
                     "locator" : "65:3-65:51",
                     "dataType" : "{urn:healthit-gov:qdm:v5_5}PositiveCommunicationPerformed",
                     "templateId" : "PositiveCommunicationPerformed",
                     "codeProperty" : "code",
                     "type" : "Retrieve",
                     "codes" : {
                        "locator" : "65:32-65:50",
                        "name" : "Consultant Report",
                        "type" : "ValueSetRef"
                     }
                  }
               } ],
               "relationship" : [ {
                  "localId" : "94",
                  "locator" : "66:5-68:94",
                  "alias" : "FirstReferral",
                  "type" : "With",
                  "expression" : {
                     "localId" : "81",
                     "locator" : "66:10-66:51",
                     "name" : "First Referral During Measurement Period",
                     "type" : "ExpressionRef"
                  },
                  "suchThat" : {
                     "localId" : "93",
                     "locator" : "67:17-68:94",
                     "type" : "And",
                     "operand" : [ {
                        "localId" : "87",
                        "locator" : "67:17-67:74",
                        "type" : "In",
                        "operand" : [ {
                           "localId" : "84",
                           "locator" : "67:17-67:32",
                           "path" : "id",
                           "scope" : "FirstReferral",
                           "type" : "Property"
                        }, {
                           "localId" : "86",
                           "locator" : "67:37-67:74",
                           "path" : "relatedTo",
                           "scope" : "ConsultantReportCommunicated",
                           "type" : "Property"
                        } ]
                     }, {
                        "localId" : "92",
                        "locator" : "68:13-68:94",
                        "type" : "After",
                        "operand" : [ {
                           "localId" : "89",
                           "locator" : "68:13-68:57",
                           "path" : "receivedDatetime",
                           "scope" : "ConsultantReportCommunicated",
                           "type" : "Property"
                        }, {
                           "localId" : "91",
                           "locator" : "68:65-68:94",
                           "path" : "relevantDatetime",
                           "scope" : "FirstReferral",
                           "type" : "Property"
                        } ]
                     } ]
                  }
               } ]
            }
         }, {
            "localId" : "99",
            "locator" : "50:1-51:79",
            "name" : "Numerator",
            "context" : "Patient",
            "accessLevel" : "Public",
            "annotation" : [ {
               "type" : "Annotation",
               "s" : {
                  "r" : "99",
                  "s" : [ {
                     "value" : [ "define ","\"Numerator\"",":\n  " ]
                  }, {
                     "r" : "98",
                     "s" : [ {
                        "value" : [ "exists " ]
                     }, {
                        "r" : "97",
                        "s" : [ {
                           "value" : [ "\"Referring Provider Receives Consultant Report to Close Referral Loop\"" ]
                        } ]
                     } ]
                  } ]
               }
            } ],
            "expression" : {
               "localId" : "98",
               "locator" : "51:3-51:79",
               "type" : "Exists",
               "operand" : {
                  "localId" : "97",
                  "locator" : "51:10-51:79",
                  "name" : "Referring Provider Receives Consultant Report to Close Referral Loop",
                  "type" : "ExpressionRef"
               }
            }
         } ]
      }
   }
}