{
   "library" : {
      "identifier" : {
         "id" : "ColorectalCancerScreening",
         "version" : "9.2.000"
      },
      "schemaIdentifier" : {
         "id" : "urn:hl7-org:elm",
         "version" : "r1"
      },
      "usings" : {
         "def" : [ {
            "localIdentifier" : "System",
            "uri" : "urn:hl7-org:elm-types:r1"
         }, {
            "localId" : "1",
            "locator" : "3:1-3:23",
            "localIdentifier" : "QDM",
            "uri" : "urn:healthit-gov:qdm:v5_5",
            "version" : "5.5"
         } ]
      },
      "includes" : {
         "def" : [ {
            "localId" : "2",
            "locator" : "5:1-5:86",
            "localIdentifier" : "AdultOutpatientEncounters",
            "path" : "Adult_Outpatient_Encounters",
            "version" : "1.3.000"
         }, {
            "localId" : "3",
            "locator" : "6:1-6:64",
            "localIdentifier" : "Global",
            "path" : "MATGlobalCommonFunctions",
            "version" : "5.0.000"
         }, {
            "localId" : "4",
            "locator" : "7:1-7:48",
            "localIdentifier" : "Hospice",
            "path" : "Hospice",
            "version" : "2.2.000"
         }, {
            "localId" : "5",
            "locator" : "8:1-8:82",
            "localIdentifier" : "FrailtyLTI",
            "path" : "AdvancedIllnessandFrailtyExclusionECQM",
            "version" : "5.5.000"
         } ]
      },
      "parameters" : {
         "def" : [ {
            "localId" : "22",
            "locator" : "26:1-26:49",
            "name" : "Measurement Period",
            "accessLevel" : "Public",
            "parameterTypeSpecifier" : {
               "localId" : "21",
               "locator" : "26:32-26:49",
               "type" : "IntervalTypeSpecifier",
               "pointType" : {
                  "localId" : "20",
                  "locator" : "26:41-26:48",
                  "name" : "{urn:hl7-org:elm-types:r1}DateTime",
                  "type" : "NamedTypeSpecifier"
               }
            }
         } ]
      },
      "codeSystems" : {
         "def" : [ {
            "localId" : "6",
            "locator" : "10:1-10:51",
            "name" : "LOINC",
            "id" : "urn:oid:2.16.840.1.113883.6.1",
            "accessLevel" : "Public"
         } ]
      },
      "valueSets" : {
         "def" : [ {
            "localId" : "7",
            "locator" : "12:1-12:74",
            "name" : "Colonoscopy",
            "id" : "urn:oid:2.16.840.1.113883.3.464.1003.108.12.1020",
            "accessLevel" : "Public"
         }, {
            "localId" : "8",
            "locator" : "13:1-13:78",
            "name" : "CT Colonography",
            "id" : "urn:oid:2.16.840.1.113883.3.464.1003.108.12.1038",
            "accessLevel" : "Public"
         }, {
            "localId" : "9",
            "locator" : "14:1-14:58",
            "name" : "Ethnicity",
            "id" : "urn:oid:2.16.840.1.114222.4.11.837",
            "accessLevel" : "Public"
         }, {
            "localId" : "10",
            "locator" : "15:1-15:93",
            "name" : "Fecal Occult Blood Test (FOBT)",
            "id" : "urn:oid:2.16.840.1.113883.3.464.1003.198.12.1011",
            "accessLevel" : "Public"
         }, {
            "localId" : "11",
            "locator" : "16:1-16:70",
            "name" : "FIT DNA",
            "id" : "urn:oid:2.16.840.1.113883.3.464.1003.108.12.1039",
            "accessLevel" : "Public"
         }, {
            "localId" : "12",
            "locator" : "17:1-17:85",
            "name" : "Flexible Sigmoidoscopy",
            "id" : "urn:oid:2.16.840.1.113883.3.464.1003.198.12.1010",
            "accessLevel" : "Public"
         }, {
            "localId" : "13",
            "locator" : "18:1-18:90",
            "name" : "Malignant Neoplasm of Colon",
            "id" : "urn:oid:2.16.840.1.113883.3.464.1003.108.12.1001",
            "accessLevel" : "Public"
         }, {
            "localId" : "14",
            "locator" : "19:1-19:68",
            "name" : "ONC Administrative Sex",
            "id" : "urn:oid:2.16.840.1.113762.1.4.1",
            "accessLevel" : "Public"
         }, {
            "localId" : "15",
            "locator" : "20:1-20:55",
            "name" : "Payer",
            "id" : "urn:oid:2.16.840.1.114222.4.11.3591",
            "accessLevel" : "Public"
         }, {
            "localId" : "16",
            "locator" : "21:1-21:53",
            "name" : "Race",
            "id" : "urn:oid:2.16.840.1.114222.4.11.836",
            "accessLevel" : "Public"
         }, {
            "localId" : "17",
            "locator" : "22:1-22:78",
            "name" : "Total Colectomy",
            "id" : "urn:oid:2.16.840.1.113883.3.464.1003.198.12.1019",
            "accessLevel" : "Public"
         } ]
      },
      "codes" : {
         "def" : [ {
            "localId" : "19",
            "locator" : "24:1-24:62",
            "name" : "Birth date",
            "id" : "21112-8",
            "display" : "Birth date",
            "accessLevel" : "Public",
            "codeSystem" : {
               "localId" : "18",
               "locator" : "24:35-24:41",
               "name" : "LOINC"
            }
         } ]
      },
      "statements" : {
         "def" : [ {
            "locator" : "28:1-28:15",
            "name" : "Patient",
            "context" : "Patient",
            "expression" : {
               "type" : "SingletonFrom",
               "operand" : {
                  "locator" : "28:1-28:15",
                  "dataType" : "{urn:healthit-gov:qdm:v5_5}Patient",
                  "templateId" : "Patient",
                  "type" : "Retrieve"
               }
            }
         }, {
            "localId" : "24",
            "locator" : "30:1-31:51",
            "name" : "SDE Ethnicity",
            "context" : "Patient",
            "accessLevel" : "Public",
            "annotation" : [ {
               "type" : "Annotation",
               "s" : {
                  "r" : "24",
                  "s" : [ {
                     "value" : [ "define ","\"SDE Ethnicity\"",":\n  " ]
                  }, {
                     "r" : "23",
                     "s" : [ {
                        "value" : [ "[","\"Patient Characteristic Ethnicity\"",": " ]
                     }, {
                        "s" : [ {
                           "value" : [ "\"Ethnicity\"" ]
                        } ]
                     }, {
                        "value" : [ "]" ]
                     } ]
                  } ]
               }
            } ],
            "expression" : {
               "localId" : "23",
               "locator" : "31:3-31:51",
               "dataType" : "{urn:healthit-gov:qdm:v5_5}PatientCharacteristicEthnicity",
               "codeProperty" : "code",
               "type" : "Retrieve",
               "codes" : {
                  "locator" : "31:40-31:50",
                  "name" : "Ethnicity",
                  "type" : "ValueSetRef"
               }
            }
         }, {
            "localId" : "26",
            "locator" : "33:1-34:43",
            "name" : "SDE Payer",
            "context" : "Patient",
            "accessLevel" : "Public",
            "annotation" : [ {
               "type" : "Annotation",
               "s" : {
                  "r" : "26",
                  "s" : [ {
                     "value" : [ "define ","\"SDE Payer\"",":\n  " ]
                  }, {
                     "r" : "25",
                     "s" : [ {
                        "value" : [ "[","\"Patient Characteristic Payer\"",": " ]
                     }, {
                        "s" : [ {
                           "value" : [ "\"Payer\"" ]
                        } ]
                     }, {
                        "value" : [ "]" ]
                     } ]
                  } ]
               }
            } ],
            "expression" : {
               "localId" : "25",
               "locator" : "34:3-34:43",
               "dataType" : "{urn:healthit-gov:qdm:v5_5}PatientCharacteristicPayer",
               "codeProperty" : "code",
               "type" : "Retrieve",
               "codes" : {
                  "locator" : "34:36-34:42",
                  "name" : "Payer",
                  "type" : "ValueSetRef"
               }
            }
         }, {
            "localId" : "28",
            "locator" : "36:1-37:41",
            "name" : "SDE Race",
            "context" : "Patient",
            "accessLevel" : "Public",
            "annotation" : [ {
               "type" : "Annotation",
               "s" : {
                  "r" : "28",
                  "s" : [ {
                     "value" : [ "define ","\"SDE Race\"",":\n  " ]
                  }, {
                     "r" : "27",
                     "s" : [ {
                        "value" : [ "[","\"Patient Characteristic Race\"",": " ]
                     }, {
                        "s" : [ {
                           "value" : [ "\"Race\"" ]
                        } ]
                     }, {
                        "value" : [ "]" ]
                     } ]
                  } ]
               }
            } ],
            "expression" : {
               "localId" : "27",
               "locator" : "37:3-37:41",
               "dataType" : "{urn:healthit-gov:qdm:v5_5}PatientCharacteristicRace",
               "codeProperty" : "code",
               "type" : "Retrieve",
               "codes" : {
                  "locator" : "37:35-37:40",
                  "name" : "Race",
                  "type" : "ValueSetRef"
               }
            }
         }, {
            "localId" : "30",
            "locator" : "39:1-40:58",
            "name" : "SDE Sex",
            "context" : "Patient",
            "accessLevel" : "Public",
            "annotation" : [ {
               "type" : "Annotation",
               "s" : {
                  "r" : "30",
                  "s" : [ {
                     "value" : [ "define ","\"SDE Sex\"",":\n  " ]
                  }, {
                     "r" : "29",
                     "s" : [ {
                        "value" : [ "[","\"Patient Characteristic Sex\"",": " ]
                     }, {
                        "s" : [ {
                           "value" : [ "\"ONC Administrative Sex\"" ]
                        } ]
                     }, {
                        "value" : [ "]" ]
                     } ]
                  } ]
               }
            } ],
            "expression" : {
               "localId" : "29",
               "locator" : "40:3-40:58",
               "dataType" : "{urn:healthit-gov:qdm:v5_5}PatientCharacteristicSex",
               "codeProperty" : "code",
               "type" : "Retrieve",
               "codes" : {
                  "locator" : "40:34-40:57",
                  "name" : "ONC Administrative Sex",
                  "type" : "ValueSetRef"
               }
            }
         }, {
            "localId" : "49",
            "locator" : "88:1-92:3",
            "name" : "Initial Population",
            "context" : "Patient",
            "accessLevel" : "Public",
            "annotation" : [ {
               "type" : "Annotation",
               "s" : {
                  "r" : "49",
                  "s" : [ {
                     "value" : [ "define ","\"Initial Population\"",":\n  " ]
                  }, {
                     "r" : "48",
                     "s" : [ {
                        "value" : [ "exists " ]
                     }, {
                        "r" : "47",
                        "s" : [ {
                           "value" : [ "( " ]
                        }, {
                           "r" : "47",
                           "s" : [ {
                              "s" : [ {
                                 "r" : "32",
                                 "s" : [ {
                                    "r" : "31",
                                    "s" : [ {
                                       "r" : "31",
                                       "s" : [ {
                                          "value" : [ "[","\"Patient Characteristic Birthdate\"",": " ]
                                       }, {
                                          "s" : [ {
                                             "value" : [ "\"Birth date\"" ]
                                          } ]
                                       }, {
                                          "value" : [ "]" ]
                                       } ]
                                    } ]
                                 }, {
                                    "value" : [ " ","BirthDate" ]
                                 } ]
                              } ]
                           }, {
                              "value" : [ "\n      " ]
                           }, {
                              "r" : "46",
                              "s" : [ {
                                 "value" : [ "where " ]
                              }, {
                                 "r" : "46",
                                 "s" : [ {
                                    "r" : "42",
                                    "s" : [ {
                                       "r" : "38",
                                       "s" : [ {
                                          "r" : "33",
                                          "s" : [ {
                                             "value" : [ "Global" ]
                                          } ]
                                       }, {
                                          "value" : [ "." ]
                                       }, {
                                          "r" : "38",
                                          "s" : [ {
                                             "value" : [ "\"CalendarAgeInYearsAt\""," ( " ]
                                          }, {
                                             "r" : "35",
                                             "s" : [ {
                                                "r" : "34",
                                                "s" : [ {
                                                   "value" : [ "BirthDate" ]
                                                } ]
                                             }, {
                                                "value" : [ "." ]
                                             }, {
                                                "r" : "35",
                                                "s" : [ {
                                                   "value" : [ "birthDatetime" ]
                                                } ]
                                             } ]
                                          }, {
                                             "value" : [ ", " ]
                                          }, {
                                             "r" : "37",
                                             "s" : [ {
                                                "value" : [ "start of " ]
                                             }, {
                                                "r" : "36",
                                                "s" : [ {
                                                   "value" : [ "\"Measurement Period\"" ]
                                                } ]
                                             } ]
                                          }, {
                                             "value" : [ " )" ]
                                          } ]
                                       } ]
                                    }, {
                                       "value" : [ " in " ]
                                    }, {
                                       "r" : "41",
                                       "s" : [ {
                                          "r" : "39",
                                          "value" : [ "Interval[","50",", ","75"," )" ]
                                       } ]
                                    } ]
                                 }, {
                                    "value" : [ "\n        and " ]
                                 }, {
                                    "r" : "45",
                                    "s" : [ {
                                       "value" : [ "exists " ]
                                    }, {
                                       "r" : "44",
                                       "s" : [ {
                                          "r" : "43",
                                          "s" : [ {
                                             "value" : [ "AdultOutpatientEncounters" ]
                                          } ]
                                       }, {
                                          "value" : [ "." ]
                                       }, {
                                          "r" : "44",
                                          "s" : [ {
                                             "value" : [ "\"Qualifying Encounters\"" ]
                                          } ]
                                       } ]
                                    } ]
                                 } ]
                              } ]
                           } ]
                        }, {
                           "value" : [ "\n  )" ]
                        } ]
                     } ]
                  } ]
               }
            } ],
            "expression" : {
               "localId" : "48",
               "locator" : "89:3-92:3",
               "type" : "Exists",
               "operand" : {
                  "localId" : "47",
                  "locator" : "89:10-92:3",
                  "type" : "Query",
                  "source" : [ {
                     "localId" : "32",
                     "locator" : "89:12-89:71",
                     "alias" : "BirthDate",
                     "expression" : {
                        "localId" : "31",
                        "locator" : "89:12-89:61",
                        "dataType" : "{urn:healthit-gov:qdm:v5_5}PatientCharacteristicBirthdate",
                        "codeProperty" : "code",
                        "type" : "Retrieve",
                        "codes" : {
                           "type" : "ToList",
                           "operand" : {
                              "locator" : "89:49-89:60",
                              "name" : "Birth date",
                              "type" : "CodeRef"
                           }
                        }
                     }
                  } ],
                  "relationship" : [ ],
                  "where" : {
                     "localId" : "46",
                     "locator" : "90:7-91:68",
                     "type" : "And",
                     "operand" : [ {
                        "localId" : "42",
                        "locator" : "90:13-90:121",
                        "type" : "In",
                        "operand" : [ {
                           "localId" : "38",
                           "locator" : "90:13-90:100",
                           "name" : "CalendarAgeInYearsAt",
                           "libraryName" : "Global",
                           "type" : "FunctionRef",
                           "operand" : [ {
                              "localId" : "35",
                              "locator" : "90:45-90:67",
                              "path" : "birthDatetime",
                              "scope" : "BirthDate",
                              "type" : "Property"
                           }, {
                              "localId" : "37",
                              "locator" : "90:70-90:98",
                              "type" : "Start",
                              "operand" : {
                                 "localId" : "36",
                                 "locator" : "90:79-90:98",
                                 "name" : "Measurement Period",
                                 "type" : "ParameterRef"
                              }
                           } ]
                        }, {
                           "localId" : "41",
                           "locator" : "90:105-90:121",
                           "lowClosed" : true,
                           "highClosed" : false,
                           "type" : "Interval",
                           "low" : {
                              "localId" : "39",
                              "locator" : "90:114-90:115",
                              "valueType" : "{urn:hl7-org:elm-types:r1}Integer",
                              "value" : "50",
                              "type" : "Literal"
                           },
                           "high" : {
                              "localId" : "40",
                              "locator" : "90:118-90:119",
                              "valueType" : "{urn:hl7-org:elm-types:r1}Integer",
                              "value" : "75",
                              "type" : "Literal"
                           }
                        } ]
                     }, {
                        "localId" : "45",
                        "locator" : "91:13-91:68",
                        "type" : "Exists",
                        "operand" : {
                           "localId" : "44",
                           "locator" : "91:20-91:68",
                           "name" : "Qualifying Encounters",
                           "libraryName" : "AdultOutpatientEncounters",
                           "type" : "ExpressionRef"
                        }
                     } ]
                  }
               }
            }
         }, {
            "localId" : "51",
            "locator" : "42:1-43:22",
            "name" : "Denominator",
            "context" : "Patient",
            "accessLevel" : "Public",
            "annotation" : [ {
               "type" : "Annotation",
               "s" : {
                  "r" : "51",
                  "s" : [ {
                     "value" : [ "define ","\"Denominator\"",":\n  " ]
                  }, {
                     "r" : "50",
                     "s" : [ {
                        "value" : [ "\"Initial Population\"" ]
                     } ]
                  } ]
               }
            } ],
            "expression" : {
               "localId" : "50",
               "locator" : "43:3-43:22",
               "name" : "Initial Population",
               "type" : "ExpressionRef"
            }
         }, {
            "localId" : "61",
            "locator" : "68:1-71:31",
            "name" : "Colonoscopy Performed",
            "context" : "Patient",
            "accessLevel" : "Public",
            "annotation" : [ {
               "type" : "Annotation",
               "s" : {
                  "r" : "61",
                  "s" : [ {
                     "value" : [ "define ","\"Colonoscopy Performed\"",":\n  " ]
                  }, {
                     "r" : "60",
                     "s" : [ {
                        "s" : [ {
                           "r" : "53",
                           "s" : [ {
                              "r" : "52",
                              "s" : [ {
                                 "r" : "52",
                                 "s" : [ {
                                    "value" : [ "[","\"Procedure, Performed\"",": " ]
                                 }, {
                                    "s" : [ {
                                       "value" : [ "\"Colonoscopy\"" ]
                                    } ]
                                 }, {
                                    "value" : [ "]" ]
                                 } ]
                              } ]
                           }, {
                              "value" : [ " ","Colonoscopy" ]
                           } ]
                        } ]
                     }, {
                        "value" : [ "\n    " ]
                     }, {
                        "r" : "59",
                        "s" : [ {
                           "value" : [ "where " ]
                        }, {
                           "r" : "59",
                           "s" : [ {
                              "r" : "55",
                              "s" : [ {
                                 "r" : "54",
                                 "s" : [ {
                                    "value" : [ "Colonoscopy" ]
                                 } ]
                              }, {
                                 "value" : [ "." ]
                              }, {
                                 "r" : "55",
                                 "s" : [ {
                                    "value" : [ "relevantDatetime" ]
                                 } ]
                              } ]
                           }, {
                              "value" : [ " " ]
                           }, {
                              "r" : "59",
                              "s" : [ {
                                 "r" : "58",
                                 "s" : [ {
                                    "value" : [ "10 ","years" ]
                                 } ]
                              }, {
                                 "value" : [ " or less on or before" ]
                              } ]
                           }, {
                              "value" : [ " \n    " ]
                           }, {
                              "r" : "57",
                              "s" : [ {
                                 "value" : [ "end of " ]
                              }, {
                                 "r" : "56",
                                 "s" : [ {
                                    "value" : [ "\"Measurement Period\"" ]
                                 } ]
                              } ]
                           } ]
                        } ]
                     } ]
                  } ]
               }
            } ],
            "expression" : {
               "localId" : "60",
               "locator" : "69:3-71:31",
               "type" : "Query",
               "source" : [ {
                  "localId" : "53",
                  "locator" : "69:3-69:53",
                  "alias" : "Colonoscopy",
                  "expression" : {
                     "localId" : "52",
                     "locator" : "69:3-69:41",
                     "dataType" : "{urn:healthit-gov:qdm:v5_5}PositiveProcedurePerformed",
                     "templateId" : "PositiveProcedurePerformed",
                     "codeProperty" : "code",
                     "type" : "Retrieve",
                     "codes" : {
                        "locator" : "69:28-69:40",
                        "name" : "Colonoscopy",
                        "type" : "ValueSetRef"
                     }
                  }
               } ],
               "relationship" : [ ],
               "where" : {
                  "localId" : "59",
                  "locator" : "70:5-71:31",
                  "type" : "And",
                  "operand" : [ {
                     "locator" : "70:40-70:55",
                     "type" : "In",
                     "operand" : [ {
                        "localId" : "55",
                        "locator" : "70:11-70:38",
                        "path" : "relevantDatetime",
                        "scope" : "Colonoscopy",
                        "type" : "Property"
                     }, {
                        "locator" : "70:40-70:55",
                        "lowClosed" : true,
                        "highClosed" : true,
                        "type" : "Interval",
                        "low" : {
                           "locator" : "71:5-71:31",
                           "type" : "Subtract",
                           "operand" : [ {
                              "localId" : "57",
                              "locator" : "71:5-71:31",
                              "type" : "End",
                              "operand" : {
                                 "localId" : "56",
                                 "locator" : "71:12-71:31",
                                 "name" : "Measurement Period",
                                 "type" : "ParameterRef"
                              }
                           }, {
                              "localId" : "58",
                              "locator" : "70:40-70:47",
                              "value" : 10,
                              "unit" : "years",
                              "type" : "Quantity"
                           } ]
                        },
                        "high" : {
                           "localId" : "57",
                           "locator" : "71:5-71:31",
                           "type" : "End",
                           "operand" : {
                              "localId" : "56",
                              "locator" : "71:12-71:31",
                              "name" : "Measurement Period",
                              "type" : "ParameterRef"
                           }
                        }
                     } ]
                  }, {
                     "locator" : "70:40-70:55",
                     "type" : "Not",
                     "operand" : {
                        "locator" : "70:40-70:55",
                        "type" : "IsNull",
                        "operand" : {
                           "localId" : "57",
                           "locator" : "71:5-71:31",
                           "type" : "End",
                           "operand" : {
                              "localId" : "56",
                              "locator" : "71:12-71:31",
                              "name" : "Measurement Period",
                              "type" : "ParameterRef"
                           }
                        }
                     }
                  } ]
               }
            }
         }, {
            "localId" : "75",
            "locator" : "58:1-61:72",
            "name" : "Fecal Occult Blood Test Performed",
            "context" : "Patient",
            "accessLevel" : "Public",
            "annotation" : [ {
               "type" : "Annotation",
               "s" : {
                  "r" : "75",
                  "s" : [ {
                     "value" : [ "define ","\"Fecal Occult Blood Test Performed\"",":\n  " ]
                  }, {
                     "r" : "74",
                     "s" : [ {
                        "s" : [ {
                           "r" : "65",
                           "s" : [ {
                              "r" : "64",
                              "s" : [ {
                                 "r" : "64",
                                 "s" : [ {
                                    "value" : [ "[","\"Laboratory Test, Performed\"",": " ]
                                 }, {
                                    "s" : [ {
                                       "value" : [ "\"Fecal Occult Blood Test (FOBT)\"" ]
                                    } ]
                                 }, {
                                    "value" : [ "]" ]
                                 } ]
                              } ]
                           }, {
                              "value" : [ " ","FecalOccultResult" ]
                           } ]
                        } ]
                     }, {
                        "value" : [ "\n    " ]
                     }, {
                        "r" : "73",
                        "s" : [ {
                           "value" : [ "where " ]
                        }, {
                           "r" : "73",
                           "s" : [ {
                              "r" : "68",
                              "s" : [ {
                                 "r" : "67",
                                 "s" : [ {
                                    "r" : "66",
                                    "s" : [ {
                                       "value" : [ "FecalOccultResult" ]
                                    } ]
                                 }, {
                                    "value" : [ "." ]
                                 }, {
                                    "r" : "67",
                                    "s" : [ {
                                       "value" : [ "result" ]
                                    } ]
                                 } ]
                              }, {
                                 "value" : [ " is not null" ]
                              } ]
                           }, {
                              "value" : [ "\n      and " ]
                           }, {
                              "r" : "72",
                              "s" : [ {
                                 "r" : "70",
                                 "s" : [ {
                                    "r" : "69",
                                    "s" : [ {
                                       "value" : [ "FecalOccultResult" ]
                                    } ]
                                 }, {
                                    "value" : [ "." ]
                                 }, {
                                    "r" : "70",
                                    "s" : [ {
                                       "value" : [ "relevantDatetime" ]
                                    } ]
                                 } ]
                              }, {
                                 "r" : "72",
                                 "value" : [ " ","during"," " ]
                              }, {
                                 "r" : "71",
                                 "s" : [ {
                                    "value" : [ "\"Measurement Period\"" ]
                                 } ]
                              } ]
                           } ]
                        } ]
                     } ]
                  } ]
               }
            } ],
            "expression" : {
               "localId" : "74",
               "locator" : "59:3-61:72",
               "type" : "Query",
               "source" : [ {
                  "localId" : "65",
                  "locator" : "59:3-59:84",
                  "alias" : "FecalOccultResult",
                  "expression" : {
                     "localId" : "64",
                     "locator" : "59:3-59:66",
                     "dataType" : "{urn:healthit-gov:qdm:v5_5}PositiveLaboratoryTestPerformed",
                     "templateId" : "PositiveLaboratoryTestPerformed",
                     "codeProperty" : "code",
                     "type" : "Retrieve",
                     "codes" : {
                        "locator" : "59:34-59:65",
                        "name" : "Fecal Occult Blood Test (FOBT)",
                        "type" : "ValueSetRef"
                     }
                  }
               } ],
               "relationship" : [ ],
               "where" : {
                  "localId" : "73",
                  "locator" : "60:5-61:72",
                  "type" : "And",
                  "operand" : [ {
                     "localId" : "68",
                     "locator" : "60:11-60:46",
                     "type" : "Not",
                     "operand" : {
                        "locator" : "60:11-60:46",
                        "type" : "IsNull",
                        "operand" : {
                           "localId" : "67",
                           "locator" : "60:11-60:34",
                           "path" : "result",
                           "scope" : "FecalOccultResult",
                           "type" : "Property"
                        }
                     }
                  }, {
                     "localId" : "72",
                     "locator" : "61:11-61:72",
                     "type" : "In",
                     "operand" : [ {
                        "localId" : "70",
                        "locator" : "61:11-61:44",
                        "path" : "relevantDatetime",
                        "scope" : "FecalOccultResult",
                        "type" : "Property"
                     }, {
                        "localId" : "71",
                        "locator" : "61:53-61:72",
                        "name" : "Measurement Period",
                        "type" : "ParameterRef"
                     } ]
                  } ]
               }
            }
         }, {
            "localId" : "88",
            "locator" : "78:1-81:31",
            "name" : "Flexible Sigmoidoscopy Performed",
            "context" : "Patient",
            "accessLevel" : "Public",
            "annotation" : [ {
               "type" : "Annotation",
               "s" : {
                  "r" : "88",
                  "s" : [ {
                     "value" : [ "define ","\"Flexible Sigmoidoscopy Performed\"",":\n  " ]
                  }, {
                     "r" : "87",
                     "s" : [ {
                        "s" : [ {
                           "r" : "80",
                           "s" : [ {
                              "r" : "79",
                              "s" : [ {
                                 "r" : "79",
                                 "s" : [ {
                                    "value" : [ "[","\"Procedure, Performed\"",": " ]
                                 }, {
                                    "s" : [ {
                                       "value" : [ "\"Flexible Sigmoidoscopy\"" ]
                                    } ]
                                 }, {
                                    "value" : [ "]" ]
                                 } ]
                              } ]
                           }, {
                              "value" : [ " ","FlexibleSigmoidoscopy" ]
                           } ]
                        } ]
                     }, {
                        "value" : [ "\n    " ]
                     }, {
                        "r" : "86",
                        "s" : [ {
                           "value" : [ "where " ]
                        }, {
                           "r" : "86",
                           "s" : [ {
                              "r" : "82",
                              "s" : [ {
                                 "r" : "81",
                                 "s" : [ {
                                    "value" : [ "FlexibleSigmoidoscopy" ]
                                 } ]
                              }, {
                                 "value" : [ "." ]
                              }, {
                                 "r" : "82",
                                 "s" : [ {
                                    "value" : [ "relevantDatetime" ]
                                 } ]
                              } ]
                           }, {
                              "value" : [ " " ]
                           }, {
                              "r" : "86",
                              "s" : [ {
                                 "r" : "85",
                                 "s" : [ {
                                    "value" : [ "5 ","years" ]
                                 } ]
                              }, {
                                 "value" : [ " or less on or before" ]
                              } ]
                           }, {
                              "value" : [ " \n    " ]
                           }, {
                              "r" : "84",
                              "s" : [ {
                                 "value" : [ "end of " ]
                              }, {
                                 "r" : "83",
                                 "s" : [ {
                                    "value" : [ "\"Measurement Period\"" ]
                                 } ]
                              } ]
                           } ]
                        } ]
                     } ]
                  } ]
               }
            } ],
            "expression" : {
               "localId" : "87",
               "locator" : "79:3-81:31",
               "type" : "Query",
               "source" : [ {
                  "localId" : "80",
                  "locator" : "79:3-79:74",
                  "alias" : "FlexibleSigmoidoscopy",
                  "expression" : {
                     "localId" : "79",
                     "locator" : "79:3-79:52",
                     "dataType" : "{urn:healthit-gov:qdm:v5_5}PositiveProcedurePerformed",
                     "templateId" : "PositiveProcedurePerformed",
                     "codeProperty" : "code",
                     "type" : "Retrieve",
                     "codes" : {
                        "locator" : "79:28-79:51",
                        "name" : "Flexible Sigmoidoscopy",
                        "type" : "ValueSetRef"
                     }
                  }
               } ],
               "relationship" : [ ],
               "where" : {
                  "localId" : "86",
                  "locator" : "80:5-81:31",
                  "type" : "And",
                  "operand" : [ {
                     "locator" : "80:50-80:64",
                     "type" : "In",
                     "operand" : [ {
                        "localId" : "82",
                        "locator" : "80:11-80:48",
                        "path" : "relevantDatetime",
                        "scope" : "FlexibleSigmoidoscopy",
                        "type" : "Property"
                     }, {
                        "locator" : "80:50-80:64",
                        "lowClosed" : true,
                        "highClosed" : true,
                        "type" : "Interval",
                        "low" : {
                           "locator" : "81:5-81:31",
                           "type" : "Subtract",
                           "operand" : [ {
                              "localId" : "84",
                              "locator" : "81:5-81:31",
                              "type" : "End",
                              "operand" : {
                                 "localId" : "83",
                                 "locator" : "81:12-81:31",
                                 "name" : "Measurement Period",
                                 "type" : "ParameterRef"
                              }
                           }, {
                              "localId" : "85",
                              "locator" : "80:50-80:56",
                              "value" : 5,
                              "unit" : "years",
                              "type" : "Quantity"
                           } ]
                        },
                        "high" : {
                           "localId" : "84",
                           "locator" : "81:5-81:31",
                           "type" : "End",
                           "operand" : {
                              "localId" : "83",
                              "locator" : "81:12-81:31",
                              "name" : "Measurement Period",
                              "type" : "ParameterRef"
                           }
                        }
                     } ]
                  }, {
                     "locator" : "80:50-80:64",
                     "type" : "Not",
                     "operand" : {
                        "locator" : "80:50-80:64",
                        "type" : "IsNull",
                        "operand" : {
                           "localId" : "84",
                           "locator" : "81:5-81:31",
                           "type" : "End",
                           "operand" : {
                              "localId" : "83",
                              "locator" : "81:12-81:31",
                              "name" : "Measurement Period",
                              "type" : "ParameterRef"
                           }
                        }
                     }
                  } ]
               }
            }
         }, {
            "localId" : "105",
            "locator" : "52:1-56:33",
            "name" : "Fecal Immunochemical Test DNA Performed",
            "context" : "Patient",
            "accessLevel" : "Public",
            "annotation" : [ {
               "type" : "Annotation",
               "s" : {
                  "r" : "105",
                  "s" : [ {
                     "value" : [ "define ","\"Fecal Immunochemical Test DNA Performed\"",":\n  " ]
                  }, {
                     "r" : "104",
                     "s" : [ {
                        "s" : [ {
                           "r" : "93",
                           "s" : [ {
                              "r" : "92",
                              "s" : [ {
                                 "r" : "92",
                                 "s" : [ {
                                    "value" : [ "[","\"Laboratory Test, Performed\"",": " ]
                                 }, {
                                    "s" : [ {
                                       "value" : [ "\"FIT DNA\"" ]
                                    } ]
                                 }, {
                                    "value" : [ "]" ]
                                 } ]
                              } ]
                           }, {
                              "value" : [ " ","FitDNA" ]
                           } ]
                        } ]
                     }, {
                        "value" : [ "\n    " ]
                     }, {
                        "r" : "103",
                        "s" : [ {
                           "value" : [ "where " ]
                        }, {
                           "r" : "103",
                           "s" : [ {
                              "r" : "96",
                              "s" : [ {
                                 "r" : "95",
                                 "s" : [ {
                                    "r" : "94",
                                    "s" : [ {
                                       "value" : [ "FitDNA" ]
                                    } ]
                                 }, {
                                    "value" : [ "." ]
                                 }, {
                                    "r" : "95",
                                    "s" : [ {
                                       "value" : [ "result" ]
                                    } ]
                                 } ]
                              }, {
                                 "value" : [ " is not null" ]
                              } ]
                           }, {
                              "value" : [ "\n      and " ]
                           }, {
                              "r" : "102",
                              "s" : [ {
                                 "r" : "98",
                                 "s" : [ {
                                    "r" : "97",
                                    "s" : [ {
                                       "value" : [ "FitDNA" ]
                                    } ]
                                 }, {
                                    "value" : [ "." ]
                                 }, {
                                    "r" : "98",
                                    "s" : [ {
                                       "value" : [ "relevantDatetime" ]
                                    } ]
                                 } ]
                              }, {
                                 "value" : [ " " ]
                              }, {
                                 "r" : "102",
                                 "s" : [ {
                                    "value" : [ "occurs " ]
                                 }, {
                                    "r" : "101",
                                    "s" : [ {
                                       "value" : [ "3 ","years" ]
                                    } ]
                                 }, {
                                    "value" : [ " or less on or before" ]
                                 } ]
                              }, {
                                 "value" : [ " \n      " ]
                              }, {
                                 "r" : "100",
                                 "s" : [ {
                                    "value" : [ "end of " ]
                                 }, {
                                    "r" : "99",
                                    "s" : [ {
                                       "value" : [ "\"Measurement Period\"" ]
                                    } ]
                                 } ]
                              } ]
                           } ]
                        } ]
                     } ]
                  } ]
               }
            } ],
            "expression" : {
               "localId" : "104",
               "locator" : "53:3-56:33",
               "type" : "Query",
               "source" : [ {
                  "localId" : "93",
                  "locator" : "53:3-53:50",
                  "alias" : "FitDNA",
                  "expression" : {
                     "localId" : "92",
                     "locator" : "53:3-53:43",
                     "dataType" : "{urn:healthit-gov:qdm:v5_5}PositiveLaboratoryTestPerformed",
                     "templateId" : "PositiveLaboratoryTestPerformed",
                     "codeProperty" : "code",
                     "type" : "Retrieve",
                     "codes" : {
                        "locator" : "53:34-53:42",
                        "name" : "FIT DNA",
                        "type" : "ValueSetRef"
                     }
                  }
               } ],
               "relationship" : [ ],
               "where" : {
                  "localId" : "103",
                  "locator" : "54:5-56:33",
                  "type" : "And",
                  "operand" : [ {
                     "localId" : "96",
                     "locator" : "54:11-54:35",
                     "type" : "Not",
                     "operand" : {
                        "locator" : "54:11-54:35",
                        "type" : "IsNull",
                        "operand" : {
                           "localId" : "95",
                           "locator" : "54:11-54:23",
                           "path" : "result",
                           "scope" : "FitDNA",
                           "type" : "Property"
                        }
                     }
                  }, {
                     "localId" : "102",
                     "locator" : "55:11-56:33",
                     "type" : "And",
                     "operand" : [ {
                        "locator" : "55:42-55:56",
                        "type" : "In",
                        "operand" : [ {
                           "localId" : "98",
                           "locator" : "55:11-55:33",
                           "path" : "relevantDatetime",
                           "scope" : "FitDNA",
                           "type" : "Property"
                        }, {
                           "locator" : "55:42-55:56",
                           "lowClosed" : true,
                           "highClosed" : true,
                           "type" : "Interval",
                           "low" : {
                              "locator" : "56:7-56:33",
                              "type" : "Subtract",
                              "operand" : [ {
                                 "localId" : "100",
                                 "locator" : "56:7-56:33",
                                 "type" : "End",
                                 "operand" : {
                                    "localId" : "99",
                                    "locator" : "56:14-56:33",
                                    "name" : "Measurement Period",
                                    "type" : "ParameterRef"
                                 }
                              }, {
                                 "localId" : "101",
                                 "locator" : "55:42-55:48",
                                 "value" : 3,
                                 "unit" : "years",
                                 "type" : "Quantity"
                              } ]
                           },
                           "high" : {
                              "localId" : "100",
                              "locator" : "56:7-56:33",
                              "type" : "End",
                              "operand" : {
                                 "localId" : "99",
                                 "locator" : "56:14-56:33",
                                 "name" : "Measurement Period",
                                 "type" : "ParameterRef"
                              }
                           }
                        } ]
                     }, {
                        "locator" : "55:42-55:56",
                        "type" : "Not",
                        "operand" : {
                           "locator" : "55:42-55:56",
                           "type" : "IsNull",
                           "operand" : {
                              "localId" : "100",
                              "locator" : "56:7-56:33",
                              "type" : "End",
                              "operand" : {
                                 "localId" : "99",
                                 "locator" : "56:14-56:33",
                                 "name" : "Measurement Period",
                                 "type" : "ParameterRef"
                              }
                           }
                        }
                     } ]
                  } ]
               }
            }
         }, {
            "localId" : "118",
            "locator" : "73:1-76:31",
            "name" : "CT Colonography Performed",
            "context" : "Patient",
            "accessLevel" : "Public",
            "annotation" : [ {
               "type" : "Annotation",
               "s" : {
                  "r" : "118",
                  "s" : [ {
                     "value" : [ "define ","\"CT Colonography Performed\"",":\n  " ]
                  }, {
                     "r" : "117",
                     "s" : [ {
                        "s" : [ {
                           "r" : "110",
                           "s" : [ {
                              "r" : "109",
                              "s" : [ {
                                 "r" : "109",
                                 "s" : [ {
                                    "value" : [ "[","\"Diagnostic Study, Performed\"",": " ]
                                 }, {
                                    "s" : [ {
                                       "value" : [ "\"CT Colonography\"" ]
                                    } ]
                                 }, {
                                    "value" : [ "]" ]
                                 } ]
                              } ]
                           }, {
                              "value" : [ " ","Colonography" ]
                           } ]
                        } ]
                     }, {
                        "value" : [ "\n    " ]
                     }, {
                        "r" : "116",
                        "s" : [ {
                           "value" : [ "where " ]
                        }, {
                           "r" : "116",
                           "s" : [ {
                              "r" : "112",
                              "s" : [ {
                                 "r" : "111",
                                 "s" : [ {
                                    "value" : [ "Colonography" ]
                                 } ]
                              }, {
                                 "value" : [ "." ]
                              }, {
                                 "r" : "112",
                                 "s" : [ {
                                    "value" : [ "relevantDatetime" ]
                                 } ]
                              } ]
                           }, {
                              "value" : [ " " ]
                           }, {
                              "r" : "116",
                              "s" : [ {
                                 "r" : "115",
                                 "s" : [ {
                                    "value" : [ "5 ","years" ]
                                 } ]
                              }, {
                                 "value" : [ " or less on or before" ]
                              } ]
                           }, {
                              "value" : [ " \n    " ]
                           }, {
                              "r" : "114",
                              "s" : [ {
                                 "value" : [ "end of " ]
                              }, {
                                 "r" : "113",
                                 "s" : [ {
                                    "value" : [ "\"Measurement Period\"" ]
                                 } ]
                              } ]
                           } ]
                        } ]
                     } ]
                  } ]
               }
            } ],
            "expression" : {
               "localId" : "117",
               "locator" : "74:3-76:31",
               "type" : "Query",
               "source" : [ {
                  "localId" : "110",
                  "locator" : "74:3-74:65",
                  "alias" : "Colonography",
                  "expression" : {
                     "localId" : "109",
                     "locator" : "74:3-74:52",
                     "dataType" : "{urn:healthit-gov:qdm:v5_5}PositiveDiagnosticStudyPerformed",
                     "templateId" : "PositiveDiagnosticStudyPerformed",
                     "codeProperty" : "code",
                     "type" : "Retrieve",
                     "codes" : {
                        "locator" : "74:35-74:51",
                        "name" : "CT Colonography",
                        "type" : "ValueSetRef"
                     }
                  }
               } ],
               "relationship" : [ ],
               "where" : {
                  "localId" : "116",
                  "locator" : "75:5-76:31",
                  "type" : "And",
                  "operand" : [ {
                     "locator" : "75:41-75:55",
                     "type" : "In",
                     "operand" : [ {
                        "localId" : "112",
                        "locator" : "75:11-75:39",
                        "path" : "relevantDatetime",
                        "scope" : "Colonography",
                        "type" : "Property"
                     }, {
                        "locator" : "75:41-75:55",
                        "lowClosed" : true,
                        "highClosed" : true,
                        "type" : "Interval",
                        "low" : {
                           "locator" : "76:5-76:31",
                           "type" : "Subtract",
                           "operand" : [ {
                              "localId" : "114",
                              "locator" : "76:5-76:31",
                              "type" : "End",
                              "operand" : {
                                 "localId" : "113",
                                 "locator" : "76:12-76:31",
                                 "name" : "Measurement Period",
                                 "type" : "ParameterRef"
                              }
                           }, {
                              "localId" : "115",
                              "locator" : "75:41-75:47",
                              "value" : 5,
                              "unit" : "years",
                              "type" : "Quantity"
                           } ]
                        },
                        "high" : {
                           "localId" : "114",
                           "locator" : "76:5-76:31",
                           "type" : "End",
                           "operand" : {
                              "localId" : "113",
                              "locator" : "76:12-76:31",
                              "name" : "Measurement Period",
                              "type" : "ParameterRef"
                           }
                        }
                     } ]
                  }, {
                     "locator" : "75:41-75:55",
                     "type" : "Not",
                     "operand" : {
                        "locator" : "75:41-75:55",
                        "type" : "IsNull",
                        "operand" : {
                           "localId" : "114",
                           "locator" : "76:5-76:31",
                           "type" : "End",
                           "operand" : {
                              "localId" : "113",
                              "locator" : "76:12-76:31",
                              "name" : "Measurement Period",
                              "type" : "ParameterRef"
                           }
                        }
                     }
                  } ]
               }
            }
         }, {
            "localId" : "122",
            "locator" : "45:1-50:41",
            "name" : "Numerator",
            "context" : "Patient",
            "accessLevel" : "Public",
            "annotation" : [ {
               "type" : "Annotation",
               "s" : {
                  "r" : "122",
                  "s" : [ {
                     "value" : [ "define ","\"Numerator\"",":\n  " ]
                  }, {
                     "r" : "121",
                     "s" : [ {
                        "r" : "108",
                        "s" : [ {
                           "r" : "91",
                           "s" : [ {
                              "r" : "78",
                              "s" : [ {
                                 "r" : "63",
                                 "s" : [ {
                                    "value" : [ "exists " ]
                                 }, {
                                    "r" : "62",
                                    "s" : [ {
                                       "value" : [ "\"Colonoscopy Performed\"" ]
                                    } ]
                                 } ]
                              }, {
                                 "value" : [ "\n    or " ]
                              }, {
                                 "r" : "77",
                                 "s" : [ {
                                    "value" : [ "exists " ]
                                 }, {
                                    "r" : "76",
                                    "s" : [ {
                                       "value" : [ "\"Fecal Occult Blood Test Performed\"" ]
                                    } ]
                                 } ]
                              } ]
                           }, {
                              "value" : [ "\n    or " ]
                           }, {
                              "r" : "90",
                              "s" : [ {
                                 "value" : [ "exists " ]
                              }, {
                                 "r" : "89",
                                 "s" : [ {
                                    "value" : [ "\"Flexible Sigmoidoscopy Performed\"" ]
                                 } ]
                              } ]
                           } ]
                        }, {
                           "value" : [ "\n    or " ]
                        }, {
                           "r" : "107",
                           "s" : [ {
                              "value" : [ "exists " ]
                           }, {
                              "r" : "106",
                              "s" : [ {
                                 "value" : [ "\"Fecal Immunochemical Test DNA Performed\"" ]
                              } ]
                           } ]
                        } ]
                     }, {
                        "value" : [ "\n    or " ]
                     }, {
                        "r" : "120",
                        "s" : [ {
                           "value" : [ "exists " ]
                        }, {
                           "r" : "119",
                           "s" : [ {
                              "value" : [ "\"CT Colonography Performed\"" ]
                           } ]
                        } ]
                     } ]
                  } ]
               }
            } ],
            "expression" : {
               "localId" : "121",
               "locator" : "46:3-50:41",
               "type" : "Or",
               "operand" : [ {
                  "localId" : "108",
                  "locator" : "46:3-49:55",
                  "type" : "Or",
                  "operand" : [ {
                     "localId" : "91",
                     "locator" : "46:3-48:48",
                     "type" : "Or",
                     "operand" : [ {
                        "localId" : "78",
                        "locator" : "46:3-47:49",
                        "type" : "Or",
                        "operand" : [ {
                           "localId" : "63",
                           "locator" : "46:3-46:32",
                           "type" : "Exists",
                           "operand" : {
                              "localId" : "62",
                              "locator" : "46:10-46:32",
                              "name" : "Colonoscopy Performed",
                              "type" : "ExpressionRef"
                           }
                        }, {
                           "localId" : "77",
                           "locator" : "47:8-47:49",
                           "type" : "Exists",
                           "operand" : {
                              "localId" : "76",
                              "locator" : "47:15-47:49",
                              "name" : "Fecal Occult Blood Test Performed",
                              "type" : "ExpressionRef"
                           }
                        } ]
                     }, {
                        "localId" : "90",
                        "locator" : "48:8-48:48",
                        "type" : "Exists",
                        "operand" : {
                           "localId" : "89",
                           "locator" : "48:15-48:48",
                           "name" : "Flexible Sigmoidoscopy Performed",
                           "type" : "ExpressionRef"
                        }
                     } ]
                  }, {
                     "localId" : "107",
                     "locator" : "49:8-49:55",
                     "type" : "Exists",
                     "operand" : {
                        "localId" : "106",
                        "locator" : "49:15-49:55",
                        "name" : "Fecal Immunochemical Test DNA Performed",
                        "type" : "ExpressionRef"
                     }
                  } ]
               }, {
                  "localId" : "120",
                  "locator" : "50:8-50:41",
                  "type" : "Exists",
                  "operand" : {
                     "localId" : "119",
                     "locator" : "50:15-50:41",
                     "name" : "CT Colonography Performed",
                     "type" : "ExpressionRef"
                  }
               } ]
            }
         }, {
            "localId" : "131",
            "locator" : "63:1-66:31",
            "name" : "Malignant Neoplasm",
            "context" : "Patient",
            "accessLevel" : "Public",
            "annotation" : [ {
               "type" : "Annotation",
               "s" : {
                  "r" : "131",
                  "s" : [ {
                     "value" : [ "define ","\"Malignant Neoplasm\"",":\n  " ]
                  }, {
                     "r" : "130",
                     "s" : [ {
                        "s" : [ {
                           "r" : "124",
                           "s" : [ {
                              "r" : "123",
                              "s" : [ {
                                 "r" : "123",
                                 "s" : [ {
                                    "value" : [ "[","\"Diagnosis\"",": " ]
                                 }, {
                                    "s" : [ {
                                       "value" : [ "\"Malignant Neoplasm of Colon\"" ]
                                    } ]
                                 }, {
                                    "value" : [ "]" ]
                                 } ]
                              } ]
                           }, {
                              "value" : [ " ","ColorectalCancer" ]
                           } ]
                        } ]
                     }, {
                        "value" : [ "\n    " ]
                     }, {
                        "r" : "129",
                        "s" : [ {
                           "value" : [ "where " ]
                        }, {
                           "r" : "129",
                           "s" : [ {
                              "r" : "126",
                              "s" : [ {
                                 "r" : "125",
                                 "s" : [ {
                                    "value" : [ "ColorectalCancer" ]
                                 } ]
                              }, {
                                 "value" : [ "." ]
                              }, {
                                 "r" : "126",
                                 "s" : [ {
                                    "value" : [ "prevalencePeriod" ]
                                 } ]
                              } ]
                           }, {
                              "r" : "129",
                              "value" : [ " ","starts on or before"," \n    " ]
                           }, {
                              "r" : "128",
                              "s" : [ {
                                 "value" : [ "end of " ]
                              }, {
                                 "r" : "127",
                                 "s" : [ {
                                    "value" : [ "\"Measurement Period\"" ]
                                 } ]
                              } ]
                           } ]
                        } ]
                     } ]
                  } ]
               }
            } ],
            "expression" : {
               "localId" : "130",
               "locator" : "64:3-66:31",
               "type" : "Query",
               "source" : [ {
                  "localId" : "124",
                  "locator" : "64:3-64:63",
                  "alias" : "ColorectalCancer",
                  "expression" : {
                     "localId" : "123",
                     "locator" : "64:3-64:46",
                     "dataType" : "{urn:healthit-gov:qdm:v5_5}Diagnosis",
                     "codeProperty" : "code",
                     "type" : "Retrieve",
                     "codes" : {
                        "locator" : "64:17-64:45",
                        "name" : "Malignant Neoplasm of Colon",
                        "type" : "ValueSetRef"
                     }
                  }
               } ],
               "relationship" : [ ],
               "where" : {
                  "localId" : "129",
                  "locator" : "65:5-66:31",
                  "type" : "SameOrBefore",
                  "operand" : [ {
                     "locator" : "65:45-65:50",
                     "type" : "Start",
                     "operand" : {
                        "localId" : "126",
                        "locator" : "65:11-65:43",
                        "path" : "prevalencePeriod",
                        "scope" : "ColorectalCancer",
                        "type" : "Property"
                     }
                  }, {
                     "localId" : "128",
                     "locator" : "66:5-66:31",
                     "type" : "End",
                     "operand" : {
                        "localId" : "127",
                        "locator" : "66:12-66:31",
                        "name" : "Measurement Period",
                        "type" : "ParameterRef"
                     }
                  } ]
               }
            }
         }, {
            "localId" : "140",
            "locator" : "83:1-86:31",
            "name" : "Total Colectomy Performed",
            "context" : "Patient",
            "accessLevel" : "Public",
            "annotation" : [ {
               "type" : "Annotation",
               "s" : {
                  "r" : "140",
                  "s" : [ {
                     "value" : [ "define ","\"Total Colectomy Performed\"",":\n  " ]
                  }, {
                     "r" : "139",
                     "s" : [ {
                        "s" : [ {
                           "r" : "133",
                           "s" : [ {
                              "r" : "132",
                              "s" : [ {
                                 "r" : "132",
                                 "s" : [ {
                                    "value" : [ "[","\"Procedure, Performed\"",": " ]
                                 }, {
                                    "s" : [ {
                                       "value" : [ "\"Total Colectomy\"" ]
                                    } ]
                                 }, {
                                    "value" : [ "]" ]
                                 } ]
                              } ]
                           }, {
                              "value" : [ " ","Colectomy" ]
                           } ]
                        } ]
                     }, {
                        "value" : [ "\n    " ]
                     }, {
                        "r" : "138",
                        "s" : [ {
                           "value" : [ "where " ]
                        }, {
                           "r" : "138",
                           "s" : [ {
                              "r" : "135",
                              "s" : [ {
                                 "r" : "134",
                                 "s" : [ {
                                    "value" : [ "Colectomy" ]
                                 } ]
                              }, {
                                 "value" : [ "." ]
                              }, {
                                 "r" : "135",
                                 "s" : [ {
                                    "value" : [ "relevantDatetime" ]
                                 } ]
                              } ]
                           }, {
                              "r" : "138",
                              "value" : [ " ","on or before"," \n    " ]
                           }, {
                              "r" : "137",
                              "s" : [ {
                                 "value" : [ "end of " ]
                              }, {
                                 "r" : "136",
                                 "s" : [ {
                                    "value" : [ "\"Measurement Period\"" ]
                                 } ]
                              } ]
                           } ]
                        } ]
                     } ]
                  } ]
               }
            } ],
            "expression" : {
               "localId" : "139",
               "locator" : "84:3-86:31",
               "type" : "Query",
               "source" : [ {
                  "localId" : "133",
                  "locator" : "84:3-84:55",
                  "alias" : "Colectomy",
                  "expression" : {
                     "localId" : "132",
                     "locator" : "84:3-84:45",
                     "dataType" : "{urn:healthit-gov:qdm:v5_5}PositiveProcedurePerformed",
                     "templateId" : "PositiveProcedurePerformed",
                     "codeProperty" : "code",
                     "type" : "Retrieve",
                     "codes" : {
                        "locator" : "84:28-84:44",
                        "name" : "Total Colectomy",
                        "type" : "ValueSetRef"
                     }
                  }
               } ],
               "relationship" : [ ],
               "where" : {
                  "localId" : "138",
                  "locator" : "85:5-86:31",
                  "type" : "SameOrBefore",
                  "operand" : [ {
                     "localId" : "135",
                     "locator" : "85:11-85:36",
                     "path" : "relevantDatetime",
                     "scope" : "Colectomy",
                     "type" : "Property"
                  }, {
                     "localId" : "137",
                     "locator" : "86:5-86:31",
                     "type" : "End",
                     "operand" : {
                        "localId" : "136",
                        "locator" : "86:12-86:31",
                        "name" : "Measurement Period",
                        "type" : "ParameterRef"
                     }
                  } ]
               }
            }
         }, {
            "localId" : "168",
            "locator" : "94:1-102:5",
            "name" : "Denominator Exclusions",
            "context" : "Patient",
            "accessLevel" : "Public",
            "annotation" : [ {
               "type" : "Annotation",
               "s" : {
                  "r" : "168",
                  "s" : [ {
                     "value" : [ "define ","\"Denominator Exclusions\"",":\n  " ]
                  }, {
                     "r" : "167",
                     "s" : [ {
                        "r" : "151",
                        "s" : [ {
                           "r" : "148",
                           "s" : [ {
                              "r" : "145",
                              "s" : [ {
                                 "r" : "142",
                                 "s" : [ {
                                    "r" : "141",
                                    "s" : [ {
                                       "value" : [ "Hospice" ]
                                    } ]
                                 }, {
                                    "value" : [ "." ]
                                 }, {
                                    "r" : "142",
                                    "s" : [ {
                                       "value" : [ "\"Has Hospice\"" ]
                                    } ]
                                 } ]
                              }, {
                                 "value" : [ "\n    or " ]
                              }, {
                                 "r" : "144",
                                 "s" : [ {
                                    "value" : [ "exists " ]
                                 }, {
                                    "r" : "143",
                                    "s" : [ {
                                       "value" : [ "\"Malignant Neoplasm\"" ]
                                    } ]
                                 } ]
                              } ]
                           }, {
                              "value" : [ "\n    or " ]
                           }, {
                              "r" : "147",
                              "s" : [ {
                                 "value" : [ "exists " ]
                              }, {
                                 "r" : "146",
                                 "s" : [ {
                                    "value" : [ "\"Total Colectomy Performed\"" ]
                                 } ]
                              } ]
                           } ]
                        }, {
                           "value" : [ "\n    or " ]
                        }, {
                           "r" : "150",
                           "s" : [ {
                              "r" : "149",
                              "s" : [ {
                                 "value" : [ "FrailtyLTI" ]
                              } ]
                           }, {
                              "value" : [ "." ]
                           }, {
                              "r" : "150",
                              "s" : [ {
                                 "value" : [ "\"Advanced Illness and Frailty Exclusion Not Including Over Age 80\"" ]
                              } ]
                           } ]
                        } ]
                     }, {
                        "value" : [ "\n    or " ]
                     }, {
                        "r" : "166",
                        "s" : [ {
                           "value" : [ "( " ]
                        }, {
                           "r" : "166",
                           "s" : [ {
                              "value" : [ "exists " ]
                           }, {
                              "r" : "165",
                              "s" : [ {
                                 "s" : [ {
                                    "r" : "153",
                                    "s" : [ {
                                       "r" : "152",
                                       "s" : [ {
                                          "r" : "152",
                                          "s" : [ {
                                             "value" : [ "[","\"Patient Characteristic Birthdate\"",": " ]
                                          }, {
                                             "s" : [ {
                                                "value" : [ "\"Birth date\"" ]
                                             } ]
                                          }, {
                                             "value" : [ "]" ]
                                          } ]
                                       } ]
                                    }, {
                                       "value" : [ " ","BirthDate" ]
                                    } ]
                                 } ]
                              }, {
                                 "value" : [ "\n        " ]
                              }, {
                                 "r" : "164",
                                 "s" : [ {
                                    "value" : [ "where " ]
                                 }, {
                                    "r" : "164",
                                    "s" : [ {
                                       "r" : "161",
                                       "s" : [ {
                                          "value" : [ "( " ]
                                       }, {
                                          "r" : "161",
                                          "s" : [ {
                                             "r" : "159",
                                             "s" : [ {
                                                "r" : "154",
                                                "s" : [ {
                                                   "value" : [ "Global" ]
                                                } ]
                                             }, {
                                                "value" : [ "." ]
                                             }, {
                                                "r" : "159",
                                                "s" : [ {
                                                   "value" : [ "\"CalendarAgeInYearsAt\""," ( " ]
                                                }, {
                                                   "r" : "156",
                                                   "s" : [ {
                                                      "r" : "155",
                                                      "s" : [ {
                                                         "value" : [ "BirthDate" ]
                                                      } ]
                                                   }, {
                                                      "value" : [ "." ]
                                                   }, {
                                                      "r" : "156",
                                                      "s" : [ {
                                                         "value" : [ "birthDatetime" ]
                                                      } ]
                                                   } ]
                                                }, {
                                                   "value" : [ ", " ]
                                                }, {
                                                   "r" : "158",
                                                   "s" : [ {
                                                      "value" : [ "start of " ]
                                                   }, {
                                                      "r" : "157",
                                                      "s" : [ {
                                                         "value" : [ "\"Measurement Period\"" ]
                                                      } ]
                                                   } ]
                                                }, {
                                                   "value" : [ " )" ]
                                                } ]
                                             } ]
                                          }, {
                                             "r" : "160",
                                             "value" : [ " ",">="," ","65" ]
                                          } ]
                                       }, {
                                          "value" : [ " )" ]
                                       } ]
                                    }, {
                                       "value" : [ "\n          and " ]
                                    }, {
                                       "r" : "163",
                                       "s" : [ {
                                          "r" : "162",
                                          "s" : [ {
                                             "value" : [ "FrailtyLTI" ]
                                          } ]
                                       }, {
                                          "value" : [ "." ]
                                       }, {
                                          "r" : "163",
                                          "s" : [ {
                                             "value" : [ "\"Long Term Care Periods Longer Than 90 Consecutive Days\"" ]
                                          } ]
                                       } ]
                                    } ]
                                 } ]
                              } ]
                           } ]
                        }, {
                           "value" : [ "\n    )" ]
                        } ]
                     } ]
                  } ]
               }
            } ],
            "expression" : {
               "localId" : "167",
               "locator" : "95:3-102:5",
               "type" : "Or",
               "operand" : [ {
                  "localId" : "151",
                  "locator" : "95:3-98:84",
                  "type" : "Or",
                  "operand" : [ {
                     "localId" : "148",
                     "locator" : "95:3-97:41",
                     "type" : "Or",
                     "operand" : [ {
                        "localId" : "145",
                        "locator" : "95:3-96:34",
                        "type" : "Or",
                        "operand" : [ {
                           "localId" : "142",
                           "locator" : "95:3-95:23",
                           "name" : "Has Hospice",
                           "libraryName" : "Hospice",
                           "type" : "ExpressionRef"
                        }, {
                           "localId" : "144",
                           "locator" : "96:8-96:34",
                           "type" : "Exists",
                           "operand" : {
                              "localId" : "143",
                              "locator" : "96:15-96:34",
                              "name" : "Malignant Neoplasm",
                              "type" : "ExpressionRef"
                           }
                        } ]
                     }, {
                        "localId" : "147",
                        "locator" : "97:8-97:41",
                        "type" : "Exists",
                        "operand" : {
                           "localId" : "146",
                           "locator" : "97:15-97:41",
                           "name" : "Total Colectomy Performed",
                           "type" : "ExpressionRef"
                        }
                     } ]
                  }, {
                     "localId" : "150",
                     "locator" : "98:8-98:84",
                     "name" : "Advanced Illness and Frailty Exclusion Not Including Over Age 80",
                     "libraryName" : "FrailtyLTI",
                     "type" : "ExpressionRef"
                  } ]
               }, {
                  "localId" : "166",
                  "locator" : "99:8-102:5",
                  "type" : "Exists",
                  "operand" : {
                     "localId" : "165",
                     "locator" : "99:17-101:81",
                     "type" : "Query",
                     "source" : [ {
                        "localId" : "153",
                        "locator" : "99:17-99:76",
                        "alias" : "BirthDate",
                        "expression" : {
                           "localId" : "152",
                           "locator" : "99:17-99:66",
                           "dataType" : "{urn:healthit-gov:qdm:v5_5}PatientCharacteristicBirthdate",
                           "codeProperty" : "code",
                           "type" : "Retrieve",
                           "codes" : {
                              "type" : "ToList",
                              "operand" : {
                                 "locator" : "99:54-99:65",
                                 "name" : "Birth date",
                                 "type" : "CodeRef"
                              }
                           }
                        }
                     } ],
                     "relationship" : [ ],
                     "where" : {
                        "localId" : "164",
                        "locator" : "100:9-101:81",
                        "type" : "And",
                        "operand" : [ {
                           "localId" : "161",
                           "locator" : "100:15-100:112",
                           "type" : "GreaterOrEqual",
                           "operand" : [ {
                              "localId" : "159",
                              "locator" : "100:17-100:104",
                              "name" : "CalendarAgeInYearsAt",
                              "libraryName" : "Global",
                              "type" : "FunctionRef",
                              "operand" : [ {
                                 "localId" : "156",
                                 "locator" : "100:49-100:71",
                                 "path" : "birthDatetime",
                                 "scope" : "BirthDate",
                                 "type" : "Property"
                              }, {
                                 "localId" : "158",
                                 "locator" : "100:74-100:102",
                                 "type" : "Start",
                                 "operand" : {
                                    "localId" : "157",
                                    "locator" : "100:83-100:102",
                                    "name" : "Measurement Period",
                                    "type" : "ParameterRef"
                                 }
                              } ]
                           }, {
                              "localId" : "160",
                              "locator" : "100:109-100:110",
                              "valueType" : "{urn:hl7-org:elm-types:r1}Integer",
                              "value" : "65",
                              "type" : "Literal"
                           } ]
                        }, {
                           "localId" : "163",
                           "locator" : "101:15-101:81",
                           "name" : "Long Term Care Periods Longer Than 90 Consecutive Days",
                           "libraryName" : "FrailtyLTI",
                           "type" : "ExpressionRef"
                        } ]
                     }
                  }
               } ]
            }
         } ]
      }
   }
}