{
   "library" : {
      "identifier" : {
         "id" : "CervicalCancerScreening",
         "version" : "9.1.000"
      },
      "schemaIdentifier" : {
         "id" : "urn:hl7-org:elm",
         "version" : "r1"
      },
      "usings" : {
         "def" : [ {
            "localIdentifier" : "System",
            "uri" : "urn:hl7-org:elm-types:r1"
         }, {
            "localId" : "1",
            "locator" : "3:1-3:23",
            "localIdentifier" : "QDM",
            "uri" : "urn:healthit-gov:qdm:v5_5",
            "version" : "5.5"
         } ]
      },
      "includes" : {
         "def" : [ {
            "localId" : "2",
            "locator" : "5:1-5:64",
            "localIdentifier" : "Global",
            "path" : "MATGlobalCommonFunctions",
            "version" : "5.0.000"
         }, {
            "localId" : "3",
            "locator" : "6:1-6:48",
            "localIdentifier" : "Hospice",
            "path" : "Hospice",
            "version" : "2.2.000"
         } ]
      },
      "parameters" : {
         "def" : [ {
            "localId" : "24",
            "locator" : "27:1-27:49",
            "name" : "Measurement Period",
            "accessLevel" : "Public",
            "parameterTypeSpecifier" : {
               "localId" : "23",
               "locator" : "27:32-27:49",
               "type" : "IntervalTypeSpecifier",
               "pointType" : {
                  "localId" : "22",
                  "locator" : "27:41-27:48",
                  "name" : "{urn:hl7-org:elm-types:r1}DateTime",
                  "type" : "NamedTypeSpecifier"
               }
            }
         } ]
      },
      "codeSystems" : {
         "def" : [ {
            "localId" : "4",
            "locator" : "8:1-8:51",
            "name" : "LOINC",
            "id" : "urn:oid:2.16.840.1.113883.6.1",
            "accessLevel" : "Public"
         }, {
            "localId" : "5",
            "locator" : "9:1-9:55",
            "name" : "SNOMEDCT",
            "id" : "urn:oid:2.16.840.1.113883.6.96",
            "accessLevel" : "Public"
         } ]
      },
      "valueSets" : {
         "def" : [ {
            "localId" : "6",
            "locator" : "11:1-11:58",
            "name" : "Ethnicity",
            "id" : "urn:oid:2.16.840.1.114222.4.11.837",
            "accessLevel" : "Public"
         }, {
            "localId" : "7",
            "locator" : "12:1-12:58",
            "name" : "Female",
            "id" : "urn:oid:2.16.840.1.113883.3.560.100.2",
            "accessLevel" : "Public"
         }, {
            "localId" : "8",
            "locator" : "13:1-13:87",
            "name" : "Home Healthcare Services",
            "id" : "urn:oid:2.16.840.1.113883.3.464.1003.101.12.1016",
            "accessLevel" : "Public"
         }, {
            "localId" : "9",
            "locator" : "14:1-14:71",
            "name" : "HPV Test",
            "id" : "urn:oid:2.16.840.1.113883.3.464.1003.110.12.1059",
            "accessLevel" : "Public"
         }, {
            "localId" : "10",
            "locator" : "15:1-15:99",
            "name" : "Hysterectomy with No Residual Cervix",
            "id" : "urn:oid:2.16.840.1.113883.3.464.1003.198.12.1014",
            "accessLevel" : "Public"
         }, {
            "localId" : "11",
            "locator" : "16:1-16:75",
            "name" : "Office Visit",
            "id" : "urn:oid:2.16.840.1.113883.3.464.1003.101.12.1001",
            "accessLevel" : "Public"
         }, {
            "localId" : "12",
            "locator" : "17:1-17:68",
            "name" : "ONC Administrative Sex",
            "id" : "urn:oid:2.16.840.1.113762.1.4.1",
            "accessLevel" : "Public"
         }, {
            "localId" : "13",
            "locator" : "18:1-18:71",
            "name" : "Pap Test",
            "id" : "urn:oid:2.16.840.1.113883.3.464.1003.108.12.1017",
            "accessLevel" : "Public"
         }, {
            "localId" : "14",
            "locator" : "19:1-19:55",
            "name" : "Payer",
            "id" : "urn:oid:2.16.840.1.114222.4.11.3591",
            "accessLevel" : "Public"
         }, {
            "localId" : "15",
            "locator" : "20:1-20:125",
            "name" : "Preventive Care Services - Established Office Visit, 18 and Up",
            "id" : "urn:oid:2.16.840.1.113883.3.464.1003.101.12.1025",
            "accessLevel" : "Public"
         }, {
            "localId" : "16",
            "locator" : "21:1-21:119",
            "name" : "Preventive Care Services-Initial Office Visit, 18 and Up",
            "id" : "urn:oid:2.16.840.1.113883.3.464.1003.101.12.1023",
            "accessLevel" : "Public"
         }, {
            "localId" : "17",
            "locator" : "22:1-22:53",
            "name" : "Race",
            "id" : "urn:oid:2.16.840.1.114222.4.11.836",
            "accessLevel" : "Public"
         } ]
      },
      "codes" : {
         "def" : [ {
            "localId" : "19",
            "locator" : "24:1-24:62",
            "name" : "Birth date",
            "id" : "21112-8",
            "display" : "Birth date",
            "accessLevel" : "Public",
            "codeSystem" : {
               "localId" : "18",
               "locator" : "24:35-24:41",
               "name" : "LOINC"
            }
         }, {
            "localId" : "21",
            "locator" : "25:1-25:124",
            "name" : "Congenital absence of cervix (disorder)",
            "id" : "37687000",
            "display" : "Congenital absence of cervix (disorder)",
            "accessLevel" : "Public",
            "codeSystem" : {
               "localId" : "20",
               "locator" : "25:65-25:74",
               "name" : "SNOMEDCT"
            }
         } ]
      },
      "statements" : {
         "def" : [ {
            "locator" : "29:1-29:15",
            "name" : "Patient",
            "context" : "Patient",
            "expression" : {
               "type" : "SingletonFrom",
               "operand" : {
                  "locator" : "29:1-29:15",
                  "dataType" : "{urn:healthit-gov:qdm:v5_5}Patient",
                  "templateId" : "Patient",
                  "type" : "Retrieve"
               }
            }
         }, {
            "localId" : "55",
            "locator" : "34:1-39:67",
            "name" : "Qualifying Encounters",
            "context" : "Patient",
            "accessLevel" : "Public",
            "annotation" : [ {
               "type" : "Annotation",
               "s" : {
                  "r" : "55",
                  "s" : [ {
                     "value" : [ "define ","\"Qualifying Encounters\"",":\n  " ]
                  }, {
                     "r" : "54",
                     "s" : [ {
                        "s" : [ {
                           "r" : "49",
                           "s" : [ {
                              "r" : "48",
                              "s" : [ {
                                 "value" : [ "( " ]
                              }, {
                                 "r" : "48",
                                 "s" : [ {
                                    "r" : "46",
                                    "s" : [ {
                                       "r" : "44",
                                       "s" : [ {
                                          "r" : "42",
                                          "s" : [ {
                                             "value" : [ "[","\"Encounter, Performed\"",": " ]
                                          }, {
                                             "s" : [ {
                                                "value" : [ "\"Office Visit\"" ]
                                             } ]
                                          }, {
                                             "value" : [ "]" ]
                                          } ]
                                       }, {
                                          "value" : [ "\n    union " ]
                                       }, {
                                          "r" : "43",
                                          "s" : [ {
                                             "value" : [ "[","\"Encounter, Performed\"",": " ]
                                          }, {
                                             "s" : [ {
                                                "value" : [ "\"Preventive Care Services - Established Office Visit, 18 and Up\"" ]
                                             } ]
                                          }, {
                                             "value" : [ "]" ]
                                          } ]
                                       } ]
                                    }, {
                                       "value" : [ "\n    union " ]
                                    }, {
                                       "r" : "45",
                                       "s" : [ {
                                          "value" : [ "[","\"Encounter, Performed\"",": " ]
                                       }, {
                                          "s" : [ {
                                             "value" : [ "\"Preventive Care Services-Initial Office Visit, 18 and Up\"" ]
                                          } ]
                                       }, {
                                          "value" : [ "]" ]
                                       } ]
                                    } ]
                                 }, {
                                    "value" : [ "\n    union " ]
                                 }, {
                                    "r" : "47",
                                    "s" : [ {
                                       "value" : [ "[","\"Encounter, Performed\"",": " ]
                                    }, {
                                       "s" : [ {
                                          "value" : [ "\"Home Healthcare Services\"" ]
                                       } ]
                                    }, {
                                       "value" : [ "]" ]
                                    } ]
                                 } ]
                              }, {
                                 "value" : [ " )" ]
                              } ]
                           }, {
                              "value" : [ " ","ValidEncounter" ]
                           } ]
                        } ]
                     }, {
                        "value" : [ "\n    " ]
                     }, {
                        "r" : "53",
                        "s" : [ {
                           "value" : [ "where " ]
                        }, {
                           "r" : "53",
                           "s" : [ {
                              "r" : "51",
                              "s" : [ {
                                 "r" : "50",
                                 "s" : [ {
                                    "value" : [ "ValidEncounter" ]
                                 } ]
                              }, {
                                 "value" : [ "." ]
                              }, {
                                 "r" : "51",
                                 "s" : [ {
                                    "value" : [ "relevantPeriod" ]
                                 } ]
                              } ]
                           }, {
                              "r" : "53",
                              "value" : [ " ","during"," " ]
                           }, {
                              "r" : "52",
                              "s" : [ {
                                 "value" : [ "\"Measurement Period\"" ]
                              } ]
                           } ]
                        } ]
                     } ]
                  } ]
               }
            } ],
            "expression" : {
               "localId" : "54",
               "locator" : "35:3-39:67",
               "type" : "Query",
               "source" : [ {
                  "localId" : "49",
                  "locator" : "35:3-38:79",
                  "alias" : "ValidEncounter",
                  "expression" : {
                     "localId" : "48",
                     "locator" : "35:3-38:64",
                     "type" : "Union",
                     "operand" : [ {
                        "localId" : "44",
                        "locator" : "35:5-36:100",
                        "type" : "Union",
                        "operand" : [ {
                           "localId" : "42",
                           "locator" : "35:5-35:44",
                           "dataType" : "{urn:healthit-gov:qdm:v5_5}PositiveEncounterPerformed",
                           "templateId" : "PositiveEncounterPerformed",
                           "codeProperty" : "code",
                           "type" : "Retrieve",
                           "codes" : {
                              "locator" : "35:30-35:43",
                              "name" : "Office Visit",
                              "type" : "ValueSetRef"
                           }
                        }, {
                           "localId" : "43",
                           "locator" : "36:11-36:100",
                           "dataType" : "{urn:healthit-gov:qdm:v5_5}PositiveEncounterPerformed",
                           "templateId" : "PositiveEncounterPerformed",
                           "codeProperty" : "code",
                           "type" : "Retrieve",
                           "codes" : {
                              "locator" : "36:36-36:99",
                              "name" : "Preventive Care Services - Established Office Visit, 18 and Up",
                              "type" : "ValueSetRef"
                           }
                        } ]
                     }, {
                        "type" : "Union",
                        "operand" : [ {
                           "localId" : "45",
                           "locator" : "37:11-37:94",
                           "dataType" : "{urn:healthit-gov:qdm:v5_5}PositiveEncounterPerformed",
                           "templateId" : "PositiveEncounterPerformed",
                           "codeProperty" : "code",
                           "type" : "Retrieve",
                           "codes" : {
                              "locator" : "37:36-37:93",
                              "name" : "Preventive Care Services-Initial Office Visit, 18 and Up",
                              "type" : "ValueSetRef"
                           }
                        }, {
                           "localId" : "47",
                           "locator" : "38:11-38:62",
                           "dataType" : "{urn:healthit-gov:qdm:v5_5}PositiveEncounterPerformed",
                           "templateId" : "PositiveEncounterPerformed",
                           "codeProperty" : "code",
                           "type" : "Retrieve",
                           "codes" : {
                              "locator" : "38:36-38:61",
                              "name" : "Home Healthcare Services",
                              "type" : "ValueSetRef"
                           }
                        } ]
                     } ]
                  }
               } ],
               "relationship" : [ ],
               "where" : {
                  "localId" : "53",
                  "locator" : "39:5-39:67",
                  "type" : "IncludedIn",
                  "operand" : [ {
                     "localId" : "51",
                     "locator" : "39:11-39:39",
                     "path" : "relevantPeriod",
                     "scope" : "ValidEncounter",
                     "type" : "Property"
                  }, {
                     "localId" : "52",
                     "locator" : "39:48-39:67",
                     "name" : "Measurement Period",
                     "type" : "ParameterRef"
                  } ]
               }
            }
         }, {
            "localId" : "59",
            "locator" : "77:1-82:38",
            "name" : "Initial Population",
            "context" : "Patient",
            "accessLevel" : "Public",
            "annotation" : [ {
               "type" : "Annotation",
               "s" : {
                  "r" : "59",
                  "s" : [ {
                     "value" : [ "define ","\"Initial Population\"",":\n  " ]
                  }, {
                     "r" : "58",
                     "s" : [ {
                        "r" : "41",
                        "s" : [ {
                           "r" : "38",
                           "s" : [ {
                              "value" : [ "exists " ]
                           }, {
                              "r" : "37",
                              "s" : [ {
                                 "value" : [ "( " ]
                              }, {
                                 "r" : "37",
                                 "s" : [ {
                                    "s" : [ {
                                       "r" : "26",
                                       "s" : [ {
                                          "r" : "25",
                                          "s" : [ {
                                             "r" : "25",
                                             "s" : [ {
                                                "value" : [ "[","\"Patient Characteristic Birthdate\"",": " ]
                                             }, {
                                                "s" : [ {
                                                   "value" : [ "\"Birth date\"" ]
                                                } ]
                                             }, {
                                                "value" : [ "]" ]
                                             } ]
                                          } ]
                                       }, {
                                          "value" : [ " ","BirthDate" ]
                                       } ]
                                    } ]
                                 }, {
                                    "value" : [ "\n      " ]
                                 }, {
                                    "r" : "36",
                                    "s" : [ {
                                       "value" : [ "where " ]
                                    }, {
                                       "r" : "36",
                                       "s" : [ {
                                          "r" : "32",
                                          "s" : [ {
                                             "r" : "27",
                                             "s" : [ {
                                                "value" : [ "Global" ]
                                             } ]
                                          }, {
                                             "value" : [ "." ]
                                          }, {
                                             "r" : "32",
                                             "s" : [ {
                                                "value" : [ "\"CalendarAgeInYearsAt\""," ( " ]
                                             }, {
                                                "r" : "29",
                                                "s" : [ {
                                                   "r" : "28",
                                                   "s" : [ {
                                                      "value" : [ "BirthDate" ]
                                                   } ]
                                                }, {
                                                   "value" : [ "." ]
                                                }, {
                                                   "r" : "29",
                                                   "s" : [ {
                                                      "value" : [ "birthDatetime" ]
                                                   } ]
                                                } ]
                                             }, {
                                                "value" : [ ", " ]
                                             }, {
                                                "r" : "31",
                                                "s" : [ {
                                                   "value" : [ "start of " ]
                                                }, {
                                                   "r" : "30",
                                                   "s" : [ {
                                                      "value" : [ "\"Measurement Period\"" ]
                                                   } ]
                                                } ]
                                             }, {
                                                "value" : [ " )" ]
                                             } ]
                                          } ]
                                       }, {
                                          "value" : [ " in " ]
                                       }, {
                                          "r" : "35",
                                          "s" : [ {
                                             "r" : "33",
                                             "value" : [ "Interval[","23",", ","64"," )" ]
                                          } ]
                                       } ]
                                    } ]
                                 } ]
                              }, {
                                 "value" : [ "\n  )" ]
                              } ]
                           } ]
                        }, {
                           "value" : [ "\n    and " ]
                        }, {
                           "r" : "40",
                           "s" : [ {
                              "value" : [ "exists " ]
                           }, {
                              "r" : "39",
                              "s" : [ {
                                 "value" : [ "( " ]
                              }, {
                                 "r" : "39",
                                 "s" : [ {
                                    "value" : [ "[","\"Patient Characteristic Sex\"",": " ]
                                 }, {
                                    "s" : [ {
                                       "value" : [ "\"Female\"" ]
                                    } ]
                                 }, {
                                    "value" : [ "]" ]
                                 } ]
                              }, {
                                 "value" : [ " )" ]
                              } ]
                           } ]
                        } ]
                     }, {
                        "value" : [ "\n    and " ]
                     }, {
                        "r" : "57",
                        "s" : [ {
                           "value" : [ "exists " ]
                        }, {
                           "r" : "56",
                           "s" : [ {
                              "value" : [ "\"Qualifying Encounters\"" ]
                           } ]
                        } ]
                     } ]
                  } ]
               }
            } ],
            "expression" : {
               "localId" : "58",
               "locator" : "78:3-82:38",
               "type" : "And",
               "operand" : [ {
                  "localId" : "41",
                  "locator" : "78:3-81:59",
                  "type" : "And",
                  "operand" : [ {
                     "localId" : "38",
                     "locator" : "78:3-80:3",
                     "type" : "Exists",
                     "operand" : {
                        "localId" : "37",
                        "locator" : "78:10-80:3",
                        "type" : "Query",
                        "source" : [ {
                           "localId" : "26",
                           "locator" : "78:12-78:71",
                           "alias" : "BirthDate",
                           "expression" : {
                              "localId" : "25",
                              "locator" : "78:12-78:61",
                              "dataType" : "{urn:healthit-gov:qdm:v5_5}PatientCharacteristicBirthdate",
                              "codeProperty" : "code",
                              "type" : "Retrieve",
                              "codes" : {
                                 "type" : "ToList",
                                 "operand" : {
                                    "locator" : "78:49-78:60",
                                    "name" : "Birth date",
                                    "type" : "CodeRef"
                                 }
                              }
                           }
                        } ],
                        "relationship" : [ ],
                        "where" : {
                           "localId" : "36",
                           "locator" : "79:7-79:121",
                           "type" : "In",
                           "operand" : [ {
                              "localId" : "32",
                              "locator" : "79:13-79:100",
                              "name" : "CalendarAgeInYearsAt",
                              "libraryName" : "Global",
                              "type" : "FunctionRef",
                              "operand" : [ {
                                 "localId" : "29",
                                 "locator" : "79:45-79:67",
                                 "path" : "birthDatetime",
                                 "scope" : "BirthDate",
                                 "type" : "Property"
                              }, {
                                 "localId" : "31",
                                 "locator" : "79:70-79:98",
                                 "type" : "Start",
                                 "operand" : {
                                    "localId" : "30",
                                    "locator" : "79:79-79:98",
                                    "name" : "Measurement Period",
                                    "type" : "ParameterRef"
                                 }
                              } ]
                           }, {
                              "localId" : "35",
                              "locator" : "79:105-79:121",
                              "lowClosed" : true,
                              "highClosed" : false,
                              "type" : "Interval",
                              "low" : {
                                 "localId" : "33",
                                 "locator" : "79:114-79:115",
                                 "valueType" : "{urn:hl7-org:elm-types:r1}Integer",
                                 "value" : "23",
                                 "type" : "Literal"
                              },
                              "high" : {
                                 "localId" : "34",
                                 "locator" : "79:118-79:119",
                                 "valueType" : "{urn:hl7-org:elm-types:r1}Integer",
                                 "value" : "64",
                                 "type" : "Literal"
                              }
                           } ]
                        }
                     }
                  }, {
                     "localId" : "40",
                     "locator" : "81:9-81:59",
                     "type" : "Exists",
                     "operand" : {
                        "localId" : "39",
                        "locator" : "81:16-81:59",
                        "dataType" : "{urn:healthit-gov:qdm:v5_5}PatientCharacteristicSex",
                        "codeProperty" : "code",
                        "type" : "Retrieve",
                        "codes" : {
                           "locator" : "81:49-81:56",
                           "name" : "Female",
                           "type" : "ValueSetRef"
                        }
                     }
                  } ]
               }, {
                  "localId" : "57",
                  "locator" : "82:9-82:38",
                  "type" : "Exists",
                  "operand" : {
                     "localId" : "56",
                     "locator" : "82:16-82:38",
                     "name" : "Qualifying Encounters",
                     "type" : "ExpressionRef"
                  }
               } ]
            }
         }, {
            "localId" : "61",
            "locator" : "31:1-32:22",
            "name" : "Denominator",
            "context" : "Patient",
            "accessLevel" : "Public",
            "annotation" : [ {
               "type" : "Annotation",
               "s" : {
                  "r" : "61",
                  "s" : [ {
                     "value" : [ "define ","\"Denominator\"",":\n  " ]
                  }, {
                     "r" : "60",
                     "s" : [ {
                        "value" : [ "\"Initial Population\"" ]
                     } ]
                  } ]
               }
            } ],
            "expression" : {
               "localId" : "60",
               "locator" : "32:3-32:22",
               "name" : "Initial Population",
               "type" : "ExpressionRef"
            }
         }, {
            "localId" : "63",
            "locator" : "41:1-42:51",
            "name" : "SDE Ethnicity",
            "context" : "Patient",
            "accessLevel" : "Public",
            "annotation" : [ {
               "type" : "Annotation",
               "s" : {
                  "r" : "63",
                  "s" : [ {
                     "value" : [ "define ","\"SDE Ethnicity\"",":\n  " ]
                  }, {
                     "r" : "62",
                     "s" : [ {
                        "value" : [ "[","\"Patient Characteristic Ethnicity\"",": " ]
                     }, {
                        "s" : [ {
                           "value" : [ "\"Ethnicity\"" ]
                        } ]
                     }, {
                        "value" : [ "]" ]
                     } ]
                  } ]
               }
            } ],
            "expression" : {
               "localId" : "62",
               "locator" : "42:3-42:51",
               "dataType" : "{urn:healthit-gov:qdm:v5_5}PatientCharacteristicEthnicity",
               "codeProperty" : "code",
               "type" : "Retrieve",
               "codes" : {
                  "locator" : "42:40-42:50",
                  "name" : "Ethnicity",
                  "type" : "ValueSetRef"
               }
            }
         }, {
            "localId" : "65",
            "locator" : "44:1-45:43",
            "name" : "SDE Payer",
            "context" : "Patient",
            "accessLevel" : "Public",
            "annotation" : [ {
               "type" : "Annotation",
               "s" : {
                  "r" : "65",
                  "s" : [ {
                     "value" : [ "define ","\"SDE Payer\"",":\n  " ]
                  }, {
                     "r" : "64",
                     "s" : [ {
                        "value" : [ "[","\"Patient Characteristic Payer\"",": " ]
                     }, {
                        "s" : [ {
                           "value" : [ "\"Payer\"" ]
                        } ]
                     }, {
                        "value" : [ "]" ]
                     } ]
                  } ]
               }
            } ],
            "expression" : {
               "localId" : "64",
               "locator" : "45:3-45:43",
               "dataType" : "{urn:healthit-gov:qdm:v5_5}PatientCharacteristicPayer",
               "codeProperty" : "code",
               "type" : "Retrieve",
               "codes" : {
                  "locator" : "45:36-45:42",
                  "name" : "Payer",
                  "type" : "ValueSetRef"
               }
            }
         }, {
            "localId" : "67",
            "locator" : "47:1-48:41",
            "name" : "SDE Race",
            "context" : "Patient",
            "accessLevel" : "Public",
            "annotation" : [ {
               "type" : "Annotation",
               "s" : {
                  "r" : "67",
                  "s" : [ {
                     "value" : [ "define ","\"SDE Race\"",":\n  " ]
                  }, {
                     "r" : "66",
                     "s" : [ {
                        "value" : [ "[","\"Patient Characteristic Race\"",": " ]
                     }, {
                        "s" : [ {
                           "value" : [ "\"Race\"" ]
                        } ]
                     }, {
                        "value" : [ "]" ]
                     } ]
                  } ]
               }
            } ],
            "expression" : {
               "localId" : "66",
               "locator" : "48:3-48:41",
               "dataType" : "{urn:healthit-gov:qdm:v5_5}PatientCharacteristicRace",
               "codeProperty" : "code",
               "type" : "Retrieve",
               "codes" : {
                  "locator" : "48:35-48:40",
                  "name" : "Race",
                  "type" : "ValueSetRef"
               }
            }
         }, {
            "localId" : "69",
            "locator" : "50:1-51:58",
            "name" : "SDE Sex",
            "context" : "Patient",
            "accessLevel" : "Public",
            "annotation" : [ {
               "type" : "Annotation",
               "s" : {
                  "r" : "69",
                  "s" : [ {
                     "value" : [ "define ","\"SDE Sex\"",":\n  " ]
                  }, {
                     "r" : "68",
                     "s" : [ {
                        "value" : [ "[","\"Patient Characteristic Sex\"",": " ]
                     }, {
                        "s" : [ {
                           "value" : [ "\"ONC Administrative Sex\"" ]
                        } ]
                     }, {
                        "value" : [ "]" ]
                     } ]
                  } ]
               }
            } ],
            "expression" : {
               "localId" : "68",
               "locator" : "51:3-51:58",
               "dataType" : "{urn:healthit-gov:qdm:v5_5}PatientCharacteristicSex",
               "codeProperty" : "code",
               "type" : "Retrieve",
               "codes" : {
                  "locator" : "51:34-51:57",
                  "name" : "ONC Administrative Sex",
                  "type" : "ValueSetRef"
               }
            }
         }, {
            "localId" : "87",
            "locator" : "53:1-61:5",
            "name" : "Absence of Cervix",
            "context" : "Patient",
            "accessLevel" : "Public",
            "annotation" : [ {
               "type" : "Annotation",
               "s" : {
                  "r" : "87",
                  "s" : [ {
                     "value" : [ "define ","\"Absence of Cervix\"",":\n  " ]
                  }, {
                     "r" : "86",
                     "s" : [ {
                        "r" : "77",
                        "s" : [ {
                           "value" : [ "( " ]
                        }, {
                           "r" : "77",
                           "s" : [ {
                              "s" : [ {
                                 "r" : "71",
                                 "s" : [ {
                                    "r" : "70",
                                    "s" : [ {
                                       "r" : "70",
                                       "s" : [ {
                                          "value" : [ "[","\"Procedure, Performed\"",": " ]
                                       }, {
                                          "s" : [ {
                                             "value" : [ "\"Hysterectomy with No Residual Cervix\"" ]
                                          } ]
                                       }, {
                                          "value" : [ "]" ]
                                       } ]
                                    } ]
                                 }, {
                                    "value" : [ " ","NoCervixProcedure" ]
                                 } ]
                              } ]
                           }, {
                              "value" : [ "\n      " ]
                           }, {
                              "r" : "76",
                              "s" : [ {
                                 "value" : [ "where " ]
                              }, {
                                 "r" : "76",
                                 "s" : [ {
                                    "r" : "73",
                                    "s" : [ {
                                       "r" : "72",
                                       "s" : [ {
                                          "value" : [ "NoCervixProcedure" ]
                                       } ]
                                    }, {
                                       "value" : [ "." ]
                                    }, {
                                       "r" : "73",
                                       "s" : [ {
                                          "value" : [ "relevantPeriod" ]
                                       } ]
                                    } ]
                                 }, {
                                    "r" : "76",
                                    "value" : [ " ","ends on or before"," \n      " ]
                                 }, {
                                    "r" : "75",
                                    "s" : [ {
                                       "value" : [ "end of " ]
                                    }, {
                                       "r" : "74",
                                       "s" : [ {
                                          "value" : [ "\"Measurement Period\"" ]
                                       } ]
                                    } ]
                                 } ]
                              } ]
                           } ]
                        }, {
                           "value" : [ "\n  )" ]
                        } ]
                     }, {
                        "value" : [ "\n    union " ]
                     }, {
                        "r" : "85",
                        "s" : [ {
                           "value" : [ "( " ]
                        }, {
                           "r" : "85",
                           "s" : [ {
                              "s" : [ {
                                 "r" : "79",
                                 "s" : [ {
                                    "r" : "78",
                                    "s" : [ {
                                       "r" : "78",
                                       "s" : [ {
                                          "value" : [ "[","\"Diagnosis\"",": " ]
                                       }, {
                                          "s" : [ {
                                             "value" : [ "\"Congenital absence of cervix (disorder)\"" ]
                                          } ]
                                       }, {
                                          "value" : [ "]" ]
                                       } ]
                                    } ]
                                 }, {
                                    "value" : [ " ","NoCervixDiagnosis" ]
                                 } ]
                              } ]
                           }, {
                              "value" : [ "\n        " ]
                           }, {
                              "r" : "84",
                              "s" : [ {
                                 "value" : [ "where " ]
                              }, {
                                 "r" : "84",
                                 "s" : [ {
                                    "r" : "81",
                                    "s" : [ {
                                       "r" : "80",
                                       "s" : [ {
                                          "value" : [ "NoCervixDiagnosis" ]
                                       } ]
                                    }, {
                                       "value" : [ "." ]
                                    }, {
                                       "r" : "81",
                                       "s" : [ {
                                          "value" : [ "prevalencePeriod" ]
                                       } ]
                                    } ]
                                 }, {
                                    "r" : "84",
                                    "value" : [ " ","starts on or before"," \n        " ]
                                 }, {
                                    "r" : "83",
                                    "s" : [ {
                                       "value" : [ "end of " ]
                                    }, {
                                       "r" : "82",
                                       "s" : [ {
                                          "value" : [ "\"Measurement Period\"" ]
                                       } ]
                                    } ]
                                 } ]
                              } ]
                           } ]
                        }, {
                           "value" : [ "\n    )" ]
                        } ]
                     } ]
                  } ]
               }
            } ],
            "expression" : {
               "localId" : "86",
               "locator" : "54:3-61:5",
               "type" : "Union",
               "operand" : [ {
                  "type" : "As",
                  "operand" : {
                     "localId" : "77",
                     "locator" : "54:3-57:3",
                     "type" : "Query",
                     "source" : [ {
                        "localId" : "71",
                        "locator" : "54:5-54:86",
                        "alias" : "NoCervixProcedure",
                        "expression" : {
                           "localId" : "70",
                           "locator" : "54:5-54:68",
                           "dataType" : "{urn:healthit-gov:qdm:v5_5}PositiveProcedurePerformed",
                           "templateId" : "PositiveProcedurePerformed",
                           "codeProperty" : "code",
                           "type" : "Retrieve",
                           "codes" : {
                              "locator" : "54:30-54:67",
                              "name" : "Hysterectomy with No Residual Cervix",
                              "type" : "ValueSetRef"
                           }
                        }
                     } ],
                     "relationship" : [ ],
                     "where" : {
                        "localId" : "76",
                        "locator" : "55:7-56:33",
                        "type" : "SameOrBefore",
                        "operand" : [ {
                           "locator" : "55:46-55:49",
                           "type" : "End",
                           "operand" : {
                              "localId" : "73",
                              "locator" : "55:13-55:44",
                              "path" : "relevantPeriod",
                              "scope" : "NoCervixProcedure",
                              "type" : "Property"
                           }
                        }, {
                           "localId" : "75",
                           "locator" : "56:7-56:33",
                           "type" : "End",
                           "operand" : {
                              "localId" : "74",
                              "locator" : "56:14-56:33",
                              "name" : "Measurement Period",
                              "type" : "ParameterRef"
                           }
                        } ]
                     }
                  },
                  "asTypeSpecifier" : {
                     "type" : "ListTypeSpecifier",
                     "elementType" : {
                        "type" : "ChoiceTypeSpecifier",
                        "choice" : [ {
                           "name" : "{urn:healthit-gov:qdm:v5_5}Diagnosis",
                           "type" : "NamedTypeSpecifier"
                        }, {
                           "name" : "{urn:healthit-gov:qdm:v5_5}PositiveProcedurePerformed",
                           "type" : "NamedTypeSpecifier"
                        } ]
                     }
                  }
               }, {
                  "type" : "As",
                  "operand" : {
                     "localId" : "85",
                     "locator" : "58:11-61:5",
                     "type" : "Query",
                     "source" : [ {
                        "localId" : "79",
                        "locator" : "58:13-58:86",
                        "alias" : "NoCervixDiagnosis",
                        "expression" : {
                           "localId" : "78",
                           "locator" : "58:13-58:68",
                           "dataType" : "{urn:healthit-gov:qdm:v5_5}Diagnosis",
                           "codeProperty" : "code",
                           "type" : "Retrieve",
                           "codes" : {
                              "type" : "ToList",
                              "operand" : {
                                 "locator" : "58:27-58:67",
                                 "name" : "Congenital absence of cervix (disorder)",
                                 "type" : "CodeRef"
                              }
                           }
                        }
                     } ],
                     "relationship" : [ ],
                     "where" : {
                        "localId" : "84",
                        "locator" : "59:9-60:35",
                        "type" : "SameOrBefore",
                        "operand" : [ {
                           "locator" : "59:50-59:55",
                           "type" : "Start",
                           "operand" : {
                              "localId" : "81",
                              "locator" : "59:15-59:48",
                              "path" : "prevalencePeriod",
                              "scope" : "NoCervixDiagnosis",
                              "type" : "Property"
                           }
                        }, {
                           "localId" : "83",
                           "locator" : "60:9-60:35",
                           "type" : "End",
                           "operand" : {
                              "localId" : "82",
                              "locator" : "60:16-60:35",
                              "name" : "Measurement Period",
                              "type" : "ParameterRef"
                           }
                        } ]
                     }
                  },
                  "asTypeSpecifier" : {
                     "type" : "ListTypeSpecifier",
                     "elementType" : {
                        "type" : "ChoiceTypeSpecifier",
                        "choice" : [ {
                           "name" : "{urn:healthit-gov:qdm:v5_5}Diagnosis",
                           "type" : "NamedTypeSpecifier"
                        }, {
                           "name" : "{urn:healthit-gov:qdm:v5_5}PositiveProcedurePerformed",
                           "type" : "NamedTypeSpecifier"
                        } ]
                     }
                  }
               } ]
            }
         }, {
            "localId" : "101",
            "locator" : "63:1-67:45",
            "name" : "Cervical Cytology Within 3 Years",
            "context" : "Patient",
            "accessLevel" : "Public",
            "annotation" : [ {
               "type" : "Annotation",
               "s" : {
                  "r" : "101",
                  "s" : [ {
                     "value" : [ "define ","\"Cervical Cytology Within 3 Years\"",":\n  " ]
                  }, {
                     "r" : "100",
                     "s" : [ {
                        "s" : [ {
                           "r" : "89",
                           "s" : [ {
                              "r" : "88",
                              "s" : [ {
                                 "r" : "88",
                                 "s" : [ {
                                    "value" : [ "[","\"Laboratory Test, Performed\"",": " ]
                                 }, {
                                    "s" : [ {
                                       "value" : [ "\"Pap Test\"" ]
                                    } ]
                                 }, {
                                    "value" : [ "]" ]
                                 } ]
                              } ]
                           }, {
                              "value" : [ " ","CervicalCytology" ]
                           } ]
                        } ]
                     }, {
                        "value" : [ "\n    " ]
                     }, {
                        "r" : "99",
                        "s" : [ {
                           "value" : [ "where " ]
                        }, {
                           "r" : "99",
                           "s" : [ {
                              "r" : "95",
                              "s" : [ {
                                 "r" : "91",
                                 "s" : [ {
                                    "r" : "90",
                                    "s" : [ {
                                       "value" : [ "CervicalCytology" ]
                                    } ]
                                 }, {
                                    "value" : [ "." ]
                                 }, {
                                    "r" : "91",
                                    "s" : [ {
                                       "value" : [ "relevantDatetime" ]
                                    } ]
                                 } ]
                              }, {
                                 "value" : [ " " ]
                              }, {
                                 "r" : "95",
                                 "s" : [ {
                                    "r" : "94",
                                    "s" : [ {
                                       "value" : [ "3 ","years" ]
                                    } ]
                                 }, {
                                    "value" : [ " or less on or before" ]
                                 } ]
                              }, {
                                 "value" : [ " \n    " ]
                              }, {
                                 "r" : "93",
                                 "s" : [ {
                                    "value" : [ "end of " ]
                                 }, {
                                    "r" : "92",
                                    "s" : [ {
                                       "value" : [ "\"Measurement Period\"" ]
                                    } ]
                                 } ]
                              } ]
                           }, {
                              "value" : [ "\n      and " ]
                           }, {
                              "r" : "98",
                              "s" : [ {
                                 "r" : "97",
                                 "s" : [ {
                                    "r" : "96",
                                    "s" : [ {
                                       "value" : [ "CervicalCytology" ]
                                    } ]
                                 }, {
                                    "value" : [ "." ]
                                 }, {
                                    "r" : "97",
                                    "s" : [ {
                                       "value" : [ "result" ]
                                    } ]
                                 } ]
                              }, {
                                 "value" : [ " is not null" ]
                              } ]
                           } ]
                        } ]
                     } ]
                  } ]
               }
            } ],
            "expression" : {
               "localId" : "100",
               "locator" : "64:3-67:45",
               "type" : "Query",
               "source" : [ {
                  "localId" : "89",
                  "locator" : "64:3-64:61",
                  "alias" : "CervicalCytology",
                  "expression" : {
                     "localId" : "88",
                     "locator" : "64:3-64:44",
                     "dataType" : "{urn:healthit-gov:qdm:v5_5}PositiveLaboratoryTestPerformed",
                     "templateId" : "PositiveLaboratoryTestPerformed",
                     "codeProperty" : "code",
                     "type" : "Retrieve",
                     "codes" : {
                        "locator" : "64:34-64:43",
                        "name" : "Pap Test",
                        "type" : "ValueSetRef"
                     }
                  }
               } ],
               "relationship" : [ ],
               "where" : {
                  "localId" : "99",
                  "locator" : "65:5-67:45",
                  "type" : "And",
                  "operand" : [ {
                     "localId" : "95",
                     "locator" : "65:11-66:31",
                     "type" : "And",
                     "operand" : [ {
                        "locator" : "65:45-65:59",
                        "type" : "In",
                        "operand" : [ {
                           "localId" : "91",
                           "locator" : "65:11-65:43",
                           "path" : "relevantDatetime",
                           "scope" : "CervicalCytology",
                           "type" : "Property"
                        }, {
                           "locator" : "65:45-65:59",
                           "lowClosed" : true,
                           "highClosed" : true,
                           "type" : "Interval",
                           "low" : {
                              "locator" : "66:5-66:31",
                              "type" : "Subtract",
                              "operand" : [ {
                                 "localId" : "93",
                                 "locator" : "66:5-66:31",
                                 "type" : "End",
                                 "operand" : {
                                    "localId" : "92",
                                    "locator" : "66:12-66:31",
                                    "name" : "Measurement Period",
                                    "type" : "ParameterRef"
                                 }
                              }, {
                                 "localId" : "94",
                                 "locator" : "65:45-65:51",
                                 "value" : 3,
                                 "unit" : "years",
                                 "type" : "Quantity"
                              } ]
                           },
                           "high" : {
                              "localId" : "93",
                              "locator" : "66:5-66:31",
                              "type" : "End",
                              "operand" : {
                                 "localId" : "92",
                                 "locator" : "66:12-66:31",
                                 "name" : "Measurement Period",
                                 "type" : "ParameterRef"
                              }
                           }
                        } ]
                     }, {
                        "locator" : "65:45-65:59",
                        "type" : "Not",
                        "operand" : {
                           "locator" : "65:45-65:59",
                           "type" : "IsNull",
                           "operand" : {
                              "localId" : "93",
                              "locator" : "66:5-66:31",
                              "type" : "End",
                              "operand" : {
                                 "localId" : "92",
                                 "locator" : "66:12-66:31",
                                 "name" : "Measurement Period",
                                 "type" : "ParameterRef"
                              }
                           }
                        }
                     } ]
                  }, {
                     "localId" : "98",
                     "locator" : "67:11-67:45",
                     "type" : "Not",
                     "operand" : {
                        "locator" : "67:11-67:45",
                        "type" : "IsNull",
                        "operand" : {
                           "localId" : "97",
                           "locator" : "67:11-67:33",
                           "path" : "result",
                           "scope" : "CervicalCytology",
                           "type" : "Property"
                        }
                     }
                  } ]
               }
            }
         }, {
            "localId" : "126",
            "locator" : "69:1-75:36",
            "name" : "HPV Test Within 5 Years for Women Age 30 and Older",
            "context" : "Patient",
            "accessLevel" : "Public",
            "annotation" : [ {
               "type" : "Annotation",
               "s" : {
                  "r" : "126",
                  "s" : [ {
                     "value" : [ "define ","\"HPV Test Within 5 Years for Women Age 30 and Older\"",":\n  " ]
                  }, {
                     "r" : "125",
                     "s" : [ {
                        "s" : [ {
                           "r" : "103",
                           "s" : [ {
                              "r" : "102",
                              "s" : [ {
                                 "r" : "102",
                                 "s" : [ {
                                    "value" : [ "[","\"Laboratory Test, Performed\"",": " ]
                                 }, {
                                    "s" : [ {
                                       "value" : [ "\"HPV Test\"" ]
                                    } ]
                                 }, {
                                    "value" : [ "]" ]
                                 } ]
                              } ]
                           }, {
                              "value" : [ " ","HPVTest" ]
                           } ]
                        } ]
                     }, {
                        "value" : [ "\n    " ]
                     }, {
                        "r" : "114",
                        "s" : [ {
                           "value" : [ "with " ]
                        }, {
                           "r" : "105",
                           "s" : [ {
                              "r" : "104",
                              "s" : [ {
                                 "r" : "104",
                                 "s" : [ {
                                    "value" : [ "[","\"Patient Characteristic Birthdate\"",": " ]
                                 }, {
                                    "s" : [ {
                                       "value" : [ "\"Birth date\"" ]
                                    } ]
                                 }, {
                                    "value" : [ "]" ]
                                 } ]
                              } ]
                           }, {
                              "value" : [ " ","BirthDate" ]
                           } ]
                        }, {
                           "value" : [ "\n      such that " ]
                        }, {
                           "r" : "113",
                           "s" : [ {
                              "r" : "111",
                              "s" : [ {
                                 "r" : "106",
                                 "s" : [ {
                                    "value" : [ "Global" ]
                                 } ]
                              }, {
                                 "value" : [ "." ]
                              }, {
                                 "r" : "111",
                                 "s" : [ {
                                    "value" : [ "\"CalendarAgeInYearsAt\""," ( " ]
                                 }, {
                                    "r" : "108",
                                    "s" : [ {
                                       "r" : "107",
                                       "s" : [ {
                                          "value" : [ "BirthDate" ]
                                       } ]
                                    }, {
                                       "value" : [ "." ]
                                    }, {
                                       "r" : "108",
                                       "s" : [ {
                                          "value" : [ "birthDatetime" ]
                                       } ]
                                    } ]
                                 }, {
                                    "value" : [ ", " ]
                                 }, {
                                    "r" : "110",
                                    "s" : [ {
                                       "r" : "109",
                                       "s" : [ {
                                          "value" : [ "HPVTest" ]
                                       } ]
                                    }, {
                                       "value" : [ "." ]
                                    }, {
                                       "r" : "110",
                                       "s" : [ {
                                          "value" : [ "relevantDatetime" ]
                                       } ]
                                    } ]
                                 }, {
                                    "value" : [ " )" ]
                                 } ]
                              } ]
                           }, {
                              "r" : "112",
                              "value" : [ " ",">="," ","30" ]
                           } ]
                        } ]
                     }, {
                        "value" : [ "\n    " ]
                     }, {
                        "r" : "124",
                        "s" : [ {
                           "value" : [ "where " ]
                        }, {
                           "r" : "124",
                           "s" : [ {
                              "r" : "120",
                              "s" : [ {
                                 "r" : "116",
                                 "s" : [ {
                                    "r" : "115",
                                    "s" : [ {
                                       "value" : [ "HPVTest" ]
                                    } ]
                                 }, {
                                    "value" : [ "." ]
                                 }, {
                                    "r" : "116",
                                    "s" : [ {
                                       "value" : [ "relevantDatetime" ]
                                    } ]
                                 } ]
                              }, {
                                 "value" : [ " " ]
                              }, {
                                 "r" : "120",
                                 "s" : [ {
                                    "r" : "119",
                                    "s" : [ {
                                       "value" : [ "5 ","years" ]
                                    } ]
                                 }, {
                                    "value" : [ " or less on or before" ]
                                 } ]
                              }, {
                                 "value" : [ " \n    " ]
                              }, {
                                 "r" : "118",
                                 "s" : [ {
                                    "value" : [ "end of " ]
                                 }, {
                                    "r" : "117",
                                    "s" : [ {
                                       "value" : [ "\"Measurement Period\"" ]
                                    } ]
                                 } ]
                              } ]
                           }, {
                              "value" : [ "\n      and " ]
                           }, {
                              "r" : "123",
                              "s" : [ {
                                 "r" : "122",
                                 "s" : [ {
                                    "r" : "121",
                                    "s" : [ {
                                       "value" : [ "HPVTest" ]
                                    } ]
                                 }, {
                                    "value" : [ "." ]
                                 }, {
                                    "r" : "122",
                                    "s" : [ {
                                       "value" : [ "result" ]
                                    } ]
                                 } ]
                              }, {
                                 "value" : [ " is not null" ]
                              } ]
                           } ]
                        } ]
                     } ]
                  } ]
               }
            } ],
            "expression" : {
               "localId" : "125",
               "locator" : "70:3-75:36",
               "type" : "Query",
               "source" : [ {
                  "localId" : "103",
                  "locator" : "70:3-70:52",
                  "alias" : "HPVTest",
                  "expression" : {
                     "localId" : "102",
                     "locator" : "70:3-70:44",
                     "dataType" : "{urn:healthit-gov:qdm:v5_5}PositiveLaboratoryTestPerformed",
                     "templateId" : "PositiveLaboratoryTestPerformed",
                     "codeProperty" : "code",
                     "type" : "Retrieve",
                     "codes" : {
                        "locator" : "70:34-70:43",
                        "name" : "HPV Test",
                        "type" : "ValueSetRef"
                     }
                  }
               } ],
               "relationship" : [ {
                  "localId" : "114",
                  "locator" : "71:5-72:105",
                  "alias" : "BirthDate",
                  "type" : "With",
                  "expression" : {
                     "localId" : "104",
                     "locator" : "71:10-71:59",
                     "dataType" : "{urn:healthit-gov:qdm:v5_5}PatientCharacteristicBirthdate",
                     "codeProperty" : "code",
                     "type" : "Retrieve",
                     "codes" : {
                        "type" : "ToList",
                        "operand" : {
                           "locator" : "71:47-71:58",
                           "name" : "Birth date",
                           "type" : "CodeRef"
                        }
                     }
                  },
                  "suchThat" : {
                     "localId" : "113",
                     "locator" : "72:17-72:105",
                     "type" : "GreaterOrEqual",
                     "operand" : [ {
                        "localId" : "111",
                        "locator" : "72:17-72:99",
                        "name" : "CalendarAgeInYearsAt",
                        "libraryName" : "Global",
                        "type" : "FunctionRef",
                        "operand" : [ {
                           "localId" : "108",
                           "locator" : "72:49-72:71",
                           "path" : "birthDatetime",
                           "scope" : "BirthDate",
                           "type" : "Property"
                        }, {
                           "localId" : "110",
                           "locator" : "72:74-72:97",
                           "path" : "relevantDatetime",
                           "scope" : "HPVTest",
                           "type" : "Property"
                        } ]
                     }, {
                        "localId" : "112",
                        "locator" : "72:104-72:105",
                        "valueType" : "{urn:hl7-org:elm-types:r1}Integer",
                        "value" : "30",
                        "type" : "Literal"
                     } ]
                  }
               } ],
               "where" : {
                  "localId" : "124",
                  "locator" : "73:5-75:36",
                  "type" : "And",
                  "operand" : [ {
                     "localId" : "120",
                     "locator" : "73:11-74:31",
                     "type" : "And",
                     "operand" : [ {
                        "locator" : "73:36-73:50",
                        "type" : "In",
                        "operand" : [ {
                           "localId" : "116",
                           "locator" : "73:11-73:34",
                           "path" : "relevantDatetime",
                           "scope" : "HPVTest",
                           "type" : "Property"
                        }, {
                           "locator" : "73:36-73:50",
                           "lowClosed" : true,
                           "highClosed" : true,
                           "type" : "Interval",
                           "low" : {
                              "locator" : "74:5-74:31",
                              "type" : "Subtract",
                              "operand" : [ {
                                 "localId" : "118",
                                 "locator" : "74:5-74:31",
                                 "type" : "End",
                                 "operand" : {
                                    "localId" : "117",
                                    "locator" : "74:12-74:31",
                                    "name" : "Measurement Period",
                                    "type" : "ParameterRef"
                                 }
                              }, {
                                 "localId" : "119",
                                 "locator" : "73:36-73:42",
                                 "value" : 5,
                                 "unit" : "years",
                                 "type" : "Quantity"
                              } ]
                           },
                           "high" : {
                              "localId" : "118",
                              "locator" : "74:5-74:31",
                              "type" : "End",
                              "operand" : {
                                 "localId" : "117",
                                 "locator" : "74:12-74:31",
                                 "name" : "Measurement Period",
                                 "type" : "ParameterRef"
                              }
                           }
                        } ]
                     }, {
                        "locator" : "73:36-73:50",
                        "type" : "Not",
                        "operand" : {
                           "locator" : "73:36-73:50",
                           "type" : "IsNull",
                           "operand" : {
                              "localId" : "118",
                              "locator" : "74:5-74:31",
                              "type" : "End",
                              "operand" : {
                                 "localId" : "117",
                                 "locator" : "74:12-74:31",
                                 "name" : "Measurement Period",
                                 "type" : "ParameterRef"
                              }
                           }
                        }
                     } ]
                  }, {
                     "localId" : "123",
                     "locator" : "75:11-75:36",
                     "type" : "Not",
                     "operand" : {
                        "locator" : "75:11-75:36",
                        "type" : "IsNull",
                        "operand" : {
                           "localId" : "122",
                           "locator" : "75:11-75:24",
                           "path" : "result",
                           "scope" : "HPVTest",
                           "type" : "Property"
                        }
                     }
                  } ]
               }
            }
         }, {
            "localId" : "132",
            "locator" : "84:1-86:66",
            "name" : "Numerator",
            "context" : "Patient",
            "accessLevel" : "Public",
            "annotation" : [ {
               "type" : "Annotation",
               "s" : {
                  "r" : "132",
                  "s" : [ {
                     "value" : [ "define ","\"Numerator\"",":\n  " ]
                  }, {
                     "r" : "131",
                     "s" : [ {
                        "r" : "128",
                        "s" : [ {
                           "value" : [ "exists " ]
                        }, {
                           "r" : "127",
                           "s" : [ {
                              "value" : [ "\"Cervical Cytology Within 3 Years\"" ]
                           } ]
                        } ]
                     }, {
                        "value" : [ "\n    or " ]
                     }, {
                        "r" : "130",
                        "s" : [ {
                           "value" : [ "exists " ]
                        }, {
                           "r" : "129",
                           "s" : [ {
                              "value" : [ "\"HPV Test Within 5 Years for Women Age 30 and Older\"" ]
                           } ]
                        } ]
                     } ]
                  } ]
               }
            } ],
            "expression" : {
               "localId" : "131",
               "locator" : "85:3-86:66",
               "type" : "Or",
               "operand" : [ {
                  "localId" : "128",
                  "locator" : "85:3-85:43",
                  "type" : "Exists",
                  "operand" : {
                     "localId" : "127",
                     "locator" : "85:10-85:43",
                     "name" : "Cervical Cytology Within 3 Years",
                     "type" : "ExpressionRef"
                  }
               }, {
                  "localId" : "130",
                  "locator" : "86:8-86:66",
                  "type" : "Exists",
                  "operand" : {
                     "localId" : "129",
                     "locator" : "86:15-86:66",
                     "name" : "HPV Test Within 5 Years for Women Age 30 and Older",
                     "type" : "ExpressionRef"
                  }
               } ]
            }
         }, {
            "localId" : "138",
            "locator" : "88:1-90:33",
            "name" : "Denominator Exclusions",
            "context" : "Patient",
            "accessLevel" : "Public",
            "annotation" : [ {
               "type" : "Annotation",
               "s" : {
                  "r" : "138",
                  "s" : [ {
                     "value" : [ "define ","\"Denominator Exclusions\"",":\n  " ]
                  }, {
                     "r" : "137",
                     "s" : [ {
                        "r" : "134",
                        "s" : [ {
                           "r" : "133",
                           "s" : [ {
                              "value" : [ "Hospice" ]
                           } ]
                        }, {
                           "value" : [ "." ]
                        }, {
                           "r" : "134",
                           "s" : [ {
                              "value" : [ "\"Has Hospice\"" ]
                           } ]
                        } ]
                     }, {
                        "value" : [ "\n    or " ]
                     }, {
                        "r" : "136",
                        "s" : [ {
                           "value" : [ "exists " ]
                        }, {
                           "r" : "135",
                           "s" : [ {
                              "value" : [ "\"Absence of Cervix\"" ]
                           } ]
                        } ]
                     } ]
                  } ]
               }
            } ],
            "expression" : {
               "localId" : "137",
               "locator" : "89:3-90:33",
               "type" : "Or",
               "operand" : [ {
                  "localId" : "134",
                  "locator" : "89:3-89:23",
                  "name" : "Has Hospice",
                  "libraryName" : "Hospice",
                  "type" : "ExpressionRef"
               }, {
                  "localId" : "136",
                  "locator" : "90:8-90:33",
                  "type" : "Exists",
                  "operand" : {
                     "localId" : "135",
                     "locator" : "90:15-90:33",
                     "name" : "Absence of Cervix",
                     "type" : "ExpressionRef"
                  }
               } ]
            }
         } ]
      }
   }
}