{
   "library" : {
      "identifier" : {
         "id" : "Bonedensityevaluationforpatientswithprostatecancerandreceivingandrogendeprivationtherapy",
         "version" : "3.1.000"
      },
      "schemaIdentifier" : {
         "id" : "urn:hl7-org:elm",
         "version" : "r1"
      },
      "usings" : {
         "def" : [ {
            "localIdentifier" : "System",
            "uri" : "urn:hl7-org:elm-types:r1"
         }, {
            "localId" : "1",
            "locator" : "3:1-3:23",
            "localIdentifier" : "QDM",
            "uri" : "urn:healthit-gov:qdm:v5_4",
            "version" : "5.4"
         } ]
      },
      "parameters" : {
         "def" : [ {
            "localId" : "17",
            "locator" : "20:1-20:49",
            "name" : "Measurement Period",
            "accessLevel" : "Public",
            "parameterTypeSpecifier" : {
               "localId" : "16",
               "locator" : "20:32-20:49",
               "type" : "IntervalTypeSpecifier",
               "pointType" : {
                  "localId" : "15",
                  "locator" : "20:41-20:48",
                  "name" : "{urn:hl7-org:elm-types:r1}DateTime",
                  "type" : "NamedTypeSpecifier"
               }
            }
         } ]
      },
      "codeSystems" : {
         "def" : [ {
            "localId" : "2",
            "locator" : "5:1-5:55",
            "name" : "SNOMEDCT",
            "id" : "urn:oid:2.16.840.1.113883.6.96",
            "accessLevel" : "Public"
         } ]
      },
      "valueSets" : {
         "def" : [ {
            "localId" : "3",
            "locator" : "7:1-7:97",
            "name" : "Androgen deprivation therapy for Urology Care",
            "id" : "urn:oid:2.16.840.1.113762.1.4.1151.48",
            "accessLevel" : "Public"
         }, {
            "localId" : "4",
            "locator" : "8:1-8:119",
            "name" : "DEXA Dual Energy Xray Absorptiometry, Bone Density for Urology Care",
            "id" : "urn:oid:2.16.840.1.113762.1.4.1151.38",
            "accessLevel" : "Public"
         }, {
            "localId" : "5",
            "locator" : "9:1-9:58",
            "name" : "Ethnicity",
            "id" : "urn:oid:2.16.840.1.114222.4.11.837",
            "accessLevel" : "Public"
         }, {
            "localId" : "6",
            "locator" : "10:1-10:56",
            "name" : "Male",
            "id" : "urn:oid:2.16.840.1.113883.3.560.100.1",
            "accessLevel" : "Public"
         }, {
            "localId" : "7",
            "locator" : "11:1-11:75",
            "name" : "Office Visit",
            "id" : "urn:oid:2.16.840.1.113883.3.464.1003.101.12.1001",
            "accessLevel" : "Public"
         }, {
            "localId" : "8",
            "locator" : "12:1-12:68",
            "name" : "ONC Administrative Sex",
            "id" : "urn:oid:2.16.840.1.113762.1.4.1",
            "accessLevel" : "Public"
         }, {
            "localId" : "9",
            "locator" : "13:1-13:72",
            "name" : "Patient Reason refused",
            "id" : "urn:oid:2.16.840.1.113883.3.600.791",
            "accessLevel" : "Public"
         }, {
            "localId" : "10",
            "locator" : "14:1-14:55",
            "name" : "Payer",
            "id" : "urn:oid:2.16.840.1.114222.4.11.3591",
            "accessLevel" : "Public"
         }, {
            "localId" : "11",
            "locator" : "15:1-15:67",
            "name" : "Prostate Cancer",
            "id" : "urn:oid:2.16.840.1.113883.3.526.3.319",
            "accessLevel" : "Public"
         }, {
            "localId" : "12",
            "locator" : "16:1-16:53",
            "name" : "Race",
            "id" : "urn:oid:2.16.840.1.114222.4.11.836",
            "accessLevel" : "Public"
         } ]
      },
      "codes" : {
         "def" : [ {
            "localId" : "14",
            "locator" : "18:1-18:197",
            "name" : "Injection of leuprolide acetate for twelve month period (regime/therapy)",
            "id" : "456381000124102",
            "display" : "Injection of leuprolide acetate for twelve month period (regime/therapy)",
            "accessLevel" : "Public",
            "codeSystem" : {
               "localId" : "13",
               "locator" : "18:105-18:114",
               "name" : "SNOMEDCT"
            }
         } ]
      },
      "statements" : {
         "def" : [ {
            "locator" : "22:1-22:15",
            "name" : "Patient",
            "context" : "Patient",
            "expression" : {
               "type" : "SingletonFrom",
               "operand" : {
                  "locator" : "22:1-22:15",
                  "dataType" : "{urn:healthit-gov:qdm:v5_4}Patient",
                  "templateId" : "Patient",
                  "type" : "Retrieve"
               }
            }
         }, {
            "localId" : "19",
            "locator" : "24:1-25:50",
            "name" : "SDE Ethnicity",
            "context" : "Patient",
            "accessLevel" : "Public",
            "annotation" : [ {
               "type" : "Annotation",
               "s" : {
                  "r" : "19",
                  "s" : [ {
                     "value" : [ "define ","\"SDE Ethnicity\"",":\n\t" ]
                  }, {
                     "r" : "18",
                     "s" : [ {
                        "value" : [ "[","\"Patient Characteristic Ethnicity\"",": " ]
                     }, {
                        "s" : [ {
                           "value" : [ "\"Ethnicity\"" ]
                        } ]
                     }, {
                        "value" : [ "]" ]
                     } ]
                  } ]
               }
            } ],
            "expression" : {
               "localId" : "18",
               "locator" : "25:2-25:50",
               "dataType" : "{urn:healthit-gov:qdm:v5_4}PatientCharacteristicEthnicity",
               "codeProperty" : "code",
               "type" : "Retrieve",
               "codes" : {
                  "name" : "Ethnicity",
                  "type" : "ValueSetRef"
               }
            }
         }, {
            "localId" : "21",
            "locator" : "27:1-28:42",
            "name" : "SDE Payer",
            "context" : "Patient",
            "accessLevel" : "Public",
            "annotation" : [ {
               "type" : "Annotation",
               "s" : {
                  "r" : "21",
                  "s" : [ {
                     "value" : [ "define ","\"SDE Payer\"",":\n\t" ]
                  }, {
                     "r" : "20",
                     "s" : [ {
                        "value" : [ "[","\"Patient Characteristic Payer\"",": " ]
                     }, {
                        "s" : [ {
                           "value" : [ "\"Payer\"" ]
                        } ]
                     }, {
                        "value" : [ "]" ]
                     } ]
                  } ]
               }
            } ],
            "expression" : {
               "localId" : "20",
               "locator" : "28:2-28:42",
               "dataType" : "{urn:healthit-gov:qdm:v5_4}PatientCharacteristicPayer",
               "codeProperty" : "code",
               "type" : "Retrieve",
               "codes" : {
                  "name" : "Payer",
                  "type" : "ValueSetRef"
               }
            }
         }, {
            "localId" : "23",
            "locator" : "30:1-31:40",
            "name" : "SDE Race",
            "context" : "Patient",
            "accessLevel" : "Public",
            "annotation" : [ {
               "type" : "Annotation",
               "s" : {
                  "r" : "23",
                  "s" : [ {
                     "value" : [ "define ","\"SDE Race\"",":\n\t" ]
                  }, {
                     "r" : "22",
                     "s" : [ {
                        "value" : [ "[","\"Patient Characteristic Race\"",": " ]
                     }, {
                        "s" : [ {
                           "value" : [ "\"Race\"" ]
                        } ]
                     }, {
                        "value" : [ "]" ]
                     } ]
                  } ]
               }
            } ],
            "expression" : {
               "localId" : "22",
               "locator" : "31:2-31:40",
               "dataType" : "{urn:healthit-gov:qdm:v5_4}PatientCharacteristicRace",
               "codeProperty" : "code",
               "type" : "Retrieve",
               "codes" : {
                  "name" : "Race",
                  "type" : "ValueSetRef"
               }
            }
         }, {
            "localId" : "25",
            "locator" : "33:1-34:57",
            "name" : "SDE Sex",
            "context" : "Patient",
            "accessLevel" : "Public",
            "annotation" : [ {
               "type" : "Annotation",
               "s" : {
                  "r" : "25",
                  "s" : [ {
                     "value" : [ "define ","\"SDE Sex\"",":\n\t" ]
                  }, {
                     "r" : "24",
                     "s" : [ {
                        "value" : [ "[","\"Patient Characteristic Sex\"",": " ]
                     }, {
                        "s" : [ {
                           "value" : [ "\"ONC Administrative Sex\"" ]
                        } ]
                     }, {
                        "value" : [ "]" ]
                     } ]
                  } ]
               }
            } ],
            "expression" : {
               "localId" : "24",
               "locator" : "34:2-34:57",
               "dataType" : "{urn:healthit-gov:qdm:v5_4}PatientCharacteristicSex",
               "codeProperty" : "code",
               "type" : "Retrieve",
               "codes" : {
                  "name" : "ONC Administrative Sex",
                  "type" : "ValueSetRef"
               }
            }
         }, {
            "localId" : "28",
            "locator" : "36:1-37:46",
            "name" : "Patient is Male",
            "context" : "Patient",
            "accessLevel" : "Public",
            "annotation" : [ {
               "type" : "Annotation",
               "s" : {
                  "r" : "28",
                  "s" : [ {
                     "value" : [ "define ","\"Patient is Male\"",":\n\t" ]
                  }, {
                     "r" : "27",
                     "s" : [ {
                        "value" : [ "exists " ]
                     }, {
                        "r" : "26",
                        "s" : [ {
                           "value" : [ "[","\"Patient Characteristic Sex\"",": " ]
                        }, {
                           "s" : [ {
                              "value" : [ "\"Male\"" ]
                           } ]
                        }, {
                           "value" : [ "]" ]
                        } ]
                     } ]
                  } ]
               }
            } ],
            "expression" : {
               "localId" : "27",
               "locator" : "37:2-37:46",
               "type" : "Exists",
               "operand" : {
                  "localId" : "26",
                  "locator" : "37:9-37:46",
                  "dataType" : "{urn:healthit-gov:qdm:v5_4}PatientCharacteristicSex",
                  "codeProperty" : "code",
                  "type" : "Retrieve",
                  "codes" : {
                     "name" : "Male",
                     "type" : "ValueSetRef"
                  }
               }
            }
         }, {
            "localId" : "36",
            "locator" : "39:1-41:60",
            "name" : "Qualifying Encounter",
            "context" : "Patient",
            "accessLevel" : "Public",
            "annotation" : [ {
               "type" : "Annotation",
               "s" : {
                  "r" : "36",
                  "s" : [ {
                     "value" : [ "define ","\"Qualifying Encounter\"",":\n\t" ]
                  }, {
                     "r" : "35",
                     "s" : [ {
                        "s" : [ {
                           "r" : "30",
                           "s" : [ {
                              "r" : "29",
                              "s" : [ {
                                 "r" : "29",
                                 "s" : [ {
                                    "value" : [ "[","\"Encounter, Performed\"",": " ]
                                 }, {
                                    "s" : [ {
                                       "value" : [ "\"Office Visit\"" ]
                                    } ]
                                 }, {
                                    "value" : [ "]" ]
                                 } ]
                              } ]
                           }, {
                              "value" : [ " ","Encounter" ]
                           } ]
                        } ]
                     }, {
                        "value" : [ "\n\t\t" ]
                     }, {
                        "r" : "34",
                        "s" : [ {
                           "value" : [ "where " ]
                        }, {
                           "r" : "34",
                           "s" : [ {
                              "r" : "32",
                              "s" : [ {
                                 "r" : "31",
                                 "s" : [ {
                                    "value" : [ "Encounter" ]
                                 } ]
                              }, {
                                 "value" : [ "." ]
                              }, {
                                 "r" : "32",
                                 "s" : [ {
                                    "value" : [ "relevantPeriod" ]
                                 } ]
                              } ]
                           }, {
                              "value" : [ " ","during"," " ]
                           }, {
                              "r" : "33",
                              "s" : [ {
                                 "value" : [ "\"Measurement Period\"" ]
                              } ]
                           } ]
                        } ]
                     } ]
                  } ]
               }
            } ],
            "expression" : {
               "localId" : "35",
               "locator" : "40:2-41:60",
               "type" : "Query",
               "source" : [ {
                  "localId" : "30",
                  "locator" : "40:2-40:51",
                  "alias" : "Encounter",
                  "expression" : {
                     "localId" : "29",
                     "locator" : "40:2-40:41",
                     "dataType" : "{urn:healthit-gov:qdm:v5_4}PositiveEncounterPerformed",
                     "templateId" : "PositiveEncounterPerformed",
                     "codeProperty" : "code",
                     "type" : "Retrieve",
                     "codes" : {
                        "name" : "Office Visit",
                        "type" : "ValueSetRef"
                     }
                  }
               } ],
               "relationship" : [ ],
               "where" : {
                  "localId" : "34",
                  "locator" : "41:3-41:60",
                  "type" : "IncludedIn",
                  "operand" : [ {
                     "localId" : "32",
                     "locator" : "41:9-41:32",
                     "path" : "relevantPeriod",
                     "scope" : "Encounter",
                     "type" : "Property"
                  }, {
                     "localId" : "33",
                     "locator" : "41:41-41:60",
                     "name" : "Measurement Period",
                     "type" : "ParameterRef"
                  } ]
               }
            }
         }, {
            "localId" : "50",
            "locator" : "54:1-56:90",
            "name" : "Prostate Cancer Diagnosis",
            "context" : "Patient",
            "accessLevel" : "Public",
            "annotation" : [ {
               "type" : "Annotation",
               "s" : {
                  "r" : "50",
                  "s" : [ {
                     "value" : [ "define ","\"Prostate Cancer Diagnosis\"",":\n\t" ]
                  }, {
                     "r" : "49",
                     "s" : [ {
                        "s" : [ {
                           "r" : "44",
                           "s" : [ {
                              "r" : "43",
                              "s" : [ {
                                 "r" : "43",
                                 "s" : [ {
                                    "value" : [ "[","\"Diagnosis\"",": " ]
                                 }, {
                                    "s" : [ {
                                       "value" : [ "\"Prostate Cancer\"" ]
                                    } ]
                                 }, {
                                    "value" : [ "]" ]
                                 } ]
                              } ]
                           }, {
                              "value" : [ " ","ProstateCancer" ]
                           } ]
                        } ]
                     }, {
                        "value" : [ "\n\t\t" ]
                     }, {
                        "r" : "48",
                        "s" : [ {
                           "value" : [ "where " ]
                        }, {
                           "r" : "48",
                           "s" : [ {
                              "r" : "46",
                              "s" : [ {
                                 "r" : "45",
                                 "s" : [ {
                                    "value" : [ "ProstateCancer" ]
                                 } ]
                              }, {
                                 "value" : [ "." ]
                              }, {
                                 "r" : "46",
                                 "s" : [ {
                                    "value" : [ "prevalencePeriod" ]
                                 } ]
                              } ]
                           }, {
                              "value" : [ " ","starts same day or before end"," " ]
                           }, {
                              "r" : "47",
                              "s" : [ {
                                 "value" : [ "\"Measurement Period\"" ]
                              } ]
                           } ]
                        } ]
                     } ]
                  } ]
               }
            } ],
            "expression" : {
               "localId" : "49",
               "locator" : "55:2-56:90",
               "type" : "Query",
               "source" : [ {
                  "localId" : "44",
                  "locator" : "55:2-55:48",
                  "alias" : "ProstateCancer",
                  "expression" : {
                     "localId" : "43",
                     "locator" : "55:2-55:33",
                     "dataType" : "{urn:healthit-gov:qdm:v5_4}Diagnosis",
                     "codeProperty" : "code",
                     "type" : "Retrieve",
                     "codes" : {
                        "name" : "Prostate Cancer",
                        "type" : "ValueSetRef"
                     }
                  }
               } ],
               "relationship" : [ ],
               "where" : {
                  "localId" : "48",
                  "locator" : "56:3-56:90",
                  "precision" : "Day",
                  "type" : "SameOrBefore",
                  "operand" : [ {
                     "locator" : "56:41-56:46",
                     "type" : "Start",
                     "operand" : {
                        "localId" : "46",
                        "locator" : "56:9-56:39",
                        "path" : "prevalencePeriod",
                        "scope" : "ProstateCancer",
                        "type" : "Property"
                     }
                  }, {
                     "locator" : "56:67-56:69",
                     "type" : "End",
                     "operand" : {
                        "localId" : "47",
                        "locator" : "56:71-56:90",
                        "name" : "Measurement Period",
                        "type" : "ParameterRef"
                     }
                  } ]
               }
            }
         }, {
            "localId" : "79",
            "locator" : "70:1-78:2",
            "name" : "First Androgen Deprivation Therapy",
            "context" : "Patient",
            "accessLevel" : "Public",
            "annotation" : [ {
               "type" : "Annotation",
               "s" : {
                  "r" : "79",
                  "s" : [ {
                     "value" : [ "define ","\"First Androgen Deprivation Therapy\"",":\n\t" ]
                  }, {
                     "r" : "78",
                     "s" : [ {
                        "value" : [ "First","(" ]
                     }, {
                        "r" : "77",
                        "s" : [ {
                           "s" : [ {
                              "r" : "42",
                              "s" : [ {
                                 "r" : "41",
                                 "s" : [ {
                                    "r" : "41",
                                    "s" : [ {
                                       "value" : [ "[","\"Medication, Active\"",": " ]
                                    }, {
                                       "s" : [ {
                                          "value" : [ "\"Androgen deprivation therapy for Urology Care\"" ]
                                       } ]
                                    }, {
                                       "value" : [ "]" ]
                                    } ]
                                 } ]
                              }, {
                                 "value" : [ " ","InitialADTTherapy" ]
                              } ]
                           } ]
                        }, {
                           "value" : [ "\n\t\t\t" ]
                        }, {
                           "r" : "59",
                           "s" : [ {
                              "value" : [ "with " ]
                           }, {
                              "r" : "52",
                              "s" : [ {
                                 "r" : "51",
                                 "s" : [ {
                                    "s" : [ {
                                       "value" : [ "\"Prostate Cancer Diagnosis\"" ]
                                    } ]
                                 } ]
                              }, {
                                 "value" : [ " ","ProstateCancer" ]
                              } ]
                           }, {
                              "value" : [ "\n\t\t\t\tsuch that " ]
                           }, {
                              "r" : "58",
                              "s" : [ {
                                 "r" : "54",
                                 "s" : [ {
                                    "r" : "53",
                                    "s" : [ {
                                       "value" : [ "InitialADTTherapy" ]
                                    } ]
                                 }, {
                                    "value" : [ "." ]
                                 }, {
                                    "r" : "54",
                                    "s" : [ {
                                       "value" : [ "relevantPeriod" ]
                                    } ]
                                 } ]
                              }, {
                                 "value" : [ " ","starts on or after"," " ]
                              }, {
                                 "r" : "57",
                                 "s" : [ {
                                    "value" : [ "start of " ]
                                 }, {
                                    "r" : "56",
                                    "s" : [ {
                                       "r" : "55",
                                       "s" : [ {
                                          "value" : [ "ProstateCancer" ]
                                       } ]
                                    }, {
                                       "value" : [ "." ]
                                    }, {
                                       "r" : "56",
                                       "s" : [ {
                                          "value" : [ "prevalencePeriod" ]
                                       } ]
                                    } ]
                                 } ]
                              } ]
                           } ]
                        }, {
                           "value" : [ "\n\t\t\t" ]
                        }, {
                           "r" : "72",
                           "s" : [ {
                              "value" : [ "with " ]
                           }, {
                              "r" : "61",
                              "s" : [ {
                                 "r" : "60",
                                 "s" : [ {
                                    "r" : "60",
                                    "s" : [ {
                                       "value" : [ "[","\"Procedure, Order\"",": " ]
                                    }, {
                                       "s" : [ {
                                          "value" : [ "\"Injection of leuprolide acetate for twelve month period (regime/therapy)\"" ]
                                       } ]
                                    }, {
                                       "value" : [ "]" ]
                                    } ]
                                 } ]
                              }, {
                                 "value" : [ " ","TwelveMonthADTTherapy" ]
                              } ]
                           }, {
                              "value" : [ "\n\t\t\t\tsuch that " ]
                           }, {
                              "r" : "71",
                              "s" : [ {
                                 "r" : "66",
                                 "s" : [ {
                                    "r" : "63",
                                    "s" : [ {
                                       "r" : "62",
                                       "s" : [ {
                                          "value" : [ "InitialADTTherapy" ]
                                       } ]
                                    }, {
                                       "value" : [ "." ]
                                    }, {
                                       "r" : "63",
                                       "s" : [ {
                                          "value" : [ "relevantPeriod" ]
                                       } ]
                                    } ]
                                 }, {
                                    "value" : [ " ","includes"," " ]
                                 }, {
                                    "r" : "65",
                                    "s" : [ {
                                       "r" : "64",
                                       "s" : [ {
                                          "value" : [ "TwelveMonthADTTherapy" ]
                                       } ]
                                    }, {
                                       "value" : [ "." ]
                                    }, {
                                       "r" : "65",
                                       "s" : [ {
                                          "value" : [ "authorDatetime" ]
                                       } ]
                                    } ]
                                 } ]
                              }, {
                                 "value" : [ "\n\t\t\t\t\tand " ]
                              }, {
                                 "r" : "70",
                                 "s" : [ {
                                    "r" : "68",
                                    "s" : [ {
                                       "r" : "67",
                                       "s" : [ {
                                          "value" : [ "InitialADTTherapy" ]
                                       } ]
                                    }, {
                                       "value" : [ "." ]
                                    }, {
                                       "r" : "68",
                                       "s" : [ {
                                          "value" : [ "relevantPeriod" ]
                                       } ]
                                    } ]
                                 }, {
                                    "value" : [ " ","overlaps"," " ]
                                 }, {
                                    "r" : "69",
                                    "s" : [ {
                                       "value" : [ "\"Measurement Period\"" ]
                                    } ]
                                 } ]
                              } ]
                           } ]
                        }, {
                           "value" : [ "\n\t\t\t" ]
                        }, {
                           "r" : "76",
                           "s" : [ {
                              "value" : [ "sort by " ]
                           }, {
                              "r" : "75",
                              "s" : [ {
                                 "r" : "74",
                                 "s" : [ {
                                    "value" : [ "start of " ]
                                 }, {
                                    "r" : "73",
                                    "s" : [ {
                                       "value" : [ "relevantPeriod" ]
                                    } ]
                                 } ]
                              } ]
                           } ]
                        } ]
                     }, {
                        "value" : [ "\n\t)" ]
                     } ]
                  } ]
               }
            } ],
            "expression" : {
               "localId" : "78",
               "locator" : "71:2-78:2",
               "type" : "First",
               "source" : {
                  "localId" : "77",
                  "locator" : "71:8-77:34",
                  "type" : "Query",
                  "source" : [ {
                     "localId" : "42",
                     "locator" : "71:8-71:96",
                     "alias" : "InitialADTTherapy",
                     "expression" : {
                        "localId" : "41",
                        "locator" : "71:8-71:78",
                        "dataType" : "{urn:healthit-gov:qdm:v5_4}MedicationActive",
                        "codeProperty" : "code",
                        "type" : "Retrieve",
                        "codes" : {
                           "name" : "Androgen deprivation therapy for Urology Care",
                           "type" : "ValueSetRef"
                        }
                     }
                  } ],
                  "relationship" : [ {
                     "localId" : "59",
                     "locator" : "72:4-73:106",
                     "alias" : "ProstateCancer",
                     "type" : "With",
                     "expression" : {
                        "localId" : "51",
                        "locator" : "72:9-72:35",
                        "name" : "Prostate Cancer Diagnosis",
                        "type" : "ExpressionRef"
                     },
                     "suchThat" : {
                        "localId" : "58",
                        "locator" : "73:15-73:106",
                        "type" : "SameOrAfter",
                        "operand" : [ {
                           "locator" : "73:48-73:53",
                           "type" : "Start",
                           "operand" : {
                              "localId" : "54",
                              "locator" : "73:15-73:46",
                              "path" : "relevantPeriod",
                              "scope" : "InitialADTTherapy",
                              "type" : "Property"
                           }
                        }, {
                           "localId" : "57",
                           "locator" : "73:67-73:106",
                           "type" : "Start",
                           "operand" : {
                              "localId" : "56",
                              "locator" : "73:76-73:106",
                              "path" : "prevalencePeriod",
                              "scope" : "ProstateCancer",
                              "type" : "Property"
                           }
                        } ]
                     }
                  }, {
                     "localId" : "72",
                     "locator" : "74:4-76:71",
                     "alias" : "TwelveMonthADTTherapy",
                     "type" : "With",
                     "expression" : {
                        "localId" : "60",
                        "locator" : "74:9-74:104",
                        "dataType" : "{urn:healthit-gov:qdm:v5_4}PositiveProcedureOrder",
                        "templateId" : "PositiveProcedureOrder",
                        "codeProperty" : "code",
                        "type" : "Retrieve",
                        "codes" : {
                           "type" : "ToList",
                           "operand" : {
                              "name" : "Injection of leuprolide acetate for twelve month period (regime/therapy)",
                              "type" : "CodeRef"
                           }
                        }
                     },
                     "suchThat" : {
                        "localId" : "71",
                        "locator" : "75:15-76:71",
                        "type" : "And",
                        "operand" : [ {
                           "localId" : "66",
                           "locator" : "75:15-75:92",
                           "type" : "Contains",
                           "operand" : [ {
                              "localId" : "63",
                              "locator" : "75:15-75:46",
                              "path" : "relevantPeriod",
                              "scope" : "InitialADTTherapy",
                              "type" : "Property"
                           }, {
                              "localId" : "65",
                              "locator" : "75:57-75:92",
                              "path" : "authorDatetime",
                              "scope" : "TwelveMonthADTTherapy",
                              "type" : "Property"
                           } ]
                        }, {
                           "localId" : "70",
                           "locator" : "76:10-76:71",
                           "type" : "Overlaps",
                           "operand" : [ {
                              "localId" : "68",
                              "locator" : "76:10-76:41",
                              "path" : "relevantPeriod",
                              "scope" : "InitialADTTherapy",
                              "type" : "Property"
                           }, {
                              "localId" : "69",
                              "locator" : "76:52-76:71",
                              "name" : "Measurement Period",
                              "type" : "ParameterRef"
                           } ]
                        } ]
                     }
                  } ],
                  "sort" : {
                     "localId" : "76",
                     "locator" : "77:4-77:34",
                     "by" : [ {
                        "localId" : "75",
                        "locator" : "77:12-77:34",
                        "direction" : "asc",
                        "type" : "ByExpression",
                        "expression" : {
                           "localId" : "74",
                           "locator" : "77:12-77:34",
                           "type" : "Start",
                           "operand" : {
                              "localId" : "73",
                              "locator" : "77:21-77:34",
                              "name" : "relevantPeriod",
                              "type" : "IdentifierRef"
                           }
                        }
                     } ]
                  }
               }
            }
         }, {
            "localId" : "83",
            "locator" : "43:1-46:53",
            "name" : "Initial Population",
            "context" : "Patient",
            "accessLevel" : "Public",
            "annotation" : [ {
               "type" : "Annotation",
               "s" : {
                  "r" : "83",
                  "s" : [ {
                     "value" : [ "define ","\"Initial Population\"",":\n\t" ]
                  }, {
                     "r" : "82",
                     "s" : [ {
                        "r" : "40",
                        "s" : [ {
                           "r" : "37",
                           "s" : [ {
                              "value" : [ "\"Patient is Male\"" ]
                           } ]
                        }, {
                           "value" : [ "\r\n\tand " ]
                        }, {
                           "r" : "39",
                           "s" : [ {
                              "value" : [ "exists " ]
                           }, {
                              "r" : "38",
                              "s" : [ {
                                 "value" : [ "\"Qualifying Encounter\"" ]
                              } ]
                           } ]
                        } ]
                     }, {
                        "value" : [ "\r\n\tand " ]
                     }, {
                        "r" : "81",
                        "s" : [ {
                           "r" : "80",
                           "s" : [ {
                              "value" : [ "\"First Androgen Deprivation Therapy\"" ]
                           } ]
                        }, {
                           "value" : [ " is not null" ]
                        } ]
                     } ]
                  } ]
               }
            } ],
            "expression" : {
               "localId" : "82",
               "locator" : "44:2-46:53",
               "type" : "And",
               "operand" : [ {
                  "localId" : "40",
                  "locator" : "44:2-45:34",
                  "type" : "And",
                  "operand" : [ {
                     "localId" : "37",
                     "locator" : "44:2-44:18",
                     "name" : "Patient is Male",
                     "type" : "ExpressionRef"
                  }, {
                     "localId" : "39",
                     "locator" : "45:6-45:34",
                     "type" : "Exists",
                     "operand" : {
                        "localId" : "38",
                        "locator" : "45:13-45:34",
                        "name" : "Qualifying Encounter",
                        "type" : "ExpressionRef"
                     }
                  } ]
               }, {
                  "localId" : "81",
                  "locator" : "46:6-46:53",
                  "type" : "Not",
                  "operand" : {
                     "locator" : "46:6-46:53",
                     "type" : "IsNull",
                     "operand" : {
                        "localId" : "80",
                        "locator" : "46:6-46:41",
                        "name" : "First Androgen Deprivation Therapy",
                        "type" : "ExpressionRef"
                     }
                  }
               } ]
            }
         }, {
            "localId" : "85",
            "locator" : "48:1-49:21",
            "name" : "Denominator",
            "context" : "Patient",
            "accessLevel" : "Public",
            "annotation" : [ {
               "type" : "Annotation",
               "s" : {
                  "r" : "85",
                  "s" : [ {
                     "value" : [ "define ","\"Denominator\"",":\n\t" ]
                  }, {
                     "r" : "84",
                     "s" : [ {
                        "value" : [ "\"Initial Population\"" ]
                     } ]
                  } ]
               }
            } ],
            "expression" : {
               "localId" : "84",
               "locator" : "49:2-49:21",
               "name" : "Initial Population",
               "type" : "ExpressionRef"
            }
         }, {
            "localId" : "98",
            "locator" : "58:1-62:3",
            "name" : "Bone Density Scan Ordered or Performed",
            "context" : "Patient",
            "accessLevel" : "Public",
            "annotation" : [ {
               "type" : "Annotation",
               "s" : {
                  "r" : "98",
                  "s" : [ {
                     "value" : [ "define ","\"Bone Density Scan Ordered or Performed\"",":\n\t" ]
                  }, {
                     "r" : "97",
                     "s" : [ {
                        "r" : "88",
                        "s" : [ {
                           "s" : [ {
                              "r" : "87",
                              "s" : [ {
                                 "r" : "86",
                                 "s" : [ {
                                    "r" : "86",
                                    "s" : [ {
                                       "value" : [ "[","\"Diagnostic Study, Order\"",": " ]
                                    }, {
                                       "s" : [ {
                                          "value" : [ "\"DEXA Dual Energy Xray Absorptiometry, Bone Density for Urology Care\"" ]
                                       } ]
                                    }, {
                                       "value" : [ "]" ]
                                    } ]
                                 } ]
                              }, {
                                 "value" : [ " ","DEXAOrdered" ]
                              } ]
                           } ]
                        } ]
                     }, {
                        "value" : [ "\n\t\tunion " ]
                     }, {
                        "r" : "96",
                        "s" : [ {
                           "value" : [ "( " ]
                        }, {
                           "r" : "96",
                           "s" : [ {
                              "s" : [ {
                                 "r" : "90",
                                 "s" : [ {
                                    "r" : "89",
                                    "s" : [ {
                                       "r" : "89",
                                       "s" : [ {
                                          "value" : [ "[","\"Diagnostic Study, Performed\"",": " ]
                                       }, {
                                          "s" : [ {
                                             "value" : [ "\"DEXA Dual Energy Xray Absorptiometry, Bone Density for Urology Care\"" ]
                                          } ]
                                       }, {
                                          "value" : [ "]" ]
                                       } ]
                                    } ]
                                 }, {
                                    "value" : [ " ","DEXAPerformed" ]
                                 } ]
                              } ]
                           }, {
                              "value" : [ "\n\t\t\t\t" ]
                           }, {
                              "r" : "95",
                              "s" : [ {
                                 "value" : [ "return " ]
                              }, {
                                 "r" : "94",
                                 "s" : [ {
                                    "value" : [ "\"Diagnostic Study, Order\""," { " ]
                                 }, {
                                    "s" : [ {
                                       "value" : [ "authorDatetime",": " ]
                                    }, {
                                       "r" : "93",
                                       "s" : [ {
                                          "value" : [ "start of " ]
                                       }, {
                                          "r" : "92",
                                          "s" : [ {
                                             "r" : "91",
                                             "s" : [ {
                                                "value" : [ "DEXAPerformed" ]
                                             } ]
                                          }, {
                                             "value" : [ "." ]
                                          }, {
                                             "r" : "92",
                                             "s" : [ {
                                                "value" : [ "relevantPeriod" ]
                                             } ]
                                          } ]
                                       } ]
                                    } ]
                                 }, {
                                    "value" : [ " }" ]
                                 } ]
                              } ]
                           } ]
                        }, {
                           "value" : [ "\n\t\t)" ]
                        } ]
                     } ]
                  } ]
               }
            } ],
            "expression" : {
               "localId" : "97",
               "locator" : "59:2-62:3",
               "type" : "Union",
               "operand" : [ {
                  "localId" : "88",
                  "locator" : "59:2-59:111",
                  "type" : "Query",
                  "source" : [ {
                     "localId" : "87",
                     "locator" : "59:2-59:111",
                     "alias" : "DEXAOrdered",
                     "expression" : {
                        "localId" : "86",
                        "locator" : "59:2-59:99",
                        "dataType" : "{urn:healthit-gov:qdm:v5_4}PositiveDiagnosticStudyOrder",
                        "templateId" : "PositiveDiagnosticStudyOrder",
                        "codeProperty" : "code",
                        "type" : "Retrieve",
                        "codes" : {
                           "name" : "DEXA Dual Energy Xray Absorptiometry, Bone Density for Urology Care",
                           "type" : "ValueSetRef"
                        }
                     }
                  } ],
                  "relationship" : [ ]
               }, {
                  "localId" : "96",
                  "locator" : "60:9-62:3",
                  "type" : "Query",
                  "source" : [ {
                     "localId" : "90",
                     "locator" : "60:11-60:126",
                     "alias" : "DEXAPerformed",
                     "expression" : {
                        "localId" : "89",
                        "locator" : "60:11-60:112",
                        "dataType" : "{urn:healthit-gov:qdm:v5_4}PositiveDiagnosticStudyPerformed",
                        "templateId" : "PositiveDiagnosticStudyPerformed",
                        "codeProperty" : "code",
                        "type" : "Retrieve",
                        "codes" : {
                           "name" : "DEXA Dual Energy Xray Absorptiometry, Bone Density for Urology Care",
                           "type" : "ValueSetRef"
                        }
                     }
                  } ],
                  "relationship" : [ ],
                  "return" : {
                     "localId" : "95",
                     "locator" : "61:5-61:94",
                     "expression" : {
                        "localId" : "94",
                        "locator" : "61:12-61:94",
                        "classType" : "{urn:healthit-gov:qdm:v5_4}PositiveDiagnosticStudyOrder",
                        "type" : "Instance",
                        "element" : [ {
                           "name" : "authorDatetime",
                           "value" : {
                              "localId" : "93",
                              "locator" : "61:56-61:92",
                              "type" : "Start",
                              "operand" : {
                                 "localId" : "92",
                                 "locator" : "61:65-61:92",
                                 "path" : "relevantPeriod",
                                 "scope" : "DEXAPerformed",
                                 "type" : "Property"
                              }
                           }
                        } ]
                     }
                  }
               } ]
            }
         }, {
            "localId" : "119",
            "locator" : "64:1-68:86",
            "name" : "Baseline DEXA Scan Two Years Prior to the Start of or Less than Three Months After the Start of ADT",
            "context" : "Patient",
            "accessLevel" : "Public",
            "annotation" : [ {
               "type" : "Annotation",
               "s" : {
                  "r" : "119",
                  "s" : [ {
                     "value" : [ "define ","\"Baseline DEXA Scan Two Years Prior to the Start of or Less than Three Months After the Start of ADT\"",":\n\t" ]
                  }, {
                     "r" : "118",
                     "s" : [ {
                        "s" : [ {
                           "r" : "100",
                           "s" : [ {
                              "r" : "99",
                              "s" : [ {
                                 "s" : [ {
                                    "value" : [ "\"Bone Density Scan Ordered or Performed\"" ]
                                 } ]
                              } ]
                           }, {
                              "value" : [ " ","DEXAScan" ]
                           } ]
                        } ]
                     }, {
                        "value" : [ "\n\t\t" ]
                     }, {
                        "r" : "117",
                        "s" : [ {
                           "value" : [ "with " ]
                        }, {
                           "r" : "102",
                           "s" : [ {
                              "r" : "101",
                              "s" : [ {
                                 "s" : [ {
                                    "value" : [ "\"First Androgen Deprivation Therapy\"" ]
                                 } ]
                              } ]
                           }, {
                              "value" : [ " ","FirstADT" ]
                           } ]
                        }, {
                           "value" : [ "\n\t\t\tsuch that " ]
                        }, {
                           "r" : "116",
                           "s" : [ {
                              "r" : "108",
                              "s" : [ {
                                 "r" : "104",
                                 "s" : [ {
                                    "r" : "103",
                                    "s" : [ {
                                       "value" : [ "DEXAScan" ]
                                    } ]
                                 }, {
                                    "value" : [ "." ]
                                 }, {
                                    "r" : "104",
                                    "s" : [ {
                                       "value" : [ "authorDatetime" ]
                                    } ]
                                 } ]
                              }, {
                                 "value" : [ " " ]
                              }, {
                                 "r" : "108",
                                 "s" : [ {
                                    "r" : "107",
                                    "s" : [ {
                                       "value" : [ "3 ","months" ]
                                    } ]
                                 }, {
                                    "value" : [ " or less after start" ]
                                 } ]
                              }, {
                                 "value" : [ " " ]
                              }, {
                                 "r" : "106",
                                 "s" : [ {
                                    "r" : "105",
                                    "s" : [ {
                                       "value" : [ "FirstADT" ]
                                    } ]
                                 }, {
                                    "value" : [ "." ]
                                 }, {
                                    "r" : "106",
                                    "s" : [ {
                                       "value" : [ "relevantPeriod" ]
                                    } ]
                                 } ]
                              } ]
                           }, {
                              "value" : [ "\n\t\t\t\tor " ]
                           }, {
                              "r" : "115",
                              "s" : [ {
                                 "r" : "110",
                                 "s" : [ {
                                    "r" : "109",
                                    "s" : [ {
                                       "value" : [ "DEXAScan" ]
                                    } ]
                                 }, {
                                    "value" : [ "." ]
                                 }, {
                                    "r" : "110",
                                    "s" : [ {
                                       "value" : [ "authorDatetime" ]
                                    } ]
                                 } ]
                              }, {
                                 "value" : [ " " ]
                              }, {
                                 "r" : "115",
                                 "s" : [ {
                                    "r" : "114",
                                    "s" : [ {
                                       "value" : [ "2 ","years" ]
                                    } ]
                                 }, {
                                    "value" : [ " or less before" ]
                                 } ]
                              }, {
                                 "value" : [ " " ]
                              }, {
                                 "r" : "113",
                                 "s" : [ {
                                    "value" : [ "start of " ]
                                 }, {
                                    "r" : "112",
                                    "s" : [ {
                                       "r" : "111",
                                       "s" : [ {
                                          "value" : [ "FirstADT" ]
                                       } ]
                                    }, {
                                       "value" : [ "." ]
                                    }, {
                                       "r" : "112",
                                       "s" : [ {
                                          "value" : [ "relevantPeriod" ]
                                       } ]
                                    } ]
                                 } ]
                              } ]
                           } ]
                        } ]
                     } ]
                  } ]
               }
            } ],
            "expression" : {
               "localId" : "118",
               "locator" : "65:2-68:86",
               "type" : "Query",
               "source" : [ {
                  "localId" : "100",
                  "locator" : "65:2-65:50",
                  "alias" : "DEXAScan",
                  "expression" : {
                     "localId" : "99",
                     "locator" : "65:2-65:41",
                     "name" : "Bone Density Scan Ordered or Performed",
                     "type" : "ExpressionRef"
                  }
               } ],
               "relationship" : [ {
                  "localId" : "117",
                  "locator" : "66:3-68:86",
                  "alias" : "FirstADT",
                  "type" : "With",
                  "expression" : {
                     "localId" : "101",
                     "locator" : "66:8-66:43",
                     "name" : "First Androgen Deprivation Therapy",
                     "type" : "ExpressionRef"
                  },
                  "suchThat" : {
                     "localId" : "116",
                     "locator" : "67:14-68:86",
                     "type" : "Or",
                     "operand" : [ {
                        "localId" : "108",
                        "locator" : "67:14-67:89",
                        "type" : "In",
                        "operand" : [ {
                           "localId" : "104",
                           "locator" : "67:14-67:36",
                           "path" : "authorDatetime",
                           "scope" : "DEXAScan",
                           "type" : "Property"
                        }, {
                           "locator" : "67:38-67:53",
                           "lowClosed" : false,
                           "highClosed" : true,
                           "type" : "Interval",
                           "low" : {
                              "locator" : "67:61-67:65",
                              "type" : "Start",
                              "operand" : {
                                 "localId" : "106",
                                 "locator" : "67:67-67:89",
                                 "path" : "relevantPeriod",
                                 "scope" : "FirstADT",
                                 "type" : "Property"
                              }
                           },
                           "high" : {
                              "locator" : "67:61-67:65",
                              "type" : "Add",
                              "operand" : [ {
                                 "locator" : "67:61-67:65",
                                 "type" : "Start",
                                 "operand" : {
                                    "localId" : "106",
                                    "locator" : "67:67-67:89",
                                    "path" : "relevantPeriod",
                                    "scope" : "FirstADT",
                                    "type" : "Property"
                                 }
                              }, {
                                 "localId" : "107",
                                 "locator" : "67:38-67:45",
                                 "value" : 3,
                                 "unit" : "months",
                                 "type" : "Quantity"
                              } ]
                           }
                        } ]
                     }, {
                        "localId" : "115",
                        "locator" : "68:8-68:86",
                        "type" : "In",
                        "operand" : [ {
                           "localId" : "110",
                           "locator" : "68:8-68:30",
                           "path" : "authorDatetime",
                           "scope" : "DEXAScan",
                           "type" : "Property"
                        }, {
                           "locator" : "68:32-68:46",
                           "lowClosed" : true,
                           "highClosed" : false,
                           "type" : "Interval",
                           "low" : {
                              "locator" : "68:55-68:86",
                              "type" : "Subtract",
                              "operand" : [ {
                                 "localId" : "113",
                                 "locator" : "68:55-68:86",
                                 "type" : "Start",
                                 "operand" : {
                                    "localId" : "112",
                                    "locator" : "68:64-68:86",
                                    "path" : "relevantPeriod",
                                    "scope" : "FirstADT",
                                    "type" : "Property"
                                 }
                              }, {
                                 "localId" : "114",
                                 "locator" : "68:32-68:38",
                                 "value" : 2,
                                 "unit" : "years",
                                 "type" : "Quantity"
                              } ]
                           },
                           "high" : {
                              "localId" : "113",
                              "locator" : "68:55-68:86",
                              "type" : "Start",
                              "operand" : {
                                 "localId" : "112",
                                 "locator" : "68:64-68:86",
                                 "path" : "relevantPeriod",
                                 "scope" : "FirstADT",
                                 "type" : "Property"
                              }
                           }
                        } ]
                     } ]
                  }
               } ]
            }
         }, {
            "localId" : "122",
            "locator" : "51:1-52:109",
            "name" : "Numerator",
            "context" : "Patient",
            "accessLevel" : "Public",
            "annotation" : [ {
               "type" : "Annotation",
               "s" : {
                  "r" : "122",
                  "s" : [ {
                     "value" : [ "define ","\"Numerator\"",":\n\t" ]
                  }, {
                     "r" : "121",
                     "s" : [ {
                        "value" : [ "exists " ]
                     }, {
                        "r" : "120",
                        "s" : [ {
                           "value" : [ "\"Baseline DEXA Scan Two Years Prior to the Start of or Less than Three Months After the Start of ADT\"" ]
                        } ]
                     } ]
                  } ]
               }
            } ],
            "expression" : {
               "localId" : "121",
               "locator" : "52:2-52:109",
               "type" : "Exists",
               "operand" : {
                  "localId" : "120",
                  "locator" : "52:9-52:109",
                  "name" : "Baseline DEXA Scan Two Years Prior to the Start of or Less than Three Months After the Start of ADT",
                  "type" : "ExpressionRef"
               }
            }
         }, {
            "localId" : "142",
            "locator" : "80:1-87:24",
            "name" : "No Bone Density Scan Performed Due to Patient Refusal",
            "context" : "Patient",
            "accessLevel" : "Public",
            "annotation" : [ {
               "type" : "Annotation",
               "s" : {
                  "r" : "142",
                  "s" : [ {
                     "value" : [ "define ","\"No Bone Density Scan Performed Due to Patient Refusal\"",":\n\t" ]
                  }, {
                     "r" : "141",
                     "s" : [ {
                        "s" : [ {
                           "value" : [ "from\n\t\t" ]
                        }, {
                           "r" : "124",
                           "s" : [ {
                              "r" : "123",
                              "s" : [ {
                                 "s" : [ {
                                    "value" : [ "\"First Androgen Deprivation Therapy\"" ]
                                 } ]
                              } ]
                           }, {
                              "value" : [ " ","FirstADTTherapy" ]
                           } ]
                        }, {
                           "value" : [ ",\n\t\t" ]
                        }, {
                           "r" : "126",
                           "s" : [ {
                              "r" : "125",
                              "s" : [ {
                                 "r" : "125",
                                 "s" : [ {
                                    "value" : [ "[","\"Diagnostic Study, Not Performed\"",": " ]
                                 }, {
                                    "s" : [ {
                                       "value" : [ "\"DEXA Dual Energy Xray Absorptiometry, Bone Density for Urology Care\"" ]
                                    } ]
                                 }, {
                                    "value" : [ "]" ]
                                 } ]
                              } ]
                           }, {
                              "value" : [ " ","DEXANotPerformed" ]
                           } ]
                        } ]
                     }, {
                        "value" : [ "\n\t\t" ]
                     }, {
                        "r" : "138",
                        "s" : [ {
                           "value" : [ "where " ]
                        }, {
                           "r" : "138",
                           "s" : [ {
                              "value" : [ "( " ]
                           }, {
                              "r" : "138",
                              "s" : [ {
                                 "r" : "133",
                                 "s" : [ {
                                    "r" : "128",
                                    "s" : [ {
                                       "r" : "127",
                                       "s" : [ {
                                          "value" : [ "DEXANotPerformed" ]
                                       } ]
                                    }, {
                                       "value" : [ "." ]
                                    }, {
                                       "r" : "128",
                                       "s" : [ {
                                          "value" : [ "authorDatetime" ]
                                       } ]
                                    } ]
                                 }, {
                                    "value" : [ " " ]
                                 }, {
                                    "r" : "133",
                                    "s" : [ {
                                       "r" : "132",
                                       "s" : [ {
                                          "value" : [ "3 ","months" ]
                                       } ]
                                    }, {
                                       "value" : [ " or less after" ]
                                    } ]
                                 }, {
                                    "value" : [ " " ]
                                 }, {
                                    "r" : "131",
                                    "s" : [ {
                                       "value" : [ "start of " ]
                                    }, {
                                       "r" : "130",
                                       "s" : [ {
                                          "r" : "129",
                                          "s" : [ {
                                             "value" : [ "FirstADTTherapy" ]
                                          } ]
                                       }, {
                                          "value" : [ "." ]
                                       }, {
                                          "r" : "130",
                                          "s" : [ {
                                             "value" : [ "relevantPeriod" ]
                                          } ]
                                       } ]
                                    } ]
                                 } ]
                              }, {
                                 "value" : [ "\n\t\t\t\tand " ]
                              }, {
                                 "r" : "137",
                                 "s" : [ {
                                    "r" : "135",
                                    "s" : [ {
                                       "r" : "134",
                                       "s" : [ {
                                          "value" : [ "DEXANotPerformed" ]
                                       } ]
                                    }, {
                                       "value" : [ "." ]
                                    }, {
                                       "r" : "135",
                                       "s" : [ {
                                          "value" : [ "negationRationale" ]
                                       } ]
                                    } ]
                                 }, {
                                    "value" : [ " in " ]
                                 }, {
                                    "r" : "136",
                                    "s" : [ {
                                       "value" : [ "\"Patient Reason refused\"" ]
                                    } ]
                                 } ]
                              } ]
                           }, {
                              "value" : [ "\n\t\t)" ]
                           } ]
                        } ]
                     }, {
                        "value" : [ "\n\t\t" ]
                     }, {
                        "r" : "140",
                        "s" : [ {
                           "value" : [ "return " ]
                        }, {
                           "r" : "139",
                           "s" : [ {
                              "value" : [ "FirstADTTherapy" ]
                           } ]
                        } ]
                     } ]
                  } ]
               }
            } ],
            "expression" : {
               "localId" : "141",
               "locator" : "81:2-87:24",
               "type" : "Query",
               "source" : [ {
                  "localId" : "124",
                  "locator" : "82:3-82:54",
                  "alias" : "FirstADTTherapy",
                  "expression" : {
                     "localId" : "123",
                     "locator" : "82:3-82:38",
                     "name" : "First Androgen Deprivation Therapy",
                     "type" : "ExpressionRef"
                  }
               }, {
                  "localId" : "126",
                  "locator" : "83:3-83:125",
                  "alias" : "DEXANotPerformed",
                  "expression" : {
                     "localId" : "125",
                     "locator" : "83:3-83:108",
                     "dataType" : "{urn:healthit-gov:qdm:v5_4}NegativeDiagnosticStudyPerformed",
                     "templateId" : "NegativeDiagnosticStudyPerformed",
                     "codeProperty" : "code",
                     "type" : "Retrieve",
                     "codes" : {
                        "name" : "DEXA Dual Energy Xray Absorptiometry, Bone Density for Urology Care",
                        "type" : "ValueSetRef"
                     }
                  }
               } ],
               "relationship" : [ ],
               "where" : {
                  "localId" : "138",
                  "locator" : "84:3-86:3",
                  "type" : "And",
                  "operand" : [ {
                     "localId" : "133",
                     "locator" : "84:11-84:104",
                     "type" : "In",
                     "operand" : [ {
                        "localId" : "128",
                        "locator" : "84:11-84:41",
                        "path" : "authorDatetime",
                        "scope" : "DEXANotPerformed",
                        "type" : "Property"
                     }, {
                        "locator" : "84:43-84:58",
                        "lowClosed" : false,
                        "highClosed" : true,
                        "type" : "Interval",
                        "low" : {
                           "localId" : "131",
                           "locator" : "84:66-84:104",
                           "type" : "Start",
                           "operand" : {
                              "localId" : "130",
                              "locator" : "84:75-84:104",
                              "path" : "relevantPeriod",
                              "scope" : "FirstADTTherapy",
                              "type" : "Property"
                           }
                        },
                        "high" : {
                           "locator" : "84:66-84:104",
                           "type" : "Add",
                           "operand" : [ {
                              "localId" : "131",
                              "locator" : "84:66-84:104",
                              "type" : "Start",
                              "operand" : {
                                 "localId" : "130",
                                 "locator" : "84:75-84:104",
                                 "path" : "relevantPeriod",
                                 "scope" : "FirstADTTherapy",
                                 "type" : "Property"
                              }
                           }, {
                              "localId" : "132",
                              "locator" : "84:43-84:50",
                              "value" : 3,
                              "unit" : "months",
                              "type" : "Quantity"
                           } ]
                        }
                     } ]
                  }, {
                     "localId" : "137",
                     "locator" : "85:9-85:70",
                     "type" : "InValueSet",
                     "code" : {
                        "localId" : "135",
                        "locator" : "85:9-85:42",
                        "path" : "negationRationale",
                        "scope" : "DEXANotPerformed",
                        "type" : "Property"
                     },
                     "valueset" : {
                        "localId" : "136",
                        "locator" : "85:47-85:70",
                        "name" : "Patient Reason refused"
                     }
                  } ]
               },
               "return" : {
                  "localId" : "140",
                  "locator" : "87:3-87:24",
                  "expression" : {
                     "localId" : "139",
                     "locator" : "87:10-87:24",
                     "name" : "FirstADTTherapy",
                     "type" : "AliasRef"
                  }
               }
            }
         }, {
            "localId" : "162",
            "locator" : "89:1-96:24",
            "name" : "No Bone Density Scan Ordered Due to Patient Refusal",
            "context" : "Patient",
            "accessLevel" : "Public",
            "annotation" : [ {
               "type" : "Annotation",
               "s" : {
                  "r" : "162",
                  "s" : [ {
                     "value" : [ "define ","\"No Bone Density Scan Ordered Due to Patient Refusal\"",":\n\t" ]
                  }, {
                     "r" : "161",
                     "s" : [ {
                        "s" : [ {
                           "value" : [ "from\n\t\t" ]
                        }, {
                           "r" : "144",
                           "s" : [ {
                              "r" : "143",
                              "s" : [ {
                                 "s" : [ {
                                    "value" : [ "\"First Androgen Deprivation Therapy\"" ]
                                 } ]
                              } ]
                           }, {
                              "value" : [ " ","FirstADTTherapy" ]
                           } ]
                        }, {
                           "value" : [ ",\n\t\t" ]
                        }, {
                           "r" : "146",
                           "s" : [ {
                              "r" : "145",
                              "s" : [ {
                                 "r" : "145",
                                 "s" : [ {
                                    "value" : [ "[","\"Diagnostic Study, Not Ordered\"",": " ]
                                 }, {
                                    "s" : [ {
                                       "value" : [ "\"DEXA Dual Energy Xray Absorptiometry, Bone Density for Urology Care\"" ]
                                    } ]
                                 }, {
                                    "value" : [ "]" ]
                                 } ]
                              } ]
                           }, {
                              "value" : [ " ","DEXANotOrdered" ]
                           } ]
                        } ]
                     }, {
                        "value" : [ "\n\t\t" ]
                     }, {
                        "r" : "158",
                        "s" : [ {
                           "value" : [ "where " ]
                        }, {
                           "r" : "158",
                           "s" : [ {
                              "value" : [ "( " ]
                           }, {
                              "r" : "158",
                              "s" : [ {
                                 "r" : "153",
                                 "s" : [ {
                                    "r" : "148",
                                    "s" : [ {
                                       "r" : "147",
                                       "s" : [ {
                                          "value" : [ "DEXANotOrdered" ]
                                       } ]
                                    }, {
                                       "value" : [ "." ]
                                    }, {
                                       "r" : "148",
                                       "s" : [ {
                                          "value" : [ "authorDatetime" ]
                                       } ]
                                    } ]
                                 }, {
                                    "value" : [ " " ]
                                 }, {
                                    "r" : "153",
                                    "s" : [ {
                                       "r" : "152",
                                       "s" : [ {
                                          "value" : [ "3 ","months" ]
                                       } ]
                                    }, {
                                       "value" : [ " or less after" ]
                                    } ]
                                 }, {
                                    "value" : [ " " ]
                                 }, {
                                    "r" : "151",
                                    "s" : [ {
                                       "value" : [ "start of " ]
                                    }, {
                                       "r" : "150",
                                       "s" : [ {
                                          "r" : "149",
                                          "s" : [ {
                                             "value" : [ "FirstADTTherapy" ]
                                          } ]
                                       }, {
                                          "value" : [ "." ]
                                       }, {
                                          "r" : "150",
                                          "s" : [ {
                                             "value" : [ "relevantPeriod" ]
                                          } ]
                                       } ]
                                    } ]
                                 } ]
                              }, {
                                 "value" : [ "\n\t\t\t\tand " ]
                              }, {
                                 "r" : "157",
                                 "s" : [ {
                                    "r" : "155",
                                    "s" : [ {
                                       "r" : "154",
                                       "s" : [ {
                                          "value" : [ "DEXANotOrdered" ]
                                       } ]
                                    }, {
                                       "value" : [ "." ]
                                    }, {
                                       "r" : "155",
                                       "s" : [ {
                                          "value" : [ "negationRationale" ]
                                       } ]
                                    } ]
                                 }, {
                                    "value" : [ " in " ]
                                 }, {
                                    "r" : "156",
                                    "s" : [ {
                                       "value" : [ "\"Patient Reason refused\"" ]
                                    } ]
                                 } ]
                              } ]
                           }, {
                              "value" : [ "\n\t\t)" ]
                           } ]
                        } ]
                     }, {
                        "value" : [ "\n\t\t" ]
                     }, {
                        "r" : "160",
                        "s" : [ {
                           "value" : [ "return " ]
                        }, {
                           "r" : "159",
                           "s" : [ {
                              "value" : [ "FirstADTTherapy" ]
                           } ]
                        } ]
                     } ]
                  } ]
               }
            } ],
            "expression" : {
               "localId" : "161",
               "locator" : "90:2-96:24",
               "type" : "Query",
               "source" : [ {
                  "localId" : "144",
                  "locator" : "91:3-91:54",
                  "alias" : "FirstADTTherapy",
                  "expression" : {
                     "localId" : "143",
                     "locator" : "91:3-91:38",
                     "name" : "First Androgen Deprivation Therapy",
                     "type" : "ExpressionRef"
                  }
               }, {
                  "localId" : "146",
                  "locator" : "92:3-92:121",
                  "alias" : "DEXANotOrdered",
                  "expression" : {
                     "localId" : "145",
                     "locator" : "92:3-92:106",
                     "dataType" : "{urn:healthit-gov:qdm:v5_4}NegativeDiagnosticStudyOrder",
                     "templateId" : "NegativeDiagnosticStudyOrder",
                     "codeProperty" : "code",
                     "type" : "Retrieve",
                     "codes" : {
                        "name" : "DEXA Dual Energy Xray Absorptiometry, Bone Density for Urology Care",
                        "type" : "ValueSetRef"
                     }
                  }
               } ],
               "relationship" : [ ],
               "where" : {
                  "localId" : "158",
                  "locator" : "93:3-95:3",
                  "type" : "And",
                  "operand" : [ {
                     "localId" : "153",
                     "locator" : "93:11-93:102",
                     "type" : "In",
                     "operand" : [ {
                        "localId" : "148",
                        "locator" : "93:11-93:39",
                        "path" : "authorDatetime",
                        "scope" : "DEXANotOrdered",
                        "type" : "Property"
                     }, {
                        "locator" : "93:41-93:56",
                        "lowClosed" : false,
                        "highClosed" : true,
                        "type" : "Interval",
                        "low" : {
                           "localId" : "151",
                           "locator" : "93:64-93:102",
                           "type" : "Start",
                           "operand" : {
                              "localId" : "150",
                              "locator" : "93:73-93:102",
                              "path" : "relevantPeriod",
                              "scope" : "FirstADTTherapy",
                              "type" : "Property"
                           }
                        },
                        "high" : {
                           "locator" : "93:64-93:102",
                           "type" : "Add",
                           "operand" : [ {
                              "localId" : "151",
                              "locator" : "93:64-93:102",
                              "type" : "Start",
                              "operand" : {
                                 "localId" : "150",
                                 "locator" : "93:73-93:102",
                                 "path" : "relevantPeriod",
                                 "scope" : "FirstADTTherapy",
                                 "type" : "Property"
                              }
                           }, {
                              "localId" : "152",
                              "locator" : "93:41-93:48",
                              "value" : 3,
                              "unit" : "months",
                              "type" : "Quantity"
                           } ]
                        }
                     } ]
                  }, {
                     "localId" : "157",
                     "locator" : "94:9-94:68",
                     "type" : "InValueSet",
                     "code" : {
                        "localId" : "155",
                        "locator" : "94:9-94:40",
                        "path" : "negationRationale",
                        "scope" : "DEXANotOrdered",
                        "type" : "Property"
                     },
                     "valueset" : {
                        "localId" : "156",
                        "locator" : "94:45-94:68",
                        "name" : "Patient Reason refused"
                     }
                  } ]
               },
               "return" : {
                  "localId" : "160",
                  "locator" : "96:3-96:24",
                  "expression" : {
                     "localId" : "159",
                     "locator" : "96:10-96:24",
                     "name" : "FirstADTTherapy",
                     "type" : "AliasRef"
                  }
               }
            }
         }, {
            "localId" : "168",
            "locator" : "98:1-100:71",
            "name" : "Denominator Exception",
            "context" : "Patient",
            "accessLevel" : "Public",
            "annotation" : [ {
               "type" : "Annotation",
               "s" : {
                  "r" : "168",
                  "s" : [ {
                     "value" : [ "define ","\"Denominator Exception\"",":\n\t" ]
                  }, {
                     "r" : "167",
                     "s" : [ {
                        "r" : "164",
                        "s" : [ {
                           "value" : [ "exists " ]
                        }, {
                           "r" : "163",
                           "s" : [ {
                              "value" : [ "( " ]
                           }, {
                              "r" : "163",
                              "s" : [ {
                                 "value" : [ "\"No Bone Density Scan Ordered Due to Patient Refusal\"" ]
                              } ]
                           }, {
                              "value" : [ " )" ]
                           } ]
                        } ]
                     }, {
                        "value" : [ "\n\t\tor " ]
                     }, {
                        "r" : "166",
                        "s" : [ {
                           "value" : [ "exists " ]
                        }, {
                           "r" : "165",
                           "s" : [ {
                              "value" : [ "( " ]
                           }, {
                              "r" : "165",
                              "s" : [ {
                                 "value" : [ "\"No Bone Density Scan Performed Due to Patient Refusal\"" ]
                              } ]
                           }, {
                              "value" : [ " )" ]
                           } ]
                        } ]
                     } ]
                  } ]
               }
            } ],
            "expression" : {
               "localId" : "167",
               "locator" : "99:2-100:71",
               "type" : "Or",
               "operand" : [ {
                  "localId" : "164",
                  "locator" : "99:2-99:65",
                  "type" : "Exists",
                  "operand" : {
                     "localId" : "163",
                     "locator" : "99:9-99:65",
                     "name" : "No Bone Density Scan Ordered Due to Patient Refusal",
                     "type" : "ExpressionRef"
                  }
               }, {
                  "localId" : "166",
                  "locator" : "100:6-100:71",
                  "type" : "Exists",
                  "operand" : {
                     "localId" : "165",
                     "locator" : "100:13-100:71",
                     "name" : "No Bone Density Scan Performed Due to Patient Refusal",
                     "type" : "ExpressionRef"
                  }
               } ]
            }
         } ]
      }
   }
}