{
   "library" : {
      "identifier" : {
         "id" : "PrimaryOpenAngleGlaucomaPOAGOpticNerveEvaluation",
         "version" : "8.1.000"
      },
      "schemaIdentifier" : {
         "id" : "urn:hl7-org:elm",
         "version" : "r1"
      },
      "usings" : {
         "def" : [ {
            "localIdentifier" : "System",
            "uri" : "urn:hl7-org:elm-types:r1"
         }, {
            "localId" : "1",
            "locator" : "3:1-3:23",
            "localIdentifier" : "QDM",
            "uri" : "urn:healthit-gov:qdm:v5_4",
            "version" : "5.4"
         } ]
      },
      "includes" : {
         "def" : [ {
            "localId" : "2",
            "locator" : "5:1-5:64",
            "localIdentifier" : "Global",
            "path" : "MATGlobalCommonFunctions",
            "version" : "4.0.000"
         } ]
      },
      "parameters" : {
         "def" : [ {
            "localId" : "21",
            "locator" : "25:1-25:49",
            "name" : "Measurement Period",
            "accessLevel" : "Public",
            "parameterTypeSpecifier" : {
               "localId" : "20",
               "locator" : "25:32-25:49",
               "type" : "IntervalTypeSpecifier",
               "pointType" : {
                  "localId" : "19",
                  "locator" : "25:41-25:48",
                  "name" : "{urn:hl7-org:elm-types:r1}DateTime",
                  "type" : "NamedTypeSpecifier"
               }
            }
         } ]
      },
      "codeSystems" : {
         "def" : [ {
            "localId" : "3",
            "locator" : "7:1-7:51",
            "name" : "LOINC",
            "id" : "urn:oid:2.16.840.1.113883.6.1",
            "accessLevel" : "Public"
         } ]
      },
      "valueSets" : {
         "def" : [ {
            "localId" : "4",
            "locator" : "9:1-9:110",
            "name" : "Care Services in Long-Term Residential Facility",
            "id" : "urn:oid:2.16.840.1.113883.3.464.1003.101.12.1014",
            "accessLevel" : "Public"
         }, {
            "localId" : "5",
            "locator" : "10:1-10:70",
            "name" : "Cup to Disc Ratio",
            "id" : "urn:oid:2.16.840.1.113883.3.526.3.1333",
            "accessLevel" : "Public"
         }, {
            "localId" : "6",
            "locator" : "11:1-11:58",
            "name" : "Ethnicity",
            "id" : "urn:oid:2.16.840.1.114222.4.11.837",
            "accessLevel" : "Public"
         }, {
            "localId" : "7",
            "locator" : "12:1-12:67",
            "name" : "Medical Reason",
            "id" : "urn:oid:2.16.840.1.113883.3.526.3.1007",
            "accessLevel" : "Public"
         }, {
            "localId" : "8",
            "locator" : "13:1-13:85",
            "name" : "Nursing Facility Visit",
            "id" : "urn:oid:2.16.840.1.113883.3.464.1003.101.12.1012",
            "accessLevel" : "Public"
         }, {
            "localId" : "9",
            "locator" : "14:1-14:75",
            "name" : "Office Visit",
            "id" : "urn:oid:2.16.840.1.113883.3.464.1003.101.12.1001",
            "accessLevel" : "Public"
         }, {
            "localId" : "10",
            "locator" : "15:1-15:68",
            "name" : "ONC Administrative Sex",
            "id" : "urn:oid:2.16.840.1.113762.1.4.1",
            "accessLevel" : "Public"
         }, {
            "localId" : "11",
            "locator" : "16:1-16:78",
            "name" : "Ophthalmological Services",
            "id" : "urn:oid:2.16.840.1.113883.3.526.3.1285",
            "accessLevel" : "Public"
         }, {
            "localId" : "12",
            "locator" : "17:1-17:97",
            "name" : "Optic Disc Exam for Structural Abnormalities",
            "id" : "urn:oid:2.16.840.1.113883.3.526.3.1334",
            "accessLevel" : "Public"
         }, {
            "localId" : "13",
            "locator" : "18:1-18:86",
            "name" : "Outpatient Consultation",
            "id" : "urn:oid:2.16.840.1.113883.3.464.1003.101.12.1008",
            "accessLevel" : "Public"
         }, {
            "localId" : "14",
            "locator" : "19:1-19:55",
            "name" : "Payer",
            "id" : "urn:oid:2.16.840.1.114222.4.11.3591",
            "accessLevel" : "Public"
         }, {
            "localId" : "15",
            "locator" : "20:1-20:79",
            "name" : "Primary Open-Angle Glaucoma",
            "id" : "urn:oid:2.16.840.1.113883.3.526.3.326",
            "accessLevel" : "Public"
         }, {
            "localId" : "16",
            "locator" : "21:1-21:53",
            "name" : "Race",
            "id" : "urn:oid:2.16.840.1.114222.4.11.836",
            "accessLevel" : "Public"
         } ]
      },
      "codes" : {
         "def" : [ {
            "localId" : "18",
            "locator" : "23:1-23:62",
            "name" : "Birth date",
            "id" : "21112-8",
            "display" : "Birth date",
            "accessLevel" : "Public",
            "codeSystem" : {
               "localId" : "17",
               "locator" : "23:35-23:41",
               "name" : "LOINC"
            }
         } ]
      },
      "statements" : {
         "def" : [ {
            "locator" : "27:1-27:15",
            "name" : "Patient",
            "context" : "Patient",
            "expression" : {
               "type" : "SingletonFrom",
               "operand" : {
                  "locator" : "27:1-27:15",
                  "dataType" : "{urn:healthit-gov:qdm:v5_4}Patient",
                  "templateId" : "Patient",
                  "type" : "Retrieve"
               }
            }
         }, {
            "localId" : "23",
            "locator" : "29:1-30:50",
            "name" : "SDE Ethnicity",
            "context" : "Patient",
            "accessLevel" : "Public",
            "annotation" : [ {
               "type" : "Annotation",
               "s" : {
                  "r" : "23",
                  "s" : [ {
                     "value" : [ "define ","\"SDE Ethnicity\"",":\n\t" ]
                  }, {
                     "r" : "22",
                     "s" : [ {
                        "value" : [ "[","\"Patient Characteristic Ethnicity\"",": " ]
                     }, {
                        "s" : [ {
                           "value" : [ "\"Ethnicity\"" ]
                        } ]
                     }, {
                        "value" : [ "]" ]
                     } ]
                  } ]
               }
            } ],
            "expression" : {
               "localId" : "22",
               "locator" : "30:2-30:50",
               "dataType" : "{urn:healthit-gov:qdm:v5_4}PatientCharacteristicEthnicity",
               "codeProperty" : "code",
               "type" : "Retrieve",
               "codes" : {
                  "name" : "Ethnicity",
                  "type" : "ValueSetRef"
               }
            }
         }, {
            "localId" : "25",
            "locator" : "32:1-33:42",
            "name" : "SDE Payer",
            "context" : "Patient",
            "accessLevel" : "Public",
            "annotation" : [ {
               "type" : "Annotation",
               "s" : {
                  "r" : "25",
                  "s" : [ {
                     "value" : [ "define ","\"SDE Payer\"",":\n\t" ]
                  }, {
                     "r" : "24",
                     "s" : [ {
                        "value" : [ "[","\"Patient Characteristic Payer\"",": " ]
                     }, {
                        "s" : [ {
                           "value" : [ "\"Payer\"" ]
                        } ]
                     }, {
                        "value" : [ "]" ]
                     } ]
                  } ]
               }
            } ],
            "expression" : {
               "localId" : "24",
               "locator" : "33:2-33:42",
               "dataType" : "{urn:healthit-gov:qdm:v5_4}PatientCharacteristicPayer",
               "codeProperty" : "code",
               "type" : "Retrieve",
               "codes" : {
                  "name" : "Payer",
                  "type" : "ValueSetRef"
               }
            }
         }, {
            "localId" : "27",
            "locator" : "35:1-36:40",
            "name" : "SDE Race",
            "context" : "Patient",
            "accessLevel" : "Public",
            "annotation" : [ {
               "type" : "Annotation",
               "s" : {
                  "r" : "27",
                  "s" : [ {
                     "value" : [ "define ","\"SDE Race\"",":\n\t" ]
                  }, {
                     "r" : "26",
                     "s" : [ {
                        "value" : [ "[","\"Patient Characteristic Race\"",": " ]
                     }, {
                        "s" : [ {
                           "value" : [ "\"Race\"" ]
                        } ]
                     }, {
                        "value" : [ "]" ]
                     } ]
                  } ]
               }
            } ],
            "expression" : {
               "localId" : "26",
               "locator" : "36:2-36:40",
               "dataType" : "{urn:healthit-gov:qdm:v5_4}PatientCharacteristicRace",
               "codeProperty" : "code",
               "type" : "Retrieve",
               "codes" : {
                  "name" : "Race",
                  "type" : "ValueSetRef"
               }
            }
         }, {
            "localId" : "29",
            "locator" : "38:1-39:57",
            "name" : "SDE Sex",
            "context" : "Patient",
            "accessLevel" : "Public",
            "annotation" : [ {
               "type" : "Annotation",
               "s" : {
                  "r" : "29",
                  "s" : [ {
                     "value" : [ "define ","\"SDE Sex\"",":\n\t" ]
                  }, {
                     "r" : "28",
                     "s" : [ {
                        "value" : [ "[","\"Patient Characteristic Sex\"",": " ]
                     }, {
                        "s" : [ {
                           "value" : [ "\"ONC Administrative Sex\"" ]
                        } ]
                     }, {
                        "value" : [ "]" ]
                     } ]
                  } ]
               }
            } ],
            "expression" : {
               "localId" : "28",
               "locator" : "39:2-39:57",
               "dataType" : "{urn:healthit-gov:qdm:v5_4}PatientCharacteristicSex",
               "codeProperty" : "code",
               "type" : "Retrieve",
               "codes" : {
                  "name" : "ONC Administrative Sex",
                  "type" : "ValueSetRef"
               }
            }
         }, {
            "localId" : "45",
            "locator" : "41:1-47:70",
            "name" : "Face to Face Encounter During Measurement Period",
            "context" : "Patient",
            "accessLevel" : "Public",
            "annotation" : [ {
               "type" : "Annotation",
               "s" : {
                  "r" : "45",
                  "s" : [ {
                     "value" : [ "define ","\"Face to Face Encounter During Measurement Period\"",":\n\t" ]
                  }, {
                     "r" : "44",
                     "s" : [ {
                        "s" : [ {
                           "r" : "39",
                           "s" : [ {
                              "r" : "38",
                              "s" : [ {
                                 "value" : [ "( " ]
                              }, {
                                 "r" : "38",
                                 "s" : [ {
                                    "r" : "36",
                                    "s" : [ {
                                       "r" : "34",
                                       "s" : [ {
                                          "r" : "32",
                                          "s" : [ {
                                             "r" : "30",
                                             "s" : [ {
                                                "value" : [ "[","\"Encounter, Performed\"",": " ]
                                             }, {
                                                "s" : [ {
                                                   "value" : [ "\"Office Visit\"" ]
                                                } ]
                                             }, {
                                                "value" : [ "]" ]
                                             } ]
                                          }, {
                                             "value" : [ "\n\t\tunion " ]
                                          }, {
                                             "r" : "31",
                                             "s" : [ {
                                                "value" : [ "[","\"Encounter, Performed\"",": " ]
                                             }, {
                                                "s" : [ {
                                                   "value" : [ "\"Ophthalmological Services\"" ]
                                                } ]
                                             }, {
                                                "value" : [ "]" ]
                                             } ]
                                          } ]
                                       }, {
                                          "value" : [ "\n\t\tunion " ]
                                       }, {
                                          "r" : "33",
                                          "s" : [ {
                                             "value" : [ "[","\"Encounter, Performed\"",": " ]
                                          }, {
                                             "s" : [ {
                                                "value" : [ "\"Outpatient Consultation\"" ]
                                             } ]
                                          }, {
                                             "value" : [ "]" ]
                                          } ]
                                       } ]
                                    }, {
                                       "value" : [ "\n\t\tunion " ]
                                    }, {
                                       "r" : "35",
                                       "s" : [ {
                                          "value" : [ "[","\"Encounter, Performed\"",": " ]
                                       }, {
                                          "s" : [ {
                                             "value" : [ "\"Nursing Facility Visit\"" ]
                                          } ]
                                       }, {
                                          "value" : [ "]" ]
                                       } ]
                                    } ]
                                 }, {
                                    "value" : [ "\n\t\tunion " ]
                                 }, {
                                    "r" : "37",
                                    "s" : [ {
                                       "value" : [ "[","\"Encounter, Performed\"",": " ]
                                    }, {
                                       "s" : [ {
                                          "value" : [ "\"Care Services in Long-Term Residential Facility\"" ]
                                       } ]
                                    }, {
                                       "value" : [ "]" ]
                                    } ]
                                 } ]
                              }, {
                                 "value" : [ " )" ]
                              } ]
                           }, {
                              "value" : [ " ","FaceToFaceEncounter" ]
                           } ]
                        } ]
                     }, {
                        "value" : [ "\n\t\t" ]
                     }, {
                        "r" : "43",
                        "s" : [ {
                           "value" : [ "where " ]
                        }, {
                           "r" : "43",
                           "s" : [ {
                              "r" : "41",
                              "s" : [ {
                                 "r" : "40",
                                 "s" : [ {
                                    "value" : [ "FaceToFaceEncounter" ]
                                 } ]
                              }, {
                                 "value" : [ "." ]
                              }, {
                                 "r" : "41",
                                 "s" : [ {
                                    "value" : [ "relevantPeriod" ]
                                 } ]
                              } ]
                           }, {
                              "value" : [ " ","during"," " ]
                           }, {
                              "r" : "42",
                              "s" : [ {
                                 "value" : [ "\"Measurement Period\"" ]
                              } ]
                           } ]
                        } ]
                     } ]
                  } ]
               }
            } ],
            "expression" : {
               "localId" : "44",
               "locator" : "42:2-47:70",
               "type" : "Query",
               "source" : [ {
                  "localId" : "39",
                  "locator" : "42:2-46:105",
                  "alias" : "FaceToFaceEncounter",
                  "expression" : {
                     "localId" : "38",
                     "locator" : "42:2-46:85",
                     "type" : "Union",
                     "operand" : [ {
                        "localId" : "36",
                        "locator" : "42:4-45:58",
                        "type" : "Union",
                        "operand" : [ {
                           "localId" : "32",
                           "locator" : "42:4-43:61",
                           "type" : "Union",
                           "operand" : [ {
                              "localId" : "30",
                              "locator" : "42:4-42:43",
                              "dataType" : "{urn:healthit-gov:qdm:v5_4}PositiveEncounterPerformed",
                              "templateId" : "PositiveEncounterPerformed",
                              "codeProperty" : "code",
                              "type" : "Retrieve",
                              "codes" : {
                                 "name" : "Office Visit",
                                 "type" : "ValueSetRef"
                              }
                           }, {
                              "localId" : "31",
                              "locator" : "43:9-43:61",
                              "dataType" : "{urn:healthit-gov:qdm:v5_4}PositiveEncounterPerformed",
                              "templateId" : "PositiveEncounterPerformed",
                              "codeProperty" : "code",
                              "type" : "Retrieve",
                              "codes" : {
                                 "name" : "Ophthalmological Services",
                                 "type" : "ValueSetRef"
                              }
                           } ]
                        }, {
                           "type" : "Union",
                           "operand" : [ {
                              "localId" : "33",
                              "locator" : "44:9-44:59",
                              "dataType" : "{urn:healthit-gov:qdm:v5_4}PositiveEncounterPerformed",
                              "templateId" : "PositiveEncounterPerformed",
                              "codeProperty" : "code",
                              "type" : "Retrieve",
                              "codes" : {
                                 "name" : "Outpatient Consultation",
                                 "type" : "ValueSetRef"
                              }
                           }, {
                              "localId" : "35",
                              "locator" : "45:9-45:58",
                              "dataType" : "{urn:healthit-gov:qdm:v5_4}PositiveEncounterPerformed",
                              "templateId" : "PositiveEncounterPerformed",
                              "codeProperty" : "code",
                              "type" : "Retrieve",
                              "codes" : {
                                 "name" : "Nursing Facility Visit",
                                 "type" : "ValueSetRef"
                              }
                           } ]
                        } ]
                     }, {
                        "localId" : "37",
                        "locator" : "46:9-46:83",
                        "dataType" : "{urn:healthit-gov:qdm:v5_4}PositiveEncounterPerformed",
                        "templateId" : "PositiveEncounterPerformed",
                        "codeProperty" : "code",
                        "type" : "Retrieve",
                        "codes" : {
                           "name" : "Care Services in Long-Term Residential Facility",
                           "type" : "ValueSetRef"
                        }
                     } ]
                  }
               } ],
               "relationship" : [ ],
               "where" : {
                  "localId" : "43",
                  "locator" : "47:3-47:70",
                  "type" : "IncludedIn",
                  "operand" : [ {
                     "localId" : "41",
                     "locator" : "47:9-47:42",
                     "path" : "relevantPeriod",
                     "scope" : "FaceToFaceEncounter",
                     "type" : "Property"
                  }, {
                     "localId" : "42",
                     "locator" : "47:51-47:70",
                     "name" : "Measurement Period",
                     "type" : "ParameterRef"
                  } ]
               }
            }
         }, {
            "localId" : "59",
            "locator" : "68:1-71:103",
            "name" : "Primary Open Angle Glaucoma Encounter",
            "context" : "Patient",
            "accessLevel" : "Public",
            "annotation" : [ {
               "type" : "Annotation",
               "s" : {
                  "r" : "59",
                  "s" : [ {
                     "value" : [ "define ","\"Primary Open Angle Glaucoma Encounter\"",":\n\t" ]
                  }, {
                     "r" : "58",
                     "s" : [ {
                        "s" : [ {
                           "r" : "49",
                           "s" : [ {
                              "r" : "48",
                              "s" : [ {
                                 "s" : [ {
                                    "value" : [ "\"Face to Face Encounter During Measurement Period\"" ]
                                 } ]
                              } ]
                           }, {
                              "value" : [ " ","ValidFaceToFaceEncounter" ]
                           } ]
                        } ]
                     }, {
                        "value" : [ "\n\t\t" ]
                     }, {
                        "r" : "57",
                        "s" : [ {
                           "value" : [ "with " ]
                        }, {
                           "r" : "51",
                           "s" : [ {
                              "r" : "50",
                              "s" : [ {
                                 "r" : "50",
                                 "s" : [ {
                                    "value" : [ "[","\"Diagnosis\"",": " ]
                                 }, {
                                    "s" : [ {
                                       "value" : [ "\"Primary Open-Angle Glaucoma\"" ]
                                    } ]
                                 }, {
                                    "value" : [ "]" ]
                                 } ]
                              } ]
                           }, {
                              "value" : [ " ","PrimaryOpenAngleGlaucoma" ]
                           } ]
                        }, {
                           "value" : [ "\n\t\t\tsuch that " ]
                        }, {
                           "r" : "56",
                           "s" : [ {
                              "r" : "53",
                              "s" : [ {
                                 "r" : "52",
                                 "s" : [ {
                                    "value" : [ "PrimaryOpenAngleGlaucoma" ]
                                 } ]
                              }, {
                                 "value" : [ "." ]
                              }, {
                                 "r" : "53",
                                 "s" : [ {
                                    "value" : [ "prevalencePeriod" ]
                                 } ]
                              } ]
                           }, {
                              "value" : [ " ","overlaps"," " ]
                           }, {
                              "r" : "55",
                              "s" : [ {
                                 "r" : "54",
                                 "s" : [ {
                                    "value" : [ "ValidFaceToFaceEncounter" ]
                                 } ]
                              }, {
                                 "value" : [ "." ]
                              }, {
                                 "r" : "55",
                                 "s" : [ {
                                    "value" : [ "relevantPeriod" ]
                                 } ]
                              } ]
                           } ]
                        } ]
                     } ]
                  } ]
               }
            } ],
            "expression" : {
               "localId" : "58",
               "locator" : "69:2-71:103",
               "type" : "Query",
               "source" : [ {
                  "localId" : "49",
                  "locator" : "69:2-69:76",
                  "alias" : "ValidFaceToFaceEncounter",
                  "expression" : {
                     "localId" : "48",
                     "locator" : "69:2-69:51",
                     "name" : "Face to Face Encounter During Measurement Period",
                     "type" : "ExpressionRef"
                  }
               } ],
               "relationship" : [ {
                  "localId" : "57",
                  "locator" : "70:3-71:103",
                  "alias" : "PrimaryOpenAngleGlaucoma",
                  "type" : "With",
                  "expression" : {
                     "localId" : "50",
                     "locator" : "70:8-70:51",
                     "dataType" : "{urn:healthit-gov:qdm:v5_4}Diagnosis",
                     "codeProperty" : "code",
                     "type" : "Retrieve",
                     "codes" : {
                        "name" : "Primary Open-Angle Glaucoma",
                        "type" : "ValueSetRef"
                     }
                  },
                  "suchThat" : {
                     "localId" : "56",
                     "locator" : "71:14-71:103",
                     "type" : "Overlaps",
                     "operand" : [ {
                        "localId" : "53",
                        "locator" : "71:14-71:54",
                        "path" : "prevalencePeriod",
                        "scope" : "PrimaryOpenAngleGlaucoma",
                        "type" : "Property"
                     }, {
                        "localId" : "55",
                        "locator" : "71:65-71:103",
                        "path" : "relevantPeriod",
                        "scope" : "ValidFaceToFaceEncounter",
                        "type" : "Property"
                     } ]
                  }
               } ]
            }
         }, {
            "localId" : "73",
            "locator" : "62:1-66:49",
            "name" : "Cup to Disc Ratio Performed with Result",
            "context" : "Patient",
            "accessLevel" : "Public",
            "annotation" : [ {
               "type" : "Annotation",
               "s" : {
                  "r" : "73",
                  "s" : [ {
                     "value" : [ "define ","\"Cup to Disc Ratio Performed with Result\"",":\n\t" ]
                  }, {
                     "r" : "72",
                     "s" : [ {
                        "s" : [ {
                           "r" : "47",
                           "s" : [ {
                              "r" : "46",
                              "s" : [ {
                                 "r" : "46",
                                 "s" : [ {
                                    "value" : [ "[","\"Diagnostic Study, Performed\"",": " ]
                                 }, {
                                    "s" : [ {
                                       "value" : [ "\"Cup to Disc Ratio\"" ]
                                    } ]
                                 }, {
                                    "value" : [ "]" ]
                                 } ]
                              } ]
                           }, {
                              "value" : [ " ","CupToDiscExamPerformed" ]
                           } ]
                        } ]
                     }, {
                        "value" : [ "\n\t\t" ]
                     }, {
                        "r" : "71",
                        "s" : [ {
                           "value" : [ "with " ]
                        }, {
                           "r" : "61",
                           "s" : [ {
                              "r" : "60",
                              "s" : [ {
                                 "s" : [ {
                                    "value" : [ "\"Primary Open Angle Glaucoma Encounter\"" ]
                                 } ]
                              } ]
                           }, {
                              "value" : [ " ","EncounterWithPOAG" ]
                           } ]
                        }, {
                           "value" : [ "\n\t\t\tsuch that " ]
                        }, {
                           "r" : "70",
                           "s" : [ {
                              "r" : "66",
                              "s" : [ {
                                 "r" : "63",
                                 "s" : [ {
                                    "r" : "62",
                                    "s" : [ {
                                       "value" : [ "CupToDiscExamPerformed" ]
                                    } ]
                                 }, {
                                    "value" : [ "." ]
                                 }, {
                                    "r" : "63",
                                    "s" : [ {
                                       "value" : [ "relevantPeriod" ]
                                    } ]
                                 } ]
                              }, {
                                 "value" : [ " ","during"," " ]
                              }, {
                                 "r" : "65",
                                 "s" : [ {
                                    "r" : "64",
                                    "s" : [ {
                                       "value" : [ "EncounterWithPOAG" ]
                                    } ]
                                 }, {
                                    "value" : [ "." ]
                                 }, {
                                    "r" : "65",
                                    "s" : [ {
                                       "value" : [ "relevantPeriod" ]
                                    } ]
                                 } ]
                              } ]
                           }, {
                              "value" : [ "\n\t\t\t\tand " ]
                           }, {
                              "r" : "69",
                              "s" : [ {
                                 "r" : "68",
                                 "s" : [ {
                                    "r" : "67",
                                    "s" : [ {
                                       "value" : [ "CupToDiscExamPerformed" ]
                                    } ]
                                 }, {
                                    "value" : [ "." ]
                                 }, {
                                    "r" : "68",
                                    "s" : [ {
                                       "value" : [ "result" ]
                                    } ]
                                 } ]
                              }, {
                                 "value" : [ " is not null" ]
                              } ]
                           } ]
                        } ]
                     } ]
                  } ]
               }
            } ],
            "expression" : {
               "localId" : "72",
               "locator" : "63:2-66:49",
               "type" : "Query",
               "source" : [ {
                  "localId" : "47",
                  "locator" : "63:2-63:76",
                  "alias" : "CupToDiscExamPerformed",
                  "expression" : {
                     "localId" : "46",
                     "locator" : "63:2-63:53",
                     "dataType" : "{urn:healthit-gov:qdm:v5_4}PositiveDiagnosticStudyPerformed",
                     "templateId" : "PositiveDiagnosticStudyPerformed",
                     "codeProperty" : "code",
                     "type" : "Retrieve",
                     "codes" : {
                        "name" : "Cup to Disc Ratio",
                        "type" : "ValueSetRef"
                     }
                  }
               } ],
               "relationship" : [ {
                  "localId" : "71",
                  "locator" : "64:3-66:49",
                  "alias" : "EncounterWithPOAG",
                  "type" : "With",
                  "expression" : {
                     "localId" : "60",
                     "locator" : "64:8-64:46",
                     "name" : "Primary Open Angle Glaucoma Encounter",
                     "type" : "ExpressionRef"
                  },
                  "suchThat" : {
                     "localId" : "70",
                     "locator" : "65:14-66:49",
                     "type" : "And",
                     "operand" : [ {
                        "localId" : "66",
                        "locator" : "65:14-65:90",
                        "type" : "IncludedIn",
                        "operand" : [ {
                           "localId" : "63",
                           "locator" : "65:14-65:50",
                           "path" : "relevantPeriod",
                           "scope" : "CupToDiscExamPerformed",
                           "type" : "Property"
                        }, {
                           "localId" : "65",
                           "locator" : "65:59-65:90",
                           "path" : "relevantPeriod",
                           "scope" : "EncounterWithPOAG",
                           "type" : "Property"
                        } ]
                     }, {
                        "localId" : "69",
                        "locator" : "66:9-66:49",
                        "type" : "Not",
                        "operand" : {
                           "locator" : "66:9-66:49",
                           "type" : "IsNull",
                           "operand" : {
                              "localId" : "68",
                              "locator" : "66:9-66:37",
                              "path" : "result",
                              "scope" : "CupToDiscExamPerformed",
                              "type" : "Property"
                           }
                        }
                     } ]
                  }
               } ]
            }
         }, {
            "localId" : "91",
            "locator" : "73:1-77:49",
            "name" : "Optic Disc Exam Performed with Result",
            "context" : "Patient",
            "accessLevel" : "Public",
            "annotation" : [ {
               "type" : "Annotation",
               "s" : {
                  "r" : "91",
                  "s" : [ {
                     "value" : [ "define ","\"Optic Disc Exam Performed with Result\"",":\n\t" ]
                  }, {
                     "r" : "90",
                     "s" : [ {
                        "s" : [ {
                           "r" : "77",
                           "s" : [ {
                              "r" : "76",
                              "s" : [ {
                                 "r" : "76",
                                 "s" : [ {
                                    "value" : [ "[","\"Diagnostic Study, Performed\"",": " ]
                                 }, {
                                    "s" : [ {
                                       "value" : [ "\"Optic Disc Exam for Structural Abnormalities\"" ]
                                    } ]
                                 }, {
                                    "value" : [ "]" ]
                                 } ]
                              } ]
                           }, {
                              "value" : [ " ","OpticDiscExamPerformed" ]
                           } ]
                        } ]
                     }, {
                        "value" : [ "\n\t\t" ]
                     }, {
                        "r" : "89",
                        "s" : [ {
                           "value" : [ "with " ]
                        }, {
                           "r" : "79",
                           "s" : [ {
                              "r" : "78",
                              "s" : [ {
                                 "s" : [ {
                                    "value" : [ "\"Primary Open Angle Glaucoma Encounter\"" ]
                                 } ]
                              } ]
                           }, {
                              "value" : [ " ","EncounterWithPOAG" ]
                           } ]
                        }, {
                           "value" : [ "\n\t\t\tsuch that " ]
                        }, {
                           "r" : "88",
                           "s" : [ {
                              "r" : "84",
                              "s" : [ {
                                 "r" : "81",
                                 "s" : [ {
                                    "r" : "80",
                                    "s" : [ {
                                       "value" : [ "OpticDiscExamPerformed" ]
                                    } ]
                                 }, {
                                    "value" : [ "." ]
                                 }, {
                                    "r" : "81",
                                    "s" : [ {
                                       "value" : [ "relevantPeriod" ]
                                    } ]
                                 } ]
                              }, {
                                 "value" : [ " ","during"," " ]
                              }, {
                                 "r" : "83",
                                 "s" : [ {
                                    "r" : "82",
                                    "s" : [ {
                                       "value" : [ "EncounterWithPOAG" ]
                                    } ]
                                 }, {
                                    "value" : [ "." ]
                                 }, {
                                    "r" : "83",
                                    "s" : [ {
                                       "value" : [ "relevantPeriod" ]
                                    } ]
                                 } ]
                              } ]
                           }, {
                              "value" : [ "\n\t\t\t\tand " ]
                           }, {
                              "r" : "87",
                              "s" : [ {
                                 "r" : "86",
                                 "s" : [ {
                                    "r" : "85",
                                    "s" : [ {
                                       "value" : [ "OpticDiscExamPerformed" ]
                                    } ]
                                 }, {
                                    "value" : [ "." ]
                                 }, {
                                    "r" : "86",
                                    "s" : [ {
                                       "value" : [ "result" ]
                                    } ]
                                 } ]
                              }, {
                                 "value" : [ " is not null" ]
                              } ]
                           } ]
                        } ]
                     } ]
                  } ]
               }
            } ],
            "expression" : {
               "localId" : "90",
               "locator" : "74:2-77:49",
               "type" : "Query",
               "source" : [ {
                  "localId" : "77",
                  "locator" : "74:2-74:103",
                  "alias" : "OpticDiscExamPerformed",
                  "expression" : {
                     "localId" : "76",
                     "locator" : "74:2-74:80",
                     "dataType" : "{urn:healthit-gov:qdm:v5_4}PositiveDiagnosticStudyPerformed",
                     "templateId" : "PositiveDiagnosticStudyPerformed",
                     "codeProperty" : "code",
                     "type" : "Retrieve",
                     "codes" : {
                        "name" : "Optic Disc Exam for Structural Abnormalities",
                        "type" : "ValueSetRef"
                     }
                  }
               } ],
               "relationship" : [ {
                  "localId" : "89",
                  "locator" : "75:3-77:49",
                  "alias" : "EncounterWithPOAG",
                  "type" : "With",
                  "expression" : {
                     "localId" : "78",
                     "locator" : "75:8-75:46",
                     "name" : "Primary Open Angle Glaucoma Encounter",
                     "type" : "ExpressionRef"
                  },
                  "suchThat" : {
                     "localId" : "88",
                     "locator" : "76:14-77:49",
                     "type" : "And",
                     "operand" : [ {
                        "localId" : "84",
                        "locator" : "76:14-76:90",
                        "type" : "IncludedIn",
                        "operand" : [ {
                           "localId" : "81",
                           "locator" : "76:14-76:50",
                           "path" : "relevantPeriod",
                           "scope" : "OpticDiscExamPerformed",
                           "type" : "Property"
                        }, {
                           "localId" : "83",
                           "locator" : "76:59-76:90",
                           "path" : "relevantPeriod",
                           "scope" : "EncounterWithPOAG",
                           "type" : "Property"
                        } ]
                     }, {
                        "localId" : "87",
                        "locator" : "77:9-77:49",
                        "type" : "Not",
                        "operand" : {
                           "locator" : "77:9-77:49",
                           "type" : "IsNull",
                           "operand" : {
                              "localId" : "86",
                              "locator" : "77:9-77:37",
                              "path" : "result",
                              "scope" : "OpticDiscExamPerformed",
                              "type" : "Property"
                           }
                        }
                     } ]
                  }
               } ]
            }
         }, {
            "localId" : "95",
            "locator" : "49:1-51:52",
            "name" : "Numerator",
            "context" : "Patient",
            "accessLevel" : "Public",
            "annotation" : [ {
               "type" : "Annotation",
               "s" : {
                  "r" : "95",
                  "s" : [ {
                     "value" : [ "define ","\"Numerator\"",":\n\t" ]
                  }, {
                     "r" : "94",
                     "s" : [ {
                        "r" : "75",
                        "s" : [ {
                           "value" : [ "exists " ]
                        }, {
                           "r" : "74",
                           "s" : [ {
                              "value" : [ "\"Cup to Disc Ratio Performed with Result\"" ]
                           } ]
                        } ]
                     }, {
                        "value" : [ "\n\t\tand " ]
                     }, {
                        "r" : "93",
                        "s" : [ {
                           "value" : [ "exists " ]
                        }, {
                           "r" : "92",
                           "s" : [ {
                              "value" : [ "\"Optic Disc Exam Performed with Result\"" ]
                           } ]
                        } ]
                     } ]
                  } ]
               }
            } ],
            "expression" : {
               "localId" : "94",
               "locator" : "50:2-51:52",
               "type" : "And",
               "operand" : [ {
                  "localId" : "75",
                  "locator" : "50:2-50:49",
                  "type" : "Exists",
                  "operand" : {
                     "localId" : "74",
                     "locator" : "50:9-50:49",
                     "name" : "Cup to Disc Ratio Performed with Result",
                     "type" : "ExpressionRef"
                  }
               }, {
                  "localId" : "93",
                  "locator" : "51:7-51:52",
                  "type" : "Exists",
                  "operand" : {
                     "localId" : "92",
                     "locator" : "51:14-51:52",
                     "name" : "Optic Disc Exam Performed with Result",
                     "type" : "ExpressionRef"
                  }
               } ]
            }
         }, {
            "localId" : "111",
            "locator" : "89:1-93:52",
            "name" : "Initial Population",
            "context" : "Patient",
            "accessLevel" : "Public",
            "annotation" : [ {
               "type" : "Annotation",
               "s" : {
                  "r" : "111",
                  "s" : [ {
                     "value" : [ "define ","\"Initial Population\"",":\n\t" ]
                  }, {
                     "r" : "110",
                     "s" : [ {
                        "r" : "107",
                        "s" : [ {
                           "value" : [ "exists " ]
                        }, {
                           "r" : "106",
                           "s" : [ {
                              "value" : [ "( " ]
                           }, {
                              "r" : "106",
                              "s" : [ {
                                 "s" : [ {
                                    "r" : "97",
                                    "s" : [ {
                                       "r" : "96",
                                       "s" : [ {
                                          "r" : "96",
                                          "s" : [ {
                                             "value" : [ "[","\"Patient Characteristic Birthdate\"",": " ]
                                          }, {
                                             "s" : [ {
                                                "value" : [ "\"Birth date\"" ]
                                             } ]
                                          }, {
                                             "value" : [ "]" ]
                                          } ]
                                       } ]
                                    }, {
                                       "value" : [ " ","BirthDate" ]
                                    } ]
                                 } ]
                              }, {
                                 "value" : [ "\n\t\t\t" ]
                              }, {
                                 "r" : "105",
                                 "s" : [ {
                                    "value" : [ "where " ]
                                 }, {
                                    "r" : "105",
                                    "s" : [ {
                                       "r" : "103",
                                       "s" : [ {
                                          "r" : "98",
                                          "s" : [ {
                                             "value" : [ "Global" ]
                                          } ]
                                       }, {
                                          "value" : [ "." ]
                                       }, {
                                          "r" : "103",
                                          "s" : [ {
                                             "value" : [ "\"CalendarAgeInYearsAt\"","(" ]
                                          }, {
                                             "r" : "100",
                                             "s" : [ {
                                                "r" : "99",
                                                "s" : [ {
                                                   "value" : [ "BirthDate" ]
                                                } ]
                                             }, {
                                                "value" : [ "." ]
                                             }, {
                                                "r" : "100",
                                                "s" : [ {
                                                   "value" : [ "birthDatetime" ]
                                                } ]
                                             } ]
                                          }, {
                                             "value" : [ ", " ]
                                          }, {
                                             "r" : "102",
                                             "s" : [ {
                                                "value" : [ "start of " ]
                                             }, {
                                                "r" : "101",
                                                "s" : [ {
                                                   "value" : [ "\"Measurement Period\"" ]
                                                } ]
                                             } ]
                                          }, {
                                             "value" : [ ")" ]
                                          } ]
                                       } ]
                                    }, {
                                       "value" : [ ">="," ","18" ]
                                    } ]
                                 } ]
                              } ]
                           }, {
                              "value" : [ "\n\t)" ]
                           } ]
                        } ]
                     }, {
                        "value" : [ "\n\t\tand " ]
                     }, {
                        "r" : "109",
                        "s" : [ {
                           "value" : [ "exists " ]
                        }, {
                           "r" : "108",
                           "s" : [ {
                              "value" : [ "\"Primary Open Angle Glaucoma Encounter\"" ]
                           } ]
                        } ]
                     } ]
                  } ]
               }
            } ],
            "expression" : {
               "localId" : "110",
               "locator" : "90:2-93:52",
               "type" : "And",
               "operand" : [ {
                  "localId" : "107",
                  "locator" : "90:2-92:2",
                  "type" : "Exists",
                  "operand" : {
                     "localId" : "106",
                     "locator" : "90:9-92:2",
                     "type" : "Query",
                     "source" : [ {
                        "localId" : "97",
                        "locator" : "90:11-90:70",
                        "alias" : "BirthDate",
                        "expression" : {
                           "localId" : "96",
                           "locator" : "90:11-90:60",
                           "dataType" : "{urn:healthit-gov:qdm:v5_4}PatientCharacteristicBirthdate",
                           "codeProperty" : "code",
                           "type" : "Retrieve",
                           "codes" : {
                              "type" : "ToList",
                              "operand" : {
                                 "name" : "Birth date",
                                 "type" : "CodeRef"
                              }
                           }
                        }
                     } ],
                     "relationship" : [ ],
                     "where" : {
                        "localId" : "105",
                        "locator" : "91:4-91:99",
                        "type" : "GreaterOrEqual",
                        "operand" : [ {
                           "localId" : "103",
                           "locator" : "91:10-91:94",
                           "name" : "CalendarAgeInYearsAt",
                           "libraryName" : "Global",
                           "type" : "FunctionRef",
                           "operand" : [ {
                              "localId" : "100",
                              "locator" : "91:40-91:62",
                              "path" : "birthDatetime",
                              "scope" : "BirthDate",
                              "type" : "Property"
                           }, {
                              "localId" : "102",
                              "locator" : "91:65-91:93",
                              "type" : "Start",
                              "operand" : {
                                 "localId" : "101",
                                 "locator" : "91:74-91:93",
                                 "name" : "Measurement Period",
                                 "type" : "ParameterRef"
                              }
                           } ]
                        }, {
                           "localId" : "104",
                           "locator" : "91:98-91:99",
                           "valueType" : "{urn:hl7-org:elm-types:r1}Integer",
                           "value" : "18",
                           "type" : "Literal"
                        } ]
                     }
                  }
               }, {
                  "localId" : "109",
                  "locator" : "93:7-93:52",
                  "type" : "Exists",
                  "operand" : {
                     "localId" : "108",
                     "locator" : "93:14-93:52",
                     "name" : "Primary Open Angle Glaucoma Encounter",
                     "type" : "ExpressionRef"
                  }
               } ]
            }
         }, {
            "localId" : "113",
            "locator" : "53:1-54:21",
            "name" : "Denominator",
            "context" : "Patient",
            "accessLevel" : "Public",
            "annotation" : [ {
               "type" : "Annotation",
               "s" : {
                  "r" : "113",
                  "s" : [ {
                     "value" : [ "define ","\"Denominator\"",":\n\t" ]
                  }, {
                     "r" : "112",
                     "s" : [ {
                        "value" : [ "\"Initial Population\"" ]
                     } ]
                  } ]
               }
            } ],
            "expression" : {
               "localId" : "112",
               "locator" : "54:2-54:21",
               "name" : "Initial Population",
               "type" : "ExpressionRef"
            }
         }, {
            "localId" : "129",
            "locator" : "56:1-60:71",
            "name" : "Medical Reason for Not Performing Cup to Disc Ratio",
            "context" : "Patient",
            "accessLevel" : "Public",
            "annotation" : [ {
               "type" : "Annotation",
               "s" : {
                  "r" : "129",
                  "s" : [ {
                     "value" : [ "define ","\"Medical Reason for Not Performing Cup to Disc Ratio\"",":\n\t" ]
                  }, {
                     "r" : "128",
                     "s" : [ {
                        "s" : [ {
                           "r" : "115",
                           "s" : [ {
                              "r" : "114",
                              "s" : [ {
                                 "r" : "114",
                                 "s" : [ {
                                    "value" : [ "[","\"Diagnostic Study, Not Performed\"",": " ]
                                 }, {
                                    "s" : [ {
                                       "value" : [ "\"Cup to Disc Ratio\"" ]
                                    } ]
                                 }, {
                                    "value" : [ "]" ]
                                 } ]
                              } ]
                           }, {
                              "value" : [ " ","CupToDiscExamNotPerformed" ]
                           } ]
                        } ]
                     }, {
                        "value" : [ "\n\t\t" ]
                     }, {
                        "r" : "123",
                        "s" : [ {
                           "value" : [ "with " ]
                        }, {
                           "r" : "117",
                           "s" : [ {
                              "r" : "116",
                              "s" : [ {
                                 "s" : [ {
                                    "value" : [ "\"Primary Open Angle Glaucoma Encounter\"" ]
                                 } ]
                              } ]
                           }, {
                              "value" : [ " ","EncounterWithPOAG" ]
                           } ]
                        }, {
                           "value" : [ "\n\t\t\tsuch that " ]
                        }, {
                           "r" : "122",
                           "s" : [ {
                              "r" : "119",
                              "s" : [ {
                                 "r" : "118",
                                 "s" : [ {
                                    "value" : [ "CupToDiscExamNotPerformed" ]
                                 } ]
                              }, {
                                 "value" : [ "." ]
                              }, {
                                 "r" : "119",
                                 "s" : [ {
                                    "value" : [ "authorDatetime" ]
                                 } ]
                              } ]
                           }, {
                              "value" : [ " ","during"," " ]
                           }, {
                              "r" : "121",
                              "s" : [ {
                                 "r" : "120",
                                 "s" : [ {
                                    "value" : [ "EncounterWithPOAG" ]
                                 } ]
                              }, {
                                 "value" : [ "." ]
                              }, {
                                 "r" : "121",
                                 "s" : [ {
                                    "value" : [ "relevantPeriod" ]
                                 } ]
                              } ]
                           } ]
                        } ]
                     }, {
                        "value" : [ "\n\t\t" ]
                     }, {
                        "r" : "127",
                        "s" : [ {
                           "value" : [ "where " ]
                        }, {
                           "r" : "127",
                           "s" : [ {
                              "r" : "125",
                              "s" : [ {
                                 "r" : "124",
                                 "s" : [ {
                                    "value" : [ "CupToDiscExamNotPerformed" ]
                                 } ]
                              }, {
                                 "value" : [ "." ]
                              }, {
                                 "r" : "125",
                                 "s" : [ {
                                    "value" : [ "negationRationale" ]
                                 } ]
                              } ]
                           }, {
                              "value" : [ " in " ]
                           }, {
                              "r" : "126",
                              "s" : [ {
                                 "value" : [ "\"Medical Reason\"" ]
                              } ]
                           } ]
                        } ]
                     } ]
                  } ]
               }
            } ],
            "expression" : {
               "localId" : "128",
               "locator" : "57:2-60:71",
               "type" : "Query",
               "source" : [ {
                  "localId" : "115",
                  "locator" : "57:2-57:83",
                  "alias" : "CupToDiscExamNotPerformed",
                  "expression" : {
                     "localId" : "114",
                     "locator" : "57:2-57:57",
                     "dataType" : "{urn:healthit-gov:qdm:v5_4}NegativeDiagnosticStudyPerformed",
                     "templateId" : "NegativeDiagnosticStudyPerformed",
                     "codeProperty" : "code",
                     "type" : "Retrieve",
                     "codes" : {
                        "name" : "Cup to Disc Ratio",
                        "type" : "ValueSetRef"
                     }
                  }
               } ],
               "relationship" : [ {
                  "localId" : "123",
                  "locator" : "58:3-59:93",
                  "alias" : "EncounterWithPOAG",
                  "type" : "With",
                  "expression" : {
                     "localId" : "116",
                     "locator" : "58:8-58:46",
                     "name" : "Primary Open Angle Glaucoma Encounter",
                     "type" : "ExpressionRef"
                  },
                  "suchThat" : {
                     "localId" : "122",
                     "locator" : "59:14-59:93",
                     "type" : "In",
                     "operand" : [ {
                        "localId" : "119",
                        "locator" : "59:14-59:53",
                        "path" : "authorDatetime",
                        "scope" : "CupToDiscExamNotPerformed",
                        "type" : "Property"
                     }, {
                        "localId" : "121",
                        "locator" : "59:62-59:93",
                        "path" : "relevantPeriod",
                        "scope" : "EncounterWithPOAG",
                        "type" : "Property"
                     } ]
                  }
               } ],
               "where" : {
                  "localId" : "127",
                  "locator" : "60:3-60:71",
                  "type" : "InValueSet",
                  "code" : {
                     "localId" : "125",
                     "locator" : "60:9-60:51",
                     "path" : "negationRationale",
                     "scope" : "CupToDiscExamNotPerformed",
                     "type" : "Property"
                  },
                  "valueset" : {
                     "localId" : "126",
                     "locator" : "60:56-60:71",
                     "name" : "Medical Reason"
                  }
               }
            }
         }, {
            "localId" : "145",
            "locator" : "79:1-83:71",
            "name" : "Medical Reason for Not Performing Optic Disc Exam",
            "context" : "Patient",
            "accessLevel" : "Public",
            "annotation" : [ {
               "type" : "Annotation",
               "s" : {
                  "r" : "145",
                  "s" : [ {
                     "value" : [ "define ","\"Medical Reason for Not Performing Optic Disc Exam\"",":\n\t" ]
                  }, {
                     "r" : "144",
                     "s" : [ {
                        "s" : [ {
                           "r" : "131",
                           "s" : [ {
                              "r" : "130",
                              "s" : [ {
                                 "r" : "130",
                                 "s" : [ {
                                    "value" : [ "[","\"Diagnostic Study, Not Performed\"",": " ]
                                 }, {
                                    "s" : [ {
                                       "value" : [ "\"Optic Disc Exam for Structural Abnormalities\"" ]
                                    } ]
                                 }, {
                                    "value" : [ "]" ]
                                 } ]
                              } ]
                           }, {
                              "value" : [ " ","OpticDiscExamNotPerformed" ]
                           } ]
                        } ]
                     }, {
                        "value" : [ "\n\t\t" ]
                     }, {
                        "r" : "139",
                        "s" : [ {
                           "value" : [ "with " ]
                        }, {
                           "r" : "133",
                           "s" : [ {
                              "r" : "132",
                              "s" : [ {
                                 "s" : [ {
                                    "value" : [ "\"Primary Open Angle Glaucoma Encounter\"" ]
                                 } ]
                              } ]
                           }, {
                              "value" : [ " ","EncounterWithPOAG" ]
                           } ]
                        }, {
                           "value" : [ "\n\t\t\tsuch that " ]
                        }, {
                           "r" : "138",
                           "s" : [ {
                              "r" : "135",
                              "s" : [ {
                                 "r" : "134",
                                 "s" : [ {
                                    "value" : [ "OpticDiscExamNotPerformed" ]
                                 } ]
                              }, {
                                 "value" : [ "." ]
                              }, {
                                 "r" : "135",
                                 "s" : [ {
                                    "value" : [ "authorDatetime" ]
                                 } ]
                              } ]
                           }, {
                              "value" : [ " ","during"," " ]
                           }, {
                              "r" : "137",
                              "s" : [ {
                                 "r" : "136",
                                 "s" : [ {
                                    "value" : [ "EncounterWithPOAG" ]
                                 } ]
                              }, {
                                 "value" : [ "." ]
                              }, {
                                 "r" : "137",
                                 "s" : [ {
                                    "value" : [ "relevantPeriod" ]
                                 } ]
                              } ]
                           } ]
                        } ]
                     }, {
                        "value" : [ "\n\t\t" ]
                     }, {
                        "r" : "143",
                        "s" : [ {
                           "value" : [ "where " ]
                        }, {
                           "r" : "143",
                           "s" : [ {
                              "r" : "141",
                              "s" : [ {
                                 "r" : "140",
                                 "s" : [ {
                                    "value" : [ "OpticDiscExamNotPerformed" ]
                                 } ]
                              }, {
                                 "value" : [ "." ]
                              }, {
                                 "r" : "141",
                                 "s" : [ {
                                    "value" : [ "negationRationale" ]
                                 } ]
                              } ]
                           }, {
                              "value" : [ " in " ]
                           }, {
                              "r" : "142",
                              "s" : [ {
                                 "value" : [ "\"Medical Reason\"" ]
                              } ]
                           } ]
                        } ]
                     } ]
                  } ]
               }
            } ],
            "expression" : {
               "localId" : "144",
               "locator" : "80:2-83:71",
               "type" : "Query",
               "source" : [ {
                  "localId" : "131",
                  "locator" : "80:2-80:110",
                  "alias" : "OpticDiscExamNotPerformed",
                  "expression" : {
                     "localId" : "130",
                     "locator" : "80:2-80:84",
                     "dataType" : "{urn:healthit-gov:qdm:v5_4}NegativeDiagnosticStudyPerformed",
                     "templateId" : "NegativeDiagnosticStudyPerformed",
                     "codeProperty" : "code",
                     "type" : "Retrieve",
                     "codes" : {
                        "name" : "Optic Disc Exam for Structural Abnormalities",
                        "type" : "ValueSetRef"
                     }
                  }
               } ],
               "relationship" : [ {
                  "localId" : "139",
                  "locator" : "81:3-82:93",
                  "alias" : "EncounterWithPOAG",
                  "type" : "With",
                  "expression" : {
                     "localId" : "132",
                     "locator" : "81:8-81:46",
                     "name" : "Primary Open Angle Glaucoma Encounter",
                     "type" : "ExpressionRef"
                  },
                  "suchThat" : {
                     "localId" : "138",
                     "locator" : "82:14-82:93",
                     "type" : "In",
                     "operand" : [ {
                        "localId" : "135",
                        "locator" : "82:14-82:53",
                        "path" : "authorDatetime",
                        "scope" : "OpticDiscExamNotPerformed",
                        "type" : "Property"
                     }, {
                        "localId" : "137",
                        "locator" : "82:62-82:93",
                        "path" : "relevantPeriod",
                        "scope" : "EncounterWithPOAG",
                        "type" : "Property"
                     } ]
                  }
               } ],
               "where" : {
                  "localId" : "143",
                  "locator" : "83:3-83:71",
                  "type" : "InValueSet",
                  "code" : {
                     "localId" : "141",
                     "locator" : "83:9-83:51",
                     "path" : "negationRationale",
                     "scope" : "OpticDiscExamNotPerformed",
                     "type" : "Property"
                  },
                  "valueset" : {
                     "localId" : "142",
                     "locator" : "83:56-83:71",
                     "name" : "Medical Reason"
                  }
               }
            }
         }, {
            "localId" : "151",
            "locator" : "85:1-87:63",
            "name" : "Denominator Exceptions",
            "context" : "Patient",
            "accessLevel" : "Public",
            "annotation" : [ {
               "type" : "Annotation",
               "s" : {
                  "r" : "151",
                  "s" : [ {
                     "value" : [ "define ","\"Denominator Exceptions\"",":\n\t" ]
                  }, {
                     "r" : "150",
                     "s" : [ {
                        "r" : "147",
                        "s" : [ {
                           "value" : [ "exists " ]
                        }, {
                           "r" : "146",
                           "s" : [ {
                              "value" : [ "\"Medical Reason for Not Performing Cup to Disc Ratio\"" ]
                           } ]
                        } ]
                     }, {
                        "value" : [ "\n\t\tor " ]
                     }, {
                        "r" : "149",
                        "s" : [ {
                           "value" : [ "exists " ]
                        }, {
                           "r" : "148",
                           "s" : [ {
                              "value" : [ "\"Medical Reason for Not Performing Optic Disc Exam\"" ]
                           } ]
                        } ]
                     } ]
                  } ]
               }
            } ],
            "expression" : {
               "localId" : "150",
               "locator" : "86:2-87:63",
               "type" : "Or",
               "operand" : [ {
                  "localId" : "147",
                  "locator" : "86:2-86:61",
                  "type" : "Exists",
                  "operand" : {
                     "localId" : "146",
                     "locator" : "86:9-86:61",
                     "name" : "Medical Reason for Not Performing Cup to Disc Ratio",
                     "type" : "ExpressionRef"
                  }
               }, {
                  "localId" : "149",
                  "locator" : "87:6-87:63",
                  "type" : "Exists",
                  "operand" : {
                     "localId" : "148",
                     "locator" : "87:13-87:63",
                     "name" : "Medical Reason for Not Performing Optic Disc Exam",
                     "type" : "ExpressionRef"
                  }
               } ]
            }
         } ]
      }
   }
}