<?xml version="1.0" encoding="UTF-8" standalone="yes"?>
<QualityMeasureDocument xmlns="urn:hl7-org:v3" xmlns:cql-ext="urn:hhs-cql:hqmf-n1-extensions:v1"
                        xmlns:xsi="http://www.w3.org/2001/XMLSchema-instance">
         
      <!--
			**************************************************************
			Measure Details Section
			**************************************************************
		-->
         
      <typeId extension="POQM_HD000001UV02" root="2.16.840.1.113883.1.3"/>
   <templateId>
      <item extension="2019-05-01" root="2.16.840.1.113883.10.20.28.1.2"/>
   </templateId>
   <id root="2c928085-7198-38ee-0171-9e951ae1097e"/>
   <code code="57024-2" codeSystem="2.16.840.1.113883.6.1">
      <displayName value="Health Quality Measure Document"/>
   </code>
   <title value="Depression Remission at Twelve Months"/>
   <text
         value="The percentage of adolescent patients 12 to 17 years of age and adult patients 18 years of age or older with major depression or dysthymia who reached remission 12 months (+/- 60 days) after an index event."/>
   <statusCode code="COMPLETED"/>
   <setId root="8455cd3e-dbb9-4e0c-8084-3ece4068fe94"/>
   <versionNumber value="9.4.000"/>
   <author>
      <responsibleParty classCode="ASSIGNED">
         <representedResponsibleOrganization classCode="ORG" determinerCode="INSTANCE">
            <id>
               <item root="2.16.840.1.113883.3.3144"/>
            </id>
            <name>
               <item>
                  <part value="MN Community Measurement"/>
               </item>
            </name>
         </representedResponsibleOrganization>
      </responsibleParty>
   </author>
   <custodian>
      <responsibleParty classCode="ASSIGNED">
         <representedResponsibleOrganization classCode="ORG" determinerCode="INSTANCE">
            <id>
               <item root="35"/>
            </id>
            <name>
               <item>
                  <part value="MN Community Measurement"/>
               </item>
            </name>
         </representedResponsibleOrganization>
      </responsibleParty>
   </custodian>
   <verifier>
      <responsibleParty classCode="ASSIGNED">
         <representedResponsibleOrganization classCode="ORG" determinerCode="INSTANCE">
            <id>
               <item root="2.16.840.1.113883.3.560"/>
            </id>
            <name>
               <item>
                  <part value="National Quality Forum"/>
               </item>
            </name>
         </representedResponsibleOrganization>
      </responsibleParty>
   </verifier>
   <!--Payer-->
     	 <definition>
      <valueSet classCode="OBS" moodCode="DEF">
         <id root="2.16.840.1.114222.4.11.3591"/>
         <title value="Payer"/>
      </valueSet>
   </definition>
   <!--ONC Administrative Sex-->
     	 <definition>
      <valueSet classCode="OBS" moodCode="DEF">
         <id root="2.16.840.1.113762.1.4.1"/>
         <title value="ONC Administrative Sex"/>
      </valueSet>
   </definition>
   <!--PHQ 9 and PHQ 9M Tools-->
     	 <definition>
      <valueSet classCode="OBS" moodCode="DEF">
         <id root="2.16.840.1.113883.3.67.1.101.1.263"/>
         <title value="PHQ 9 and PHQ 9M Tools"/>
      </valueSet>
   </definition>
   <!--Care Services in Long-Term Residential Facility-->
     	 <definition>
      <valueSet classCode="OBS" moodCode="DEF">
         <id root="2.16.840.1.113883.3.464.1003.101.12.1014"/>
         <title value="Care Services in Long-Term Residential Facility"/>
      </valueSet>
   </definition>
   <!--Pervasive Developmental Disorder-->
     	 <definition>
      <valueSet classCode="OBS" moodCode="DEF">
         <id root="2.16.840.1.113883.3.464.1003.105.12.1152"/>
         <title value="Pervasive Developmental Disorder"/>
      </valueSet>
   </definition>
   <!--Dysthymia-->
     	 <definition>
      <valueSet classCode="OBS" moodCode="DEF">
         <id root="2.16.840.1.113883.3.67.1.101.1.254"/>
         <title value="Dysthymia"/>
      </valueSet>
   </definition>
   <!--Palliative Care Encounter-->
     	 <definition>
      <valueSet classCode="OBS" moodCode="DEF">
         <id root="2.16.840.1.113883.3.600.1.1575"/>
         <title value="Palliative Care Encounter"/>
      </valueSet>
   </definition>
   <!--Ethnicity-->
     	 <definition>
      <valueSet classCode="OBS" moodCode="DEF">
         <id root="2.16.840.1.114222.4.11.837"/>
         <title value="Ethnicity"/>
      </valueSet>
   </definition>
   <!--Bipolar Disorder-->
     	 <definition>
      <valueSet classCode="OBS" moodCode="DEF">
         <id root="2.16.840.1.113883.3.67.1.101.1.128"/>
         <title value="Bipolar Disorder"/>
      </valueSet>
   </definition>
   <!--Palliative or Hospice Care-->
     	 <definition>
      <valueSet classCode="OBS" moodCode="DEF">
         <id root="2.16.840.1.113883.3.600.1.1579"/>
         <title value="Palliative or Hospice Care"/>
      </valueSet>
   </definition>
   <!--Contact or Office Visit-->
     	 <definition>
      <valueSet classCode="OBS" moodCode="DEF">
         <id root="2.16.840.1.113762.1.4.1080.5"/>
         <title value="Contact or Office Visit"/>
      </valueSet>
   </definition>
   <!--Race-->
     	 <definition>
      <valueSet classCode="OBS" moodCode="DEF">
         <id root="2.16.840.1.114222.4.11.836"/>
         <title value="Race"/>
      </valueSet>
   </definition>
   <!--Schizophrenia or Psychotic Disorder-->
     	 <definition>
      <valueSet classCode="OBS" moodCode="DEF">
         <id root="2.16.840.1.113883.3.464.1003.105.12.1104"/>
         <title value="Schizophrenia or Psychotic Disorder"/>
      </valueSet>
   </definition>
   <!--Personality Disorder Emotionally Labile-->
     	 <definition>
      <valueSet classCode="OBS" moodCode="DEF">
         <id root="2.16.840.1.113883.3.67.1.101.1.246"/>
         <title value="Personality Disorder Emotionally Labile"/>
      </valueSet>
   </definition>
   <!--Major Depression Including Remission-->
     	 <definition>
      <valueSet classCode="OBS" moodCode="DEF">
         <id root="2.16.840.113883.3.67.1.101.3.2444"/>
         <title value="Major Depression Including Remission"/>
      </valueSet>
   </definition>
   <!--Dead (finding)-CODE:/CodeSystem/SNOMEDCT/Version/2015-09/Code/419099009/Info-->
      <definition>
      <cql-ext:code code="419099009" codeSystem="2.16.840.1.113883.6.96" codeSystemName="SNOMEDCT">
         <displayName value="Dead (finding)"/>
      </cql-ext:code>
   </definition>
   <!--Birth date-CODE:/CodeSystem/LOINC/Version/2.52/Code/21112-8/Info-->
      <definition>
      <cql-ext:code code="21112-8" codeSystem="2.16.840.1.113883.6.1" codeSystemName="LOINC">
         <displayName value="Birth date"/>
      </cql-ext:code>
   </definition>
   <relatedDocument typeCode="COMP">
      <expressionDocument>
         <id root="27B4E0D6-2CE6-432C-B09C-FD1EDE3F20AB"/>
         <text mediaType="text/cql">
            <reference value="https://emeasuretool.cms.gov/libraries/8455cd3e-dbb9-4e0c-8084-3ece4068fe94/DepressionRemissionatTwelveMonths-9.4.000.cql"/>
            <translation mediaType="application/elm+xml">
               <reference value="https://emeasuretool.cms.gov/libraries/8455cd3e-dbb9-4e0c-8084-3ece4068fe94/DepressionRemissionatTwelveMonths-9.4.000.xml"/>
            </translation>
            <translation mediaType="application/elm+json">
               <reference value="https://emeasuretool.cms.gov/libraries/8455cd3e-dbb9-4e0c-8084-3ece4068fe94/DepressionRemissionatTwelveMonths-9.4.000.json"/>
            </translation>
         </text>
         <setId extension="8455cd3e-dbb9-4e0c-8084-3ece4068fe94"
                identifierName="DepressionRemissionatTwelveMonths"
                root="https://emeasuretool.cms.gov/libraries"/>
         <versionNumber value="9.4.000"/>
      </expressionDocument>
   </relatedDocument>
   <relatedDocument typeCode="COMP">
      <expressionDocument>
         <id root="402803826cd4f54a016cde28210f096b"/>
         <text mediaType="text/cql">
            <reference value="https://emeasuretool.cms.gov/libraries/8bdc0a19-b210-4a58-8a07-f5d95a34eca9/MATGlobalCommonFunctions-5.0.000.cql"/>
            <translation mediaType="application/elm+xml">
               <reference value="https://emeasuretool.cms.gov/libraries/8bdc0a19-b210-4a58-8a07-f5d95a34eca9/MATGlobalCommonFunctions-5.0.000.xml"/>
            </translation>
            <translation mediaType="application/elm+json">
               <reference value="https://emeasuretool.cms.gov/libraries/8bdc0a19-b210-4a58-8a07-f5d95a34eca9/MATGlobalCommonFunctions-5.0.000.json"/>
            </translation>
         </text>
         <setId extension="8bdc0a19-b210-4a58-8a07-f5d95a34eca9"
                identifierName="MATGlobalCommonFunctions"
                root="https://emeasuretool.cms.gov/libraries"/>
         <versionNumber value="5.0.000"/>
      </expressionDocument>
   </relatedDocument>
   <controlVariable>
      <measurePeriod>
         <id extension="measureperiod" root="d9bc9968-a07c-465d-b8ac-ad01c158e4e3"/>
         <code code="MSRTP" codeSystem="2.16.840.1.113883.5.4">
            <originalText value="Measurement Period"/>
         </code>
         <value xsi:type="PIVL_TS">
            <phase highClosed="true" lowClosed="true">
               <low value="20200101"/>
               <width unit="a" value="1" xsi:type="PQ"/>
            </phase>
            <period unit="a" value="1"/>
         </value>
      </measurePeriod>
   </controlVariable>
   <subjectOf>
      <measureAttribute>
         <code nullFlavor="OTH">
            <originalText value="eCQM Identifier (Measure Authoring Tool)"/>
         </code>
         <value mediaType="text/plain" value="159" xsi:type="ED"/>
      </measureAttribute>
   </subjectOf>
   <subjectOf>
      <measureAttribute>
         <code nullFlavor="OTH">
            <originalText value="NQF Number"/>
         </code>
         <value mediaType="text/plain" value="0710e" xsi:type="ED"/>
      </measureAttribute>
   </subjectOf>
   <subjectOf>
      <measureAttribute>
         <code code="COPY" codeSystem="2.16.840.1.113883.5.4">
            <displayName value="Copyright"/>
         </code>
         <value mediaType="text/plain"
                value="Copyright MN Community Measurement, 2020. All rights reserved.&#xA;&#xA;Limited proprietary coding is contained in the Measure specifications for user convenience. Users of proprietary code sets should obtain all necessary licenses from the owners of the code sets. Mathematica Policy Research disclaims all liability for use or accuracy of any third party codes contained in the specifications.&#xA;&#xA;CPT(R) contained in the Measure specifications is copyright 2004-2019 American Medical Association. LOINC(R) copyright 2004-2019 Regenstrief Institute, Inc. This material contains SNOMED Clinical Terms(R) (SNOMED CT[R]) copyright 2004-2019 International Health Terminology Standards Development Organisation. ICD-10 copyright 2019 World Health Organization. All Rights Reserved."
                xsi:type="ED"/>
      </measureAttribute>
   </subjectOf>
   <subjectOf>
      <measureAttribute>
         <code code="DISC" codeSystem="2.16.840.1.113883.5.4">
            <displayName value="Disclaimer"/>
         </code>
         <value mediaType="text/plain"
                value="The performance measure is not a clinical guideline and does not establish a standard of medical care, and has not been tested for all potential applications.&#xA;&#xA;THE MEASURES AND SPECIFICATIONS ARE PROVIDED “AS IS” WITHOUT WARRANTY OF ANY KIND.&#xA;&#xA;Due to technical limitations, registered trademarks are indicated by (R) or [R] and unregistered trademarks are indicated by (TM) or [TM]."
                xsi:type="ED"/>
      </measureAttribute>
   </subjectOf>
   <subjectOf>
      <measureAttribute>
         <code code="MSRSCORE" codeSystem="2.16.840.1.113883.5.4">
            <displayName value="Measure Scoring"/>
         </code>
         <value code="PROPOR" codeSystem="2.16.840.1.113883.5.1063" xsi:type="CD">
            <displayName value="Proportion"/>
         </value>
      </measureAttribute>
   </subjectOf>
   <subjectOf>
      <measureAttribute>
         <code code="MSRTYPE" codeSystem="2.16.840.1.113883.5.4">
            <displayName value="Measure Type"/>
         </code>
         <value code="OUTCOME" codeSystem="2.16.840.1.113883.5.1063" xsi:type="CD">
            <displayName value="OUTCOME"/>
         </value>
      </measureAttribute>
   </subjectOf>
   <subjectOf>
      <measureAttribute>
         <code code="STRAT" codeSystem="2.16.840.1.113883.5.4">
            <displayName value="Stratification"/>
         </code>
         <value mediaType="text/plain"
                value="Ages 12 to 17 at the time of the index assessment&#xA;Ages 18 and older at the time of the index assessment"
                xsi:type="ED"/>
      </measureAttribute>
   </subjectOf>
   <subjectOf>
      <measureAttribute>
         <code code="MSRADJ" codeSystem="2.16.840.1.113883.5.4">
            <displayName value="Risk Adjustment"/>
         </code>
         <value mediaType="text/plain" value="None" xsi:type="ED"/>
      </measureAttribute>
   </subjectOf>
   <subjectOf>
      <measureAttribute>
         <code code="MSRAGG" codeSystem="2.16.840.1.113883.5.4">
            <displayName value="Rate Aggregation"/>
         </code>
         <value mediaType="text/plain" value="None" xsi:type="ED"/>
      </measureAttribute>
   </subjectOf>
   <subjectOf>
      <measureAttribute>
         <code code="RAT" codeSystem="2.16.840.1.113883.5.4">
            <displayName value="Rationale"/>
         </code>
         <value mediaType="text/plain"
                value="Adults:&#xA;Depression is a common and treatable mental disorder. 8.1% of American adults age 20 and over had depression in a given 2 week period. Women (10.4%) were almost twice as likely as men (5.5%) to have had depression. The prevalence of depression among adults decreased as family income levels increased. About 80% of adults with depression reported at least some difficulty with work, home, or social activities because of their depression symptoms (Centers for Disease Control and Prevention, 2018).&#xA;&#xA;Depression is a risk factor for development of chronic illnesses such as diabetes and CHD and adversely affects the course, complications and management of chronic medical illness. Both maladaptive health risk behaviors and psychobiological factors associated with depression may explain depression's negative effect on outcomes of chronic illness. (Katon, W.J., 2011)&#xA;&#xA;Adolescents and Adults:&#xA;The Centers for Disease Control and Prevention states that during 2009-2012 an estimated 7.6% of the U.S. population aged 12 and over had depression, including 3% of Americans with severe depressive symptoms. Almost 43% of persons with severe depressive symptoms reported serious difficulties in work, home and social activities, yet only 35% reported having contact with a mental health professional in the past year.&#xA;Depression is associated with higher mortality rates in all age groups. People who are depressed are 30 times more likely to take their own lives than people who are not depressed and five times more likely to abuse drugs. Depression is the leading cause of medical disability for people aged 14 to 44. Depressed people lose 5.6 hours of productive work every week when they are depressed, fifty percent of which is due to absenteeism and short-term disability.&#xA;&#xA;Adolescents:&#xA;In 2014, an estimated 2.8 million adolescents age 12 to 17 in the United States had at least one major depressive episode (MDE) in the past year. This represented 11.4% of the U.S. population. The same survey found that only 41.2 percent of those who had a MDE received treatment in the past year. The 2013 Youth Risk Behavior Survey of students grades 9 to 12 indicated that during the past 12 months 39.1% (F) and 20.8% (M) indicated feeling sad or hopeless almost every day for at least 2 weeks, planned suicide attempt 16.9% (F) and 10.3% (M), with attempted suicide 10.6% (F) and 5.4% (M). Adolescent-onset depression is associated with chronic depression in adulthood. Many mental health conditions (anxiety, bipolar, depression, eating disorders, and substance abuse) are evident by age 14. The 12-month prevalence of MDEs increased from 8.7% in 2005 to 11.3% in 2014 in adolescents and from 8.8% to 9.6% in young adults (both P &lt; .001). The increase was larger and statistically significant only in the age range of 12 to 20 years. The trends remained significant after adjustment for substance use disorders and sociodemographic factors. Mental health care contacts overall did not change over time; however, the use of specialty mental health providers increased in adolescents and young adults, and the use of prescription medications and inpatient hospitalizations increased in adolescents. In 2015, 9.7% of adolescents in MN who were screened for depression or other mental health conditions, screened positively."
                xsi:type="ED"/>
      </measureAttribute>
   </subjectOf>
   <subjectOf>
      <measureAttribute>
         <code code="CRS" codeSystem="2.16.840.1.113883.5.4">
            <displayName value="Clinical Recommendation Statement"/>
         </code>
         <value mediaType="text/plain"
                value="Adults:&#xA;Source: Institute for Clinical Systems Improvement (ICSI) Health Care Guideline for Adult Depression in Primary Care (Trangle et al., 2016)&#xA;&#xA;Recommendations and algorithm notations supporting depression outcomes and duration of treatment according to ICSI's Health Care Guideline:&#xA;&#xA;Recommendation: Clinicians should establish and maintain follow-up with patients.  Appropriate, reliable follow-up is highly correlated with improved response and remission scores. It is also correlated with the improved safety and efficacy of medications and helps prevent relapse.&#xA;&#xA;Proactive follow-up contacts (in person, telephone) based on the collaborative care model have been shown to significantly lower depression severity (Unutzer et al., 2002).  In the available clinical effectiveness trials conducted in real clinical practice settings, even the addition of a care manager leads to modest remission rates (Trivedi et al., 2006; Unutzer et al., 2002).  Interventions are critical to educating the patient regarding the importance of preventing relapse, safety and efficacy of medications, and management of potential side effects.  Establish and maintain initial follow-up contact intervals (office, phone, other) (Hunkeler et al., 2000; Simon et al., 2000).&#xA;&#xA;PHQ-9 as monitor and management tool.  The PHQ-9 is an effective management tool, as well, and should be used routinely for subsequent visits to monitor treatment outcomes and severity. It can also help the clinician decide if/how to modify the treatment plan (Duffy et al., 2008; Lowe et al., 2004).  Using a measurement-based approach to depression care, PHQ-9 results and side effect evaluation should be combined with treatment algorithms to drive patients toward remission.  A five-point drop in PHQ-9 score is considered the minimal clinically significant difference (Trivedi, 2009).&#xA;&#xA;The goals of treatment should be to achieve remission, reduce relapse and recurrence, and return to previous level of occupational and psychosocial function.&#xA;&#xA;If using a PHQ-9 tool, remission translates to PHQ-9 score of less than 5 (Kroenke, 2001). Results from the STAR*D study showed that remission rates lowered with more treatment steps, but the overall cumulative rate was 67% (Rush et al., 2006).&#xA;&#xA;Response and remission take time. In the STAR*D study, longer times than expected were needed to reach response or remission. In fact, one-third of those who ultimately responded did so after six weeks. Of those who achieved remission by Quick Inventory of Depressive Symptomatology (QIDS), 50% did so only at or after six weeks of treatment (Trivedi et al., 2006). If the primary care clinician is seeing some improvement, continue working with that patient to augment or increase dosage to reach remission. This can take up to three months.&#xA;&#xA;This measure assesses achievement of remission, which is a desired outcome of effective depression treatment and monitoring.&#xA;&#xA;Adult Depression in Primary Care - Guideline Aims&#xA;- Increase the percentage of patients with major depression or persistent depressive disorder who have improvement in outcomes from treatment for major depression or persistent depressive disorder.&#xA;- Increase the percentage of patients with major depression or persistent depressive disorder who have follow-up to assess for outcomes from treatment.&#xA;- Improve communication between the primary care physician and the mental health care clinician (if patient is co-managed).&#xA;&#xA;Adolescents:&#xA;Source: American Academy of Child and Adolescent Psychiatry Practice Parameter for the Assessment and Treatment of Children and Adolescents with Depressive Disorders (2007)&#xA;http://www.jaacap.com/article/S0890-8567(09)62053-0/pdf&#xA;&#xA;Recommendations:&#xA;Recommendations supporting depression outcomes and duration of treatment according to AACAP guideline:&#xA;- Treatment of depressive disorders should always include an acute and continuation phase; some children may also require maintenance treatment. The main goal of the acute phase is to achieve response and ultimately full symptomatic remission (definitions below).&#xA;- Each phase of treatment should include psychoeducation, supportive management, and family and school involvement.&#xA;- Education, support, and case management appear to be sufficient treatment for the management of depressed children and adolescents with an uncomplicated or brief depression or with mild psychosocial impairment.&#xA;- For children and adolescents who do not respond to supportive psychotherapy or who have more complicated depressions, a trial with specific types of psychotherapy and/or antidepressants is indicated.&#xA;&#xA;Sources:&#xA;Guidelines for Adolescent Depression in Primary Care (GLAD-PC) (2018) http://pediatrics.aappublications.org/content/141/3/e20174081&#xA;Guidelines for adolescent depression in primary care (GLAD-PC): II. Treatment and ongoing management&#xA;http://pediatrics.aappublications.org/content/141/3/e20174082&#xA;&#xA;Recommendations supporting depression outcomes and duration of treatment according to GLAD-PC:&#xA;Recommendations for Ongoing Management of Depression:&#xA;- Mild depression: consider a period of active support and monitoring before starting other evidence-based treatment&#xA;- Moderate or severe major clinical depression or complicating factors:&#xA;  -- consultation with mental health specialist with agreed upon roles&#xA;  -- evidence based treatment (CBT or IPT and/or antidepressant SSRI)&#xA;- Monitor for adverse effects during antidepressant therapy&#xA;  -- clinical worsening, suicidality, unusual changes in behavior&#xA;- Systematic and regular tracking of goals and outcomes&#xA;  -- improvement in functioning status and resolution of depressive symptoms&#xA;Regardless of the length of treatment, all patients should be monitored on a monthly basis for 6 to 12 months after the full resolution of symptoms"
                xsi:type="ED"/>
      </measureAttribute>
   </subjectOf>
   <subjectOf>
      <measureAttribute>
         <code code="IDUR" codeSystem="2.16.840.1.113883.5.4">
            <displayName value="Improvement Notation"/>
         </code>
         <value mediaType="text/plain" value="Higher score indicates better quality"
                xsi:type="ED"/>
      </measureAttribute>
   </subjectOf>
   <subjectOf>
      <measureAttribute>
         <code code="REF" codeSystem="2.16.840.1.113883.5.4">
            <displayName value="Reference"/>
         </code>
         <value mediaType="text/plain"
                value="Duffy, F. F., Chung, H., Trivedi, M., et al. (2008, October). Systematic use of patient-rated depression severity monitoring: Is it helpful and feasible in clinical psychiatry? Psychiatric Services, 59(10), 1148-1154."
                xsi:type="ED"/>
      </measureAttribute>
   </subjectOf>
   <subjectOf>
      <measureAttribute>
         <code code="REF" codeSystem="2.16.840.1.113883.5.4">
            <displayName value="Reference"/>
         </code>
         <value mediaType="text/plain"
                value="Hunkeler, E. M., Meresman, J. F., Hargreaves, W. A., et al. (2000, August). Efficacy of nurse telehealth care and peer support in augmenting treatment of depression in primary care. Archives of Family Medicine, 9(8), 700-708."
                xsi:type="ED"/>
      </measureAttribute>
   </subjectOf>
   <subjectOf>
      <measureAttribute>
         <code code="REF" codeSystem="2.16.840.1.113883.5.4">
            <displayName value="Reference"/>
         </code>
         <value mediaType="text/plain"
                value="Katon, W.J. (2011) Epidemiology and treatment of depression in patients with chronic medical illness Dialogues in Clinical Neuroscience v.13(1) PMC3181964"
                xsi:type="ED"/>
      </measureAttribute>
   </subjectOf>
   <subjectOf>
      <measureAttribute>
         <code code="REF" codeSystem="2.16.840.1.113883.5.4">
            <displayName value="Reference"/>
         </code>
         <value mediaType="text/plain"
                value="Kroenke, K., Spitzer, R. L., &amp; Williams, J. B. W. (2001). The PHQ-9: Validity of a brief depression severity measure. Journal of General Internal Medicine, 16(9), 606-613. Retrieved from https://www.ncbi.nlm.nih.gov/pmc/articles/PMC1495268/"
                xsi:type="ED"/>
      </measureAttribute>
   </subjectOf>
   <subjectOf>
      <measureAttribute>
         <code code="REF" codeSystem="2.16.840.1.113883.5.4">
            <displayName value="Reference"/>
         </code>
         <value mediaType="text/plain"
                value="Lowe, B., Unutzer, J., Callahan, C. M., et al. (2004). Monitoring depression treatment outcomes with the Patient Health Questionnaire-9. Medical Care, 42(12), 1194-1201."
                xsi:type="ED"/>
      </measureAttribute>
   </subjectOf>
   <subjectOf>
      <measureAttribute>
         <code code="REF" codeSystem="2.16.840.1.113883.5.4">
            <displayName value="Reference"/>
         </code>
         <value mediaType="text/plain"
                value="Rush, A. J., Trivedi, M. H., Wisniewski, S. R., et al. (2006). Acute and longer-term outcomes in depressed outpatients requiring one or several treatment steps: A STAR*D report. American Journal of Psychiatry, 163, 1905-1917."
                xsi:type="ED"/>
      </measureAttribute>
   </subjectOf>
   <subjectOf>
      <measureAttribute>
         <code code="REF" codeSystem="2.16.840.1.113883.5.4">
            <displayName value="Reference"/>
         </code>
         <value mediaType="text/plain"
                value="Simon, G. E., Van Korff, M., Rutter, C., et al. (2000). Randomised trial of monitoring, feedback, and management of care by telephone to improve treatment of depression in primary care. BMJ, 320, 550-554."
                xsi:type="ED"/>
      </measureAttribute>
   </subjectOf>
   <subjectOf>
      <measureAttribute>
         <code code="REF" codeSystem="2.16.840.1.113883.5.4">
            <displayName value="Reference"/>
         </code>
         <value mediaType="text/plain"
                value="Trangle , M., Gursky, J., Haight, R., et al. Depression, adults in primary care. (Updated 2016, March). Retrieved from https://www.icsi.org/guidelines__more/catalog_guidelines_and_more/catalog_guidelines/catalog_behavioral_health_guidelines/depression/"
                xsi:type="ED"/>
      </measureAttribute>
   </subjectOf>
   <subjectOf>
      <measureAttribute>
         <code code="REF" codeSystem="2.16.840.1.113883.5.4">
            <displayName value="Reference"/>
         </code>
         <value mediaType="text/plain"
                value="Trivedi, M. H. (2009). Tools and strategies for ongoing assessment of depression: A measurement-based approach to remission. Journal of Clinical Psychiatry, 70, 26-31."
                xsi:type="ED"/>
      </measureAttribute>
   </subjectOf>
   <subjectOf>
      <measureAttribute>
         <code code="REF" codeSystem="2.16.840.1.113883.5.4">
            <displayName value="Reference"/>
         </code>
         <value mediaType="text/plain"
                value="Trivedi, M. H., Rush, A. J., Wisniewski, S. R., et al. (2006). Evaluation of outcomes with citalopram for depression using measurement-based care in STAR*D: Implications for clinical practice. American Journal of Psychiatry, 163(1), 28-40."
                xsi:type="ED"/>
      </measureAttribute>
   </subjectOf>
   <subjectOf>
      <measureAttribute>
         <code code="REF" codeSystem="2.16.840.1.113883.5.4">
            <displayName value="Reference"/>
         </code>
         <value mediaType="text/plain"
                value="Unutzer, J., Katon, W., Callahan, C. M., et al. (2002). Collaborative care management of late-life depression in the primary care setting: A randomized controlled trial. JAMA, 288, 2836-2845."
                xsi:type="ED"/>
      </measureAttribute>
   </subjectOf>
   <subjectOf>
      <measureAttribute>
         <code code="DEF" codeSystem="2.16.840.1.113883.5.4">
            <displayName value="Definition"/>
         </code>
         <value mediaType="text/plain"
                value="Denominator Identification Period:&#xA;The period in which eligible patients can have an index event. The denominator identification period occurs prior to the measurement period and is defined as 14 months to two months prior to the start of the measurement period. For patients with an index event, there needs to be enough time following index for the patients to have the opportunity to reach remission twelve months +/- 60 days after the index event date. &#xA;&#xA;Index Event Date: &#xA;The date in which the first instance of elevated PHQ-9 or PHQ-9M greater than nine and diagnosis of depression or dysthymia occurs during the denominator identification measurement period. Patients may be screened using PHQ-9 and PHQ-9M up to 7 days prior to the office visit (including the day of the office visit).&#xA;&#xA;&#xA;Measure Assessment Period:&#xA;The index event date marks the start of the measurement assessment period for each patient which is 14 months (12 months +/- 60 days) in length to allow for a follow-up PHQ-9 or PHQ-9M between 10 and 14 months following the index event. This assessment period is fixed and does not start over with a higher PHQ-9 or PHQ-9M that may occur after the index event date.&#xA;&#xA;Remission is defined as a PHQ-9 or PHQ-9M score of less than five.&#xA;&#xA;Twelve months is defined as the point in time from the index event date extending out twelve months and then allowing a grace period of sixty days prior to and sixty days after this date. The most recent PHQ-9 or PHQ-9M score less than five obtained during this four month period is deemed as remission at twelve months, values obtained prior to or after this period are not counted as numerator compliant (remission)."
                xsi:type="ED"/>
      </measureAttribute>
   </subjectOf>
   <subjectOf>
      <measureAttribute>
         <code code="GUIDE" codeSystem="2.16.840.1.113883.5.4">
            <displayName value="Guidance"/>
         </code>
         <value mediaType="text/plain"
                value="When a baseline assessment is conducted with PHQ 9M, the follow-up assessment can use either a PHQ 9M or PHQ 9.&#xA;&#xA;This eCQM is a patient-based measure.&#xA;&#xA;This version of the eCQM uses QDM version 5.5.  Please refer to the eCQI resource center (https://ecqi.healthit.gov/qdm) for more information on the QDM."
                xsi:type="ED"/>
      </measureAttribute>
   </subjectOf>
   <subjectOf>
      <measureAttribute>
         <code code="TRANF" codeSystem="2.16.840.1.113883.5.4">
            <displayName value="Transmission Format"/>
         </code>
         <value mediaType="text/plain" value="TBD" xsi:type="ED"/>
      </measureAttribute>
   </subjectOf>
   <subjectOf>
      <measureAttribute>
         <code code="IPOP" codeSystem="2.16.840.1.113883.5.4">
            <displayName value="Initial Population"/>
         </code>
         <value mediaType="text/plain"
                value="Adolescent patients 12 to 17 years of age and adult patients 18 years of age and older with a diagnosis of major depression or dysthymia and an initial PHQ-9 or PHQ-9M score greater than nine during the index event. Patients may be screened using PHQ-9 and PHQ-9M up to 7 days prior to the office visit (including the day of the office visit)."
                xsi:type="ED"/>
      </measureAttribute>
   </subjectOf>
   <subjectOf>
      <measureAttribute>
         <code code="DENOM" codeSystem="2.16.840.1.113883.5.4">
            <displayName value="Denominator"/>
         </code>
         <value mediaType="text/plain" value="Equals Initial Population" xsi:type="ED"/>
      </measureAttribute>
   </subjectOf>
   <subjectOf>
      <measureAttribute>
         <code code="DENEX" codeSystem="2.16.840.1.113883.5.4">
            <displayName value="Denominator Exclusions"/>
         </code>
         <value mediaType="text/plain"
                value="1: Patients who died&#xA;2: Patients who received hospice or palliative care services&#xA;3: Patients who were permanent nursing home residents&#xA;4: Patients with a diagnosis of bipolar disorder&#xA;5: Patients with a diagnosis of personality disorder emotionally labile&#xA;6: Patients with a diagnosis of schizophrenia or psychotic disorder&#xA;7: Patients with a diagnosis of pervasive developmental disorder"
                xsi:type="ED"/>
      </measureAttribute>
   </subjectOf>
   <subjectOf>
      <measureAttribute>
         <code code="NUMER" codeSystem="2.16.840.1.113883.5.4">
            <displayName value="Numerator"/>
         </code>
         <value mediaType="text/plain"
                value="Adolescent patients 12 to 17 years of age and adult patients 18 years of age and older who achieved remission at twelve months as demonstrated by a twelve month (+/- 60 days) PHQ-9 or PHQ-9M score of less than five"
                xsi:type="ED"/>
      </measureAttribute>
   </subjectOf>
   <subjectOf>
      <measureAttribute>
         <code code="NUMEX" codeSystem="2.16.840.1.113883.5.4">
            <displayName value="Numerator Exclusions"/>
         </code>
         <value mediaType="text/plain" value="Not Applicable" xsi:type="ED"/>
      </measureAttribute>
   </subjectOf>
   <subjectOf>
      <measureAttribute>
         <code code="DENEXCEP" codeSystem="2.16.840.1.113883.5.4">
            <displayName value="Denominator Exceptions"/>
         </code>
         <value mediaType="text/plain" value="None" xsi:type="ED"/>
      </measureAttribute>
   </subjectOf>
   <subjectOf>
      <measureAttribute>
         <code code="SDE" codeSystem="2.16.840.1.113883.5.4">
            <displayName value="Supplemental Data Elements"/>
         </code>
         <value mediaType="text/plain"
                value="For every patient evaluated by this measure also identify payer, race, ethnicity and sex"
                xsi:type="ED"/>
      </measureAttribute>
   </subjectOf>
   <componentOf>
      <qualityMeasureSet classCode="ACT">
         <id root=""/>
         <title value="None"/>
      </qualityMeasureSet>
   </componentOf>
   <!--Data Criteria Section-->
   <component>
      <dataCriteriaSection>
         <templateId>
            <item extension="2019-05-01" root="2.16.840.1.113883.10.20.28.2.6"/>
         </templateId>
         <code code="57025-9" codeSystem="2.16.840.1.113883.6.1"/>
         <title value="Data Criteria Section"/>
         <text/>
         <entry typeCode="DRIV">
            <localVariableName value="Payer_PatientCharacteristicPayer_WUaH1"/>
            <observationCriteria classCode="OBS" moodCode="EVN">
               <templateId>
                  <item extension="2017-05-01" root="2.16.840.1.113883.10.20.28.4.58"/>
               </templateId>
               <id extension="Payer_PatientCharacteristicPayer"
                   root="5b6a347e-8b37-4954-82cc-5c1408c9bb66"/>
               <code code="48768-6" codeSystem="2.16.840.1.113883.6.1" codeSystemName="LOINC">
                  <displayName value="Payer"/>
               </code>
               <title value="Patient Characteristic Payer"/>
               <statusCode code="COMPLETED"/>
               <value valueSet="2.16.840.1.114222.4.11.3591" xsi:type="CD"/>
            </observationCriteria>
         </entry>
         <entry typeCode="DRIV">
            <localVariableName value="ONCAdministrativeSex_PatientCharacteristicSex_GjVhO"/>
            <observationCriteria classCode="OBS" moodCode="EVN">
               <templateId>
                  <item extension="2017-05-01" root="2.16.840.1.113883.10.20.28.4.55"/>
               </templateId>
               <id extension="ONCAdministrativeSex_PatientCharacteristicSex"
                   root="14b28864-ccd5-4350-a0a1-6ef260044f5a"/>
               <code code="263495000" codeSystem="2.16.840.1.113883.6.96" codeSystemName="SNOMED CT">
                  <displayName value="Gender"/>
               </code>
               <title value="Patient Characteristic Sex"/>
               <statusCode code="COMPLETED"/>
               <value valueSet="2.16.840.1.113762.1.4.1" xsi:type="CD"/>
            </observationCriteria>
         </entry>
         <entry typeCode="DRIV">
            <localVariableName value="PHQ9andPHQ9MTools_AssessmentPerformed_MEcPo"/>
            <observationCriteria classCode="OBS" moodCode="EVN">
               <templateId>
                  <item extension="2019-05-01" root="2.16.840.1.113883.10.20.28.4.117"/>
               </templateId>
               <id extension="PHQ9andPHQ9MTools_AssessmentPerformed"
                   root="db784b3c-5577-40fd-aaa0-200ff9f89043"/>
               <code valueSet="2.16.840.1.113883.3.67.1.101.1.263"/>
               <title value="Assessment, Performed"/>
               <statusCode code="COMPLETED"/>
            </observationCriteria>
         </entry>
         <entry typeCode="DRIV">
            <localVariableName value="CareServicesinLong-TermResidentialFacility_EncounterPerformed_MdReE"/>
            <encounterCriteria classCode="ENC" moodCode="EVN">
               <templateId>
                  <item extension="2019-05-01" root="2.16.840.1.113883.10.20.28.4.5"/>
               </templateId>
               <id extension="CareServicesinLong-TermResidentialFacility_EncounterPerformed"
                   root="40280381-3d61-56a7-013e-8698ab4f1e5a"/>
               <code valueSet="2.16.840.1.113883.3.464.1003.101.12.1014"/>
               <title value="Encounter, Performed"/>
               <statusCode code="COMPLETED"/>
            </encounterCriteria>
         </entry>
         <entry typeCode="DRIV">
            <localVariableName value="PervasiveDevelopmentalDisorder_Diagnosis_hWon7"/>
            <observationCriteria classCode="OBS" moodCode="EVN">
               <templateId>
                  <item extension="2019-05-01" root="2.16.840.1.113883.10.20.28.4.110"/>
               </templateId>
               <id extension="PervasiveDevelopmentalDisorder_Diagnosis"
                   root="94b7ae42-caa0-4853-8c2c-c8ae29dbe2f0"/>
               <code code="282291009" codeSystem="2.16.840.1.113883.6.96" codeSystemName="SNOMED CT">
                  <displayName value="Diagnosis"/>
               </code>
               <title value="Diagnosis"/>
               <statusCode code="COMPLETED"/>
               <value valueSet="2.16.840.1.113883.3.464.1003.105.12.1152" xsi:type="CD"/>
            </observationCriteria>
         </entry>
         <entry typeCode="DRIV">
            <localVariableName value="Dysthymia_Diagnosis_B5MD8"/>
            <observationCriteria classCode="OBS" moodCode="EVN">
               <templateId>
                  <item extension="2019-05-01" root="2.16.840.1.113883.10.20.28.4.110"/>
               </templateId>
               <id extension="Dysthymia_Diagnosis" root="c8089c2f-6d58-483e-9147-c43453e70cb6"/>
               <code code="282291009" codeSystem="2.16.840.1.113883.6.96" codeSystemName="SNOMED CT">
                  <displayName value="Diagnosis"/>
               </code>
               <title value="Diagnosis"/>
               <statusCode code="COMPLETED"/>
               <value valueSet="2.16.840.1.113883.3.67.1.101.1.254" xsi:type="CD"/>
            </observationCriteria>
         </entry>
         <entry typeCode="DRIV">
            <localVariableName value="PalliativeCareEncounter_EncounterPerformed_QX65a"/>
            <encounterCriteria classCode="ENC" moodCode="EVN">
               <templateId>
                  <item extension="2019-05-01" root="2.16.840.1.113883.10.20.28.4.5"/>
               </templateId>
               <id extension="PalliativeCareEncounter_EncounterPerformed"
                   root="a4d0dd24-5bd4-46f4-8560-d5d9416e3292"/>
               <code valueSet="2.16.840.1.113883.3.600.1.1575"/>
               <title value="Encounter, Performed"/>
               <statusCode code="COMPLETED"/>
            </encounterCriteria>
         </entry>
         <entry typeCode="DRIV">
            <localVariableName value="Ethnicity_PatientCharacteristicEthnicity_JvMqS"/>
            <observationCriteria classCode="OBS" moodCode="EVN">
               <templateId>
                  <item extension="2017-05-01" root="2.16.840.1.113883.10.20.28.4.56"/>
               </templateId>
               <id extension="Ethnicity_PatientCharacteristicEthnicity"
                   root="4227e78b-d94e-4085-950c-943f68beb59f"/>
               <code code="54133-4" codeSystem="2.16.840.1.113883.6.1" codeSystemName="LOINC">
                  <displayName value="Ethnicity"/>
               </code>
               <title value="Patient Characteristic Ethnicity"/>
               <statusCode code="COMPLETED"/>
               <value valueSet="2.16.840.1.114222.4.11.837" xsi:type="CD"/>
            </observationCriteria>
         </entry>
         <entry typeCode="DRIV">
            <localVariableName value="BipolarDisorder_Diagnosis_gGlgk"/>
            <observationCriteria classCode="OBS" moodCode="EVN">
               <templateId>
                  <item extension="2019-05-01" root="2.16.840.1.113883.10.20.28.4.110"/>
               </templateId>
               <id extension="BipolarDisorder_Diagnosis"
                   root="b45c9942-72a0-4c8e-be54-74393945dd48"/>
               <code code="282291009" codeSystem="2.16.840.1.113883.6.96" codeSystemName="SNOMED CT">
                  <displayName value="Diagnosis"/>
               </code>
               <title value="Diagnosis"/>
               <statusCode code="COMPLETED"/>
               <value valueSet="2.16.840.1.113883.3.67.1.101.1.128" xsi:type="CD"/>
            </observationCriteria>
         </entry>
         <entry typeCode="DRIV">
            <localVariableName value="PalliativeorHospiceCare_InterventionOrder_zbeRg"/>
            <actCriteria classCode="ACT" moodCode="RQO">
               <templateId>
                  <item extension="2019-05-01" root="2.16.840.1.113883.10.20.28.4.35"/>
               </templateId>
               <id extension="PalliativeorHospiceCare_InterventionOrder"
                   root="40280381-3d61-56a7-013e-8698ab4f1e4a"/>
               <code valueSet="2.16.840.1.113883.3.600.1.1579"/>
               <title value="Intervention, Order"/>
               <statusCode code="ACTIVE"/>
            </actCriteria>
         </entry>
         <entry typeCode="DRIV">
            <localVariableName value="ContactorOfficeVisit_EncounterPerformed_vmdJr"/>
            <encounterCriteria classCode="ENC" moodCode="EVN">
               <templateId>
                  <item extension="2019-05-01" root="2.16.840.1.113883.10.20.28.4.5"/>
               </templateId>
               <id extension="ContactorOfficeVisit_EncounterPerformed"
                   root="ce116525-40a6-4e97-be48-beff717e267a"/>
               <code valueSet="2.16.840.1.113762.1.4.1080.5"/>
               <title value="Encounter, Performed"/>
               <statusCode code="COMPLETED"/>
            </encounterCriteria>
         </entry>
         <entry typeCode="DRIV">
            <localVariableName value="Race_PatientCharacteristicRace_ax62q"/>
            <observationCriteria classCode="OBS" moodCode="EVN">
               <templateId>
                  <item extension="2017-05-01" root="2.16.840.1.113883.10.20.28.4.59"/>
               </templateId>
               <id extension="Race_PatientCharacteristicRace"
                   root="9ba973e0-053e-47a1-8ebb-69b3738e6495"/>
               <code code="32624-9" codeSystem="2.16.840.1.113883.6.1" codeSystemName="LOINC">
                  <displayName value="Race"/>
               </code>
               <title value="Patient Characteristic Race"/>
               <statusCode code="COMPLETED"/>
               <value valueSet="2.16.840.1.114222.4.11.836" xsi:type="CD"/>
            </observationCriteria>
         </entry>
         <entry typeCode="DRIV">
            <localVariableName value="SchizophreniaorPsychoticDisorder_Diagnosis_CfKQt"/>
            <observationCriteria classCode="OBS" moodCode="EVN">
               <templateId>
                  <item extension="2019-05-01" root="2.16.840.1.113883.10.20.28.4.110"/>
               </templateId>
               <id extension="SchizophreniaorPsychoticDisorder_Diagnosis"
                   root="72f929ff-944e-4603-93f5-e110a0bfa43b"/>
               <code code="282291009" codeSystem="2.16.840.1.113883.6.96" codeSystemName="SNOMED CT">
                  <displayName value="Diagnosis"/>
               </code>
               <title value="Diagnosis"/>
               <statusCode code="COMPLETED"/>
               <value valueSet="2.16.840.1.113883.3.464.1003.105.12.1104" xsi:type="CD"/>
            </observationCriteria>
         </entry>
         <entry typeCode="DRIV">
            <localVariableName value="PersonalityDisorderEmotionallyLabile_Diagnosis_Q7AMe"/>
            <observationCriteria classCode="OBS" moodCode="EVN">
               <templateId>
                  <item extension="2019-05-01" root="2.16.840.1.113883.10.20.28.4.110"/>
               </templateId>
               <id extension="PersonalityDisorderEmotionallyLabile_Diagnosis"
                   root="366dd5ed-2fc6-4c17-a2da-9b0ba41f2617"/>
               <code code="282291009" codeSystem="2.16.840.1.113883.6.96" codeSystemName="SNOMED CT">
                  <displayName value="Diagnosis"/>
               </code>
               <title value="Diagnosis"/>
               <statusCode code="COMPLETED"/>
               <value valueSet="2.16.840.1.113883.3.67.1.101.1.246" xsi:type="CD"/>
            </observationCriteria>
         </entry>
         <entry typeCode="DRIV">
            <localVariableName value="MajorDepressionIncludingRemission_Diagnosis_s4szw"/>
            <observationCriteria classCode="OBS" moodCode="EVN">
               <templateId>
                  <item extension="2019-05-01" root="2.16.840.1.113883.10.20.28.4.110"/>
               </templateId>
               <id extension="MajorDepressionIncludingRemission_Diagnosis"
                   root="301a0fe0-2cf9-4c59-919d-087081f526f9"/>
               <code code="282291009" codeSystem="2.16.840.1.113883.6.96" codeSystemName="SNOMED CT">
                  <displayName value="Diagnosis"/>
               </code>
               <title value="Diagnosis"/>
               <statusCode code="COMPLETED"/>
               <value valueSet="2.16.840.113883.3.67.1.101.3.2444" xsi:type="CD"/>
            </observationCriteria>
         </entry>
         <entry typeCode="DRIV">
            <observationCriteria classCode="OBS" moodCode="EVN">
               <templateId>
                  <item extension="2017-05-01" root="2.16.840.1.113883.10.20.28.4.57"/>
               </templateId>
               <id extension="419099009_PatientCharacteristicExpired"
                   root="B32F29EE-0089-4EA6-A89B-2F4B20D2DDCF"/>
               <code code="ASSERTION" codeSystem="2.16.840.1.113883.5.4">
                  <displayName value="Assertion"/>
               </code>
               <title value="Patient Characteristic Expired"/>
               <statusCode code="COMPLETED"/>
               <value code="419099009" codeSystem="2.16.840.1.113883.6.96" xsi:type="CD"/>
            </observationCriteria>
         </entry>
         <entry typeCode="DRIV">
            <observationCriteria classCode="OBS" moodCode="EVN">
               <templateId>
                  <item extension="2017-05-01" root="2.16.840.1.113883.10.20.28.4.54"/>
               </templateId>
               <id extension="21112-8_PatientCharacteristicBirthdate"
                   root="D782638D-0DE4-450B-878F-A929F39EE1F2"/>
               <code code="21112-8" codeSystem="2.16.840.1.113883.6.1" codeSystemName="LOINC"/>
               <title value="Patient Characteristic Birthdate"/>
               <statusCode code="COMPLETED"/>
            </observationCriteria>
         </entry>
      </dataCriteriaSection>
   </component>
   <component>
      <populationCriteriaSection>
         <templateId>
            <item extension="2017-08-01" root="2.16.840.1.113883.10.20.28.2.7"/>
         </templateId>
         <id extension="PopulationCriteria1" root="6B9693F1-66C4-4054-82A4-DBFF91509BDE"/>
         <code code="57026-7" codeSystem="2.16.840.1.113883.6.1"/>
         <title value="Population Criteria Section"/>
         <text/>
         <component typeCode="COMP">
            <initialPopulationCriteria classCode="OBS" moodCode="EVN">
               <id extension="initialPopulation" root="BBB0D5FB-58B3-4F52-B34B-FE1FA70FA37A"/>
               <code code="IPOP" codeSystem="2.16.840.1.113883.5.4" codeSystemName="Act Code"/>
               <precondition typeCode="PRCN">
                  <criteriaReference classCode="OBS" moodCode="EVN">
                     <id extension="DepressionRemissionatTwelveMonths.&quot;Initial Population&quot;"
                         root="27B4E0D6-2CE6-432C-B09C-FD1EDE3F20AB"/>
                  </criteriaReference>
               </precondition>
            </initialPopulationCriteria>
         </component>
         <component typeCode="COMP">
            <denominatorCriteria classCode="OBS" moodCode="EVN">
               <id extension="denominator" root="ABA073DB-F22A-40DF-85BA-D4C817E9DA42"/>
               <code code="DENOM" codeSystem="2.16.840.1.113883.5.4" codeSystemName="Act Code"/>
               <precondition typeCode="PRCN">
                  <criteriaReference classCode="OBS" moodCode="EVN">
                     <id extension="DepressionRemissionatTwelveMonths.&quot;Denominator&quot;"
                         root="27B4E0D6-2CE6-432C-B09C-FD1EDE3F20AB"/>
                  </criteriaReference>
               </precondition>
            </denominatorCriteria>
         </component>
         <component typeCode="COMP">
            <denominatorExclusionCriteria classCode="OBS" moodCode="EVN">
               <id extension="denominatorExclusions" root="51BDFCA5-362F-429A-A776-5FC9A2E0EFC1"/>
               <code code="DENEX" codeSystem="2.16.840.1.113883.5.4" codeSystemName="Act Code"/>
               <precondition typeCode="PRCN">
                  <criteriaReference classCode="OBS" moodCode="EVN">
                     <id extension="DepressionRemissionatTwelveMonths.&quot;Denominator Exclusions&quot;"
                         root="27B4E0D6-2CE6-432C-B09C-FD1EDE3F20AB"/>
                  </criteriaReference>
               </precondition>
            </denominatorExclusionCriteria>
         </component>
         <component typeCode="COMP">
            <numeratorCriteria classCode="OBS" moodCode="EVN">
               <id extension="numerator" root="779282B6-7FFE-4261-A979-833C6D7E9BD5"/>
               <code code="NUMER" codeSystem="2.16.840.1.113883.5.4" codeSystemName="Act Code"/>
               <precondition typeCode="PRCN">
                  <criteriaReference classCode="OBS" moodCode="EVN">
                     <id extension="DepressionRemissionatTwelveMonths.&quot;Numerator&quot;"
                         root="27B4E0D6-2CE6-432C-B09C-FD1EDE3F20AB"/>
                  </criteriaReference>
               </precondition>
            </numeratorCriteria>
         </component>
         <component typeCode="COMP">
            <stratifierCriteria>
               <id extension="Stratifiers" root="0D2DD3A1-9851-4557-8509-73C67315A7FF"/>
               <code code="STRAT" codeSystem="2.16.840.1.113883.5.4" codeSystemName="Act Code"/>
               <precondition typeCode="PRCN">
                  <criteriaReference classCode="OBS" moodCode="EVN">
                     <id extension="DepressionRemissionatTwelveMonths.&quot;Stratification 1&quot;"
                         root="27B4E0D6-2CE6-432C-B09C-FD1EDE3F20AB"/>
                  </criteriaReference>
               </precondition>
            </stratifierCriteria>
         </component>
         <component typeCode="COMP">
            <stratifierCriteria>
               <id extension="Stratifiers" root="8CA59F72-62BE-4478-83FB-C304A6E5B65A"/>
               <code code="STRAT" codeSystem="2.16.840.1.113883.5.4" codeSystemName="Act Code"/>
               <precondition typeCode="PRCN">
                  <criteriaReference classCode="OBS" moodCode="EVN">
                     <id extension="DepressionRemissionatTwelveMonths.&quot;Stratification 2&quot;"
                         root="27B4E0D6-2CE6-432C-B09C-FD1EDE3F20AB"/>
                  </criteriaReference>
               </precondition>
            </stratifierCriteria>
         </component>
         <component typeCode="COMP">
            <cql-ext:supplementalDataElement>
               <id extension="Supplemental Data Elements"
                   root="A8190DA4-2C12-4D71-AAE3-70614C863681"/>
               <code code="SDE" codeSystem="2.16.840.1.113883.5.4" codeSystemName="Act Code"/>
               <precondition typeCode="PRCN">
                  <criteriaReference classCode="OBS" moodCode="EVN">
                     <id extension="DepressionRemissionatTwelveMonths.&quot;SDE Ethnicity&quot;"
                         root="27B4E0D6-2CE6-432C-B09C-FD1EDE3F20AB"/>
                  </criteriaReference>
               </precondition>
            </cql-ext:supplementalDataElement>
         </component>
         <component typeCode="COMP">
            <cql-ext:supplementalDataElement>
               <id extension="Supplemental Data Elements"
                   root="38E40E40-C0DC-4A16-95A5-78F8E1E3D8C1"/>
               <code code="SDE" codeSystem="2.16.840.1.113883.5.4" codeSystemName="Act Code"/>
               <precondition typeCode="PRCN">
                  <criteriaReference classCode="OBS" moodCode="EVN">
                     <id extension="DepressionRemissionatTwelveMonths.&quot;SDE Payer&quot;"
                         root="27B4E0D6-2CE6-432C-B09C-FD1EDE3F20AB"/>
                  </criteriaReference>
               </precondition>
            </cql-ext:supplementalDataElement>
         </component>
         <component typeCode="COMP">
            <cql-ext:supplementalDataElement>
               <id extension="Supplemental Data Elements"
                   root="84F819F8-AC9B-4377-9A9F-FE5EFE38EDC0"/>
               <code code="SDE" codeSystem="2.16.840.1.113883.5.4" codeSystemName="Act Code"/>
               <precondition typeCode="PRCN">
                  <criteriaReference classCode="OBS" moodCode="EVN">
                     <id extension="DepressionRemissionatTwelveMonths.&quot;SDE Race&quot;"
                         root="27B4E0D6-2CE6-432C-B09C-FD1EDE3F20AB"/>
                  </criteriaReference>
               </precondition>
            </cql-ext:supplementalDataElement>
         </component>
         <component typeCode="COMP">
            <cql-ext:supplementalDataElement>
               <id extension="Supplemental Data Elements"
                   root="6DA0B0CC-E10F-45D7-AE68-1A4262FC0465"/>
               <code code="SDE" codeSystem="2.16.840.1.113883.5.4" codeSystemName="Act Code"/>
               <precondition typeCode="PRCN">
                  <criteriaReference classCode="OBS" moodCode="EVN">
                     <id extension="DepressionRemissionatTwelveMonths.&quot;SDE Sex&quot;"
                         root="27B4E0D6-2CE6-432C-B09C-FD1EDE3F20AB"/>
                  </criteriaReference>
               </precondition>
            </cql-ext:supplementalDataElement>
         </component>
      </populationCriteriaSection>
   </component>
</QualityMeasureDocument>