<?xml version="1.0" encoding="UTF-8" standalone="yes"?>
<QualityMeasureDocument xmlns="urn:hl7-org:v3" xmlns:cql-ext="urn:hhs-cql:hqmf-n1-extensions:v1"
                        xmlns:xsi="http://www.w3.org/2001/XMLSchema-instance">
         
      <!--
			**************************************************************
			Measure Details Section
			**************************************************************
		-->
         
      <typeId extension="POQM_HD000001UV02" root="2.16.840.1.113883.1.3"/>
   <templateId>
      <item extension="2018-05-01" root="2.16.840.1.113883.10.20.28.1.2"/>
   </templateId>
   <id root="40280382-6963-bf5e-0169-da4fbfb93891"/>
   <code code="57024-2" codeSystem="2.16.840.1.113883.6.1">
      <displayName value="Health Quality Measure Document"/>
   </code>
   <title value="Breast Cancer Screening"/>
   <text
         value="Percentage of women 50-74 years of age who had a mammogram to screen for breast cancer in the 27 months prior to the end of the Measurement Period"/>
   <statusCode code="COMPLETED"/>
   <setId root="19783c1b-4fd1-46c1-8a96-a2f192b97ee0"/>
   <versionNumber value="8.4.000"/>
   <author>
      <responsibleParty classCode="ASSIGNED">
         <representedResponsibleOrganization classCode="ORG" determinerCode="INSTANCE">
            <id>
               <item root="2.16.840.1.113883.3.464"/>
            </id>
            <name>
               <item>
                  <part value="National Committee for Quality Assurance"/>
               </item>
            </name>
         </representedResponsibleOrganization>
      </responsibleParty>
   </author>
   <custodian>
      <responsibleParty classCode="ASSIGNED">
         <representedResponsibleOrganization classCode="ORG" determinerCode="INSTANCE">
            <id>
               <item root="2.16.840.1.113883.3.464"/>
            </id>
            <name>
               <item>
                  <part value="National Committee for Quality Assurance"/>
               </item>
            </name>
         </representedResponsibleOrganization>
      </responsibleParty>
   </custodian>
   <!--Encounter Inpatient-->
     	 <definition>
      <valueSet classCode="OBS" moodCode="DEF">
         <id root="2.16.840.1.113883.3.666.5.307"/>
         <title value="Encounter Inpatient"/>
      </valueSet>
   </definition>
   <!--Status Post Right Mastectomy-->
     	 <definition>
      <valueSet classCode="OBS" moodCode="DEF">
         <id root="2.16.840.1.113883.3.464.1003.198.12.1070"/>
         <title value="Status Post Right Mastectomy"/>
      </valueSet>
   </definition>
   <!--Frailty Symptom-->
     	 <definition>
      <valueSet classCode="OBS" moodCode="DEF">
         <id root="2.16.840.1.113883.3.464.1003.113.12.1075"/>
         <title value="Frailty Symptom"/>
      </valueSet>
   </definition>
   <!--Care Services in Long-Term Residential Facility-->
     	 <definition>
      <valueSet classCode="OBS" moodCode="DEF">
         <id root="2.16.840.1.113883.3.464.1003.101.12.1014"/>
         <title value="Care Services in Long-Term Residential Facility"/>
      </valueSet>
   </definition>
   <!--ONC Administrative Sex-->
     	 <definition>
      <valueSet classCode="OBS" moodCode="DEF">
         <id root="2.16.840.1.113762.1.4.1"/>
         <title value="ONC Administrative Sex"/>
      </valueSet>
   </definition>
   <!--Preventive Care Services-Initial Office Visit, 18 and Up-->
     	 <definition>
      <valueSet classCode="OBS" moodCode="DEF">
         <id root="2.16.840.1.113883.3.464.1003.101.12.1023"/>
         <title value="Preventive Care Services-Initial Office Visit, 18 and Up"/>
      </valueSet>
   </definition>
   <!--Nonacute Inpatient-->
     	 <definition>
      <valueSet classCode="OBS" moodCode="DEF">
         <id root="2.16.840.1.113883.3.464.1003.101.12.1084"/>
         <title value="Nonacute Inpatient"/>
      </valueSet>
   </definition>
   <!--Unilateral Mastectomy-->
     	 <definition>
      <valueSet classCode="OBS" moodCode="DEF">
         <id root="2.16.840.1.113883.3.464.1003.198.12.1020"/>
         <title value="Unilateral Mastectomy"/>
      </valueSet>
   </definition>
   <!--History of bilateral mastectomy-->
     	 <definition>
      <valueSet classCode="OBS" moodCode="DEF">
         <id root="2.16.840.1.113883.3.464.1003.198.12.1068"/>
         <title value="History of bilateral mastectomy"/>
      </valueSet>
   </definition>
   <!--Nursing Facility Visit-->
     	 <definition>
      <valueSet classCode="OBS" moodCode="DEF">
         <id root="2.16.840.1.113883.3.464.1003.101.12.1012"/>
         <title value="Nursing Facility Visit"/>
      </valueSet>
   </definition>
   <!--Preventive Care Services - Established Office Visit, 18 and Up-->
     	 <definition>
      <valueSet classCode="OBS" moodCode="DEF">
         <id root="2.16.840.1.113883.3.464.1003.101.12.1025"/>
         <title value="Preventive Care Services - Established Office Visit, 18 and Up"/>
      </valueSet>
   </definition>
   <!--Annual Wellness Visit-->
     	 <definition>
      <valueSet classCode="OBS" moodCode="DEF">
         <id root="2.16.840.1.113883.3.526.3.1240"/>
         <title value="Annual Wellness Visit"/>
      </valueSet>
   </definition>
   <!--Frailty Device-->
     	 <definition>
      <valueSet classCode="OBS" moodCode="DEF">
         <id root="2.16.840.1.113883.3.464.1003.118.12.1300"/>
         <title value="Frailty Device"/>
      </valueSet>
   </definition>
   <!--Race-->
     	 <definition>
      <valueSet classCode="OBS" moodCode="DEF">
         <id root="2.16.840.1.114222.4.11.836"/>
         <title value="Race"/>
      </valueSet>
   </definition>
   <!--Unilateral Mastectomy, Unspecified Laterality-->
     	 <definition>
      <valueSet classCode="OBS" moodCode="DEF">
         <id root="2.16.840.1.113883.3.464.1003.198.12.1071"/>
         <title value="Unilateral Mastectomy, Unspecified Laterality"/>
      </valueSet>
   </definition>
   <!--Female-->
     	 <definition>
      <valueSet classCode="OBS" moodCode="DEF">
         <id root="2.16.840.1.113883.3.560.100.2"/>
         <title value="Female"/>
      </valueSet>
   </definition>
   <!--Observation-->
     	 <definition>
      <valueSet classCode="OBS" moodCode="DEF">
         <id root="2.16.840.1.113883.3.464.1003.101.12.1086"/>
         <title value="Observation"/>
      </valueSet>
   </definition>
   <!--ED-->
     	 <definition>
      <valueSet classCode="OBS" moodCode="DEF">
         <id root="2.16.840.1.113883.3.464.1003.101.12.1085"/>
         <title value="ED"/>
      </valueSet>
   </definition>
   <!--Dementia Medications-->
     	 <definition>
      <valueSet classCode="OBS" moodCode="DEF">
         <id root="2.16.840.1.113883.3.464.1003.196.12.1510"/>
         <title value="Dementia Medications"/>
      </valueSet>
   </definition>
   <!--Unilateral Mastectomy Left-->
     	 <definition>
      <valueSet classCode="OBS" moodCode="DEF">
         <id root="2.16.840.1.113883.3.464.1003.198.12.1133"/>
         <title value="Unilateral Mastectomy Left"/>
      </valueSet>
   </definition>
   <!--Office Visit-->
     	 <definition>
      <valueSet classCode="OBS" moodCode="DEF">
         <id root="2.16.840.1.113883.3.464.1003.101.12.1001"/>
         <title value="Office Visit"/>
      </valueSet>
   </definition>
   <!--Payer-->
     	 <definition>
      <valueSet classCode="OBS" moodCode="DEF">
         <id root="2.16.840.1.114222.4.11.3591"/>
         <title value="Payer"/>
      </valueSet>
   </definition>
   <!--Status Post Left Mastectomy-->
     	 <definition>
      <valueSet classCode="OBS" moodCode="DEF">
         <id root="2.16.840.1.113883.3.464.1003.198.12.1069"/>
         <title value="Status Post Left Mastectomy"/>
      </valueSet>
   </definition>
   <!--Unilateral Mastectomy Right-->
     	 <definition>
      <valueSet classCode="OBS" moodCode="DEF">
         <id root="2.16.840.1.113883.3.464.1003.198.12.1134"/>
         <title value="Unilateral Mastectomy Right"/>
      </valueSet>
   </definition>
   <!--Acute Inpatient-->
     	 <definition>
      <valueSet classCode="OBS" moodCode="DEF">
         <id root="2.16.840.1.113883.3.464.1003.101.12.1083"/>
         <title value="Acute Inpatient"/>
      </valueSet>
   </definition>
   <!--Bilateral Mastectomy-->
     	 <definition>
      <valueSet classCode="OBS" moodCode="DEF">
         <id root="2.16.840.1.113883.3.464.1003.198.12.1005"/>
         <title value="Bilateral Mastectomy"/>
      </valueSet>
   </definition>
   <!--Mammography-->
     	 <definition>
      <valueSet classCode="OBS" moodCode="DEF">
         <id root="2.16.840.1.113883.3.464.1003.108.12.1018"/>
         <title value="Mammography"/>
      </valueSet>
   </definition>
   <!--Outpatient-->
     	 <definition>
      <valueSet classCode="OBS" moodCode="DEF">
         <id root="2.16.840.1.113883.3.464.1003.101.12.1087"/>
         <title value="Outpatient"/>
      </valueSet>
   </definition>
   <!--Hospice care ambulatory-->
     	 <definition>
      <valueSet classCode="OBS" moodCode="DEF">
         <id root="2.16.840.1.113762.1.4.1108.15"/>
         <title value="Hospice care ambulatory"/>
      </valueSet>
   </definition>
   <!--Ethnicity-->
     	 <definition>
      <valueSet classCode="OBS" moodCode="DEF">
         <id root="2.16.840.1.114222.4.11.837"/>
         <title value="Ethnicity"/>
      </valueSet>
   </definition>
   <!--Frailty Encounter-->
     	 <definition>
      <valueSet classCode="OBS" moodCode="DEF">
         <id root="2.16.840.1.113883.3.464.1003.101.12.1088"/>
         <title value="Frailty Encounter"/>
      </valueSet>
   </definition>
   <!--Home Healthcare Services-->
     	 <definition>
      <valueSet classCode="OBS" moodCode="DEF">
         <id root="2.16.840.1.113883.3.464.1003.101.12.1016"/>
         <title value="Home Healthcare Services"/>
      </valueSet>
   </definition>
   <!--Frailty Diagnosis-->
     	 <definition>
      <valueSet classCode="OBS" moodCode="DEF">
         <id root="2.16.840.1.113883.3.464.1003.113.12.1074"/>
         <title value="Frailty Diagnosis"/>
      </valueSet>
   </definition>
   <!--Left-->
     	 <definition>
      <valueSet classCode="OBS" moodCode="DEF">
         <id root="2.16.840.1.113883.3.464.1003.122.12.1036"/>
         <title value="Left"/>
      </valueSet>
   </definition>
   <!--Right-->
     	 <definition>
      <valueSet classCode="OBS" moodCode="DEF">
         <id root="2.16.840.1.113883.3.464.1003.122.12.1035"/>
         <title value="Right"/>
      </valueSet>
   </definition>
   <!--Advanced Illness-->
     	 <definition>
      <valueSet classCode="OBS" moodCode="DEF">
         <id root="2.16.840.1.113883.3.464.1003.110.12.1082"/>
         <title value="Advanced Illness"/>
      </valueSet>
   </definition>
   <!--Birth date-CODE:/CodeSystem/LOINC/Version/2.65/Code/21112-8/Info-->
      <definition>
      <cql-ext:code code="21112-8" codeSystem="2.16.840.1.113883.6.1" codeSystemName="LOINC">
         <displayName value="Birth date"/>
      </cql-ext:code>
   </definition>
   <!--Discharge to home for hospice care (procedure)-CODE:/CodeSystem/SNOMEDCT/Version/2017-09/Code/428361000124107/Info-->
      <definition>
      <cql-ext:code code="428361000124107" codeSystem="2.16.840.1.113883.6.96"
                    codeSystemName="SNOMEDCT">
         <displayName value="Discharge to home for hospice care (procedure)"/>
      </cql-ext:code>
   </definition>
   <!--Discharge to healthcare facility for hospice care (procedure)-CODE:/CodeSystem/SNOMEDCT/Version/2017-09/Code/428371000124100/Info-->
      <definition>
      <cql-ext:code code="428371000124100" codeSystem="2.16.840.1.113883.6.96"
                    codeSystemName="SNOMEDCT">
         <displayName value="Discharge to healthcare facility for hospice care (procedure)"/>
      </cql-ext:code>
   </definition>
   <relatedDocument typeCode="COMP">
      <expressionDocument>
         <id root="88633D62-FE9E-481B-849F-0193A2718237"/>
         <text mediaType="text/cql">
            <reference value="https://emeasuretool.cms.gov/libraries/19783c1b-4fd1-46c1-8a96-a2f192b97ee0/BreastCancerScreening-8.4.000.cql"/>
            <translation mediaType="application/elm+xml">
               <reference value="https://emeasuretool.cms.gov/libraries/19783c1b-4fd1-46c1-8a96-a2f192b97ee0/BreastCancerScreening-8.4.000.xml"/>
            </translation>
            <translation mediaType="application/elm+json">
               <reference value="https://emeasuretool.cms.gov/libraries/19783c1b-4fd1-46c1-8a96-a2f192b97ee0/BreastCancerScreening-8.4.000.json"/>
            </translation>
         </text>
         <setId extension="19783c1b-4fd1-46c1-8a96-a2f192b97ee0"
                identifierName="BreastCancerScreening"
                root="https://emeasuretool.cms.gov/libraries"/>
         <versionNumber value="8.4.000"/>
      </expressionDocument>
   </relatedDocument>
   <relatedDocument typeCode="COMP">
      <expressionDocument>
         <id root="4028038268434da201685d6f1d380835"/>
         <text mediaType="text/cql">
            <reference value="https://emeasuretool.cms.gov/libraries/47bbc6ea-a2f3-421d-85ca-fae959fcbafd/Adult_Outpatient_Encounters-1.2.000.cql"/>
            <translation mediaType="application/elm+xml">
               <reference value="https://emeasuretool.cms.gov/libraries/47bbc6ea-a2f3-421d-85ca-fae959fcbafd/Adult_Outpatient_Encounters-1.2.000.xml"/>
            </translation>
            <translation mediaType="application/elm+json">
               <reference value="https://emeasuretool.cms.gov/libraries/47bbc6ea-a2f3-421d-85ca-fae959fcbafd/Adult_Outpatient_Encounters-1.2.000.json"/>
            </translation>
         </text>
         <setId extension="47bbc6ea-a2f3-421d-85ca-fae959fcbafd"
                identifierName="Adult_Outpatient_Encounters"
                root="https://emeasuretool.cms.gov/libraries"/>
         <versionNumber value="1.2.000"/>
      </expressionDocument>
   </relatedDocument>
   <relatedDocument typeCode="COMP">
      <expressionDocument>
         <id root="4028038268d3a5fe016939cd47752ac8"/>
         <text mediaType="text/cql">
            <reference value="https://emeasuretool.cms.gov/libraries/64299b80-f383-4dc9-82e4-d6ef0b271b11/Hospice-2.0.000.cql"/>
            <translation mediaType="application/elm+xml">
               <reference value="https://emeasuretool.cms.gov/libraries/64299b80-f383-4dc9-82e4-d6ef0b271b11/Hospice-2.0.000.xml"/>
            </translation>
            <translation mediaType="application/elm+json">
               <reference value="https://emeasuretool.cms.gov/libraries/64299b80-f383-4dc9-82e4-d6ef0b271b11/Hospice-2.0.000.json"/>
            </translation>
         </text>
         <setId extension="64299b80-f383-4dc9-82e4-d6ef0b271b11" identifierName="Hospice"
                root="https://emeasuretool.cms.gov/libraries"/>
         <versionNumber value="2.0.000"/>
      </expressionDocument>
   </relatedDocument>
   <relatedDocument typeCode="COMP">
      <expressionDocument>
         <id root="402803826963bf5e0169d9ef3fd93705"/>
         <text mediaType="text/cql">
            <reference value="https://emeasuretool.cms.gov/libraries/60aebe4a-ef31-4ff1-8cfb-93bd7ee79cf5/AdvancedIllnessandFrailtyExclusionECQM-4.0.000.cql"/>
            <translation mediaType="application/elm+xml">
               <reference value="https://emeasuretool.cms.gov/libraries/60aebe4a-ef31-4ff1-8cfb-93bd7ee79cf5/AdvancedIllnessandFrailtyExclusionECQM-4.0.000.xml"/>
            </translation>
            <translation mediaType="application/elm+json">
               <reference value="https://emeasuretool.cms.gov/libraries/60aebe4a-ef31-4ff1-8cfb-93bd7ee79cf5/AdvancedIllnessandFrailtyExclusionECQM-4.0.000.json"/>
            </translation>
         </text>
         <setId extension="60aebe4a-ef31-4ff1-8cfb-93bd7ee79cf5"
                identifierName="AdvancedIllnessandFrailtyExclusionECQM"
                root="https://emeasuretool.cms.gov/libraries"/>
         <versionNumber value="4.0.000"/>
      </expressionDocument>
   </relatedDocument>
   <relatedDocument typeCode="COMP">
      <expressionDocument>
         <id root="4028038268434da20168531138e502de"/>
         <text mediaType="text/cql">
            <reference value="https://emeasuretool.cms.gov/libraries/8bdc0a19-b210-4a58-8a07-f5d95a34eca9/MATGlobalCommonFunctions-4.0.000.cql"/>
            <translation mediaType="application/elm+xml">
               <reference value="https://emeasuretool.cms.gov/libraries/8bdc0a19-b210-4a58-8a07-f5d95a34eca9/MATGlobalCommonFunctions-4.0.000.xml"/>
            </translation>
            <translation mediaType="application/elm+json">
               <reference value="https://emeasuretool.cms.gov/libraries/8bdc0a19-b210-4a58-8a07-f5d95a34eca9/MATGlobalCommonFunctions-4.0.000.json"/>
            </translation>
         </text>
         <setId extension="8bdc0a19-b210-4a58-8a07-f5d95a34eca9"
                identifierName="MATGlobalCommonFunctions"
                root="https://emeasuretool.cms.gov/libraries"/>
         <versionNumber value="4.0.000"/>
      </expressionDocument>
   </relatedDocument>
   <controlVariable>
      <measurePeriod>
         <id extension="measureperiod" root="9ff8ed2f-11a7-46bc-be31-add1298e65bd"/>
         <code code="MSRTP" codeSystem="2.16.840.1.113883.5.4">
            <originalText value="Measurement Period"/>
         </code>
         <value xsi:type="PIVL_TS">
            <phase highClosed="true" lowClosed="true">
               <low value="20190101"/>
               <width unit="a" value="1" xsi:type="PQ"/>
            </phase>
            <period unit="a" value="1"/>
         </value>
      </measurePeriod>
   </controlVariable>
   <subjectOf>
      <measureAttribute>
         <code nullFlavor="OTH">
            <originalText value="eCQM Identifier (Measure Authoring Tool)"/>
         </code>
         <value mediaType="text/plain" value="125" xsi:type="ED"/>
      </measureAttribute>
   </subjectOf>
   <subjectOf>
      <measureAttribute>
         <code nullFlavor="OTH">
            <originalText value="NQF Number"/>
         </code>
         <value mediaType="text/plain" value="Not Applicable" xsi:type="ED"/>
      </measureAttribute>
   </subjectOf>
   <subjectOf>
      <measureAttribute>
         <code code="COPY" codeSystem="2.16.840.1.113883.5.4">
            <displayName value="Copyright"/>
         </code>
         <value mediaType="text/plain"
                value="This Physician Performance Measure (Measure) and related data specifications are owned and were developed by the National Committee for Quality Assurance (NCQA). NCQA is not responsible for any use of the Measure. NCQA makes no representations, warranties, or endorsement about the quality of any organization or physician that uses or reports performance measures and NCQA has no liability to anyone who relies on such measures or specifications. NCQA holds a copyright in the Measure. The Measure can be reproduced and distributed, without modification, for noncommercial purposes (e.g., use by healthcare providers in connection with their practices) without obtaining approval from NCQA. Commercial use is defined as the sale, licensing, or distribution of the Measure for commercial gain, or incorporation of the Measure into a product or service that is sold, licensed or distributed for commercial gain. All commercial uses or requests for modification must be approved by NCQA and are subject to a license at the discretion of NCQA. (C) 2012-2019 National Committee for Quality Assurance. All Rights Reserved. &#xA;&#xA;Limited proprietary coding is contained in the Measure specifications for user convenience. Users of proprietary code sets should obtain all necessary licenses from the owners of the code sets. NCQA disclaims all liability for use or accuracy of any third party codes contained in the specifications.&#xA;&#xA;CPT(R) contained in the Measure specifications is copyright 2004-2018 American Medical Association. LOINC(R) copyright 2004-2018 Regenstrief Institute, Inc. This material contains SNOMED Clinical Terms(R) (SNOMED CT[R]) copyright 2004-2018 International Health Terminology Standards Development Organisation. ICD-10 copyright 2018 World Health Organization. All Rights Reserved."
                xsi:type="ED"/>
      </measureAttribute>
   </subjectOf>
   <subjectOf>
      <measureAttribute>
         <code code="DISC" codeSystem="2.16.840.1.113883.5.4">
            <displayName value="Disclaimer"/>
         </code>
         <value mediaType="text/plain"
                value="The performance Measure is not a clinical guideline and does not establish a standard of medical care, and has not been tested for all potential applications. THE MEASURE AND SPECIFICATIONS ARE PROVIDED &quot;AS IS&quot; WITHOUT WARRANTY OF ANY KIND.&#xA; &#xA;Due to technical limitations, registered trademarks are indicated by (R) or [R] and unregistered trademarks are indicated by (TM) or [TM]."
                xsi:type="ED"/>
      </measureAttribute>
   </subjectOf>
   <subjectOf>
      <measureAttribute>
         <code code="MSRSCORE" codeSystem="2.16.840.1.113883.5.4">
            <displayName value="Measure Scoring"/>
         </code>
         <value code="PROPOR" codeSystem="2.16.840.1.113883.5.1063" xsi:type="CD">
            <displayName value="Proportion"/>
         </value>
      </measureAttribute>
   </subjectOf>
   <subjectOf>
      <measureAttribute>
         <code code="MSRTYPE" codeSystem="2.16.840.1.113883.5.4">
            <displayName value="Measure Type"/>
         </code>
         <value code="PROCESS" codeSystem="2.16.840.1.113883.5.1063" xsi:type="CD">
            <displayName value="PROCESS"/>
         </value>
      </measureAttribute>
   </subjectOf>
   <subjectOf>
      <measureAttribute>
         <code code="STRAT" codeSystem="2.16.840.1.113883.5.4">
            <displayName value="Stratification"/>
         </code>
         <value mediaType="text/plain" value="None" xsi:type="ED"/>
      </measureAttribute>
   </subjectOf>
   <subjectOf>
      <measureAttribute>
         <code code="MSRADJ" codeSystem="2.16.840.1.113883.5.4">
            <displayName value="Risk Adjustment"/>
         </code>
         <value mediaType="text/plain" value="None" xsi:type="ED"/>
      </measureAttribute>
   </subjectOf>
   <subjectOf>
      <measureAttribute>
         <code code="MSRAGG" codeSystem="2.16.840.1.113883.5.4">
            <displayName value="Rate Aggregation"/>
         </code>
         <value mediaType="text/plain" value="None" xsi:type="ED"/>
      </measureAttribute>
   </subjectOf>
   <subjectOf>
      <measureAttribute>
         <code code="RAT" codeSystem="2.16.840.1.113883.5.4">
            <displayName value="Rationale"/>
         </code>
         <value mediaType="text/plain"
                value="Breast cancer is one of the most common types of cancers, accounting for 15 percent of all new cancer diagnoses in the U.S. (Noone et al, 2018). In 2015, over 3 million women were estimated to be living with breast cancer in the U.S. and it is estimated that 12 percent of women will be diagnosed with breast cancer at some point during their lifetime (Noone et al, 2018). &#xA;&#xA;While there are other factors that affect a woman's risk of developing breast cancer, advancing age is a primary risk factor. Breast cancer is most frequently diagnosed among women ages 55-64; the median age at diagnosis is 62 years (Noone et al, 2018).&#xA;&#xA;The chance of a woman being diagnosed with breast cancer in a given year increases with age. By age 40, the chances are 1 in 68; by age 50 it becomes 1 in 43; by age 60, it is 1 in 29 (American Cancer Society, 2017)."
                xsi:type="ED"/>
      </measureAttribute>
   </subjectOf>
   <subjectOf>
      <measureAttribute>
         <code code="CRS" codeSystem="2.16.840.1.113883.5.4">
            <displayName value="Clinical Recommendation Statement"/>
         </code>
         <value mediaType="text/plain"
                value="The U.S. Preventive Services Task Force (USPSTF) recommends biennial screening mammography for women aged 50-74 years (B recommendation). &#xA;&#xA;The decision to start screening mammography in women prior to age 50 years should be an individual one. Women who place a higher value on the potential benefit than the potential harms may choose to begin biennial screening between the ages of 40 and 49 years (C recommendation). (USPSTF, 2016) &#xA;&#xA;The USPSTF concludes that the current evidence is insufficient to assess the balance of benefits and harms of screening mammography in women aged 75 years or older (I statement). (USPSTF, 2016) &#xA;&#xA;The USPSTF concludes that the current evidence is insufficient to assess the benefits and harms of digital breast tomosynthesis (DBT) as a primary screening method for breast cancer (I Statement). (USPSTF, 2016) &#xA;&#xA;The USPSTF concludes that the current evidence is insufficient to assess the balance of benefits and harms of adjunctive screening for breast cancer using breast ultrasonography, magnetic resonance imaging, DBT, or other methods in women identified to have dense breasts on an otherwise negative screening mammogram (I statement). (USPSTF, 2016)"
                xsi:type="ED"/>
      </measureAttribute>
   </subjectOf>
   <subjectOf>
      <measureAttribute>
         <code code="IDUR" codeSystem="2.16.840.1.113883.5.4">
            <displayName value="Improvement Notation"/>
         </code>
         <value mediaType="text/plain" value="Higher score equals better quality" xsi:type="ED"/>
      </measureAttribute>
   </subjectOf>
   <subjectOf>
      <measureAttribute>
         <code code="REF" codeSystem="2.16.840.1.113883.5.4">
            <displayName value="Reference"/>
         </code>
         <value mediaType="text/plain"
                value="American Cancer Society. 2017. “Breast Cancer Facts &amp; Figures 2017-2018.” (February 8, 2019). Retrieved from https://www.cancer.org/content/dam/cancer-org/research/cancer-facts-and-statistics/breast-cancer-facts-and-figures/breast-cancer-facts-and-figures-2017-2018.pdf"
                xsi:type="ED"/>
      </measureAttribute>
   </subjectOf>
   <subjectOf>
      <measureAttribute>
         <code code="REF" codeSystem="2.16.840.1.113883.5.4">
            <displayName value="Reference"/>
         </code>
         <value mediaType="text/plain"
                value="Noone, A.M., Howlader, N., Krapcho, M., Miller, D., Brest, A., Yu, M., Ruhl, J., Tatalovich, Z., Mariotto, A., Lewis, D.R., Chen, H.S., Feuer, E.J., Cronin, K.A. (eds). 2018. “SEER Cancer Statistics Review, 1975-2015.” National Cancer Institute. Bethesda, MD. (February 8, 2019) Retrieved from https://seer.cancer.gov/csr/1975_2015/"
                xsi:type="ED"/>
      </measureAttribute>
   </subjectOf>
   <subjectOf>
      <measureAttribute>
         <code code="REF" codeSystem="2.16.840.1.113883.5.4">
            <displayName value="Reference"/>
         </code>
         <value mediaType="text/plain"
                value="U.S. Preventive Services Task Force. (2016). Screening for breast cancer: U.S. Preventive Services Task Force recommendation statement. Annals of Internal Medicine, 164(4), 279-296."
                xsi:type="ED"/>
      </measureAttribute>
   </subjectOf>
   <subjectOf>
      <measureAttribute>
         <code code="DEF" codeSystem="2.16.840.1.113883.5.4">
            <displayName value="Definition"/>
         </code>
         <value mediaType="text/plain" value="None" xsi:type="ED"/>
      </measureAttribute>
   </subjectOf>
   <subjectOf>
      <measureAttribute>
         <code code="GUIDE" codeSystem="2.16.840.1.113883.5.4">
            <displayName value="Guidance"/>
         </code>
         <value mediaType="text/plain"
                value="Patient self-report for procedures as well as diagnostic studies should be recorded in 'Procedure, Performed' template or 'Diagnostic Study, Performed' template in QRDA-1. &#xA;&#xA;This measure evaluates primary screening. Do not count biopsies, breast ultrasounds, or MRIs because they are not appropriate methods for primary breast cancer screening."
                xsi:type="ED"/>
      </measureAttribute>
   </subjectOf>
   <subjectOf>
      <measureAttribute>
         <code code="TRANF" codeSystem="2.16.840.1.113883.5.4">
            <displayName value="Transmission Format"/>
         </code>
         <value mediaType="text/plain" value="TBD" xsi:type="ED"/>
      </measureAttribute>
   </subjectOf>
   <subjectOf>
      <measureAttribute>
         <code code="IPOP" codeSystem="2.16.840.1.113883.5.4">
            <displayName value="Initial Population"/>
         </code>
         <value mediaType="text/plain"
                value="Women 51-74 years of age with a visit during the measurement period"
                xsi:type="ED"/>
      </measureAttribute>
   </subjectOf>
   <subjectOf>
      <measureAttribute>
         <code code="DENOM" codeSystem="2.16.840.1.113883.5.4">
            <displayName value="Denominator"/>
         </code>
         <value mediaType="text/plain" value="Equals Initial Population" xsi:type="ED"/>
      </measureAttribute>
   </subjectOf>
   <subjectOf>
      <measureAttribute>
         <code code="DENEX" codeSystem="2.16.840.1.113883.5.4">
            <displayName value="Denominator Exclusions"/>
         </code>
         <value mediaType="text/plain"
                value="Women who had a bilateral mastectomy or who have a history of a bilateral mastectomy or for whom there is evidence of a right and a left unilateral mastectomy.&#xA;&#xA;Exclude patients whose hospice care overlaps the measurement period.&#xA;&#xA;Exclude patients 66 and older who are living long term in an institution for more than 90 days during the measurement period. &#xA;&#xA;Exclude patients 66 and older with advanced illness and frailty because it is unlikely that patients will benefit from the services being measured."
                xsi:type="ED"/>
      </measureAttribute>
   </subjectOf>
   <subjectOf>
      <measureAttribute>
         <code code="NUMER" codeSystem="2.16.840.1.113883.5.4">
            <displayName value="Numerator"/>
         </code>
         <value mediaType="text/plain"
                value="Women with one or more mammograms during the 27 months prior to the end of the measurement period"
                xsi:type="ED"/>
      </measureAttribute>
   </subjectOf>
   <subjectOf>
      <measureAttribute>
         <code code="NUMEX" codeSystem="2.16.840.1.113883.5.4">
            <displayName value="Numerator Exclusions"/>
         </code>
         <value mediaType="text/plain" value="Not Applicable" xsi:type="ED"/>
      </measureAttribute>
   </subjectOf>
   <subjectOf>
      <measureAttribute>
         <code code="DENEXCEP" codeSystem="2.16.840.1.113883.5.4">
            <displayName value="Denominator Exceptions"/>
         </code>
         <value mediaType="text/plain" value="None" xsi:type="ED"/>
      </measureAttribute>
   </subjectOf>
   <subjectOf>
      <measureAttribute>
         <code code="SDE" codeSystem="2.16.840.1.113883.5.4">
            <displayName value="Supplemental Data Elements"/>
         </code>
         <value mediaType="text/plain"
                value="For every patient evaluated by this measure also identify payer, race, ethnicity and sex"
                xsi:type="ED"/>
      </measureAttribute>
   </subjectOf>
   <componentOf>
      <qualityMeasureSet classCode="ACT">
         <id root="67de2264-0d98-44dd-9230-b558a3f47a22"/>
         <title value="None"/>
      </qualityMeasureSet>
   </componentOf>
   <!--Data Criteria Section-->
   <component>
      <dataCriteriaSection>
         <templateId>
            <item extension="2018-05-01" root="2.16.840.1.113883.10.20.28.2.6"/>
         </templateId>
         <code code="57025-9" codeSystem="2.16.840.1.113883.6.1"/>
         <title value="Data Criteria Section"/>
         <text/>
         <entry typeCode="DRIV">
            <localVariableName value="EncounterInpatient_EncounterPerformed_xtCl2"/>
            <encounterCriteria classCode="ENC" moodCode="EVN">
               <templateId>
                  <item extension="2017-08-01" root="2.16.840.1.113883.10.20.28.4.5"/>
               </templateId>
               <id extension="EncounterInpatient_EncounterPerformed"
                   root="59c3933e-c568-4119-b89d-c29b7c752ef3"/>
               <code valueSet="2.16.840.1.113883.3.666.5.307"/>
               <title value="Encounter, Performed"/>
               <statusCode code="COMPLETED"/>
            </encounterCriteria>
         </entry>
         <entry typeCode="DRIV">
            <localVariableName value="StatusPostRightMastectomy_Diagnosis_SWLWF"/>
            <observationCriteria classCode="OBS" moodCode="EVN">
               <templateId>
                  <item extension="2017-08-01" root="2.16.840.1.113883.10.20.28.4.110"/>
               </templateId>
               <id extension="StatusPostRightMastectomy_Diagnosis"
                   root="df8fd64d-3625-464b-a285-e76a43e5ff38"/>
               <code code="282291009" codeSystem="2.16.840.1.113883.6.96" codeSystemName="SNOMED CT">
                  <displayName value="Diagnosis"/>
               </code>
               <title value="Diagnosis"/>
               <statusCode code="COMPLETED"/>
               <value valueSet="2.16.840.1.113883.3.464.1003.198.12.1070" xsi:type="CD"/>
            </observationCriteria>
         </entry>
         <entry typeCode="DRIV">
            <localVariableName value="FrailtySymptom_Symptom_p05QR"/>
            <observationCriteria classCode="OBS" moodCode="EVN">
               <templateId>
                  <item extension="2017-08-01" root="2.16.840.1.113883.10.20.28.4.116"/>
               </templateId>
               <id extension="FrailtySymptom_Symptom" root="bfcb65b5-61f2-49b8-a2e9-f648e6a818c0"/>
               <code code="418799008" codeSystem="2.16.840.1.113883.6.96" codeSystemName="SNOMED CT">
                  <displayName value="Symptom"/>
               </code>
               <title value="Symptom"/>
               <statusCode code="COMPLETED"/>
               <value valueSet="2.16.840.1.113883.3.464.1003.113.12.1075" xsi:type="CD"/>
            </observationCriteria>
         </entry>
         <entry typeCode="DRIV">
            <localVariableName value="CareServicesinLong-TermResidentialFacility_EncounterPerformed_ZGavU"/>
            <encounterCriteria classCode="ENC" moodCode="EVN">
               <templateId>
                  <item extension="2017-08-01" root="2.16.840.1.113883.10.20.28.4.5"/>
               </templateId>
               <id extension="CareServicesinLong-TermResidentialFacility_EncounterPerformed"
                   root="00ddc2b5-be46-4bea-8312-38982e5b9666"/>
               <code valueSet="2.16.840.1.113883.3.464.1003.101.12.1014"/>
               <title value="Encounter, Performed"/>
               <statusCode code="COMPLETED"/>
            </encounterCriteria>
         </entry>
         <entry typeCode="DRIV">
            <localVariableName value="ONCAdministrativeSex_PatientCharacteristicSex_Tzyf7"/>
            <observationCriteria classCode="OBS" moodCode="EVN">
               <templateId>
                  <item extension="2017-05-01" root="2.16.840.1.113883.10.20.28.4.55"/>
               </templateId>
               <id extension="ONCAdministrativeSex_PatientCharacteristicSex"
                   root="c77a0d77-afbc-44af-ac45-8b6d5851884b"/>
               <code code="263495000" codeSystem="2.16.840.1.113883.6.96" codeSystemName="SNOMED CT">
                  <displayName value="Gender"/>
               </code>
               <title value="Patient Characteristic Sex"/>
               <statusCode code="COMPLETED"/>
               <value valueSet="2.16.840.1.113762.1.4.1" xsi:type="CD"/>
            </observationCriteria>
         </entry>
         <entry typeCode="DRIV">
            <localVariableName value="PreventiveCareServices-InitialOfficeVisit18andUp_EncounterPerformed_nyjVp"/>
            <encounterCriteria classCode="ENC" moodCode="EVN">
               <templateId>
                  <item extension="2017-08-01" root="2.16.840.1.113883.10.20.28.4.5"/>
               </templateId>
               <id extension="PreventiveCareServices-InitialOfficeVisit18andUp_EncounterPerformed"
                   root="09201b3c-a8c5-4252-a331-7b3c3142000f"/>
               <code valueSet="2.16.840.1.113883.3.464.1003.101.12.1023"/>
               <title value="Encounter, Performed"/>
               <statusCode code="COMPLETED"/>
            </encounterCriteria>
         </entry>
         <entry typeCode="DRIV">
            <localVariableName value="NonacuteInpatient_EncounterPerformed_i7LqY"/>
            <encounterCriteria classCode="ENC" moodCode="EVN">
               <templateId>
                  <item extension="2017-08-01" root="2.16.840.1.113883.10.20.28.4.5"/>
               </templateId>
               <id extension="NonacuteInpatient_EncounterPerformed"
                   root="091d1af8-71ce-42be-a29d-341c25b64454"/>
               <code valueSet="2.16.840.1.113883.3.464.1003.101.12.1084"/>
               <title value="Encounter, Performed"/>
               <statusCode code="COMPLETED"/>
            </encounterCriteria>
         </entry>
         <entry typeCode="DRIV">
            <localVariableName value="UnilateralMastectomy_ProcedurePerformed_9GOUb"/>
            <procedureCriteria classCode="PROC" moodCode="EVN">
               <templateId>
                  <item extension="2018-05-01" root="2.16.840.1.113883.10.20.28.4.67"/>
               </templateId>
               <id extension="UnilateralMastectomy_ProcedurePerformed"
                   root="40280381-3d61-56a7-013e-66a5a598499a"/>
               <code valueSet="2.16.840.1.113883.3.464.1003.198.12.1020"/>
               <title value="Procedure, Performed"/>
               <statusCode code="COMPLETED"/>
            </procedureCriteria>
         </entry>
         <entry typeCode="DRIV">
            <localVariableName value="Historyofbilateralmastectomy_Diagnosis_fWUkM"/>
            <observationCriteria classCode="OBS" moodCode="EVN">
               <templateId>
                  <item extension="2017-08-01" root="2.16.840.1.113883.10.20.28.4.110"/>
               </templateId>
               <id extension="Historyofbilateralmastectomy_Diagnosis"
                   root="5ea66dea-ea3f-45c4-a2db-9a569224be2b"/>
               <code code="282291009" codeSystem="2.16.840.1.113883.6.96" codeSystemName="SNOMED CT">
                  <displayName value="Diagnosis"/>
               </code>
               <title value="Diagnosis"/>
               <statusCode code="COMPLETED"/>
               <value valueSet="2.16.840.1.113883.3.464.1003.198.12.1068" xsi:type="CD"/>
            </observationCriteria>
         </entry>
         <entry typeCode="DRIV">
            <localVariableName value="NursingFacilityVisit_EncounterPerformed_WUrzA"/>
            <encounterCriteria classCode="ENC" moodCode="EVN">
               <templateId>
                  <item extension="2017-08-01" root="2.16.840.1.113883.10.20.28.4.5"/>
               </templateId>
               <id extension="NursingFacilityVisit_EncounterPerformed"
                   root="87b7bdae-27e7-4d64-9e00-ad4c0a73b3a1"/>
               <code valueSet="2.16.840.1.113883.3.464.1003.101.12.1012"/>
               <title value="Encounter, Performed"/>
               <statusCode code="COMPLETED"/>
            </encounterCriteria>
         </entry>
         <entry typeCode="DRIV">
            <localVariableName value="PreventiveCareServices-EstablishedOfficeVisit18andUp_EncounterPerformed_fEjib"/>
            <encounterCriteria classCode="ENC" moodCode="EVN">
               <templateId>
                  <item extension="2017-08-01" root="2.16.840.1.113883.10.20.28.4.5"/>
               </templateId>
               <id extension="PreventiveCareServices-EstablishedOfficeVisit18andUp_EncounterPerformed"
                   root="b1ad8105-2d49-41b5-b606-0f82e227158f"/>
               <code valueSet="2.16.840.1.113883.3.464.1003.101.12.1025"/>
               <title value="Encounter, Performed"/>
               <statusCode code="COMPLETED"/>
            </encounterCriteria>
         </entry>
         <entry typeCode="DRIV">
            <localVariableName value="AnnualWellnessVisit_EncounterPerformed_qGl6J"/>
            <encounterCriteria classCode="ENC" moodCode="EVN">
               <templateId>
                  <item extension="2017-08-01" root="2.16.840.1.113883.10.20.28.4.5"/>
               </templateId>
               <id extension="AnnualWellnessVisit_EncounterPerformed"
                   root="d44294a7-4e9f-4cae-ba8c-04ec713826fb"/>
               <code valueSet="2.16.840.1.113883.3.526.3.1240"/>
               <title value="Encounter, Performed"/>
               <statusCode code="COMPLETED"/>
            </encounterCriteria>
         </entry>
         <entry typeCode="DRIV">
            <localVariableName value="FrailtyDevice_DeviceOrder_NIohb"/>
            <supplyCriteria classCode="SPLY" moodCode="RQO">
               <templateId>
                  <item extension="2017-05-01" root="2.16.840.1.113883.10.20.28.4.15"/>
               </templateId>
               <id extension="FrailtyDevice_DeviceOrder"
                   root="09d12239-3f43-47e8-9d01-84e20943e503"/>
               <title value="Device, Order"/>
               <statusCode code="ACTIVE"/>
			            <participation typeCode="DEV">
                  <role classCode="MANU">
                     <playingDevice classCode="DEV" determinerCode="KIND">
                        <code valueSet="2.16.840.1.113883.3.464.1003.118.12.1300"/>
                     </playingDevice>
                  </role>
               </participation>
		          </supplyCriteria>
         </entry>
         <entry typeCode="DRIV">
            <localVariableName value="FrailtyDevice_DeviceApplied_dXrA1"/>
            <procedureCriteria classCode="PROC" moodCode="EVN">
               <templateId>
                  <item extension="2018-05-01" root="2.16.840.1.113883.10.20.28.4.13"/>
               </templateId>
               <id extension="FrailtyDevice_DeviceApplied"
                   root="09d12239-3f43-47e8-9d01-84e20943e503"/>
               <code code="360030002" codeSystem="2.16.840.1.113883.6.96">
                  <displayName value="Application of Device"/>
               </code>
               <title value="Device, Applied"/>
               <statusCode code="COMPLETED"/>
			            <participation typeCode="DEV">
                  <role classCode="MANU">
                     <playingDevice classCode="DEV" determinerCode="KIND">
                        <code valueSet="2.16.840.1.113883.3.464.1003.118.12.1300"/>
                     </playingDevice>
                  </role>
               </participation>
		          </procedureCriteria>
         </entry>
         <entry typeCode="DRIV">
            <localVariableName value="Race_PatientCharacteristicRace_42uKr"/>
            <observationCriteria classCode="OBS" moodCode="EVN">
               <templateId>
                  <item extension="2017-05-01" root="2.16.840.1.113883.10.20.28.4.59"/>
               </templateId>
               <id extension="Race_PatientCharacteristicRace"
                   root="7a796741-2351-4a0c-bb13-559604b9f456"/>
               <code code="32624-9" codeSystem="2.16.840.1.113883.6.1" codeSystemName="LOINC">
                  <displayName value="Race"/>
               </code>
               <title value="Patient Characteristic Race"/>
               <statusCode code="COMPLETED"/>
               <value valueSet="2.16.840.1.114222.4.11.836" xsi:type="CD"/>
            </observationCriteria>
         </entry>
         <entry typeCode="DRIV">
            <localVariableName value="UnilateralMastectomyUnspecifiedLaterality_Diagnosis_S5tqb"/>
            <observationCriteria classCode="OBS" moodCode="EVN">
               <templateId>
                  <item extension="2017-08-01" root="2.16.840.1.113883.10.20.28.4.110"/>
               </templateId>
               <id extension="UnilateralMastectomyUnspecifiedLaterality_Diagnosis"
                   root="85eb7d64-1e6a-4c58-a9da-eb3bb504635b"/>
               <code code="282291009" codeSystem="2.16.840.1.113883.6.96" codeSystemName="SNOMED CT">
                  <displayName value="Diagnosis"/>
               </code>
               <title value="Diagnosis"/>
               <statusCode code="COMPLETED"/>
               <value valueSet="2.16.840.1.113883.3.464.1003.198.12.1071" xsi:type="CD"/>
            </observationCriteria>
         </entry>
         <entry typeCode="DRIV">
            <localVariableName value="Female_PatientCharacteristicSex_Sxgac"/>
            <observationCriteria classCode="OBS" moodCode="EVN">
               <templateId>
                  <item extension="2017-05-01" root="2.16.840.1.113883.10.20.28.4.55"/>
               </templateId>
               <id extension="Female_PatientCharacteristicSex"
                   root="40280381-3d61-56a7-013e-66a5a5984997"/>
               <code code="263495000" codeSystem="2.16.840.1.113883.6.96" codeSystemName="SNOMED CT">
                  <displayName value="Gender"/>
               </code>
               <title value="Patient Characteristic Sex"/>
               <statusCode code="COMPLETED"/>
               <value valueSet="2.16.840.1.113883.3.560.100.2" xsi:type="CD"/>
            </observationCriteria>
         </entry>
         <entry typeCode="DRIV">
            <localVariableName value="Observation_EncounterPerformed_L4z9j"/>
            <encounterCriteria classCode="ENC" moodCode="EVN">
               <templateId>
                  <item extension="2017-08-01" root="2.16.840.1.113883.10.20.28.4.5"/>
               </templateId>
               <id extension="Observation_EncounterPerformed"
                   root="65b06ccd-427f-499f-b5bf-aa9f350d0ca7"/>
               <code valueSet="2.16.840.1.113883.3.464.1003.101.12.1086"/>
               <title value="Encounter, Performed"/>
               <statusCode code="COMPLETED"/>
            </encounterCriteria>
         </entry>
         <entry typeCode="DRIV">
            <localVariableName value="ED_EncounterPerformed_JQ0rh"/>
            <encounterCriteria classCode="ENC" moodCode="EVN">
               <templateId>
                  <item extension="2017-08-01" root="2.16.840.1.113883.10.20.28.4.5"/>
               </templateId>
               <id extension="ED_EncounterPerformed" root="2f3b61fd-d4d2-4500-a649-dcb501994297"/>
               <code valueSet="2.16.840.1.113883.3.464.1003.101.12.1085"/>
               <title value="Encounter, Performed"/>
               <statusCode code="COMPLETED"/>
            </encounterCriteria>
         </entry>
         <entry typeCode="DRIV">
            <localVariableName value="DementiaMedications_MedicationActive_KeKjt"/>
            <substanceAdministrationCriteria classCode="SBADM" moodCode="EVN">
               <templateId>
                  <item extension="2018-05-01" root="2.16.840.1.113883.10.20.28.4.44"/>
               </templateId>
               <id extension="DementiaMedications_MedicationActive"
                   root="8d5f9441-8c89-47a0-86ec-f41fdca53424"/>
               <title value="Medication, Active"/>
               <statusCode code="ACTIVE"/>
			            <participation typeCode="CSM">
                  <role classCode="MANU">
                     <playingMaterial classCode="MMAT" determinerCode="KIND">
                        <code valueSet="2.16.840.1.113883.3.464.1003.196.12.1510"/>
                     </playingMaterial>
                  </role>
               </participation>
		          </substanceAdministrationCriteria>
         </entry>
         <entry typeCode="DRIV">
            <localVariableName value="UnilateralMastectomyLeft_ProcedurePerformed_gmexR"/>
            <procedureCriteria classCode="PROC" moodCode="EVN">
               <templateId>
                  <item extension="2018-05-01" root="2.16.840.1.113883.10.20.28.4.67"/>
               </templateId>
               <id extension="UnilateralMastectomyLeft_ProcedurePerformed"
                   root="ed4271f6-0412-4b68-90db-019e310fcada"/>
               <code valueSet="2.16.840.1.113883.3.464.1003.198.12.1133"/>
               <title value="Procedure, Performed"/>
               <statusCode code="COMPLETED"/>
            </procedureCriteria>
         </entry>
         <entry typeCode="DRIV">
            <localVariableName value="OfficeVisit_EncounterPerformed_mGW3t"/>
            <encounterCriteria classCode="ENC" moodCode="EVN">
               <templateId>
                  <item extension="2017-08-01" root="2.16.840.1.113883.10.20.28.4.5"/>
               </templateId>
               <id extension="OfficeVisit_EncounterPerformed"
                   root="ccaea27f-c786-41f6-9f67-90ed125d1c0d"/>
               <code valueSet="2.16.840.1.113883.3.464.1003.101.12.1001"/>
               <title value="Encounter, Performed"/>
               <statusCode code="COMPLETED"/>
            </encounterCriteria>
         </entry>
         <entry typeCode="DRIV">
            <localVariableName value="Payer_PatientCharacteristicPayer_sQIdC"/>
            <observationCriteria classCode="OBS" moodCode="EVN">
               <templateId>
                  <item extension="2017-05-01" root="2.16.840.1.113883.10.20.28.4.58"/>
               </templateId>
               <id extension="Payer_PatientCharacteristicPayer"
                   root="e2f85ef7-5d8a-4744-989f-deb44cbaea45"/>
               <code code="48768-6" codeSystem="2.16.840.1.113883.6.1" codeSystemName="LOINC">
                  <displayName value="Payer"/>
               </code>
               <title value="Patient Characteristic Payer"/>
               <statusCode code="COMPLETED"/>
               <value valueSet="2.16.840.1.114222.4.11.3591" xsi:type="CD"/>
            </observationCriteria>
         </entry>
         <entry typeCode="DRIV">
            <localVariableName value="StatusPostLeftMastectomy_Diagnosis_KW1EW"/>
            <observationCriteria classCode="OBS" moodCode="EVN">
               <templateId>
                  <item extension="2017-08-01" root="2.16.840.1.113883.10.20.28.4.110"/>
               </templateId>
               <id extension="StatusPostLeftMastectomy_Diagnosis"
                   root="d9eabb61-0233-4921-822d-2285c9a8bdd0"/>
               <code code="282291009" codeSystem="2.16.840.1.113883.6.96" codeSystemName="SNOMED CT">
                  <displayName value="Diagnosis"/>
               </code>
               <title value="Diagnosis"/>
               <statusCode code="COMPLETED"/>
               <value valueSet="2.16.840.1.113883.3.464.1003.198.12.1069" xsi:type="CD"/>
            </observationCriteria>
         </entry>
         <entry typeCode="DRIV">
            <localVariableName value="UnilateralMastectomyRight_ProcedurePerformed_DgVaN"/>
            <procedureCriteria classCode="PROC" moodCode="EVN">
               <templateId>
                  <item extension="2018-05-01" root="2.16.840.1.113883.10.20.28.4.67"/>
               </templateId>
               <id extension="UnilateralMastectomyRight_ProcedurePerformed"
                   root="42f218c1-54cb-4ef4-a2d6-4cc65c834c3f"/>
               <code valueSet="2.16.840.1.113883.3.464.1003.198.12.1134"/>
               <title value="Procedure, Performed"/>
               <statusCode code="COMPLETED"/>
            </procedureCriteria>
         </entry>
         <entry typeCode="DRIV">
            <localVariableName value="AcuteInpatient_EncounterPerformed_jq2Od"/>
            <encounterCriteria classCode="ENC" moodCode="EVN">
               <templateId>
                  <item extension="2017-08-01" root="2.16.840.1.113883.10.20.28.4.5"/>
               </templateId>
               <id extension="AcuteInpatient_EncounterPerformed"
                   root="0c42fbd2-5784-4eeb-8c3f-dad620b76bd5"/>
               <code valueSet="2.16.840.1.113883.3.464.1003.101.12.1083"/>
               <title value="Encounter, Performed"/>
               <statusCode code="COMPLETED"/>
            </encounterCriteria>
         </entry>
         <entry typeCode="DRIV">
            <localVariableName value="BilateralMastectomy_ProcedurePerformed_NRosV"/>
            <procedureCriteria classCode="PROC" moodCode="EVN">
               <templateId>
                  <item extension="2018-05-01" root="2.16.840.1.113883.10.20.28.4.67"/>
               </templateId>
               <id extension="BilateralMastectomy_ProcedurePerformed"
                   root="40280381-3d61-56a7-013e-66a5a5984999"/>
               <code valueSet="2.16.840.1.113883.3.464.1003.198.12.1005"/>
               <title value="Procedure, Performed"/>
               <statusCode code="COMPLETED"/>
            </procedureCriteria>
         </entry>
         <entry typeCode="DRIV">
            <localVariableName value="Mammography_DiagnosticStudyPerformed_WqK8Y"/>
            <observationCriteria classCode="OBS" moodCode="EVN">
               <templateId>
                  <item extension="2017-08-01" root="2.16.840.1.113883.10.20.28.4.23"/>
               </templateId>
               <id extension="Mammography_DiagnosticStudyPerformed"
                   root="40280381-3d61-56a7-013e-66a5a5984998"/>
               <code valueSet="2.16.840.1.113883.3.464.1003.108.12.1018"/>
               <title value="Diagnostic Study, Performed"/>
               <statusCode code="COMPLETED"/>
            </observationCriteria>
         </entry>
         <entry typeCode="DRIV">
            <localVariableName value="Outpatient_EncounterPerformed_RTH9z"/>
            <encounterCriteria classCode="ENC" moodCode="EVN">
               <templateId>
                  <item extension="2017-08-01" root="2.16.840.1.113883.10.20.28.4.5"/>
               </templateId>
               <id extension="Outpatient_EncounterPerformed"
                   root="74132a0d-4844-43d8-a380-72d24f8efe6e"/>
               <code valueSet="2.16.840.1.113883.3.464.1003.101.12.1087"/>
               <title value="Encounter, Performed"/>
               <statusCode code="COMPLETED"/>
            </encounterCriteria>
         </entry>
         <entry typeCode="DRIV">
            <localVariableName value="Hospicecareambulatory_InterventionOrder_T4EwN"/>
            <actCriteria classCode="ACT" moodCode="RQO">
               <templateId>
                  <item extension="2017-05-01" root="2.16.840.1.113883.10.20.28.4.35"/>
               </templateId>
               <id extension="Hospicecareambulatory_InterventionOrder"
                   root="95cca057-9695-4ee4-a5bd-eff4b54c6098"/>
               <code valueSet="2.16.840.1.113762.1.4.1108.15"/>
               <title value="Intervention, Order"/>
               <statusCode code="ACTIVE"/>
            </actCriteria>
         </entry>
         <entry typeCode="DRIV">
            <localVariableName value="Hospicecareambulatory_InterventionPerformed_8Z05q"/>
            <actCriteria classCode="ACT" moodCode="EVN">
               <templateId>
                  <item extension="2017-08-01" root="2.16.840.1.113883.10.20.28.4.36"/>
               </templateId>
               <id extension="Hospicecareambulatory_InterventionPerformed"
                   root="95cca057-9695-4ee4-a5bd-eff4b54c6098"/>
               <code valueSet="2.16.840.1.113762.1.4.1108.15"/>
               <title value="Intervention, Performed"/>
               <statusCode code="COMPLETED"/>
            </actCriteria>
         </entry>
         <entry typeCode="DRIV">
            <localVariableName value="Ethnicity_PatientCharacteristicEthnicity_tdYVQ"/>
            <observationCriteria classCode="OBS" moodCode="EVN">
               <templateId>
                  <item extension="2017-05-01" root="2.16.840.1.113883.10.20.28.4.56"/>
               </templateId>
               <id extension="Ethnicity_PatientCharacteristicEthnicity"
                   root="c6f6cac4-4809-4a47-abae-edad0ae42bfc"/>
               <code code="54133-4" codeSystem="2.16.840.1.113883.6.1" codeSystemName="LOINC">
                  <displayName value="Ethnicity"/>
               </code>
               <title value="Patient Characteristic Ethnicity"/>
               <statusCode code="COMPLETED"/>
               <value valueSet="2.16.840.1.114222.4.11.837" xsi:type="CD"/>
            </observationCriteria>
         </entry>
         <entry typeCode="DRIV">
            <localVariableName value="FrailtyEncounter_EncounterPerformed_0zjZC"/>
            <encounterCriteria classCode="ENC" moodCode="EVN">
               <templateId>
                  <item extension="2017-08-01" root="2.16.840.1.113883.10.20.28.4.5"/>
               </templateId>
               <id extension="FrailtyEncounter_EncounterPerformed"
                   root="f49a4332-bb2f-4685-8788-3946d624776e"/>
               <code valueSet="2.16.840.1.113883.3.464.1003.101.12.1088"/>
               <title value="Encounter, Performed"/>
               <statusCode code="COMPLETED"/>
            </encounterCriteria>
         </entry>
         <entry typeCode="DRIV">
            <localVariableName value="HomeHealthcareServices_EncounterPerformed_p0Z8w"/>
            <encounterCriteria classCode="ENC" moodCode="EVN">
               <templateId>
                  <item extension="2017-08-01" root="2.16.840.1.113883.10.20.28.4.5"/>
               </templateId>
               <id extension="HomeHealthcareServices_EncounterPerformed"
                   root="4852fab7-616b-49c0-9945-90f8864ae335"/>
               <code valueSet="2.16.840.1.113883.3.464.1003.101.12.1016"/>
               <title value="Encounter, Performed"/>
               <statusCode code="COMPLETED"/>
            </encounterCriteria>
         </entry>
         <entry typeCode="DRIV">
            <localVariableName value="FrailtyDiagnosis_Diagnosis_r4xub"/>
            <observationCriteria classCode="OBS" moodCode="EVN">
               <templateId>
                  <item extension="2017-08-01" root="2.16.840.1.113883.10.20.28.4.110"/>
               </templateId>
               <id extension="FrailtyDiagnosis_Diagnosis"
                   root="ffe64f65-5595-4ccc-8663-935a1017f45b"/>
               <code code="282291009" codeSystem="2.16.840.1.113883.6.96" codeSystemName="SNOMED CT">
                  <displayName value="Diagnosis"/>
               </code>
               <title value="Diagnosis"/>
               <statusCode code="COMPLETED"/>
               <value valueSet="2.16.840.1.113883.3.464.1003.113.12.1074" xsi:type="CD"/>
            </observationCriteria>
         </entry>
         <entry typeCode="DRIV">
            <observationCriteria classCode="OBS" moodCode="EVN">
               <templateId>
                  <item extension="2017-05-01" root="2.16.840.1.113883.10.20.28.4.54"/>
               </templateId>
               <id extension="21112-8_PatientCharacteristicBirthdate"
                   root="9C5B87E7-826D-4A82-8A7D-93D0F49065F3"/>
               <code code="21112-8" codeSystem="2.16.840.1.113883.6.1" codeSystemName="LOINC"/>
               <title value="Patient Characteristic Birthdate"/>
               <statusCode code="COMPLETED"/>
            </observationCriteria>
         </entry>
      </dataCriteriaSection>
   </component>
   <component>
      <populationCriteriaSection>
         <templateId>
            <item extension="2017-08-01" root="2.16.840.1.113883.10.20.28.2.7"/>
         </templateId>
         <id extension="PopulationCriteria1" root="9592E254-E30C-4D62-989C-B206E8C7F93A"/>
         <code code="57026-7" codeSystem="2.16.840.1.113883.6.1"/>
         <title value="Population Criteria Section"/>
         <text/>
         <component typeCode="COMP">
            <initialPopulationCriteria classCode="OBS" moodCode="EVN">
               <id extension="initialPopulation" root="655077CB-1920-4299-95B3-C24026C1F644"/>
               <code code="IPOP" codeSystem="2.16.840.1.113883.5.4" codeSystemName="Act Code"/>
               <precondition typeCode="PRCN">
                  <criteriaReference classCode="OBS" moodCode="EVN">
                     <id extension="BreastCancerScreening.&quot;Initial Population&quot;"
                         root="88633D62-FE9E-481B-849F-0193A2718237"/>
                  </criteriaReference>
               </precondition>
            </initialPopulationCriteria>
         </component>
         <component typeCode="COMP">
            <denominatorCriteria classCode="OBS" moodCode="EVN">
               <id extension="denominator" root="43EC65FF-15C5-4B3E-8DBD-AD792A9D0B0B"/>
               <code code="DENOM" codeSystem="2.16.840.1.113883.5.4" codeSystemName="Act Code"/>
               <precondition typeCode="PRCN">
                  <criteriaReference classCode="OBS" moodCode="EVN">
                     <id extension="BreastCancerScreening.&quot;Denominator&quot;"
                         root="88633D62-FE9E-481B-849F-0193A2718237"/>
                  </criteriaReference>
               </precondition>
            </denominatorCriteria>
         </component>
         <component typeCode="COMP">
            <denominatorExclusionCriteria classCode="OBS" moodCode="EVN">
               <id extension="denominatorExclusions" root="76407883-BC98-41EC-98CD-18126D901774"/>
               <code code="DENEX" codeSystem="2.16.840.1.113883.5.4" codeSystemName="Act Code"/>
               <precondition typeCode="PRCN">
                  <criteriaReference classCode="OBS" moodCode="EVN">
                     <id extension="BreastCancerScreening.&quot;Denominator Exclusions&quot;"
                         root="88633D62-FE9E-481B-849F-0193A2718237"/>
                  </criteriaReference>
               </precondition>
            </denominatorExclusionCriteria>
         </component>
         <component typeCode="COMP">
            <numeratorCriteria classCode="OBS" moodCode="EVN">
               <id extension="numerator" root="66B40C8B-36FB-49E4-93D6-D60F35E1801D"/>
               <code code="NUMER" codeSystem="2.16.840.1.113883.5.4" codeSystemName="Act Code"/>
               <precondition typeCode="PRCN">
                  <criteriaReference classCode="OBS" moodCode="EVN">
                     <id extension="BreastCancerScreening.&quot;Numerator&quot;"
                         root="88633D62-FE9E-481B-849F-0193A2718237"/>
                  </criteriaReference>
               </precondition>
            </numeratorCriteria>
         </component>
         <component typeCode="COMP">
            <cql-ext:supplementalDataElement>
               <id extension="Supplemental Data Elements"
                   root="59152C3F-1E0B-4383-9A0D-0C1091B338E9"/>
               <code code="SDE" codeSystem="2.16.840.1.113883.5.4" codeSystemName="Act Code"/>
               <precondition typeCode="PRCN">
                  <criteriaReference classCode="OBS" moodCode="EVN">
                     <id extension="BreastCancerScreening.&quot;SDE Ethnicity&quot;"
                         root="88633D62-FE9E-481B-849F-0193A2718237"/>
                  </criteriaReference>
               </precondition>
            </cql-ext:supplementalDataElement>
         </component>
         <component typeCode="COMP">
            <cql-ext:supplementalDataElement>
               <id extension="Supplemental Data Elements"
                   root="6F410793-CD26-454F-A74A-60DC0F4A4EC6"/>
               <code code="SDE" codeSystem="2.16.840.1.113883.5.4" codeSystemName="Act Code"/>
               <precondition typeCode="PRCN">
                  <criteriaReference classCode="OBS" moodCode="EVN">
                     <id extension="BreastCancerScreening.&quot;SDE Payer&quot;"
                         root="88633D62-FE9E-481B-849F-0193A2718237"/>
                  </criteriaReference>
               </precondition>
            </cql-ext:supplementalDataElement>
         </component>
         <component typeCode="COMP">
            <cql-ext:supplementalDataElement>
               <id extension="Supplemental Data Elements"
                   root="DB9A4C6D-D24A-42EE-9E59-DF8BB554F5A1"/>
               <code code="SDE" codeSystem="2.16.840.1.113883.5.4" codeSystemName="Act Code"/>
               <precondition typeCode="PRCN">
                  <criteriaReference classCode="OBS" moodCode="EVN">
                     <id extension="BreastCancerScreening.&quot;SDE Race&quot;"
                         root="88633D62-FE9E-481B-849F-0193A2718237"/>
                  </criteriaReference>
               </precondition>
            </cql-ext:supplementalDataElement>
         </component>
         <component typeCode="COMP">
            <cql-ext:supplementalDataElement>
               <id extension="Supplemental Data Elements"
                   root="286462CC-7D06-42B7-937A-2BD0E7E95646"/>
               <code code="SDE" codeSystem="2.16.840.1.113883.5.4" codeSystemName="Act Code"/>
               <precondition typeCode="PRCN">
                  <criteriaReference classCode="OBS" moodCode="EVN">
                     <id extension="BreastCancerScreening.&quot;SDE Sex&quot;"
                         root="88633D62-FE9E-481B-849F-0193A2718237"/>
                  </criteriaReference>
               </precondition>
            </cql-ext:supplementalDataElement>
         </component>
      </populationCriteriaSection>
   </component>
</QualityMeasureDocument>