{
   "library" : {
      "identifier" : {
         "id" : "ChildandAdolescentMajorDepressiveDisorderMDDSuicideRiskAssessment",
         "version" : "9.2.000"
      },
      "schemaIdentifier" : {
         "id" : "urn:hl7-org:elm",
         "version" : "r1"
      },
      "usings" : {
         "def" : [ {
            "localIdentifier" : "System",
            "uri" : "urn:hl7-org:elm-types:r1"
         }, {
            "localId" : "1",
            "locator" : "3:1-3:23",
            "localIdentifier" : "QDM",
            "uri" : "urn:healthit-gov:qdm:v5_5",
            "version" : "5.5"
         } ]
      },
      "includes" : {
         "def" : [ {
            "localId" : "2",
            "locator" : "5:1-5:64",
            "localIdentifier" : "Global",
            "path" : "MATGlobalCommonFunctions",
            "version" : "5.0.000"
         } ]
      },
      "parameters" : {
         "def" : [ {
            "localId" : "24",
            "locator" : "27:1-27:49",
            "name" : "Measurement Period",
            "accessLevel" : "Public",
            "parameterTypeSpecifier" : {
               "localId" : "23",
               "locator" : "27:32-27:49",
               "type" : "IntervalTypeSpecifier",
               "pointType" : {
                  "localId" : "22",
                  "locator" : "27:41-27:48",
                  "name" : "{urn:hl7-org:elm-types:r1}DateTime",
                  "type" : "NamedTypeSpecifier"
               }
            }
         } ]
      },
      "codeSystems" : {
         "def" : [ {
            "localId" : "3",
            "locator" : "7:1-7:51",
            "name" : "LOINC",
            "id" : "urn:oid:2.16.840.1.113883.6.1",
            "accessLevel" : "Public"
         }, {
            "localId" : "4",
            "locator" : "8:1-8:55",
            "name" : "SNOMEDCT",
            "id" : "urn:oid:2.16.840.1.113883.6.96",
            "accessLevel" : "Public"
         } ]
      },
      "valueSets" : {
         "def" : [ {
            "localId" : "5",
            "locator" : "10:1-10:58",
            "name" : "Ethnicity",
            "id" : "urn:oid:2.16.840.1.114222.4.11.837",
            "accessLevel" : "Public"
         }, {
            "localId" : "6",
            "locator" : "11:1-11:72",
            "name" : "Group Psychotherapy",
            "id" : "urn:oid:2.16.840.1.113883.3.526.3.1187",
            "accessLevel" : "Public"
         }, {
            "localId" : "7",
            "locator" : "12:1-12:85",
            "name" : "Major Depressive Disorder-Active",
            "id" : "urn:oid:2.16.840.1.113883.3.526.3.1491",
            "accessLevel" : "Public"
         }, {
            "localId" : "8",
            "locator" : "13:1-13:75",
            "name" : "Office Visit",
            "id" : "urn:oid:2.16.840.1.113883.3.464.1003.101.12.1001",
            "accessLevel" : "Public"
         }, {
            "localId" : "9",
            "locator" : "14:1-14:68",
            "name" : "ONC Administrative Sex",
            "id" : "urn:oid:2.16.840.1.113762.1.4.1",
            "accessLevel" : "Public"
         }, {
            "localId" : "10",
            "locator" : "15:1-15:86",
            "name" : "Outpatient Consultation",
            "id" : "urn:oid:2.16.840.1.113883.3.464.1003.101.12.1008",
            "accessLevel" : "Public"
         }, {
            "localId" : "11",
            "locator" : "16:1-16:55",
            "name" : "Payer",
            "id" : "urn:oid:2.16.840.1.114222.4.11.3591",
            "accessLevel" : "Public"
         }, {
            "localId" : "12",
            "locator" : "17:1-17:88",
            "name" : "Psych Visit - Diagnostic Evaluation",
            "id" : "urn:oid:2.16.840.1.113883.3.526.3.1492",
            "accessLevel" : "Public"
         }, {
            "localId" : "13",
            "locator" : "18:1-18:87",
            "name" : "Psych Visit - Family Psychotherapy",
            "id" : "urn:oid:2.16.840.1.113883.3.526.3.1018",
            "accessLevel" : "Public"
         }, {
            "localId" : "14",
            "locator" : "19:1-19:80",
            "name" : "Psych Visit - Psychotherapy",
            "id" : "urn:oid:2.16.840.1.113883.3.526.3.1496",
            "accessLevel" : "Public"
         }, {
            "localId" : "15",
            "locator" : "20:1-20:67",
            "name" : "Psychoanalysis",
            "id" : "urn:oid:2.16.840.1.113883.3.526.3.1141",
            "accessLevel" : "Public"
         }, {
            "localId" : "16",
            "locator" : "21:1-21:53",
            "name" : "Race",
            "id" : "urn:oid:2.16.840.1.114222.4.11.836",
            "accessLevel" : "Public"
         }, {
            "localId" : "17",
            "locator" : "22:1-22:82",
            "name" : "Telehealth Services",
            "id" : "urn:oid:2.16.840.1.113883.3.464.1003.101.12.1031",
            "accessLevel" : "Public"
         } ]
      },
      "codes" : {
         "def" : [ {
            "localId" : "19",
            "locator" : "24:1-24:62",
            "name" : "Birth date",
            "id" : "21112-8",
            "display" : "Birth date",
            "accessLevel" : "Public",
            "codeSystem" : {
               "localId" : "18",
               "locator" : "24:35-24:41",
               "name" : "LOINC"
            }
         }, {
            "localId" : "21",
            "locator" : "25:1-25:117",
            "name" : "Suicide risk assessment (procedure)",
            "id" : "225337009",
            "display" : "Suicide risk assessment (procedure)",
            "accessLevel" : "Public",
            "codeSystem" : {
               "localId" : "20",
               "locator" : "25:62-25:71",
               "name" : "SNOMEDCT"
            }
         } ]
      },
      "statements" : {
         "def" : [ {
            "locator" : "29:1-29:15",
            "name" : "Patient",
            "context" : "Patient",
            "expression" : {
               "type" : "SingletonFrom",
               "operand" : {
                  "locator" : "29:1-29:15",
                  "dataType" : "{urn:healthit-gov:qdm:v5_5}Patient",
                  "templateId" : "Patient",
                  "type" : "Retrieve"
               }
            }
         }, {
            "localId" : "26",
            "locator" : "31:1-32:51",
            "name" : "SDE Ethnicity",
            "context" : "Patient",
            "accessLevel" : "Public",
            "annotation" : [ {
               "type" : "Annotation",
               "s" : {
                  "r" : "26",
                  "s" : [ {
                     "value" : [ "define ","\"SDE Ethnicity\"",":\n  " ]
                  }, {
                     "r" : "25",
                     "s" : [ {
                        "value" : [ "[","\"Patient Characteristic Ethnicity\"",": " ]
                     }, {
                        "s" : [ {
                           "value" : [ "\"Ethnicity\"" ]
                        } ]
                     }, {
                        "value" : [ "]" ]
                     } ]
                  } ]
               }
            } ],
            "expression" : {
               "localId" : "25",
               "locator" : "32:3-32:51",
               "dataType" : "{urn:healthit-gov:qdm:v5_5}PatientCharacteristicEthnicity",
               "codeProperty" : "code",
               "type" : "Retrieve",
               "codes" : {
                  "locator" : "32:40-32:50",
                  "name" : "Ethnicity",
                  "type" : "ValueSetRef"
               }
            }
         }, {
            "localId" : "28",
            "locator" : "34:1-35:43",
            "name" : "SDE Payer",
            "context" : "Patient",
            "accessLevel" : "Public",
            "annotation" : [ {
               "type" : "Annotation",
               "s" : {
                  "r" : "28",
                  "s" : [ {
                     "value" : [ "define ","\"SDE Payer\"",":\n  " ]
                  }, {
                     "r" : "27",
                     "s" : [ {
                        "value" : [ "[","\"Patient Characteristic Payer\"",": " ]
                     }, {
                        "s" : [ {
                           "value" : [ "\"Payer\"" ]
                        } ]
                     }, {
                        "value" : [ "]" ]
                     } ]
                  } ]
               }
            } ],
            "expression" : {
               "localId" : "27",
               "locator" : "35:3-35:43",
               "dataType" : "{urn:healthit-gov:qdm:v5_5}PatientCharacteristicPayer",
               "codeProperty" : "code",
               "type" : "Retrieve",
               "codes" : {
                  "locator" : "35:36-35:42",
                  "name" : "Payer",
                  "type" : "ValueSetRef"
               }
            }
         }, {
            "localId" : "30",
            "locator" : "37:1-38:41",
            "name" : "SDE Race",
            "context" : "Patient",
            "accessLevel" : "Public",
            "annotation" : [ {
               "type" : "Annotation",
               "s" : {
                  "r" : "30",
                  "s" : [ {
                     "value" : [ "define ","\"SDE Race\"",":\n  " ]
                  }, {
                     "r" : "29",
                     "s" : [ {
                        "value" : [ "[","\"Patient Characteristic Race\"",": " ]
                     }, {
                        "s" : [ {
                           "value" : [ "\"Race\"" ]
                        } ]
                     }, {
                        "value" : [ "]" ]
                     } ]
                  } ]
               }
            } ],
            "expression" : {
               "localId" : "29",
               "locator" : "38:3-38:41",
               "dataType" : "{urn:healthit-gov:qdm:v5_5}PatientCharacteristicRace",
               "codeProperty" : "code",
               "type" : "Retrieve",
               "codes" : {
                  "locator" : "38:35-38:40",
                  "name" : "Race",
                  "type" : "ValueSetRef"
               }
            }
         }, {
            "localId" : "32",
            "locator" : "40:1-41:58",
            "name" : "SDE Sex",
            "context" : "Patient",
            "accessLevel" : "Public",
            "annotation" : [ {
               "type" : "Annotation",
               "s" : {
                  "r" : "32",
                  "s" : [ {
                     "value" : [ "define ","\"SDE Sex\"",":\n  " ]
                  }, {
                     "r" : "31",
                     "s" : [ {
                        "value" : [ "[","\"Patient Characteristic Sex\"",": " ]
                     }, {
                        "s" : [ {
                           "value" : [ "\"ONC Administrative Sex\"" ]
                        } ]
                     }, {
                        "value" : [ "]" ]
                     } ]
                  } ]
               }
            } ],
            "expression" : {
               "localId" : "31",
               "locator" : "41:3-41:58",
               "dataType" : "{urn:healthit-gov:qdm:v5_5}PatientCharacteristicSex",
               "codeProperty" : "code",
               "type" : "Retrieve",
               "codes" : {
                  "locator" : "41:34-41:57",
                  "name" : "ONC Administrative Sex",
                  "type" : "ValueSetRef"
               }
            }
         }, {
            "localId" : "63",
            "locator" : "52:1-64:67",
            "name" : "Major Depressive Disorder Encounter",
            "context" : "Patient",
            "accessLevel" : "Public",
            "annotation" : [ {
               "type" : "Annotation",
               "s" : {
                  "r" : "63",
                  "s" : [ {
                     "value" : [ "define ","\"Major Depressive Disorder Encounter\"",":\n  " ]
                  }, {
                     "r" : "62",
                     "s" : [ {
                        "s" : [ {
                           "r" : "48",
                           "s" : [ {
                              "r" : "47",
                              "s" : [ {
                                 "value" : [ "( " ]
                              }, {
                                 "r" : "47",
                                 "s" : [ {
                                    "r" : "45",
                                    "s" : [ {
                                       "r" : "43",
                                       "s" : [ {
                                          "r" : "41",
                                          "s" : [ {
                                             "r" : "39",
                                             "s" : [ {
                                                "r" : "37",
                                                "s" : [ {
                                                   "r" : "35",
                                                   "s" : [ {
                                                      "r" : "33",
                                                      "s" : [ {
                                                         "value" : [ "[","\"Encounter, Performed\"",": " ]
                                                      }, {
                                                         "s" : [ {
                                                            "value" : [ "\"Office Visit\"" ]
                                                         } ]
                                                      }, {
                                                         "value" : [ "]" ]
                                                      } ]
                                                   }, {
                                                      "value" : [ "\n    union " ]
                                                   }, {
                                                      "r" : "34",
                                                      "s" : [ {
                                                         "value" : [ "[","\"Encounter, Performed\"",": " ]
                                                      }, {
                                                         "s" : [ {
                                                            "value" : [ "\"Outpatient Consultation\"" ]
                                                         } ]
                                                      }, {
                                                         "value" : [ "]" ]
                                                      } ]
                                                   } ]
                                                }, {
                                                   "value" : [ "\n    union " ]
                                                }, {
                                                   "r" : "36",
                                                   "s" : [ {
                                                      "value" : [ "[","\"Encounter, Performed\"",": " ]
                                                   }, {
                                                      "s" : [ {
                                                         "value" : [ "\"Psych Visit - Diagnostic Evaluation\"" ]
                                                      } ]
                                                   }, {
                                                      "value" : [ "]" ]
                                                   } ]
                                                } ]
                                             }, {
                                                "value" : [ "\n    union " ]
                                             }, {
                                                "r" : "38",
                                                "s" : [ {
                                                   "value" : [ "[","\"Encounter, Performed\"",": " ]
                                                }, {
                                                   "s" : [ {
                                                      "value" : [ "\"Psych Visit - Family Psychotherapy\"" ]
                                                   } ]
                                                }, {
                                                   "value" : [ "]" ]
                                                } ]
                                             } ]
                                          }, {
                                             "value" : [ "\n    union " ]
                                          }, {
                                             "r" : "40",
                                             "s" : [ {
                                                "value" : [ "[","\"Encounter, Performed\"",": " ]
                                             }, {
                                                "s" : [ {
                                                   "value" : [ "\"Psych Visit - Psychotherapy\"" ]
                                                } ]
                                             }, {
                                                "value" : [ "]" ]
                                             } ]
                                          } ]
                                       }, {
                                          "value" : [ "\n    union " ]
                                       }, {
                                          "r" : "42",
                                          "s" : [ {
                                             "value" : [ "[","\"Encounter, Performed\"",": " ]
                                          }, {
                                             "s" : [ {
                                                "value" : [ "\"Psychoanalysis\"" ]
                                             } ]
                                          }, {
                                             "value" : [ "]" ]
                                          } ]
                                       } ]
                                    }, {
                                       "value" : [ "\n    union " ]
                                    }, {
                                       "r" : "44",
                                       "s" : [ {
                                          "value" : [ "[","\"Encounter, Performed\"",": " ]
                                       }, {
                                          "s" : [ {
                                             "value" : [ "\"Group Psychotherapy\"" ]
                                          } ]
                                       }, {
                                          "value" : [ "]" ]
                                       } ]
                                    } ]
                                 }, {
                                    "value" : [ "\n    union " ]
                                 }, {
                                    "r" : "46",
                                    "s" : [ {
                                       "value" : [ "[","\"Encounter, Performed\"",": " ]
                                    }, {
                                       "s" : [ {
                                          "value" : [ "\"Telehealth Services\"" ]
                                       } ]
                                    }, {
                                       "value" : [ "]" ]
                                    } ]
                                 } ]
                              }, {
                                 "value" : [ " )" ]
                              } ]
                           }, {
                              "value" : [ " ","ValidEncounter" ]
                           } ]
                        } ]
                     }, {
                        "value" : [ "\n    " ]
                     }, {
                        "r" : "61",
                        "s" : [ {
                           "value" : [ "where " ]
                        }, {
                           "r" : "61",
                           "s" : [ {
                              "r" : "56",
                              "s" : [ {
                                 "value" : [ "exists " ]
                              }, {
                                 "r" : "55",
                                 "s" : [ {
                                    "value" : [ "( " ]
                                 }, {
                                    "r" : "55",
                                    "s" : [ {
                                       "s" : [ {
                                          "r" : "50",
                                          "s" : [ {
                                             "r" : "49",
                                             "s" : [ {
                                                "s" : [ {
                                                   "value" : [ "ValidEncounter",".","diagnoses" ]
                                                } ]
                                             } ]
                                          }, {
                                             "value" : [ " ","EncounterDiagnosis" ]
                                          } ]
                                       } ]
                                    }, {
                                       "value" : [ "\n        " ]
                                    }, {
                                       "r" : "54",
                                       "s" : [ {
                                          "value" : [ "where " ]
                                       }, {
                                          "r" : "54",
                                          "s" : [ {
                                             "r" : "52",
                                             "s" : [ {
                                                "r" : "51",
                                                "s" : [ {
                                                   "value" : [ "EncounterDiagnosis" ]
                                                } ]
                                             }, {
                                                "value" : [ "." ]
                                             }, {
                                                "r" : "52",
                                                "s" : [ {
                                                   "value" : [ "code" ]
                                                } ]
                                             } ]
                                          }, {
                                             "value" : [ " in " ]
                                          }, {
                                             "r" : "53",
                                             "s" : [ {
                                                "value" : [ "\"Major Depressive Disorder-Active\"" ]
                                             } ]
                                          } ]
                                       } ]
                                    } ]
                                 }, {
                                    "value" : [ "\n    )" ]
                                 } ]
                              } ]
                           }, {
                              "value" : [ "\n      and " ]
                           }, {
                              "r" : "60",
                              "s" : [ {
                                 "r" : "58",
                                 "s" : [ {
                                    "r" : "57",
                                    "s" : [ {
                                       "value" : [ "ValidEncounter" ]
                                    } ]
                                 }, {
                                    "value" : [ "." ]
                                 }, {
                                    "r" : "58",
                                    "s" : [ {
                                       "value" : [ "relevantPeriod" ]
                                    } ]
                                 } ]
                              }, {
                                 "r" : "60",
                                 "value" : [ " ","during"," " ]
                              }, {
                                 "r" : "59",
                                 "s" : [ {
                                    "value" : [ "\"Measurement Period\"" ]
                                 } ]
                              } ]
                           } ]
                        } ]
                     } ]
                  } ]
               }
            } ],
            "expression" : {
               "localId" : "62",
               "locator" : "53:3-64:67",
               "type" : "Query",
               "source" : [ {
                  "localId" : "48",
                  "locator" : "53:3-60:74",
                  "alias" : "ValidEncounter",
                  "expression" : {
                     "localId" : "47",
                     "locator" : "53:3-60:59",
                     "type" : "Union",
                     "operand" : [ {
                        "localId" : "43",
                        "locator" : "53:5-58:52",
                        "type" : "Union",
                        "operand" : [ {
                           "localId" : "39",
                           "locator" : "53:5-56:72",
                           "type" : "Union",
                           "operand" : [ {
                              "localId" : "35",
                              "locator" : "53:5-54:61",
                              "type" : "Union",
                              "operand" : [ {
                                 "localId" : "33",
                                 "locator" : "53:5-53:44",
                                 "dataType" : "{urn:healthit-gov:qdm:v5_5}PositiveEncounterPerformed",
                                 "templateId" : "PositiveEncounterPerformed",
                                 "codeProperty" : "code",
                                 "type" : "Retrieve",
                                 "codes" : {
                                    "locator" : "53:30-53:43",
                                    "name" : "Office Visit",
                                    "type" : "ValueSetRef"
                                 }
                              }, {
                                 "localId" : "34",
                                 "locator" : "54:11-54:61",
                                 "dataType" : "{urn:healthit-gov:qdm:v5_5}PositiveEncounterPerformed",
                                 "templateId" : "PositiveEncounterPerformed",
                                 "codeProperty" : "code",
                                 "type" : "Retrieve",
                                 "codes" : {
                                    "locator" : "54:36-54:60",
                                    "name" : "Outpatient Consultation",
                                    "type" : "ValueSetRef"
                                 }
                              } ]
                           }, {
                              "type" : "Union",
                              "operand" : [ {
                                 "localId" : "36",
                                 "locator" : "55:11-55:73",
                                 "dataType" : "{urn:healthit-gov:qdm:v5_5}PositiveEncounterPerformed",
                                 "templateId" : "PositiveEncounterPerformed",
                                 "codeProperty" : "code",
                                 "type" : "Retrieve",
                                 "codes" : {
                                    "locator" : "55:36-55:72",
                                    "name" : "Psych Visit - Diagnostic Evaluation",
                                    "type" : "ValueSetRef"
                                 }
                              }, {
                                 "localId" : "38",
                                 "locator" : "56:11-56:72",
                                 "dataType" : "{urn:healthit-gov:qdm:v5_5}PositiveEncounterPerformed",
                                 "templateId" : "PositiveEncounterPerformed",
                                 "codeProperty" : "code",
                                 "type" : "Retrieve",
                                 "codes" : {
                                    "locator" : "56:36-56:71",
                                    "name" : "Psych Visit - Family Psychotherapy",
                                    "type" : "ValueSetRef"
                                 }
                              } ]
                           } ]
                        }, {
                           "type" : "Union",
                           "operand" : [ {
                              "localId" : "40",
                              "locator" : "57:11-57:65",
                              "dataType" : "{urn:healthit-gov:qdm:v5_5}PositiveEncounterPerformed",
                              "templateId" : "PositiveEncounterPerformed",
                              "codeProperty" : "code",
                              "type" : "Retrieve",
                              "codes" : {
                                 "locator" : "57:36-57:64",
                                 "name" : "Psych Visit - Psychotherapy",
                                 "type" : "ValueSetRef"
                              }
                           }, {
                              "localId" : "42",
                              "locator" : "58:11-58:52",
                              "dataType" : "{urn:healthit-gov:qdm:v5_5}PositiveEncounterPerformed",
                              "templateId" : "PositiveEncounterPerformed",
                              "codeProperty" : "code",
                              "type" : "Retrieve",
                              "codes" : {
                                 "locator" : "58:36-58:51",
                                 "name" : "Psychoanalysis",
                                 "type" : "ValueSetRef"
                              }
                           } ]
                        } ]
                     }, {
                        "type" : "Union",
                        "operand" : [ {
                           "localId" : "44",
                           "locator" : "59:11-59:57",
                           "dataType" : "{urn:healthit-gov:qdm:v5_5}PositiveEncounterPerformed",
                           "templateId" : "PositiveEncounterPerformed",
                           "codeProperty" : "code",
                           "type" : "Retrieve",
                           "codes" : {
                              "locator" : "59:36-59:56",
                              "name" : "Group Psychotherapy",
                              "type" : "ValueSetRef"
                           }
                        }, {
                           "localId" : "46",
                           "locator" : "60:11-60:57",
                           "dataType" : "{urn:healthit-gov:qdm:v5_5}PositiveEncounterPerformed",
                           "templateId" : "PositiveEncounterPerformed",
                           "codeProperty" : "code",
                           "type" : "Retrieve",
                           "codes" : {
                              "locator" : "60:36-60:56",
                              "name" : "Telehealth Services",
                              "type" : "ValueSetRef"
                           }
                        } ]
                     } ]
                  }
               } ],
               "relationship" : [ ],
               "where" : {
                  "localId" : "61",
                  "locator" : "61:5-64:67",
                  "type" : "And",
                  "operand" : [ {
                     "localId" : "56",
                     "locator" : "61:11-63:5",
                     "type" : "Exists",
                     "operand" : {
                        "localId" : "55",
                        "locator" : "61:18-63:5",
                        "type" : "Query",
                        "source" : [ {
                           "localId" : "50",
                           "locator" : "61:20-61:62",
                           "alias" : "EncounterDiagnosis",
                           "expression" : {
                              "localId" : "49",
                              "locator" : "61:20-61:43",
                              "path" : "diagnoses",
                              "scope" : "ValidEncounter",
                              "type" : "Property"
                           }
                        } ],
                        "relationship" : [ ],
                        "where" : {
                           "localId" : "54",
                           "locator" : "62:9-62:75",
                           "type" : "InValueSet",
                           "code" : {
                              "localId" : "52",
                              "locator" : "62:15-62:37",
                              "path" : "code",
                              "scope" : "EncounterDiagnosis",
                              "type" : "Property"
                           },
                           "valueset" : {
                              "localId" : "53",
                              "locator" : "62:42-62:75",
                              "name" : "Major Depressive Disorder-Active"
                           }
                        }
                     }
                  }, {
                     "localId" : "60",
                     "locator" : "64:11-64:67",
                     "type" : "IncludedIn",
                     "operand" : [ {
                        "localId" : "58",
                        "locator" : "64:11-64:39",
                        "path" : "relevantPeriod",
                        "scope" : "ValidEncounter",
                        "type" : "Property"
                     }, {
                        "localId" : "59",
                        "locator" : "64:48-64:67",
                        "name" : "Measurement Period",
                        "type" : "ParameterRef"
                     } ]
                  } ]
               }
            }
         }, {
            "localId" : "87",
            "locator" : "46:1-50:105",
            "name" : "Initial Population",
            "context" : "Patient",
            "accessLevel" : "Public",
            "annotation" : [ {
               "type" : "Annotation",
               "s" : {
                  "r" : "87",
                  "s" : [ {
                     "value" : [ "define ","\"Initial Population\"",":\n  " ]
                  }, {
                     "r" : "86",
                     "s" : [ {
                        "s" : [ {
                           "r" : "65",
                           "s" : [ {
                              "r" : "64",
                              "s" : [ {
                                 "s" : [ {
                                    "value" : [ "\"Major Depressive Disorder Encounter\"" ]
                                 } ]
                              } ]
                           }, {
                              "value" : [ " ","MDDEncounter" ]
                           } ]
                        } ]
                     }, {
                        "value" : [ "\n    " ]
                     }, {
                        "r" : "85",
                        "s" : [ {
                           "value" : [ "with " ]
                        }, {
                           "r" : "67",
                           "s" : [ {
                              "r" : "66",
                              "s" : [ {
                                 "r" : "66",
                                 "s" : [ {
                                    "value" : [ "[","\"Patient Characteristic Birthdate\"",": " ]
                                 }, {
                                    "s" : [ {
                                       "value" : [ "\"Birth date\"" ]
                                    } ]
                                 }, {
                                    "value" : [ "]" ]
                                 } ]
                              } ]
                           }, {
                              "value" : [ " ","BirthDate" ]
                           } ]
                        }, {
                           "value" : [ "\n      such that " ]
                        }, {
                           "r" : "84",
                           "s" : [ {
                              "r" : "75",
                              "s" : [ {
                                 "r" : "73",
                                 "s" : [ {
                                    "r" : "68",
                                    "s" : [ {
                                       "value" : [ "Global" ]
                                    } ]
                                 }, {
                                    "value" : [ "." ]
                                 }, {
                                    "r" : "73",
                                    "s" : [ {
                                       "value" : [ "\"CalendarAgeInYearsAt\""," ( " ]
                                    }, {
                                       "r" : "70",
                                       "s" : [ {
                                          "r" : "69",
                                          "s" : [ {
                                             "value" : [ "BirthDate" ]
                                          } ]
                                       }, {
                                          "value" : [ "." ]
                                       }, {
                                          "r" : "70",
                                          "s" : [ {
                                             "value" : [ "birthDatetime" ]
                                          } ]
                                       } ]
                                    }, {
                                       "value" : [ ", " ]
                                    }, {
                                       "r" : "72",
                                       "s" : [ {
                                          "value" : [ "start of " ]
                                       }, {
                                          "r" : "71",
                                          "s" : [ {
                                             "value" : [ "\"Measurement Period\"" ]
                                          } ]
                                       } ]
                                    }, {
                                       "value" : [ " )" ]
                                    } ]
                                 } ]
                              }, {
                                 "r" : "74",
                                 "value" : [ " ",">="," ","6" ]
                              } ]
                           }, {
                              "value" : [ "\n        and " ]
                           }, {
                              "r" : "83",
                              "s" : [ {
                                 "r" : "81",
                                 "s" : [ {
                                    "r" : "76",
                                    "s" : [ {
                                       "value" : [ "Global" ]
                                    } ]
                                 }, {
                                    "value" : [ "." ]
                                 }, {
                                    "r" : "81",
                                    "s" : [ {
                                       "value" : [ "\"CalendarAgeInYearsAt\""," ( " ]
                                    }, {
                                       "r" : "78",
                                       "s" : [ {
                                          "r" : "77",
                                          "s" : [ {
                                             "value" : [ "BirthDate" ]
                                          } ]
                                       }, {
                                          "value" : [ "." ]
                                       }, {
                                          "r" : "78",
                                          "s" : [ {
                                             "value" : [ "birthDatetime" ]
                                          } ]
                                       } ]
                                    }, {
                                       "value" : [ ", " ]
                                    }, {
                                       "r" : "80",
                                       "s" : [ {
                                          "value" : [ "start of " ]
                                       }, {
                                          "r" : "79",
                                          "s" : [ {
                                             "value" : [ "\"Measurement Period\"" ]
                                          } ]
                                       } ]
                                    }, {
                                       "value" : [ " )" ]
                                    } ]
                                 } ]
                              }, {
                                 "r" : "82",
                                 "value" : [ " ","<"," ","17" ]
                              } ]
                           } ]
                        } ]
                     } ]
                  } ]
               }
            } ],
            "expression" : {
               "localId" : "86",
               "locator" : "47:3-50:105",
               "type" : "Query",
               "source" : [ {
                  "localId" : "65",
                  "locator" : "47:3-47:52",
                  "alias" : "MDDEncounter",
                  "expression" : {
                     "localId" : "64",
                     "locator" : "47:3-47:39",
                     "name" : "Major Depressive Disorder Encounter",
                     "type" : "ExpressionRef"
                  }
               } ],
               "relationship" : [ {
                  "localId" : "85",
                  "locator" : "48:5-50:105",
                  "alias" : "BirthDate",
                  "type" : "With",
                  "expression" : {
                     "localId" : "66",
                     "locator" : "48:10-48:59",
                     "dataType" : "{urn:healthit-gov:qdm:v5_5}PatientCharacteristicBirthdate",
                     "codeProperty" : "code",
                     "type" : "Retrieve",
                     "codes" : {
                        "type" : "ToList",
                        "operand" : {
                           "locator" : "48:47-48:58",
                           "name" : "Birth date",
                           "type" : "CodeRef"
                        }
                     }
                  },
                  "suchThat" : {
                     "localId" : "84",
                     "locator" : "49:17-50:105",
                     "type" : "And",
                     "operand" : [ {
                        "localId" : "75",
                        "locator" : "49:17-49:109",
                        "type" : "GreaterOrEqual",
                        "operand" : [ {
                           "localId" : "73",
                           "locator" : "49:17-49:104",
                           "name" : "CalendarAgeInYearsAt",
                           "libraryName" : "Global",
                           "type" : "FunctionRef",
                           "operand" : [ {
                              "localId" : "70",
                              "locator" : "49:49-49:71",
                              "path" : "birthDatetime",
                              "scope" : "BirthDate",
                              "type" : "Property"
                           }, {
                              "localId" : "72",
                              "locator" : "49:74-49:102",
                              "type" : "Start",
                              "operand" : {
                                 "localId" : "71",
                                 "locator" : "49:83-49:102",
                                 "name" : "Measurement Period",
                                 "type" : "ParameterRef"
                              }
                           } ]
                        }, {
                           "localId" : "74",
                           "locator" : "49:109",
                           "valueType" : "{urn:hl7-org:elm-types:r1}Integer",
                           "value" : "6",
                           "type" : "Literal"
                        } ]
                     }, {
                        "localId" : "83",
                        "locator" : "50:13-50:105",
                        "type" : "Less",
                        "operand" : [ {
                           "localId" : "81",
                           "locator" : "50:13-50:100",
                           "name" : "CalendarAgeInYearsAt",
                           "libraryName" : "Global",
                           "type" : "FunctionRef",
                           "operand" : [ {
                              "localId" : "78",
                              "locator" : "50:45-50:67",
                              "path" : "birthDatetime",
                              "scope" : "BirthDate",
                              "type" : "Property"
                           }, {
                              "localId" : "80",
                              "locator" : "50:70-50:98",
                              "type" : "Start",
                              "operand" : {
                                 "localId" : "79",
                                 "locator" : "50:79-50:98",
                                 "name" : "Measurement Period",
                                 "type" : "ParameterRef"
                              }
                           } ]
                        }, {
                           "localId" : "82",
                           "locator" : "50:104-50:105",
                           "valueType" : "{urn:hl7-org:elm-types:r1}Integer",
                           "value" : "17",
                           "type" : "Literal"
                        } ]
                     } ]
                  }
               } ]
            }
         }, {
            "localId" : "89",
            "locator" : "43:1-44:22",
            "name" : "Denominator",
            "context" : "Patient",
            "accessLevel" : "Public",
            "annotation" : [ {
               "type" : "Annotation",
               "s" : {
                  "r" : "89",
                  "s" : [ {
                     "value" : [ "define ","\"Denominator\"",":\n  " ]
                  }, {
                     "r" : "88",
                     "s" : [ {
                        "value" : [ "\"Initial Population\"" ]
                     } ]
                  } ]
               }
            } ],
            "expression" : {
               "localId" : "88",
               "locator" : "44:3-44:22",
               "name" : "Initial Population",
               "type" : "ExpressionRef"
            }
         }, {
            "localId" : "101",
            "locator" : "66:1-69:89",
            "name" : "Numerator",
            "context" : "Patient",
            "accessLevel" : "Public",
            "annotation" : [ {
               "type" : "Annotation",
               "s" : {
                  "r" : "101",
                  "s" : [ {
                     "value" : [ "define ","\"Numerator\"",":\n  " ]
                  }, {
                     "r" : "100",
                     "s" : [ {
                        "s" : [ {
                           "r" : "91",
                           "s" : [ {
                              "r" : "90",
                              "s" : [ {
                                 "s" : [ {
                                    "value" : [ "\"Major Depressive Disorder Encounter\"" ]
                                 } ]
                              } ]
                           }, {
                              "value" : [ " ","MDDEncounter" ]
                           } ]
                        } ]
                     }, {
                        "value" : [ "\n    " ]
                     }, {
                        "r" : "99",
                        "s" : [ {
                           "value" : [ "with " ]
                        }, {
                           "r" : "93",
                           "s" : [ {
                              "r" : "92",
                              "s" : [ {
                                 "r" : "92",
                                 "s" : [ {
                                    "value" : [ "[","\"Intervention, Performed\"",": " ]
                                 }, {
                                    "s" : [ {
                                       "value" : [ "\"Suicide risk assessment (procedure)\"" ]
                                    } ]
                                 }, {
                                    "value" : [ "]" ]
                                 } ]
                              } ]
                           }, {
                              "value" : [ " ","SuicideRiskAssessment" ]
                           } ]
                        }, {
                           "value" : [ "\n      such that " ]
                        }, {
                           "r" : "98",
                           "s" : [ {
                              "r" : "95",
                              "s" : [ {
                                 "r" : "94",
                                 "s" : [ {
                                    "value" : [ "SuicideRiskAssessment" ]
                                 } ]
                              }, {
                                 "value" : [ "." ]
                              }, {
                                 "r" : "95",
                                 "s" : [ {
                                    "value" : [ "relevantDatetime" ]
                                 } ]
                              } ]
                           }, {
                              "r" : "98",
                              "value" : [ " ","during"," " ]
                           }, {
                              "r" : "97",
                              "s" : [ {
                                 "r" : "96",
                                 "s" : [ {
                                    "value" : [ "MDDEncounter" ]
                                 } ]
                              }, {
                                 "value" : [ "." ]
                              }, {
                                 "r" : "97",
                                 "s" : [ {
                                    "value" : [ "relevantPeriod" ]
                                 } ]
                              } ]
                           } ]
                        } ]
                     } ]
                  } ]
               }
            } ],
            "expression" : {
               "localId" : "100",
               "locator" : "67:3-69:89",
               "type" : "Query",
               "source" : [ {
                  "localId" : "91",
                  "locator" : "67:3-67:52",
                  "alias" : "MDDEncounter",
                  "expression" : {
                     "localId" : "90",
                     "locator" : "67:3-67:39",
                     "name" : "Major Depressive Disorder Encounter",
                     "type" : "ExpressionRef"
                  }
               } ],
               "relationship" : [ {
                  "localId" : "99",
                  "locator" : "68:5-69:89",
                  "alias" : "SuicideRiskAssessment",
                  "type" : "With",
                  "expression" : {
                     "localId" : "92",
                     "locator" : "68:10-68:75",
                     "dataType" : "{urn:healthit-gov:qdm:v5_5}PositiveInterventionPerformed",
                     "templateId" : "PositiveInterventionPerformed",
                     "codeProperty" : "code",
                     "type" : "Retrieve",
                     "codes" : {
                        "type" : "ToList",
                        "operand" : {
                           "locator" : "68:38-68:74",
                           "name" : "Suicide risk assessment (procedure)",
                           "type" : "CodeRef"
                        }
                     }
                  },
                  "suchThat" : {
                     "localId" : "98",
                     "locator" : "69:17-69:89",
                     "type" : "In",
                     "operand" : [ {
                        "localId" : "95",
                        "locator" : "69:17-69:54",
                        "path" : "relevantDatetime",
                        "scope" : "SuicideRiskAssessment",
                        "type" : "Property"
                     }, {
                        "localId" : "97",
                        "locator" : "69:63-69:89",
                        "path" : "relevantPeriod",
                        "scope" : "MDDEncounter",
                        "type" : "Property"
                     } ]
                  }
               } ]
            }
         } ]
      }
   }
}