<?xml version="1.0" encoding="UTF-8" standalone="yes"?>
<QualityMeasureDocument xmlns="urn:hl7-org:v3" xmlns:cql-ext="urn:hhs-cql:hqmf-n1-extensions:v1"
                        xmlns:xsi="http://www.w3.org/2001/XMLSchema-instance">
         
      <!--
			**************************************************************
			Measure Details Section
			**************************************************************
		-->
         
      <typeId extension="POQM_HD000001UV02" root="2.16.840.1.113883.1.3"/>
   <templateId>
      <item extension="2019-05-01" root="2.16.840.1.113883.10.20.28.1.2"/>
   </templateId>
   <id root="2c928085-7198-38ee-0171-98abf9c0019d"/>
   <code code="57024-2" codeSystem="2.16.840.1.113883.6.1">
      <displayName value="Health Quality Measure Document"/>
   </code>
   <title
          value="Child and Adolescent Major Depressive Disorder (MDD): Suicide Risk Assessment"/>
   <text
         value="Percentage of patient visits for those patients aged 6 through 17 years with a diagnosis of major depressive disorder with an assessment for suicide risk"/>
   <statusCode code="COMPLETED"/>
   <setId root="848d09de-7e6b-43c4-bedd-5a2957ccffe3"/>
   <versionNumber value="9.2.000"/>
   <author>
      <responsibleParty classCode="ASSIGNED">
         <representedResponsibleOrganization classCode="ORG" determinerCode="INSTANCE">
            <id>
               <item root="d041e15c-a7a0-41b8-be5b-87340ecd14bc"/>
            </id>
            <name>
               <item>
                  <part value="American Medical Association (AMA)"/>
               </item>
            </name>
         </representedResponsibleOrganization>
      </responsibleParty>
   </author>
   <author>
      <responsibleParty classCode="ASSIGNED">
         <representedResponsibleOrganization classCode="ORG" determinerCode="INSTANCE">
            <id>
               <item root="83e9797c-adec-4446-8c35-3ffd5d981c66"/>
            </id>
            <name>
               <item>
                  <part value="PCPI(R) Foundation (PCPI[R])"/>
               </item>
            </name>
         </representedResponsibleOrganization>
      </responsibleParty>
   </author>
   <custodian>
      <responsibleParty classCode="ASSIGNED">
         <representedResponsibleOrganization classCode="ORG" determinerCode="INSTANCE">
            <id>
               <item root="130"/>
            </id>
            <name>
               <item>
                  <part value="PCPI(R) Foundation (PCPI[R])"/>
               </item>
            </name>
         </representedResponsibleOrganization>
      </responsibleParty>
   </custodian>
   <verifier>
      <responsibleParty classCode="ASSIGNED">
         <representedResponsibleOrganization classCode="ORG" determinerCode="INSTANCE">
            <id>
               <item root="2.16.840.1.113883.3.560"/>
            </id>
            <name>
               <item>
                  <part value="National Quality Forum"/>
               </item>
            </name>
         </representedResponsibleOrganization>
      </responsibleParty>
   </verifier>
   <!--Payer-->
     	 <definition>
      <valueSet classCode="OBS" moodCode="DEF">
         <id root="2.16.840.1.114222.4.11.3591"/>
         <title value="Payer"/>
      </valueSet>
   </definition>
   <!--ONC Administrative Sex-->
     	 <definition>
      <valueSet classCode="OBS" moodCode="DEF">
         <id root="2.16.840.1.113762.1.4.1"/>
         <title value="ONC Administrative Sex"/>
      </valueSet>
   </definition>
   <!--Ethnicity-->
     	 <definition>
      <valueSet classCode="OBS" moodCode="DEF">
         <id root="2.16.840.1.114222.4.11.837"/>
         <title value="Ethnicity"/>
      </valueSet>
   </definition>
   <!--Outpatient Consultation-->
     	 <definition>
      <valueSet classCode="OBS" moodCode="DEF">
         <id root="2.16.840.1.113883.3.464.1003.101.12.1008"/>
         <title value="Outpatient Consultation"/>
      </valueSet>
   </definition>
   <!--Telehealth Services-->
     	 <definition>
      <valueSet classCode="OBS" moodCode="DEF">
         <id root="2.16.840.1.113883.3.464.1003.101.12.1031"/>
         <title value="Telehealth Services"/>
      </valueSet>
   </definition>
   <!--Psychoanalysis-->
     	 <definition>
      <valueSet classCode="OBS" moodCode="DEF">
         <id root="2.16.840.1.113883.3.526.3.1141"/>
         <title value="Psychoanalysis"/>
      </valueSet>
   </definition>
   <!--Race-->
     	 <definition>
      <valueSet classCode="OBS" moodCode="DEF">
         <id root="2.16.840.1.114222.4.11.836"/>
         <title value="Race"/>
      </valueSet>
   </definition>
   <!--Psych Visit - Diagnostic Evaluation-->
     	 <definition>
      <valueSet classCode="OBS" moodCode="DEF">
         <id root="2.16.840.1.113883.3.526.3.1492"/>
         <title value="Psych Visit - Diagnostic Evaluation"/>
      </valueSet>
   </definition>
   <!--Psych Visit - Psychotherapy-->
     	 <definition>
      <valueSet classCode="OBS" moodCode="DEF">
         <id root="2.16.840.1.113883.3.526.3.1496"/>
         <title value="Psych Visit - Psychotherapy"/>
      </valueSet>
   </definition>
   <!--Group Psychotherapy-->
     	 <definition>
      <valueSet classCode="OBS" moodCode="DEF">
         <id root="2.16.840.1.113883.3.526.3.1187"/>
         <title value="Group Psychotherapy"/>
      </valueSet>
   </definition>
   <!--Psych Visit - Family Psychotherapy-->
     	 <definition>
      <valueSet classCode="OBS" moodCode="DEF">
         <id root="2.16.840.1.113883.3.526.3.1018"/>
         <title value="Psych Visit - Family Psychotherapy"/>
      </valueSet>
   </definition>
   <!--Office Visit-->
     	 <definition>
      <valueSet classCode="OBS" moodCode="DEF">
         <id root="2.16.840.1.113883.3.464.1003.101.12.1001"/>
         <title value="Office Visit"/>
      </valueSet>
   </definition>
   <!--Major Depressive Disorder-Active-->
     	 <definition>
      <valueSet classCode="OBS" moodCode="DEF">
         <id root="2.16.840.1.113883.3.526.3.1491"/>
         <title value="Major Depressive Disorder-Active"/>
      </valueSet>
   </definition>
   <!--Birth date-CODE:/CodeSystem/LOINC/Version/2.67/Code/21112-8/Info-->
      <definition>
      <cql-ext:code code="21112-8" codeSystem="2.16.840.1.113883.6.1" codeSystemName="LOINC">
         <displayName value="Birth date"/>
      </cql-ext:code>
   </definition>
   <!--Suicide risk assessment (procedure)-CODE:/CodeSystem/SNOMEDCT/Version/2019-09/Code/225337009/Info-->
      <definition>
      <cql-ext:code code="225337009" codeSystem="2.16.840.1.113883.6.96" codeSystemName="SNOMEDCT">
         <displayName value="Suicide risk assessment (procedure)"/>
      </cql-ext:code>
   </definition>
   <relatedDocument typeCode="COMP">
      <expressionDocument>
         <id root="4B923B3F-9086-4EFF-9C73-91E9A0ED4A40"/>
         <text mediaType="text/cql">
            <reference value="https://emeasuretool.cms.gov/libraries/848d09de-7e6b-43c4-bedd-5a2957ccffe3/ChildandAdolescentMajorDepressiveDisorderMDDSuicideRiskAssessment-9.2.000.cql"/>
            <translation mediaType="application/elm+xml">
               <reference value="https://emeasuretool.cms.gov/libraries/848d09de-7e6b-43c4-bedd-5a2957ccffe3/ChildandAdolescentMajorDepressiveDisorderMDDSuicideRiskAssessment-9.2.000.xml"/>
            </translation>
            <translation mediaType="application/elm+json">
               <reference value="https://emeasuretool.cms.gov/libraries/848d09de-7e6b-43c4-bedd-5a2957ccffe3/ChildandAdolescentMajorDepressiveDisorderMDDSuicideRiskAssessment-9.2.000.json"/>
            </translation>
         </text>
         <setId extension="848d09de-7e6b-43c4-bedd-5a2957ccffe3"
                identifierName="ChildandAdolescentMajorDepressiveDisorderMDDSuicideRiskAssessment"
                root="https://emeasuretool.cms.gov/libraries"/>
         <versionNumber value="9.2.000"/>
      </expressionDocument>
   </relatedDocument>
   <relatedDocument typeCode="COMP">
      <expressionDocument>
         <id root="402803826cd4f54a016cde28210f096b"/>
         <text mediaType="text/cql">
            <reference value="https://emeasuretool.cms.gov/libraries/8bdc0a19-b210-4a58-8a07-f5d95a34eca9/MATGlobalCommonFunctions-5.0.000.cql"/>
            <translation mediaType="application/elm+xml">
               <reference value="https://emeasuretool.cms.gov/libraries/8bdc0a19-b210-4a58-8a07-f5d95a34eca9/MATGlobalCommonFunctions-5.0.000.xml"/>
            </translation>
            <translation mediaType="application/elm+json">
               <reference value="https://emeasuretool.cms.gov/libraries/8bdc0a19-b210-4a58-8a07-f5d95a34eca9/MATGlobalCommonFunctions-5.0.000.json"/>
            </translation>
         </text>
         <setId extension="8bdc0a19-b210-4a58-8a07-f5d95a34eca9"
                identifierName="MATGlobalCommonFunctions"
                root="https://emeasuretool.cms.gov/libraries"/>
         <versionNumber value="5.0.000"/>
      </expressionDocument>
   </relatedDocument>
   <controlVariable>
      <measurePeriod>
         <id extension="measureperiod" root="b7d79daa-1e80-4d57-b15c-a74aee220c77"/>
         <code code="MSRTP" codeSystem="2.16.840.1.113883.5.4">
            <originalText value="Measurement Period"/>
         </code>
         <value xsi:type="PIVL_TS">
            <phase highClosed="true" lowClosed="true">
               <low value="20200101"/>
               <width unit="a" value="1" xsi:type="PQ"/>
            </phase>
            <period unit="a" value="1"/>
         </value>
      </measurePeriod>
   </controlVariable>
   <subjectOf>
      <measureAttribute>
         <code nullFlavor="OTH">
            <originalText value="eCQM Identifier (Measure Authoring Tool)"/>
         </code>
         <value mediaType="text/plain" value="177" xsi:type="ED"/>
      </measureAttribute>
   </subjectOf>
   <subjectOf>
      <measureAttribute>
         <code nullFlavor="OTH">
            <originalText value="NQF Number"/>
         </code>
         <value mediaType="text/plain" value="1365e" xsi:type="ED"/>
      </measureAttribute>
   </subjectOf>
   <subjectOf>
      <measureAttribute>
         <code code="COPY" codeSystem="2.16.840.1.113883.5.4">
            <displayName value="Copyright"/>
         </code>
         <value mediaType="text/plain"
                value="Copyright 2020 PCPI(R) Foundation. All Rights Reserved."
                xsi:type="ED"/>
      </measureAttribute>
   </subjectOf>
   <subjectOf>
      <measureAttribute>
         <code code="DISC" codeSystem="2.16.840.1.113883.5.4">
            <displayName value="Disclaimer"/>
         </code>
         <value mediaType="text/plain"
                value="The Measure is not a clinical guideline, does not establish a standard of medical care, and has not been tested for all potential applications. &#xA;&#xA;The Measure, while copyrighted, can be reproduced and distributed, without modification, for noncommercial purposes, e.g., use by health care providers in connection with their practices. Commercial use is defined as the sale, license, or distribution of the Measure for commercial gain, or incorporation of the Measure into a product or service that is sold, licensed or distributed for commercial gain. &#xA;&#xA;Commercial uses of the Measure require a license agreement between the user and the PCPI(R) Foundation (PCPI[R]). Neither the PCPI, nor the American Medical Association (AMA), nor the former AMA-convened Physician Consortium for Performance Improvement(R) (AMA-PCPI), nor their members shall be responsible for any use of the Measure.&#xA;&#xA;The PCPI encourages use of the Measure by other health care professionals, where appropriate.&#xA;&#xA;THE MEASURE AND SPECIFICATIONS ARE PROVIDED “AS IS” WITHOUT WARRANTY OF ANY KIND.&#xA;&#xA;Limited proprietary coding is contained in the Measure specifications for convenience. Users of the proprietary code sets should obtain all necessary licenses from the owners of these code sets. The AMA, the PCPI and its members and former members of the AMA-PCPI disclaim all liability for use or accuracy of any Current Procedural Terminology (CPT[R]) or other coding contained in the specifications. &#xA;&#xA;CPT(R) contained in the Measure specifications is copyright 2004-2019 American Medical Association. LOINC(R) is copyright 2004-2019 Regenstrief Institute, Inc. This material contains SNOMED Clinical Terms(R) (SNOMED CT[R]) copyright 2004-2019 International Health Terminology Standards Development Organisation. ICD-10 is copyright 2019 World Health Organization. All Rights Reserved.&#xA;&#xA;Due to technical limitations, registered trademarks are indicated by (R) or [R]."
                xsi:type="ED"/>
      </measureAttribute>
   </subjectOf>
   <subjectOf>
      <measureAttribute>
         <code code="MSRSCORE" codeSystem="2.16.840.1.113883.5.4">
            <displayName value="Measure Scoring"/>
         </code>
         <value code="PROPOR" codeSystem="2.16.840.1.113883.5.1063" xsi:type="CD">
            <displayName value="Proportion"/>
         </value>
      </measureAttribute>
   </subjectOf>
   <subjectOf>
      <measureAttribute>
         <code code="MSRTYPE" codeSystem="2.16.840.1.113883.5.4">
            <displayName value="Measure Type"/>
         </code>
         <value code="PROCESS" codeSystem="2.16.840.1.113883.5.1063" xsi:type="CD">
            <displayName value="PROCESS"/>
         </value>
      </measureAttribute>
   </subjectOf>
   <subjectOf>
      <measureAttribute>
         <code code="STRAT" codeSystem="2.16.840.1.113883.5.4">
            <displayName value="Stratification"/>
         </code>
         <value mediaType="text/plain" value="None" xsi:type="ED"/>
      </measureAttribute>
   </subjectOf>
   <subjectOf>
      <measureAttribute>
         <code code="MSRADJ" codeSystem="2.16.840.1.113883.5.4">
            <displayName value="Risk Adjustment"/>
         </code>
         <value mediaType="text/plain" value="None" xsi:type="ED"/>
      </measureAttribute>
   </subjectOf>
   <subjectOf>
      <measureAttribute>
         <code code="MSRAGG" codeSystem="2.16.840.1.113883.5.4">
            <displayName value="Rate Aggregation"/>
         </code>
         <value mediaType="text/plain" value="None" xsi:type="ED"/>
      </measureAttribute>
   </subjectOf>
   <subjectOf>
      <measureAttribute>
         <code code="RAT" codeSystem="2.16.840.1.113883.5.4">
            <displayName value="Rationale"/>
         </code>
         <value mediaType="text/plain"
                value="Research has shown that patients with major depressive disorder are at a high risk for suicide attempts and completion - among the most significant and devastating sequelae of the disease. Suicide risk is a critical consideration in children and adolescents with MDD and an important aspect of care that should be assessed at each visit and subsequently managed to minimize that risk. Additionally, the importance of the assessments is underscored by research (Louma, Martin, &amp; Pearson, 2002) that indicates that many individuals who die by suicide do make contact with primary care providers and mental health services beforehand. More specifically, approximately 15% of suicide victims aged 35 years or younger had seen a mental health professional within 1 month of suicide while approximately 23% had seen a primary care provider within 1 month of suicide."
                xsi:type="ED"/>
      </measureAttribute>
   </subjectOf>
   <subjectOf>
      <measureAttribute>
         <code code="CRS" codeSystem="2.16.840.1.113883.5.4">
            <displayName value="Clinical Recommendation Statement"/>
         </code>
         <value mediaType="text/plain"
                value="The evaluation must include assessment for the presence of harm to self or others (MS) (American Academy of Child and Adolescent Psychiatry, 2007).&#xA;&#xA;Suicidal behavior exists along a continuum from passive thoughts of death to a clearly developed plan and intent to carry out that plan. Because depression is closely associated with suicidal thoughts and behavior, it is imperative to evaluate these symptoms at the initial and subsequent assessments. For this purpose, low burden tools to track suicidal ideation and behavior such as the Columbia-Suicidal Severity Rating Scale can be used. Also, it is crucial to evaluate the risk (e.g., age, sex, stressors, comorbid conditions, hopelessness, impulsivity) and protective factors (e.g., religious belief, concern not to hurt family) that might influence the desire to attempt suicide. The risk for suicidal behavior increases if there is a history of suicide attempts, comorbid psychiatric disorders (e.g., disruptive disorders, substance abuse), impulsivity and aggression, availability of lethal agents (e.g., firearms), exposure to negative events (e.g., physical or sexual abuse, violence), and a family history of suicidal behavior (American Academy of Child and Adolescent Psychiatry, 2007).&#xA;&#xA;A careful and ongoing evaluation of suicide risk is necessary for all patients with major depressive disorder (Category I). Such an assessment includes specific inquiry about suicidal thoughts, intent, plans, means, and behaviors; identification of specific psychiatric symptoms (e.g., psychosis, severe anxiety, substance use) or general medical conditions that may increase the likelihood of acting on suicidal ideas; assessment of past and, particularly, recent suicidal behavior; delineation of current stressors and potential protective factors (e.g., positive reasons for living, strong social support); and identification of any family history of suicide or mental illness (Category I) (American Psychiatric Association, 2010, reaffirmed 2015)."
                xsi:type="ED"/>
      </measureAttribute>
   </subjectOf>
   <subjectOf>
      <measureAttribute>
         <code code="IDUR" codeSystem="2.16.840.1.113883.5.4">
            <displayName value="Improvement Notation"/>
         </code>
         <value mediaType="text/plain" value="Higher score indicates better quality"
                xsi:type="ED"/>
      </measureAttribute>
   </subjectOf>
   <subjectOf>
      <measureAttribute>
         <code code="REF" codeSystem="2.16.840.1.113883.5.4">
            <displayName value="Reference"/>
         </code>
         <value mediaType="text/plain"
                value="American Academy of Child and Adolescent Psychiatry. (2007). Practice parameter for the assessment and treatment of children and adolescents with depressive disorders. Journal of the American Academy of Child and Adolescent Psychiatry, 46(11), 1503-1526. doi:10.1097/chi.0b013e318145ae1c"
                xsi:type="ED"/>
      </measureAttribute>
   </subjectOf>
   <subjectOf>
      <measureAttribute>
         <code code="REF" codeSystem="2.16.840.1.113883.5.4">
            <displayName value="Reference"/>
         </code>
         <value mediaType="text/plain"
                value="American Psychiatric Association. (2010). Practice guideline for the treatment of patients with major depressive disorder. 3rd edition. Retrieved from http://psychiatryonline.org/pb/assets/raw/sitewide/practice_guidelines/guidelines/mdd.pdf&#xA;(This guideline was reaffirmed in 2015.)"
                xsi:type="ED"/>
      </measureAttribute>
   </subjectOf>
   <subjectOf>
      <measureAttribute>
         <code code="REF" codeSystem="2.16.840.1.113883.5.4">
            <displayName value="Reference"/>
         </code>
         <value mediaType="text/plain"
                value="Luoma, J. B., Martin, C. E., &amp; Pearson, J. L. (2002). Contact with mental health and primary care providers before suicide: A review of the evidence. American Journal of Psychiatry, 159(6), 909-916. doi:10.1176/appi.ajp.159.6.909"
                xsi:type="ED"/>
      </measureAttribute>
   </subjectOf>
   <subjectOf>
      <measureAttribute>
         <code code="DEF" codeSystem="2.16.840.1.113883.5.4">
            <displayName value="Definition"/>
         </code>
         <value mediaType="text/plain"
                value="Numerator Definition: The specific type and magnitude of the suicide risk assessment is intended to be at the discretion of the individual clinician and should be specific to the needs of the patient. At a minimum, suicide risk assessment should evaluate:&#xA;1. Risk (e.g., age, sex, stressors, comorbid conditions, hopelessness, impulsivity) and protective factors (e.g., religious belief, concern not to hurt family) that may influence the desire to attempt suicide.&#xA;2. Current severity of suicidality.&#xA;3. Most severe point of suicidality in episode and lifetime.&#xA; &#xA;Low burden tools to track suicidal ideation and behavior such as the Columbia-Suicidal Severity Rating Scale can also be used. Because no validated assessment tool or instrument fully meets the aforementioned requirements for the suicide risk assessment, individual tools or instruments have not been explicitly included in coding."
                xsi:type="ED"/>
      </measureAttribute>
   </subjectOf>
   <subjectOf>
      <measureAttribute>
         <code code="GUIDE" codeSystem="2.16.840.1.113883.5.4">
            <displayName value="Guidance"/>
         </code>
         <value mediaType="text/plain"
                value="This eCQM is an episode-based measure. A suicide risk assessment should be performed at every visit for major depressive disorder during the measurement period. &#xA;&#xA;In recognition of the growing use of integrated and team-based care, the diagnosis of depression and the assessment for suicide risk need not be performed by the same provider or clinician. &#xA;&#xA;Suicide risk assessments completed via telehealth services can also meet numerator performance. &#xA;&#xA;This measure is an episode-of-care measure; the level of analysis for this measure is every visit for major depressive disorder during the measurement period. For example, at every visit for MDD, the patient should have a suicide risk assessment.&#xA;&#xA;Use of a standardized tool(s) or instrument(s) to assess suicide risk will meet numerator performance, so long as the minimum criteria noted above is evaluated. Standardized tools can be mapped to the concept &quot;Intervention, Performed&quot;: &quot;Suicide risk assessment (procedure)&quot; included in the numerator logic below, as no individual suicide risk assessment tool or instrument would satisfy the requirements alone.&#xA;&#xA;This version of the eCQM uses QDM version 5.5.  Please refer to the eCQI resource center (https://ecqi.healthit.gov/qdm) for more information on the QDM."
                xsi:type="ED"/>
      </measureAttribute>
   </subjectOf>
   <subjectOf>
      <measureAttribute>
         <code code="TRANF" codeSystem="2.16.840.1.113883.5.4">
            <displayName value="Transmission Format"/>
         </code>
         <value mediaType="text/plain" value="TBD" xsi:type="ED"/>
      </measureAttribute>
   </subjectOf>
   <subjectOf>
      <measureAttribute>
         <code code="IPOP" codeSystem="2.16.840.1.113883.5.4">
            <displayName value="Initial Population"/>
         </code>
         <value mediaType="text/plain"
                value="All patient visits for those patients aged 6 through 17 years with a diagnosis of major depressive disorder"
                xsi:type="ED"/>
      </measureAttribute>
   </subjectOf>
   <subjectOf>
      <measureAttribute>
         <code code="DENOM" codeSystem="2.16.840.1.113883.5.4">
            <displayName value="Denominator"/>
         </code>
         <value mediaType="text/plain" value="Equals Initial Population" xsi:type="ED"/>
      </measureAttribute>
   </subjectOf>
   <subjectOf>
      <measureAttribute>
         <code code="DENEX" codeSystem="2.16.840.1.113883.5.4">
            <displayName value="Denominator Exclusions"/>
         </code>
         <value mediaType="text/plain" value="None" xsi:type="ED"/>
      </measureAttribute>
   </subjectOf>
   <subjectOf>
      <measureAttribute>
         <code code="NUMER" codeSystem="2.16.840.1.113883.5.4">
            <displayName value="Numerator"/>
         </code>
         <value mediaType="text/plain"
                value="Patient visits with an assessment for suicide risk"
                xsi:type="ED"/>
      </measureAttribute>
   </subjectOf>
   <subjectOf>
      <measureAttribute>
         <code code="NUMEX" codeSystem="2.16.840.1.113883.5.4">
            <displayName value="Numerator Exclusions"/>
         </code>
         <value mediaType="text/plain" value="Not Applicable" xsi:type="ED"/>
      </measureAttribute>
   </subjectOf>
   <subjectOf>
      <measureAttribute>
         <code code="DENEXCEP" codeSystem="2.16.840.1.113883.5.4">
            <displayName value="Denominator Exceptions"/>
         </code>
         <value mediaType="text/plain" value="None" xsi:type="ED"/>
      </measureAttribute>
   </subjectOf>
   <subjectOf>
      <measureAttribute>
         <code code="SDE" codeSystem="2.16.840.1.113883.5.4">
            <displayName value="Supplemental Data Elements"/>
         </code>
         <value mediaType="text/plain"
                value="For every patient evaluated by this measure also identify payer, race, ethnicity and sex"
                xsi:type="ED"/>
      </measureAttribute>
   </subjectOf>
   <componentOf>
      <qualityMeasureSet classCode="ACT">
         <id root=""/>
         <title value="None"/>
      </qualityMeasureSet>
   </componentOf>
   <!--Data Criteria Section-->
   <component>
      <dataCriteriaSection>
         <templateId>
            <item extension="2019-05-01" root="2.16.840.1.113883.10.20.28.2.6"/>
         </templateId>
         <code code="57025-9" codeSystem="2.16.840.1.113883.6.1"/>
         <title value="Data Criteria Section"/>
         <text/>
         <entry typeCode="DRIV">
            <localVariableName value="Payer_PatientCharacteristicPayer_OyaTM"/>
            <observationCriteria classCode="OBS" moodCode="EVN">
               <templateId>
                  <item extension="2017-05-01" root="2.16.840.1.113883.10.20.28.4.58"/>
               </templateId>
               <id extension="Payer_PatientCharacteristicPayer"
                   root="017dc6d3-9c8e-49de-8ffd-10a2b6194af1"/>
               <code code="48768-6" codeSystem="2.16.840.1.113883.6.1" codeSystemName="LOINC">
                  <displayName value="Payer"/>
               </code>
               <title value="Patient Characteristic Payer"/>
               <statusCode code="COMPLETED"/>
               <value valueSet="2.16.840.1.114222.4.11.3591" xsi:type="CD"/>
            </observationCriteria>
         </entry>
         <entry typeCode="DRIV">
            <localVariableName value="ONCAdministrativeSex_PatientCharacteristicSex_qjqrI"/>
            <observationCriteria classCode="OBS" moodCode="EVN">
               <templateId>
                  <item extension="2017-05-01" root="2.16.840.1.113883.10.20.28.4.55"/>
               </templateId>
               <id extension="ONCAdministrativeSex_PatientCharacteristicSex"
                   root="9875ed53-df03-4176-b93c-722d680ad79b"/>
               <code code="263495000" codeSystem="2.16.840.1.113883.6.96" codeSystemName="SNOMED CT">
                  <displayName value="Gender"/>
               </code>
               <title value="Patient Characteristic Sex"/>
               <statusCode code="COMPLETED"/>
               <value valueSet="2.16.840.1.113762.1.4.1" xsi:type="CD"/>
            </observationCriteria>
         </entry>
         <entry typeCode="DRIV">
            <localVariableName value="Ethnicity_PatientCharacteristicEthnicity_GaJe2"/>
            <observationCriteria classCode="OBS" moodCode="EVN">
               <templateId>
                  <item extension="2017-05-01" root="2.16.840.1.113883.10.20.28.4.56"/>
               </templateId>
               <id extension="Ethnicity_PatientCharacteristicEthnicity"
                   root="37c22a2d-a1d9-43f1-ae5b-c6fb2041c530"/>
               <code code="54133-4" codeSystem="2.16.840.1.113883.6.1" codeSystemName="LOINC">
                  <displayName value="Ethnicity"/>
               </code>
               <title value="Patient Characteristic Ethnicity"/>
               <statusCode code="COMPLETED"/>
               <value valueSet="2.16.840.1.114222.4.11.837" xsi:type="CD"/>
            </observationCriteria>
         </entry>
         <entry typeCode="DRIV">
            <localVariableName value="OutpatientConsultation_EncounterPerformed_JrUIf"/>
            <encounterCriteria classCode="ENC" moodCode="EVN">
               <templateId>
                  <item extension="2019-05-01" root="2.16.840.1.113883.10.20.28.4.5"/>
               </templateId>
               <id extension="OutpatientConsultation_EncounterPerformed"
                   root="40280381-3d61-56a7-013e-5d9034eb7070"/>
               <code valueSet="2.16.840.1.113883.3.464.1003.101.12.1008"/>
               <title value="Encounter, Performed"/>
               <statusCode code="COMPLETED"/>
            </encounterCriteria>
         </entry>
         <entry typeCode="DRIV">
            <localVariableName value="TelehealthServices_EncounterPerformed_y4AuF"/>
            <encounterCriteria classCode="ENC" moodCode="EVN">
               <templateId>
                  <item extension="2019-05-01" root="2.16.840.1.113883.10.20.28.4.5"/>
               </templateId>
               <id extension="TelehealthServices_EncounterPerformed"
                   root="c10bcf05-9202-4a2a-8ea9-1579678d7035"/>
               <code valueSet="2.16.840.1.113883.3.464.1003.101.12.1031"/>
               <title value="Encounter, Performed"/>
               <statusCode code="COMPLETED"/>
            </encounterCriteria>
         </entry>
         <entry typeCode="DRIV">
            <localVariableName value="Psychoanalysis_EncounterPerformed_qMdAW"/>
            <encounterCriteria classCode="ENC" moodCode="EVN">
               <templateId>
                  <item extension="2019-05-01" root="2.16.840.1.113883.10.20.28.4.5"/>
               </templateId>
               <id extension="Psychoanalysis_EncounterPerformed"
                   root="40280381-3d61-56a7-013e-5d9034eb7076"/>
               <code valueSet="2.16.840.1.113883.3.526.3.1141"/>
               <title value="Encounter, Performed"/>
               <statusCode code="COMPLETED"/>
            </encounterCriteria>
         </entry>
         <entry typeCode="DRIV">
            <localVariableName value="Race_PatientCharacteristicRace_9Tduw"/>
            <observationCriteria classCode="OBS" moodCode="EVN">
               <templateId>
                  <item extension="2017-05-01" root="2.16.840.1.113883.10.20.28.4.59"/>
               </templateId>
               <id extension="Race_PatientCharacteristicRace"
                   root="f4f79a4e-4a9e-456a-ae10-c7826e5bdca6"/>
               <code code="32624-9" codeSystem="2.16.840.1.113883.6.1" codeSystemName="LOINC">
                  <displayName value="Race"/>
               </code>
               <title value="Patient Characteristic Race"/>
               <statusCode code="COMPLETED"/>
               <value valueSet="2.16.840.1.114222.4.11.836" xsi:type="CD"/>
            </observationCriteria>
         </entry>
         <entry typeCode="DRIV">
            <localVariableName value="PsychVisit-DiagnosticEvaluation_EncounterPerformed_SQ8Wf"/>
            <encounterCriteria classCode="ENC" moodCode="EVN">
               <templateId>
                  <item extension="2019-05-01" root="2.16.840.1.113883.10.20.28.4.5"/>
               </templateId>
               <id extension="PsychVisit-DiagnosticEvaluation_EncounterPerformed"
                   root="40280381-3d61-56a7-013e-9046741b6c87"/>
               <code valueSet="2.16.840.1.113883.3.526.3.1492"/>
               <title value="Encounter, Performed"/>
               <statusCode code="COMPLETED"/>
            </encounterCriteria>
         </entry>
         <entry typeCode="DRIV">
            <localVariableName value="PsychVisit-Psychotherapy_EncounterPerformed_BkNdy"/>
            <encounterCriteria classCode="ENC" moodCode="EVN">
               <templateId>
                  <item extension="2019-05-01" root="2.16.840.1.113883.10.20.28.4.5"/>
               </templateId>
               <id extension="PsychVisit-Psychotherapy_EncounterPerformed"
                   root="40280381-3d61-56a7-013e-5d9034ec708d"/>
               <code valueSet="2.16.840.1.113883.3.526.3.1496"/>
               <title value="Encounter, Performed"/>
               <statusCode code="COMPLETED"/>
            </encounterCriteria>
         </entry>
         <entry typeCode="DRIV">
            <localVariableName value="GroupPsychotherapy_EncounterPerformed_9Qrbj"/>
            <encounterCriteria classCode="ENC" moodCode="EVN">
               <templateId>
                  <item extension="2019-05-01" root="2.16.840.1.113883.10.20.28.4.5"/>
               </templateId>
               <id extension="GroupPsychotherapy_EncounterPerformed"
                   root="40280381-3d61-56a7-013e-5d9034eb706b"/>
               <code valueSet="2.16.840.1.113883.3.526.3.1187"/>
               <title value="Encounter, Performed"/>
               <statusCode code="COMPLETED"/>
            </encounterCriteria>
         </entry>
         <entry typeCode="DRIV">
            <localVariableName value="PsychVisit-FamilyPsychotherapy_EncounterPerformed_dTJZq"/>
            <encounterCriteria classCode="ENC" moodCode="EVN">
               <templateId>
                  <item extension="2019-05-01" root="2.16.840.1.113883.10.20.28.4.5"/>
               </templateId>
               <id extension="PsychVisit-FamilyPsychotherapy_EncounterPerformed"
                   root="40280381-3d61-56a7-013e-5d9034eb7074"/>
               <code valueSet="2.16.840.1.113883.3.526.3.1018"/>
               <title value="Encounter, Performed"/>
               <statusCode code="COMPLETED"/>
            </encounterCriteria>
         </entry>
         <entry typeCode="DRIV">
            <localVariableName value="OfficeVisit_EncounterPerformed_7xhaZ"/>
            <encounterCriteria classCode="ENC" moodCode="EVN">
               <templateId>
                  <item extension="2019-05-01" root="2.16.840.1.113883.10.20.28.4.5"/>
               </templateId>
               <id extension="OfficeVisit_EncounterPerformed"
                   root="40280381-3d61-56a7-013e-5d9034eb706f"/>
               <code valueSet="2.16.840.1.113883.3.464.1003.101.12.1001"/>
               <title value="Encounter, Performed"/>
               <statusCode code="COMPLETED"/>
            </encounterCriteria>
         </entry>
         <entry typeCode="DRIV">
            <observationCriteria classCode="OBS" moodCode="EVN">
               <templateId>
                  <item extension="2017-05-01" root="2.16.840.1.113883.10.20.28.4.54"/>
               </templateId>
               <id extension="21112-8_PatientCharacteristicBirthdate"
                   root="6A8ACB76-EDFE-4A26-B9EA-C9AA6290F94C"/>
               <code code="21112-8" codeSystem="2.16.840.1.113883.6.1" codeSystemName="LOINC"/>
               <title value="Patient Characteristic Birthdate"/>
               <statusCode code="COMPLETED"/>
            </observationCriteria>
         </entry>
         <entry typeCode="DRIV">
            <actCriteria classCode="ACT" moodCode="EVN">
               <templateId>
                  <item extension="2019-05-01" root="2.16.840.1.113883.10.20.28.4.36"/>
               </templateId>
               <id extension="225337009_InterventionPerformed"
                   root="FBCA8012-A418-4956-A7EC-E1B26615E89B"/>
               <code code="225337009" codeSystem="2.16.840.1.113883.6.96" codeSystemName="SNOMEDCT"/>
               <title value="Intervention, Performed"/>
               <statusCode code="COMPLETED"/>
            </actCriteria>
         </entry>
      </dataCriteriaSection>
   </component>
   <component>
      <populationCriteriaSection>
         <templateId>
            <item extension="2017-08-01" root="2.16.840.1.113883.10.20.28.2.7"/>
         </templateId>
         <id extension="PopulationCriteria1" root="CB007EAE-27DE-4FB6-AC12-EE5D9E67E3FC"/>
         <code code="57026-7" codeSystem="2.16.840.1.113883.6.1"/>
         <title value="Population Criteria Section"/>
         <text/>
         <component typeCode="COMP">
            <initialPopulationCriteria classCode="OBS" moodCode="EVN">
               <id extension="initialPopulation" root="0F2BD817-7BC3-41FA-90F9-C85AE36CA859"/>
               <code code="IPOP" codeSystem="2.16.840.1.113883.5.4" codeSystemName="Act Code"/>
               <precondition typeCode="PRCN">
                  <criteriaReference classCode="OBS" moodCode="EVN">
                     <id extension="ChildandAdolescentMajorDepressiveDisorderMDDSuicideRiskAssessment.&quot;Initial Population&quot;"
                         root="4B923B3F-9086-4EFF-9C73-91E9A0ED4A40"/>
                  </criteriaReference>
               </precondition>
            </initialPopulationCriteria>
         </component>
         <component typeCode="COMP">
            <denominatorCriteria classCode="OBS" moodCode="EVN">
               <id extension="denominator" root="7B01C86F-68C7-4D7F-88CC-5377C869AE52"/>
               <code code="DENOM" codeSystem="2.16.840.1.113883.5.4" codeSystemName="Act Code"/>
               <precondition typeCode="PRCN">
                  <criteriaReference classCode="OBS" moodCode="EVN">
                     <id extension="ChildandAdolescentMajorDepressiveDisorderMDDSuicideRiskAssessment.&quot;Denominator&quot;"
                         root="4B923B3F-9086-4EFF-9C73-91E9A0ED4A40"/>
                  </criteriaReference>
               </precondition>
            </denominatorCriteria>
         </component>
         <component typeCode="COMP">
            <numeratorCriteria classCode="OBS" moodCode="EVN">
               <id extension="numerator" root="D01E6E8D-D6CD-40EC-BC02-E709AA53996A"/>
               <code code="NUMER" codeSystem="2.16.840.1.113883.5.4" codeSystemName="Act Code"/>
               <precondition typeCode="PRCN">
                  <criteriaReference classCode="OBS" moodCode="EVN">
                     <id extension="ChildandAdolescentMajorDepressiveDisorderMDDSuicideRiskAssessment.&quot;Numerator&quot;"
                         root="4B923B3F-9086-4EFF-9C73-91E9A0ED4A40"/>
                  </criteriaReference>
               </precondition>
            </numeratorCriteria>
         </component>
         <component typeCode="COMP">
            <cql-ext:supplementalDataElement>
               <id extension="Supplemental Data Elements"
                   root="F02154F3-82F4-433D-B6C8-32DE634150DB"/>
               <code code="SDE" codeSystem="2.16.840.1.113883.5.4" codeSystemName="Act Code"/>
               <precondition typeCode="PRCN">
                  <criteriaReference classCode="OBS" moodCode="EVN">
                     <id extension="ChildandAdolescentMajorDepressiveDisorderMDDSuicideRiskAssessment.&quot;SDE Ethnicity&quot;"
                         root="4B923B3F-9086-4EFF-9C73-91E9A0ED4A40"/>
                  </criteriaReference>
               </precondition>
            </cql-ext:supplementalDataElement>
         </component>
         <component typeCode="COMP">
            <cql-ext:supplementalDataElement>
               <id extension="Supplemental Data Elements"
                   root="28F44A5D-C8BA-4529-95BD-9B7501D1AD51"/>
               <code code="SDE" codeSystem="2.16.840.1.113883.5.4" codeSystemName="Act Code"/>
               <precondition typeCode="PRCN">
                  <criteriaReference classCode="OBS" moodCode="EVN">
                     <id extension="ChildandAdolescentMajorDepressiveDisorderMDDSuicideRiskAssessment.&quot;SDE Payer&quot;"
                         root="4B923B3F-9086-4EFF-9C73-91E9A0ED4A40"/>
                  </criteriaReference>
               </precondition>
            </cql-ext:supplementalDataElement>
         </component>
         <component typeCode="COMP">
            <cql-ext:supplementalDataElement>
               <id extension="Supplemental Data Elements"
                   root="444A180C-EB53-42EF-9189-AEE90CA40BD1"/>
               <code code="SDE" codeSystem="2.16.840.1.113883.5.4" codeSystemName="Act Code"/>
               <precondition typeCode="PRCN">
                  <criteriaReference classCode="OBS" moodCode="EVN">
                     <id extension="ChildandAdolescentMajorDepressiveDisorderMDDSuicideRiskAssessment.&quot;SDE Race&quot;"
                         root="4B923B3F-9086-4EFF-9C73-91E9A0ED4A40"/>
                  </criteriaReference>
               </precondition>
            </cql-ext:supplementalDataElement>
         </component>
         <component typeCode="COMP">
            <cql-ext:supplementalDataElement>
               <id extension="Supplemental Data Elements"
                   root="0E64AD03-B073-4E0D-AE65-7F1ACB3BDEF7"/>
               <code code="SDE" codeSystem="2.16.840.1.113883.5.4" codeSystemName="Act Code"/>
               <precondition typeCode="PRCN">
                  <criteriaReference classCode="OBS" moodCode="EVN">
                     <id extension="ChildandAdolescentMajorDepressiveDisorderMDDSuicideRiskAssessment.&quot;SDE Sex&quot;"
                         root="4B923B3F-9086-4EFF-9C73-91E9A0ED4A40"/>
                  </criteriaReference>
               </precondition>
            </cql-ext:supplementalDataElement>
         </component>
      </populationCriteriaSection>
   </component>
</QualityMeasureDocument>