{
   "library" : {
      "identifier" : {
         "id" : "DiabetesHemoglobinA1cHbA1cPoorControl9",
         "version" : "8.4.000"
      },
      "schemaIdentifier" : {
         "id" : "urn:hl7-org:elm",
         "version" : "r1"
      },
      "usings" : {
         "def" : [ {
            "localIdentifier" : "System",
            "uri" : "urn:hl7-org:elm-types:r1"
         }, {
            "localId" : "1",
            "locator" : "3:1-3:23",
            "localIdentifier" : "QDM",
            "uri" : "urn:healthit-gov:qdm:v5_4",
            "version" : "5.4"
         } ]
      },
      "includes" : {
         "def" : [ {
            "localId" : "2",
            "locator" : "5:1-5:86",
            "localIdentifier" : "AdultOutpatientEncounters",
            "path" : "Adult_Outpatient_Encounters",
            "version" : "1.2.000"
         }, {
            "localId" : "3",
            "locator" : "6:1-6:64",
            "localIdentifier" : "Global",
            "path" : "MATGlobalCommonFunctions",
            "version" : "4.0.000"
         }, {
            "localId" : "4",
            "locator" : "7:1-7:48",
            "localIdentifier" : "Hospice",
            "path" : "Hospice",
            "version" : "2.0.000"
         }, {
            "localId" : "5",
            "locator" : "8:1-8:82",
            "localIdentifier" : "FrailtyLTI",
            "path" : "AdvancedIllnessandFrailtyExclusionECQM",
            "version" : "4.0.000"
         } ]
      },
      "parameters" : {
         "def" : [ {
            "localId" : "17",
            "locator" : "21:1-21:49",
            "name" : "Measurement Period",
            "accessLevel" : "Public",
            "parameterTypeSpecifier" : {
               "localId" : "16",
               "locator" : "21:32-21:49",
               "type" : "IntervalTypeSpecifier",
               "pointType" : {
                  "localId" : "15",
                  "locator" : "21:41-21:48",
                  "name" : "{urn:hl7-org:elm-types:r1}DateTime",
                  "type" : "NamedTypeSpecifier"
               }
            }
         } ]
      },
      "codeSystems" : {
         "def" : [ {
            "localId" : "6",
            "locator" : "10:1-10:51",
            "name" : "LOINC",
            "id" : "urn:oid:2.16.840.1.113883.6.1",
            "accessLevel" : "Public"
         } ]
      },
      "valueSets" : {
         "def" : [ {
            "localId" : "7",
            "locator" : "12:1-12:71",
            "name" : "Diabetes",
            "id" : "urn:oid:2.16.840.1.113883.3.464.1003.103.12.1001",
            "accessLevel" : "Public"
         }, {
            "localId" : "8",
            "locator" : "13:1-13:58",
            "name" : "Ethnicity",
            "id" : "urn:oid:2.16.840.1.114222.4.11.837",
            "accessLevel" : "Public"
         }, {
            "localId" : "9",
            "locator" : "14:1-14:84",
            "name" : "HbA1c Laboratory Test",
            "id" : "urn:oid:2.16.840.1.113883.3.464.1003.198.12.1013",
            "accessLevel" : "Public"
         }, {
            "localId" : "10",
            "locator" : "15:1-15:68",
            "name" : "ONC Administrative Sex",
            "id" : "urn:oid:2.16.840.1.113762.1.4.1",
            "accessLevel" : "Public"
         }, {
            "localId" : "11",
            "locator" : "16:1-16:55",
            "name" : "Payer",
            "id" : "urn:oid:2.16.840.1.114222.4.11.3591",
            "accessLevel" : "Public"
         }, {
            "localId" : "12",
            "locator" : "17:1-17:53",
            "name" : "Race",
            "id" : "urn:oid:2.16.840.1.114222.4.11.836",
            "accessLevel" : "Public"
         } ]
      },
      "codes" : {
         "def" : [ {
            "localId" : "14",
            "locator" : "19:1-19:62",
            "name" : "Birth date",
            "id" : "21112-8",
            "display" : "Birth date",
            "accessLevel" : "Public",
            "codeSystem" : {
               "localId" : "13",
               "locator" : "19:35-19:41",
               "name" : "LOINC"
            }
         } ]
      },
      "statements" : {
         "def" : [ {
            "locator" : "23:1-23:15",
            "name" : "Patient",
            "context" : "Patient",
            "expression" : {
               "type" : "SingletonFrom",
               "operand" : {
                  "locator" : "23:1-23:15",
                  "dataType" : "{urn:healthit-gov:qdm:v5_4}Patient",
                  "templateId" : "Patient",
                  "type" : "Retrieve"
               }
            }
         }, {
            "localId" : "19",
            "locator" : "25:1-26:50",
            "name" : "SDE Ethnicity",
            "context" : "Patient",
            "accessLevel" : "Public",
            "annotation" : [ {
               "type" : "Annotation",
               "s" : {
                  "r" : "19",
                  "s" : [ {
                     "value" : [ "define ","\"SDE Ethnicity\"",":\n\t" ]
                  }, {
                     "r" : "18",
                     "s" : [ {
                        "value" : [ "[","\"Patient Characteristic Ethnicity\"",": " ]
                     }, {
                        "s" : [ {
                           "value" : [ "\"Ethnicity\"" ]
                        } ]
                     }, {
                        "value" : [ "]" ]
                     } ]
                  } ]
               }
            } ],
            "expression" : {
               "localId" : "18",
               "locator" : "26:2-26:50",
               "dataType" : "{urn:healthit-gov:qdm:v5_4}PatientCharacteristicEthnicity",
               "codeProperty" : "code",
               "type" : "Retrieve",
               "codes" : {
                  "name" : "Ethnicity",
                  "type" : "ValueSetRef"
               }
            }
         }, {
            "localId" : "21",
            "locator" : "28:1-29:42",
            "name" : "SDE Payer",
            "context" : "Patient",
            "accessLevel" : "Public",
            "annotation" : [ {
               "type" : "Annotation",
               "s" : {
                  "r" : "21",
                  "s" : [ {
                     "value" : [ "define ","\"SDE Payer\"",":\n\t" ]
                  }, {
                     "r" : "20",
                     "s" : [ {
                        "value" : [ "[","\"Patient Characteristic Payer\"",": " ]
                     }, {
                        "s" : [ {
                           "value" : [ "\"Payer\"" ]
                        } ]
                     }, {
                        "value" : [ "]" ]
                     } ]
                  } ]
               }
            } ],
            "expression" : {
               "localId" : "20",
               "locator" : "29:2-29:42",
               "dataType" : "{urn:healthit-gov:qdm:v5_4}PatientCharacteristicPayer",
               "codeProperty" : "code",
               "type" : "Retrieve",
               "codes" : {
                  "name" : "Payer",
                  "type" : "ValueSetRef"
               }
            }
         }, {
            "localId" : "23",
            "locator" : "31:1-32:40",
            "name" : "SDE Race",
            "context" : "Patient",
            "accessLevel" : "Public",
            "annotation" : [ {
               "type" : "Annotation",
               "s" : {
                  "r" : "23",
                  "s" : [ {
                     "value" : [ "define ","\"SDE Race\"",":\n\t" ]
                  }, {
                     "r" : "22",
                     "s" : [ {
                        "value" : [ "[","\"Patient Characteristic Race\"",": " ]
                     }, {
                        "s" : [ {
                           "value" : [ "\"Race\"" ]
                        } ]
                     }, {
                        "value" : [ "]" ]
                     } ]
                  } ]
               }
            } ],
            "expression" : {
               "localId" : "22",
               "locator" : "32:2-32:40",
               "dataType" : "{urn:healthit-gov:qdm:v5_4}PatientCharacteristicRace",
               "codeProperty" : "code",
               "type" : "Retrieve",
               "codes" : {
                  "name" : "Race",
                  "type" : "ValueSetRef"
               }
            }
         }, {
            "localId" : "25",
            "locator" : "34:1-35:57",
            "name" : "SDE Sex",
            "context" : "Patient",
            "accessLevel" : "Public",
            "annotation" : [ {
               "type" : "Annotation",
               "s" : {
                  "r" : "25",
                  "s" : [ {
                     "value" : [ "define ","\"SDE Sex\"",":\n\t" ]
                  }, {
                     "r" : "24",
                     "s" : [ {
                        "value" : [ "[","\"Patient Characteristic Sex\"",": " ]
                     }, {
                        "s" : [ {
                           "value" : [ "\"ONC Administrative Sex\"" ]
                        } ]
                     }, {
                        "value" : [ "]" ]
                     } ]
                  } ]
               }
            } ],
            "expression" : {
               "localId" : "24",
               "locator" : "35:2-35:57",
               "dataType" : "{urn:healthit-gov:qdm:v5_4}PatientCharacteristicSex",
               "codeProperty" : "code",
               "type" : "Retrieve",
               "codes" : {
                  "name" : "ONC Administrative Sex",
                  "type" : "ValueSetRef"
               }
            }
         }, {
            "localId" : "53",
            "locator" : "59:1-66:3",
            "name" : "Initial Population",
            "context" : "Patient",
            "accessLevel" : "Public",
            "annotation" : [ {
               "type" : "Annotation",
               "s" : {
                  "r" : "53",
                  "s" : [ {
                     "value" : [ "define ","\"Initial Population\"",":\n\t" ]
                  }, {
                     "r" : "52",
                     "s" : [ {
                        "r" : "43",
                        "s" : [ {
                           "r" : "39",
                           "s" : [ {
                              "value" : [ "exists " ]
                           }, {
                              "r" : "38",
                              "s" : [ {
                                 "value" : [ "( " ]
                              }, {
                                 "r" : "38",
                                 "s" : [ {
                                    "s" : [ {
                                       "r" : "27",
                                       "s" : [ {
                                          "r" : "26",
                                          "s" : [ {
                                             "r" : "26",
                                             "s" : [ {
                                                "value" : [ "[","\"Patient Characteristic Birthdate\"",": " ]
                                             }, {
                                                "s" : [ {
                                                   "value" : [ "\"Birth date\"" ]
                                                } ]
                                             }, {
                                                "value" : [ "]" ]
                                             } ]
                                          } ]
                                       }, {
                                          "value" : [ " ","BirthDate" ]
                                       } ]
                                    } ]
                                 }, {
                                    "value" : [ "\n\t\t\t" ]
                                 }, {
                                    "r" : "37",
                                    "s" : [ {
                                       "value" : [ "where " ]
                                    }, {
                                       "r" : "37",
                                       "s" : [ {
                                          "r" : "33",
                                          "s" : [ {
                                             "r" : "28",
                                             "s" : [ {
                                                "value" : [ "Global" ]
                                             } ]
                                          }, {
                                             "value" : [ "." ]
                                          }, {
                                             "r" : "33",
                                             "s" : [ {
                                                "value" : [ "\"CalendarAgeInYearsAt\"","(" ]
                                             }, {
                                                "r" : "30",
                                                "s" : [ {
                                                   "r" : "29",
                                                   "s" : [ {
                                                      "value" : [ "BirthDate" ]
                                                   } ]
                                                }, {
                                                   "value" : [ "." ]
                                                }, {
                                                   "r" : "30",
                                                   "s" : [ {
                                                      "value" : [ "birthDatetime" ]
                                                   } ]
                                                } ]
                                             }, {
                                                "value" : [ ", " ]
                                             }, {
                                                "r" : "32",
                                                "s" : [ {
                                                   "value" : [ "start of " ]
                                                }, {
                                                   "r" : "31",
                                                   "s" : [ {
                                                      "value" : [ "\"Measurement Period\"" ]
                                                   } ]
                                                } ]
                                             }, {
                                                "value" : [ ")" ]
                                             } ]
                                          } ]
                                       }, {
                                          "value" : [ "in " ]
                                       }, {
                                          "r" : "36",
                                          "s" : [ {
                                             "value" : [ "Interval[","18",", ","75"," )" ]
                                          } ]
                                       } ]
                                    } ]
                                 } ]
                              }, {
                                 "value" : [ "\n\t)" ]
                              } ]
                           } ]
                        }, {
                           "value" : [ "\n\t\tand " ]
                        }, {
                           "r" : "42",
                           "s" : [ {
                              "value" : [ "exists " ]
                           }, {
                              "r" : "41",
                              "s" : [ {
                                 "value" : [ "( " ]
                              }, {
                                 "r" : "41",
                                 "s" : [ {
                                    "r" : "40",
                                    "s" : [ {
                                       "value" : [ "AdultOutpatientEncounters" ]
                                    } ]
                                 }, {
                                    "value" : [ "." ]
                                 }, {
                                    "r" : "41",
                                    "s" : [ {
                                       "value" : [ "\"Qualifying Encounters\"" ]
                                    } ]
                                 } ]
                              }, {
                                 "value" : [ " )" ]
                              } ]
                           } ]
                        } ]
                     }, {
                        "value" : [ "\n\t\tand " ]
                     }, {
                        "r" : "51",
                        "s" : [ {
                           "value" : [ "exists " ]
                        }, {
                           "r" : "50",
                           "s" : [ {
                              "value" : [ "( " ]
                           }, {
                              "r" : "50",
                              "s" : [ {
                                 "s" : [ {
                                    "r" : "45",
                                    "s" : [ {
                                       "r" : "44",
                                       "s" : [ {
                                          "r" : "44",
                                          "s" : [ {
                                             "value" : [ "[","\"Diagnosis\"",": " ]
                                          }, {
                                             "s" : [ {
                                                "value" : [ "\"Diabetes\"" ]
                                             } ]
                                          }, {
                                             "value" : [ "]" ]
                                          } ]
                                       } ]
                                    }, {
                                       "value" : [ " ","Diabetes" ]
                                    } ]
                                 } ]
                              }, {
                                 "value" : [ "\n\t\t\t\t" ]
                              }, {
                                 "r" : "49",
                                 "s" : [ {
                                    "value" : [ "where " ]
                                 }, {
                                    "r" : "49",
                                    "s" : [ {
                                       "r" : "47",
                                       "s" : [ {
                                          "r" : "46",
                                          "s" : [ {
                                             "value" : [ "Diabetes" ]
                                          } ]
                                       }, {
                                          "value" : [ "." ]
                                       }, {
                                          "r" : "47",
                                          "s" : [ {
                                             "value" : [ "prevalencePeriod" ]
                                          } ]
                                       } ]
                                    }, {
                                       "value" : [ " ","overlaps"," " ]
                                    }, {
                                       "r" : "48",
                                       "s" : [ {
                                          "value" : [ "\"Measurement Period\"" ]
                                       } ]
                                    } ]
                                 } ]
                              } ]
                           }, {
                              "value" : [ "\n\t\t)" ]
                           } ]
                        } ]
                     } ]
                  } ]
               }
            } ],
            "expression" : {
               "localId" : "52",
               "locator" : "60:2-66:3",
               "type" : "And",
               "operand" : [ {
                  "localId" : "43",
                  "locator" : "60:2-63:66",
                  "type" : "And",
                  "operand" : [ {
                     "localId" : "39",
                     "locator" : "60:2-62:2",
                     "type" : "Exists",
                     "operand" : {
                        "localId" : "38",
                        "locator" : "60:9-62:2",
                        "type" : "Query",
                        "source" : [ {
                           "localId" : "27",
                           "locator" : "60:11-60:70",
                           "alias" : "BirthDate",
                           "expression" : {
                              "localId" : "26",
                              "locator" : "60:11-60:60",
                              "dataType" : "{urn:healthit-gov:qdm:v5_4}PatientCharacteristicBirthdate",
                              "codeProperty" : "code",
                              "type" : "Retrieve",
                              "codes" : {
                                 "type" : "ToList",
                                 "operand" : {
                                    "name" : "Birth date",
                                    "type" : "CodeRef"
                                 }
                              }
                           }
                        } ],
                        "relationship" : [ ],
                        "where" : {
                           "localId" : "37",
                           "locator" : "61:4-61:114",
                           "type" : "In",
                           "operand" : [ {
                              "localId" : "33",
                              "locator" : "61:10-61:94",
                              "name" : "CalendarAgeInYearsAt",
                              "libraryName" : "Global",
                              "type" : "FunctionRef",
                              "operand" : [ {
                                 "localId" : "30",
                                 "locator" : "61:40-61:62",
                                 "path" : "birthDatetime",
                                 "scope" : "BirthDate",
                                 "type" : "Property"
                              }, {
                                 "localId" : "32",
                                 "locator" : "61:65-61:93",
                                 "type" : "Start",
                                 "operand" : {
                                    "localId" : "31",
                                    "locator" : "61:74-61:93",
                                    "name" : "Measurement Period",
                                    "type" : "ParameterRef"
                                 }
                              } ]
                           }, {
                              "localId" : "36",
                              "locator" : "61:98-61:114",
                              "lowClosed" : true,
                              "highClosed" : false,
                              "type" : "Interval",
                              "low" : {
                                 "localId" : "34",
                                 "locator" : "61:107-61:108",
                                 "valueType" : "{urn:hl7-org:elm-types:r1}Integer",
                                 "value" : "18",
                                 "type" : "Literal"
                              },
                              "high" : {
                                 "localId" : "35",
                                 "locator" : "61:111-61:112",
                                 "valueType" : "{urn:hl7-org:elm-types:r1}Integer",
                                 "value" : "75",
                                 "type" : "Literal"
                              }
                           } ]
                        }
                     }
                  }, {
                     "localId" : "42",
                     "locator" : "63:7-63:66",
                     "type" : "Exists",
                     "operand" : {
                        "localId" : "41",
                        "locator" : "63:14-63:66",
                        "name" : "Qualifying Encounters",
                        "libraryName" : "AdultOutpatientEncounters",
                        "type" : "ExpressionRef"
                     }
                  } ]
               }, {
                  "localId" : "51",
                  "locator" : "64:7-66:3",
                  "type" : "Exists",
                  "operand" : {
                     "localId" : "50",
                     "locator" : "64:14-66:3",
                     "type" : "Query",
                     "source" : [ {
                        "localId" : "45",
                        "locator" : "64:16-64:49",
                        "alias" : "Diabetes",
                        "expression" : {
                           "localId" : "44",
                           "locator" : "64:16-64:40",
                           "dataType" : "{urn:healthit-gov:qdm:v5_4}Diagnosis",
                           "codeProperty" : "code",
                           "type" : "Retrieve",
                           "codes" : {
                              "name" : "Diabetes",
                              "type" : "ValueSetRef"
                           }
                        }
                     } ],
                     "relationship" : [ ],
                     "where" : {
                        "localId" : "49",
                        "locator" : "65:5-65:65",
                        "type" : "Overlaps",
                        "operand" : [ {
                           "localId" : "47",
                           "locator" : "65:11-65:35",
                           "path" : "prevalencePeriod",
                           "scope" : "Diabetes",
                           "type" : "Property"
                        }, {
                           "localId" : "48",
                           "locator" : "65:46-65:65",
                           "name" : "Measurement Period",
                           "type" : "ParameterRef"
                        } ]
                     }
                  }
               } ]
            }
         }, {
            "localId" : "55",
            "locator" : "37:1-38:21",
            "name" : "Denominator",
            "context" : "Patient",
            "accessLevel" : "Public",
            "annotation" : [ {
               "type" : "Annotation",
               "s" : {
                  "r" : "55",
                  "s" : [ {
                     "value" : [ "define ","\"Denominator\"",":\n\t" ]
                  }, {
                     "r" : "54",
                     "s" : [ {
                        "value" : [ "\"Initial Population\"" ]
                     } ]
                  } ]
               }
            } ],
            "expression" : {
               "localId" : "54",
               "locator" : "38:2-38:21",
               "name" : "Initial Population",
               "type" : "ExpressionRef"
            }
         }, {
            "localId" : "68",
            "locator" : "53:1-57:2",
            "name" : "Has Most Recent HbA1c",
            "context" : "Patient",
            "accessLevel" : "Public",
            "annotation" : [ {
               "type" : "Annotation",
               "s" : {
                  "r" : "68",
                  "s" : [ {
                     "value" : [ "define ","\"Has Most Recent HbA1c\"",":\n\t" ]
                  }, {
                     "r" : "67",
                     "s" : [ {
                        "value" : [ "Last","(" ]
                     }, {
                        "r" : "66",
                        "s" : [ {
                           "s" : [ {
                              "r" : "57",
                              "s" : [ {
                                 "r" : "56",
                                 "s" : [ {
                                    "r" : "56",
                                    "s" : [ {
                                       "value" : [ "[","\"Laboratory Test, Performed\"",": " ]
                                    }, {
                                       "s" : [ {
                                          "value" : [ "\"HbA1c Laboratory Test\"" ]
                                       } ]
                                    }, {
                                       "value" : [ "]" ]
                                    } ]
                                 } ]
                              }, {
                                 "value" : [ " ","RecentHbA1c" ]
                              } ]
                           } ]
                        }, {
                           "value" : [ "\n\t\t\t" ]
                        }, {
                           "r" : "61",
                           "s" : [ {
                              "value" : [ "where " ]
                           }, {
                              "r" : "61",
                              "s" : [ {
                                 "r" : "59",
                                 "s" : [ {
                                    "r" : "58",
                                    "s" : [ {
                                       "value" : [ "RecentHbA1c" ]
                                    } ]
                                 }, {
                                    "value" : [ "." ]
                                 }, {
                                    "r" : "59",
                                    "s" : [ {
                                       "value" : [ "relevantPeriod" ]
                                    } ]
                                 } ]
                              }, {
                                 "value" : [ " ","during"," " ]
                              }, {
                                 "r" : "60",
                                 "s" : [ {
                                    "value" : [ "\"Measurement Period\"" ]
                                 } ]
                              } ]
                           } ]
                        }, {
                           "value" : [ "\n\t\t\t" ]
                        }, {
                           "r" : "65",
                           "s" : [ {
                              "value" : [ "sort by " ]
                           }, {
                              "r" : "64",
                              "s" : [ {
                                 "r" : "63",
                                 "s" : [ {
                                    "value" : [ "start of " ]
                                 }, {
                                    "r" : "62",
                                    "s" : [ {
                                       "value" : [ "relevantPeriod" ]
                                    } ]
                                 } ]
                              } ]
                           } ]
                        } ]
                     }, {
                        "value" : [ "\n\t)" ]
                     } ]
                  } ]
               }
            } ],
            "expression" : {
               "localId" : "67",
               "locator" : "54:2-57:2",
               "type" : "Last",
               "source" : {
                  "localId" : "66",
                  "locator" : "54:7-56:34",
                  "type" : "Query",
                  "source" : [ {
                     "localId" : "57",
                     "locator" : "54:7-54:73",
                     "alias" : "RecentHbA1c",
                     "expression" : {
                        "localId" : "56",
                        "locator" : "54:7-54:61",
                        "dataType" : "{urn:healthit-gov:qdm:v5_4}PositiveLaboratoryTestPerformed",
                        "templateId" : "PositiveLaboratoryTestPerformed",
                        "codeProperty" : "code",
                        "type" : "Retrieve",
                        "codes" : {
                           "name" : "HbA1c Laboratory Test",
                           "type" : "ValueSetRef"
                        }
                     }
                  } ],
                  "relationship" : [ ],
                  "where" : {
                     "localId" : "61",
                     "locator" : "55:4-55:63",
                     "type" : "IncludedIn",
                     "operand" : [ {
                        "localId" : "59",
                        "locator" : "55:10-55:35",
                        "path" : "relevantPeriod",
                        "scope" : "RecentHbA1c",
                        "type" : "Property"
                     }, {
                        "localId" : "60",
                        "locator" : "55:44-55:63",
                        "name" : "Measurement Period",
                        "type" : "ParameterRef"
                     } ]
                  },
                  "sort" : {
                     "localId" : "65",
                     "locator" : "56:4-56:34",
                     "by" : [ {
                        "localId" : "64",
                        "locator" : "56:12-56:34",
                        "direction" : "asc",
                        "type" : "ByExpression",
                        "expression" : {
                           "localId" : "63",
                           "locator" : "56:12-56:34",
                           "type" : "Start",
                           "operand" : {
                              "localId" : "62",
                              "locator" : "56:21-56:34",
                              "name" : "relevantPeriod",
                              "type" : "IdentifierRef"
                           }
                        }
                     } ]
                  }
               }
            }
         }, {
            "localId" : "75",
            "locator" : "68:1-70:44",
            "name" : "Has Most Recent HbA1c Without Result",
            "context" : "Patient",
            "accessLevel" : "Public",
            "annotation" : [ {
               "type" : "Annotation",
               "s" : {
                  "r" : "75",
                  "s" : [ {
                     "value" : [ "define ","\"Has Most Recent HbA1c Without Result\"",":\n\t" ]
                  }, {
                     "r" : "74",
                     "s" : [ {
                        "r" : "70",
                        "s" : [ {
                           "r" : "69",
                           "s" : [ {
                              "value" : [ "\"Has Most Recent HbA1c\"" ]
                           } ]
                        }, {
                           "value" : [ " is not null" ]
                        } ]
                     }, {
                        "value" : [ "\n\t\tand " ]
                     }, {
                        "r" : "73",
                        "s" : [ {
                           "r" : "72",
                           "s" : [ {
                              "r" : "71",
                              "s" : [ {
                                 "value" : [ "\"Has Most Recent HbA1c\"" ]
                              } ]
                           }, {
                              "value" : [ "." ]
                           }, {
                              "r" : "72",
                              "s" : [ {
                                 "value" : [ "result" ]
                              } ]
                           } ]
                        }, {
                           "value" : [ " is null" ]
                        } ]
                     } ]
                  } ]
               }
            } ],
            "expression" : {
               "localId" : "74",
               "locator" : "69:2-70:44",
               "type" : "And",
               "operand" : [ {
                  "localId" : "70",
                  "locator" : "69:2-69:36",
                  "type" : "Not",
                  "operand" : {
                     "locator" : "69:2-69:36",
                     "type" : "IsNull",
                     "operand" : {
                        "localId" : "69",
                        "locator" : "69:2-69:24",
                        "name" : "Has Most Recent HbA1c",
                        "type" : "ExpressionRef"
                     }
                  }
               }, {
                  "localId" : "73",
                  "locator" : "70:7-70:44",
                  "type" : "IsNull",
                  "operand" : {
                     "localId" : "72",
                     "locator" : "70:7-70:36",
                     "path" : "result",
                     "type" : "Property",
                     "source" : {
                        "localId" : "71",
                        "locator" : "70:7-70:29",
                        "name" : "Has Most Recent HbA1c",
                        "type" : "ExpressionRef"
                     }
                  }
               } ]
            }
         }, {
            "localId" : "81",
            "locator" : "45:1-46:39",
            "name" : "Has Most Recent Elevated HbA1c",
            "context" : "Patient",
            "accessLevel" : "Public",
            "annotation" : [ {
               "type" : "Annotation",
               "s" : {
                  "r" : "81",
                  "s" : [ {
                     "value" : [ "define ","\"Has Most Recent Elevated HbA1c\"",":\n\t" ]
                  }, {
                     "r" : "80",
                     "s" : [ {
                        "r" : "78",
                        "s" : [ {
                           "r" : "77",
                           "s" : [ {
                              "value" : [ "\"Has Most Recent HbA1c\"" ]
                           } ]
                        }, {
                           "value" : [ "." ]
                        }, {
                           "r" : "78",
                           "s" : [ {
                              "value" : [ "result" ]
                           } ]
                        } ]
                     }, {
                        "value" : [ " ",">"," " ]
                     }, {
                        "r" : "79",
                        "s" : [ {
                           "value" : [ "9 ","'%'" ]
                        } ]
                     } ]
                  } ]
               }
            } ],
            "expression" : {
               "localId" : "80",
               "locator" : "46:2-46:39",
               "type" : "Greater",
               "operand" : [ {
                  "asType" : "{urn:hl7-org:elm-types:r1}Quantity",
                  "type" : "As",
                  "operand" : {
                     "localId" : "78",
                     "locator" : "46:2-46:31",
                     "path" : "result",
                     "type" : "Property",
                     "source" : {
                        "localId" : "77",
                        "locator" : "46:2-46:24",
                        "name" : "Has Most Recent HbA1c",
                        "type" : "ExpressionRef"
                     }
                  }
               }, {
                  "localId" : "79",
                  "locator" : "46:35-46:39",
                  "value" : 9,
                  "unit" : "%",
                  "type" : "Quantity"
               } ]
            }
         }, {
            "localId" : "93",
            "locator" : "48:1-51:2",
            "name" : "Has No Record Of HbA1c",
            "context" : "Patient",
            "accessLevel" : "Public",
            "annotation" : [ {
               "type" : "Annotation",
               "s" : {
                  "r" : "93",
                  "s" : [ {
                     "value" : [ "define ","\"Has No Record Of HbA1c\"",":\n\t" ]
                  }, {
                     "r" : "92",
                     "s" : [ {
                        "value" : [ "not " ]
                     }, {
                        "r" : "91",
                        "s" : [ {
                           "value" : [ "exists " ]
                        }, {
                           "r" : "90",
                           "s" : [ {
                              "value" : [ "( " ]
                           }, {
                              "r" : "90",
                              "s" : [ {
                                 "s" : [ {
                                    "r" : "85",
                                    "s" : [ {
                                       "r" : "84",
                                       "s" : [ {
                                          "r" : "84",
                                          "s" : [ {
                                             "value" : [ "[","\"Laboratory Test, Performed\"",": " ]
                                          }, {
                                             "s" : [ {
                                                "value" : [ "\"HbA1c Laboratory Test\"" ]
                                             } ]
                                          }, {
                                             "value" : [ "]" ]
                                          } ]
                                       } ]
                                    }, {
                                       "value" : [ " ","NoHbA1c" ]
                                    } ]
                                 } ]
                              }, {
                                 "value" : [ "\n\t\t\t" ]
                              }, {
                                 "r" : "89",
                                 "s" : [ {
                                    "value" : [ "where " ]
                                 }, {
                                    "r" : "89",
                                    "s" : [ {
                                       "r" : "87",
                                       "s" : [ {
                                          "r" : "86",
                                          "s" : [ {
                                             "value" : [ "NoHbA1c" ]
                                          } ]
                                       }, {
                                          "value" : [ "." ]
                                       }, {
                                          "r" : "87",
                                          "s" : [ {
                                             "value" : [ "relevantPeriod" ]
                                          } ]
                                       } ]
                                    }, {
                                       "value" : [ " ","during"," " ]
                                    }, {
                                       "r" : "88",
                                       "s" : [ {
                                          "value" : [ "\"Measurement Period\"" ]
                                       } ]
                                    } ]
                                 } ]
                              } ]
                           }, {
                              "value" : [ "\n\t)" ]
                           } ]
                        } ]
                     } ]
                  } ]
               }
            } ],
            "expression" : {
               "localId" : "92",
               "locator" : "49:2-51:2",
               "type" : "Not",
               "operand" : {
                  "localId" : "91",
                  "locator" : "49:6-51:2",
                  "type" : "Exists",
                  "operand" : {
                     "localId" : "90",
                     "locator" : "49:13-51:2",
                     "type" : "Query",
                     "source" : [ {
                        "localId" : "85",
                        "locator" : "49:15-49:77",
                        "alias" : "NoHbA1c",
                        "expression" : {
                           "localId" : "84",
                           "locator" : "49:15-49:69",
                           "dataType" : "{urn:healthit-gov:qdm:v5_4}PositiveLaboratoryTestPerformed",
                           "templateId" : "PositiveLaboratoryTestPerformed",
                           "codeProperty" : "code",
                           "type" : "Retrieve",
                           "codes" : {
                              "name" : "HbA1c Laboratory Test",
                              "type" : "ValueSetRef"
                           }
                        }
                     } ],
                     "relationship" : [ ],
                     "where" : {
                        "localId" : "89",
                        "locator" : "50:4-50:59",
                        "type" : "IncludedIn",
                        "operand" : [ {
                           "localId" : "87",
                           "locator" : "50:10-50:31",
                           "path" : "relevantPeriod",
                           "scope" : "NoHbA1c",
                           "type" : "Property"
                        }, {
                           "localId" : "88",
                           "locator" : "50:40-50:59",
                           "name" : "Measurement Period",
                           "type" : "ParameterRef"
                        } ]
                     }
                  }
               }
            }
         }, {
            "localId" : "96",
            "locator" : "40:1-43:29",
            "name" : "Numerator",
            "context" : "Patient",
            "accessLevel" : "Public",
            "annotation" : [ {
               "type" : "Annotation",
               "s" : {
                  "r" : "96",
                  "s" : [ {
                     "value" : [ "define ","\"Numerator\"",":\n\t" ]
                  }, {
                     "r" : "95",
                     "s" : [ {
                        "r" : "83",
                        "s" : [ {
                           "r" : "76",
                           "s" : [ {
                              "value" : [ "\"Has Most Recent HbA1c Without Result\"" ]
                           } ]
                        }, {
                           "value" : [ "\n\t\tor " ]
                        }, {
                           "r" : "82",
                           "s" : [ {
                              "value" : [ "\"Has Most Recent Elevated HbA1c\"" ]
                           } ]
                        } ]
                     }, {
                        "value" : [ "\n\t\tor " ]
                     }, {
                        "r" : "94",
                        "s" : [ {
                           "value" : [ "\"Has No Record Of HbA1c\"" ]
                        } ]
                     } ]
                  } ]
               }
            } ],
            "expression" : {
               "localId" : "95",
               "locator" : "41:2-43:29",
               "type" : "Or",
               "operand" : [ {
                  "localId" : "83",
                  "locator" : "41:2-42:37",
                  "type" : "Or",
                  "operand" : [ {
                     "localId" : "76",
                     "locator" : "41:2-41:39",
                     "name" : "Has Most Recent HbA1c Without Result",
                     "type" : "ExpressionRef"
                  }, {
                     "localId" : "82",
                     "locator" : "42:6-42:37",
                     "name" : "Has Most Recent Elevated HbA1c",
                     "type" : "ExpressionRef"
                  } ]
               }, {
                  "localId" : "94",
                  "locator" : "43:6-43:29",
                  "name" : "Has No Record Of HbA1c",
                  "type" : "ExpressionRef"
               } ]
            }
         }, {
            "localId" : "118",
            "locator" : "72:1-78:79",
            "name" : "Denominator Exclusions",
            "context" : "Patient",
            "accessLevel" : "Public",
            "annotation" : [ {
               "type" : "Annotation",
               "s" : {
                  "r" : "118",
                  "s" : [ {
                     "value" : [ "define ","\"Denominator Exclusions\"",":\n\t" ]
                  }, {
                     "r" : "117",
                     "s" : [ {
                        "r" : "114",
                        "s" : [ {
                           "r" : "111",
                           "s" : [ {
                              "value" : [ "exists " ]
                           }, {
                              "r" : "110",
                              "s" : [ {
                                 "value" : [ "( " ]
                              }, {
                                 "r" : "110",
                                 "s" : [ {
                                    "s" : [ {
                                       "r" : "98",
                                       "s" : [ {
                                          "r" : "97",
                                          "s" : [ {
                                             "r" : "97",
                                             "s" : [ {
                                                "value" : [ "[","\"Patient Characteristic Birthdate\"",": " ]
                                             }, {
                                                "s" : [ {
                                                   "value" : [ "\"Birth date\"" ]
                                                } ]
                                             }, {
                                                "value" : [ "]" ]
                                             } ]
                                          } ]
                                       }, {
                                          "value" : [ " ","BirthDate" ]
                                       } ]
                                    } ]
                                 }, {
                                    "value" : [ "\n\t\t\t" ]
                                 }, {
                                    "r" : "109",
                                    "s" : [ {
                                       "value" : [ "where " ]
                                    }, {
                                       "r" : "109",
                                       "s" : [ {
                                          "r" : "106",
                                          "s" : [ {
                                             "value" : [ "( " ]
                                          }, {
                                             "r" : "106",
                                             "s" : [ {
                                                "r" : "104",
                                                "s" : [ {
                                                   "r" : "99",
                                                   "s" : [ {
                                                      "value" : [ "Global" ]
                                                   } ]
                                                }, {
                                                   "value" : [ "." ]
                                                }, {
                                                   "r" : "104",
                                                   "s" : [ {
                                                      "value" : [ "\"CalendarAgeInYearsAt\"","(" ]
                                                   }, {
                                                      "r" : "101",
                                                      "s" : [ {
                                                         "r" : "100",
                                                         "s" : [ {
                                                            "value" : [ "BirthDate" ]
                                                         } ]
                                                      }, {
                                                         "value" : [ "." ]
                                                      }, {
                                                         "r" : "101",
                                                         "s" : [ {
                                                            "value" : [ "birthDatetime" ]
                                                         } ]
                                                      } ]
                                                   }, {
                                                      "value" : [ ", " ]
                                                   }, {
                                                      "r" : "103",
                                                      "s" : [ {
                                                         "value" : [ "start of " ]
                                                      }, {
                                                         "r" : "102",
                                                         "s" : [ {
                                                            "value" : [ "\"Measurement Period\"" ]
                                                         } ]
                                                      } ]
                                                   }, {
                                                      "value" : [ ")" ]
                                                   } ]
                                                } ]
                                             }, {
                                                "value" : [ ">="," ","65" ]
                                             } ]
                                          }, {
                                             "value" : [ " )" ]
                                          } ]
                                       }, {
                                          "value" : [ "\n\t\t\t\tand " ]
                                       }, {
                                          "r" : "108",
                                          "s" : [ {
                                             "r" : "107",
                                             "s" : [ {
                                                "value" : [ "FrailtyLTI" ]
                                             } ]
                                          }, {
                                             "value" : [ "." ]
                                          }, {
                                             "r" : "108",
                                             "s" : [ {
                                                "value" : [ "\"Has Spent More Than 90 Days in Long Term Care\"" ]
                                             } ]
                                          } ]
                                       } ]
                                    } ]
                                 } ]
                              }, {
                                 "value" : [ "\n\t)" ]
                              } ]
                           } ]
                        }, {
                           "value" : [ "\n\t\tor " ]
                        }, {
                           "r" : "113",
                           "s" : [ {
                              "r" : "112",
                              "s" : [ {
                                 "value" : [ "Hospice" ]
                              } ]
                           }, {
                              "value" : [ "." ]
                           }, {
                              "r" : "113",
                              "s" : [ {
                                 "value" : [ "\"Has Hospice\"" ]
                              } ]
                           } ]
                        } ]
                     }, {
                        "value" : [ "\n\t\tor " ]
                     }, {
                        "r" : "116",
                        "s" : [ {
                           "r" : "115",
                           "s" : [ {
                              "value" : [ "FrailtyLTI" ]
                           } ]
                        }, {
                           "value" : [ "." ]
                        }, {
                           "r" : "116",
                           "s" : [ {
                              "value" : [ "\"Advanced Illness and Frailty Exclusion Including Under Age 80\"" ]
                           } ]
                        } ]
                     } ]
                  } ]
               }
            } ],
            "expression" : {
               "localId" : "117",
               "locator" : "73:2-78:79",
               "type" : "Or",
               "operand" : [ {
                  "localId" : "114",
                  "locator" : "73:2-77:26",
                  "type" : "Or",
                  "operand" : [ {
                     "localId" : "111",
                     "locator" : "73:2-76:2",
                     "type" : "Exists",
                     "operand" : {
                        "localId" : "110",
                        "locator" : "73:9-76:2",
                        "type" : "Query",
                        "source" : [ {
                           "localId" : "98",
                           "locator" : "73:11-73:70",
                           "alias" : "BirthDate",
                           "expression" : {
                              "localId" : "97",
                              "locator" : "73:11-73:60",
                              "dataType" : "{urn:healthit-gov:qdm:v5_4}PatientCharacteristicBirthdate",
                              "codeProperty" : "code",
                              "type" : "Retrieve",
                              "codes" : {
                                 "type" : "ToList",
                                 "operand" : {
                                    "name" : "Birth date",
                                    "type" : "CodeRef"
                                 }
                              }
                           }
                        } ],
                        "relationship" : [ ],
                        "where" : {
                           "localId" : "109",
                           "locator" : "74:4-75:66",
                           "type" : "And",
                           "operand" : [ {
                              "localId" : "106",
                              "locator" : "74:10-74:103",
                              "type" : "GreaterOrEqual",
                              "operand" : [ {
                                 "localId" : "104",
                                 "locator" : "74:12-74:96",
                                 "name" : "CalendarAgeInYearsAt",
                                 "libraryName" : "Global",
                                 "type" : "FunctionRef",
                                 "operand" : [ {
                                    "localId" : "101",
                                    "locator" : "74:42-74:64",
                                    "path" : "birthDatetime",
                                    "scope" : "BirthDate",
                                    "type" : "Property"
                                 }, {
                                    "localId" : "103",
                                    "locator" : "74:67-74:95",
                                    "type" : "Start",
                                    "operand" : {
                                       "localId" : "102",
                                       "locator" : "74:76-74:95",
                                       "name" : "Measurement Period",
                                       "type" : "ParameterRef"
                                    }
                                 } ]
                              }, {
                                 "localId" : "105",
                                 "locator" : "74:100-74:101",
                                 "valueType" : "{urn:hl7-org:elm-types:r1}Integer",
                                 "value" : "65",
                                 "type" : "Literal"
                              } ]
                           }, {
                              "localId" : "108",
                              "locator" : "75:9-75:66",
                              "name" : "Has Spent More Than 90 Days in Long Term Care",
                              "libraryName" : "FrailtyLTI",
                              "type" : "ExpressionRef"
                           } ]
                        }
                     }
                  }, {
                     "localId" : "113",
                     "locator" : "77:6-77:26",
                     "name" : "Has Hospice",
                     "libraryName" : "Hospice",
                     "type" : "ExpressionRef"
                  } ]
               }, {
                  "localId" : "116",
                  "locator" : "78:6-78:79",
                  "name" : "Advanced Illness and Frailty Exclusion Including Under Age 80",
                  "libraryName" : "FrailtyLTI",
                  "type" : "ExpressionRef"
               } ]
            }
         } ]
      }
   }
}