<?xml version="1.0" encoding="UTF-8"?>
<library xmlns="urn:hl7-org:elm:r1" xmlns:t="urn:hl7-org:elm-types:r1" xmlns:xsi="http://www.w3.org/2001/XMLSchema-instance" xmlns:xsd="http://www.w3.org/2001/XMLSchema" xmlns:fhir="http://hl7.org/fhir" xmlns:qdm43="urn:healthit-gov:qdm:v4_3" xmlns:qdm53="urn:healthit-gov:qdm:v5_3" xmlns:a="urn:hl7-org:cql-annotations:r1">
   <identifier id="DiabetesHemoglobinA1cHbA1cPoorControl9" version="8.4.000"/>
   <schemaIdentifier id="urn:hl7-org:elm" version="r1"/>
   <usings>
      <def localIdentifier="System" uri="urn:hl7-org:elm-types:r1"/>
      <def localId="1" locator="3:1-3:23" localIdentifier="QDM" uri="urn:healthit-gov:qdm:v5_4" version="5.4"/>
   </usings>
   <includes>
      <def localId="2" locator="5:1-5:86" localIdentifier="AdultOutpatientEncounters" path="Adult_Outpatient_Encounters" version="1.2.000"/>
      <def localId="3" locator="6:1-6:64" localIdentifier="Global" path="MATGlobalCommonFunctions" version="4.0.000"/>
      <def localId="4" locator="7:1-7:48" localIdentifier="Hospice" path="Hospice" version="2.0.000"/>
      <def localId="5" locator="8:1-8:82" localIdentifier="FrailtyLTI" path="AdvancedIllnessandFrailtyExclusionECQM" version="4.0.000"/>
   </includes>
   <parameters>
      <def localId="17" locator="21:1-21:49" name="Measurement Period" accessLevel="Public">
         <parameterTypeSpecifier localId="16" locator="21:32-21:49" xsi:type="IntervalTypeSpecifier">
            <pointType localId="15" locator="21:41-21:48" name="t:DateTime" xsi:type="NamedTypeSpecifier"/>
         </parameterTypeSpecifier>
      </def>
   </parameters>
   <codeSystems>
      <def localId="6" locator="10:1-10:51" name="LOINC" id="urn:oid:2.16.840.1.113883.6.1" accessLevel="Public"/>
   </codeSystems>
   <valueSets>
      <def localId="7" locator="12:1-12:71" name="Diabetes" id="urn:oid:2.16.840.1.113883.3.464.1003.103.12.1001" accessLevel="Public"/>
      <def localId="8" locator="13:1-13:58" name="Ethnicity" id="urn:oid:2.16.840.1.114222.4.11.837" accessLevel="Public"/>
      <def localId="9" locator="14:1-14:84" name="HbA1c Laboratory Test" id="urn:oid:2.16.840.1.113883.3.464.1003.198.12.1013" accessLevel="Public"/>
      <def localId="10" locator="15:1-15:68" name="ONC Administrative Sex" id="urn:oid:2.16.840.1.113762.1.4.1" accessLevel="Public"/>
      <def localId="11" locator="16:1-16:55" name="Payer" id="urn:oid:2.16.840.1.114222.4.11.3591" accessLevel="Public"/>
      <def localId="12" locator="17:1-17:53" name="Race" id="urn:oid:2.16.840.1.114222.4.11.836" accessLevel="Public"/>
   </valueSets>
   <codes>
      <def localId="14" locator="19:1-19:62" name="Birth date" id="21112-8" display="Birth date" accessLevel="Public">
         <codeSystem localId="13" locator="19:35-19:41" name="LOINC"/>
      </def>
   </codes>
   <statements>
      <def locator="23:1-23:15" name="Patient" context="Patient">
         <expression xsi:type="SingletonFrom">
            <operand locator="23:1-23:15" xmlns:ns0="urn:healthit-gov:qdm:v5_4" dataType="ns0:Patient" templateId="Patient" xsi:type="Retrieve"/>
         </expression>
      </def>
      <def localId="19" locator="25:1-26:50" name="SDE Ethnicity" context="Patient" accessLevel="Public">
         <annotation xsi:type="a:Annotation">
            <a:s r="19">
               <a:s>define &quot;SDE Ethnicity&quot;:
	</a:s>
               <a:s r="18">
                  <a:s>[&quot;Patient Characteristic Ethnicity&quot;: </a:s>
                  <a:s>
                     <a:s>&quot;Ethnicity&quot;</a:s>
                  </a:s>
                  <a:s>]</a:s>
               </a:s>
            </a:s>
         </annotation>
         <expression localId="18" locator="26:2-26:50" xmlns:ns1="urn:healthit-gov:qdm:v5_4" dataType="ns1:PatientCharacteristicEthnicity" codeProperty="code" xsi:type="Retrieve">
            <codes name="Ethnicity" xsi:type="ValueSetRef"/>
         </expression>
      </def>
      <def localId="21" locator="28:1-29:42" name="SDE Payer" context="Patient" accessLevel="Public">
         <annotation xsi:type="a:Annotation">
            <a:s r="21">
               <a:s>define &quot;SDE Payer&quot;:
	</a:s>
               <a:s r="20">
                  <a:s>[&quot;Patient Characteristic Payer&quot;: </a:s>
                  <a:s>
                     <a:s>&quot;Payer&quot;</a:s>
                  </a:s>
                  <a:s>]</a:s>
               </a:s>
            </a:s>
         </annotation>
         <expression localId="20" locator="29:2-29:42" xmlns:ns2="urn:healthit-gov:qdm:v5_4" dataType="ns2:PatientCharacteristicPayer" codeProperty="code" xsi:type="Retrieve">
            <codes name="Payer" xsi:type="ValueSetRef"/>
         </expression>
      </def>
      <def localId="23" locator="31:1-32:40" name="SDE Race" context="Patient" accessLevel="Public">
         <annotation xsi:type="a:Annotation">
            <a:s r="23">
               <a:s>define &quot;SDE Race&quot;:
	</a:s>
               <a:s r="22">
                  <a:s>[&quot;Patient Characteristic Race&quot;: </a:s>
                  <a:s>
                     <a:s>&quot;Race&quot;</a:s>
                  </a:s>
                  <a:s>]</a:s>
               </a:s>
            </a:s>
         </annotation>
         <expression localId="22" locator="32:2-32:40" xmlns:ns3="urn:healthit-gov:qdm:v5_4" dataType="ns3:PatientCharacteristicRace" codeProperty="code" xsi:type="Retrieve">
            <codes name="Race" xsi:type="ValueSetRef"/>
         </expression>
      </def>
      <def localId="25" locator="34:1-35:57" name="SDE Sex" context="Patient" accessLevel="Public">
         <annotation xsi:type="a:Annotation">
            <a:s r="25">
               <a:s>define &quot;SDE Sex&quot;:
	</a:s>
               <a:s r="24">
                  <a:s>[&quot;Patient Characteristic Sex&quot;: </a:s>
                  <a:s>
                     <a:s>&quot;ONC Administrative Sex&quot;</a:s>
                  </a:s>
                  <a:s>]</a:s>
               </a:s>
            </a:s>
         </annotation>
         <expression localId="24" locator="35:2-35:57" xmlns:ns4="urn:healthit-gov:qdm:v5_4" dataType="ns4:PatientCharacteristicSex" codeProperty="code" xsi:type="Retrieve">
            <codes name="ONC Administrative Sex" xsi:type="ValueSetRef"/>
         </expression>
      </def>
      <def localId="53" locator="59:1-66:3" name="Initial Population" context="Patient" accessLevel="Public">
         <annotation xsi:type="a:Annotation">
            <a:s r="53">
               <a:s>define &quot;Initial Population&quot;:
	</a:s>
               <a:s r="52">
                  <a:s r="43">
                     <a:s r="39">
                        <a:s>exists </a:s>
                        <a:s r="38">
                           <a:s>( </a:s>
                           <a:s r="38">
                              <a:s>
                                 <a:s r="27">
                                    <a:s r="26">
                                       <a:s r="26">
                                          <a:s>[&quot;Patient Characteristic Birthdate&quot;: </a:s>
                                          <a:s>
                                             <a:s>&quot;Birth date&quot;</a:s>
                                          </a:s>
                                          <a:s>]</a:s>
                                       </a:s>
                                    </a:s>
                                    <a:s> BirthDate</a:s>
                                 </a:s>
                              </a:s>
                              <a:s>
			</a:s>
                              <a:s r="37">
                                 <a:s>where </a:s>
                                 <a:s r="37">
                                    <a:s r="33">
                                       <a:s r="28">
                                          <a:s>Global</a:s>
                                       </a:s>
                                       <a:s>.</a:s>
                                       <a:s r="33">
                                          <a:s>&quot;CalendarAgeInYearsAt&quot;(</a:s>
                                          <a:s r="30">
                                             <a:s r="29">
                                                <a:s>BirthDate</a:s>
                                             </a:s>
                                             <a:s>.</a:s>
                                             <a:s r="30">
                                                <a:s>birthDatetime</a:s>
                                             </a:s>
                                          </a:s>
                                          <a:s>, </a:s>
                                          <a:s r="32">
                                             <a:s>start of </a:s>
                                             <a:s r="31">
                                                <a:s>&quot;Measurement Period&quot;</a:s>
                                             </a:s>
                                          </a:s>
                                          <a:s>)</a:s>
                                       </a:s>
                                    </a:s>
                                    <a:s>in </a:s>
                                    <a:s r="36">
                                       <a:s>Interval[18, 75 )</a:s>
                                    </a:s>
                                 </a:s>
                              </a:s>
                           </a:s>
                           <a:s>
	)</a:s>
                        </a:s>
                     </a:s>
                     <a:s>
		and </a:s>
                     <a:s r="42">
                        <a:s>exists </a:s>
                        <a:s r="41">
                           <a:s>( </a:s>
                           <a:s r="41">
                              <a:s r="40">
                                 <a:s>AdultOutpatientEncounters</a:s>
                              </a:s>
                              <a:s>.</a:s>
                              <a:s r="41">
                                 <a:s>&quot;Qualifying Encounters&quot;</a:s>
                              </a:s>
                           </a:s>
                           <a:s> )</a:s>
                        </a:s>
                     </a:s>
                  </a:s>
                  <a:s>
		and </a:s>
                  <a:s r="51">
                     <a:s>exists </a:s>
                     <a:s r="50">
                        <a:s>( </a:s>
                        <a:s r="50">
                           <a:s>
                              <a:s r="45">
                                 <a:s r="44">
                                    <a:s r="44">
                                       <a:s>[&quot;Diagnosis&quot;: </a:s>
                                       <a:s>
                                          <a:s>&quot;Diabetes&quot;</a:s>
                                       </a:s>
                                       <a:s>]</a:s>
                                    </a:s>
                                 </a:s>
                                 <a:s> Diabetes</a:s>
                              </a:s>
                           </a:s>
                           <a:s>
				</a:s>
                           <a:s r="49">
                              <a:s>where </a:s>
                              <a:s r="49">
                                 <a:s r="47">
                                    <a:s r="46">
                                       <a:s>Diabetes</a:s>
                                    </a:s>
                                    <a:s>.</a:s>
                                    <a:s r="47">
                                       <a:s>prevalencePeriod</a:s>
                                    </a:s>
                                 </a:s>
                                 <a:s> overlaps </a:s>
                                 <a:s r="48">
                                    <a:s>&quot;Measurement Period&quot;</a:s>
                                 </a:s>
                              </a:s>
                           </a:s>
                        </a:s>
                        <a:s>
		)</a:s>
                     </a:s>
                  </a:s>
               </a:s>
            </a:s>
         </annotation>
         <expression localId="52" locator="60:2-66:3" xsi:type="And">
            <operand localId="43" locator="60:2-63:66" xsi:type="And">
               <operand localId="39" locator="60:2-62:2" xsi:type="Exists">
                  <operand localId="38" locator="60:9-62:2" xsi:type="Query">
                     <source localId="27" locator="60:11-60:70" alias="BirthDate">
                        <expression localId="26" locator="60:11-60:60" xmlns:ns5="urn:healthit-gov:qdm:v5_4" dataType="ns5:PatientCharacteristicBirthdate" codeProperty="code" xsi:type="Retrieve">
                           <codes xsi:type="ToList">
                              <operand name="Birth date" xsi:type="CodeRef"/>
                           </codes>
                        </expression>
                     </source>
                     <where localId="37" locator="61:4-61:114" xsi:type="In">
                        <operand localId="33" locator="61:10-61:94" name="CalendarAgeInYearsAt" libraryName="Global" xsi:type="FunctionRef">
                           <operand localId="30" locator="61:40-61:62" path="birthDatetime" scope="BirthDate" xsi:type="Property"/>
                           <operand localId="32" locator="61:65-61:93" xsi:type="Start">
                              <operand localId="31" locator="61:74-61:93" name="Measurement Period" xsi:type="ParameterRef"/>
                           </operand>
                        </operand>
                        <operand localId="36" locator="61:98-61:114" lowClosed="true" highClosed="false" xsi:type="Interval">
                           <low localId="34" locator="61:107-61:108" valueType="t:Integer" value="18" xsi:type="Literal"/>
                           <high localId="35" locator="61:111-61:112" valueType="t:Integer" value="75" xsi:type="Literal"/>
                        </operand>
                     </where>
                  </operand>
               </operand>
               <operand localId="42" locator="63:7-63:66" xsi:type="Exists">
                  <operand localId="41" locator="63:14-63:66" name="Qualifying Encounters" libraryName="AdultOutpatientEncounters" xsi:type="ExpressionRef"/>
               </operand>
            </operand>
            <operand localId="51" locator="64:7-66:3" xsi:type="Exists">
               <operand localId="50" locator="64:14-66:3" xsi:type="Query">
                  <source localId="45" locator="64:16-64:49" alias="Diabetes">
                     <expression localId="44" locator="64:16-64:40" xmlns:ns6="urn:healthit-gov:qdm:v5_4" dataType="ns6:Diagnosis" codeProperty="code" xsi:type="Retrieve">
                        <codes name="Diabetes" xsi:type="ValueSetRef"/>
                     </expression>
                  </source>
                  <where localId="49" locator="65:5-65:65" xsi:type="Overlaps">
                     <operand localId="47" locator="65:11-65:35" path="prevalencePeriod" scope="Diabetes" xsi:type="Property"/>
                     <operand localId="48" locator="65:46-65:65" name="Measurement Period" xsi:type="ParameterRef"/>
                  </where>
               </operand>
            </operand>
         </expression>
      </def>
      <def localId="55" locator="37:1-38:21" name="Denominator" context="Patient" accessLevel="Public">
         <annotation xsi:type="a:Annotation">
            <a:s r="55">
               <a:s>define &quot;Denominator&quot;:
	</a:s>
               <a:s r="54">
                  <a:s>&quot;Initial Population&quot;</a:s>
               </a:s>
            </a:s>
         </annotation>
         <expression localId="54" locator="38:2-38:21" name="Initial Population" xsi:type="ExpressionRef"/>
      </def>
      <def localId="68" locator="53:1-57:2" name="Has Most Recent HbA1c" context="Patient" accessLevel="Public">
         <annotation xsi:type="a:Annotation">
            <a:s r="68">
               <a:s>define &quot;Has Most Recent HbA1c&quot;:
	</a:s>
               <a:s r="67">
                  <a:s>Last(</a:s>
                  <a:s r="66">
                     <a:s>
                        <a:s r="57">
                           <a:s r="56">
                              <a:s r="56">
                                 <a:s>[&quot;Laboratory Test, Performed&quot;: </a:s>
                                 <a:s>
                                    <a:s>&quot;HbA1c Laboratory Test&quot;</a:s>
                                 </a:s>
                                 <a:s>]</a:s>
                              </a:s>
                           </a:s>
                           <a:s> RecentHbA1c</a:s>
                        </a:s>
                     </a:s>
                     <a:s>
			</a:s>
                     <a:s r="61">
                        <a:s>where </a:s>
                        <a:s r="61">
                           <a:s r="59">
                              <a:s r="58">
                                 <a:s>RecentHbA1c</a:s>
                              </a:s>
                              <a:s>.</a:s>
                              <a:s r="59">
                                 <a:s>relevantPeriod</a:s>
                              </a:s>
                           </a:s>
                           <a:s> during </a:s>
                           <a:s r="60">
                              <a:s>&quot;Measurement Period&quot;</a:s>
                           </a:s>
                        </a:s>
                     </a:s>
                     <a:s>
			</a:s>
                     <a:s r="65">
                        <a:s>sort by </a:s>
                        <a:s r="64">
                           <a:s r="63">
                              <a:s>start of </a:s>
                              <a:s r="62">
                                 <a:s>relevantPeriod</a:s>
                              </a:s>
                           </a:s>
                        </a:s>
                     </a:s>
                  </a:s>
                  <a:s>
	)</a:s>
               </a:s>
            </a:s>
         </annotation>
         <expression localId="67" locator="54:2-57:2" xsi:type="Last">
            <source localId="66" locator="54:7-56:34" xsi:type="Query">
               <source localId="57" locator="54:7-54:73" alias="RecentHbA1c">
                  <expression localId="56" locator="54:7-54:61" xmlns:ns7="urn:healthit-gov:qdm:v5_4" dataType="ns7:PositiveLaboratoryTestPerformed" templateId="PositiveLaboratoryTestPerformed" codeProperty="code" xsi:type="Retrieve">
                     <codes name="HbA1c Laboratory Test" xsi:type="ValueSetRef"/>
                  </expression>
               </source>
               <where localId="61" locator="55:4-55:63" xsi:type="IncludedIn">
                  <operand localId="59" locator="55:10-55:35" path="relevantPeriod" scope="RecentHbA1c" xsi:type="Property"/>
                  <operand localId="60" locator="55:44-55:63" name="Measurement Period" xsi:type="ParameterRef"/>
               </where>
               <sort localId="65" locator="56:4-56:34">
                  <by localId="64" locator="56:12-56:34" direction="asc" xsi:type="ByExpression">
                     <expression localId="63" locator="56:12-56:34" xsi:type="Start">
                        <operand localId="62" locator="56:21-56:34" name="relevantPeriod" xsi:type="IdentifierRef"/>
                     </expression>
                  </by>
               </sort>
            </source>
         </expression>
      </def>
      <def localId="75" locator="68:1-70:44" name="Has Most Recent HbA1c Without Result" context="Patient" accessLevel="Public">
         <annotation xsi:type="a:Annotation">
            <a:s r="75">
               <a:s>define &quot;Has Most Recent HbA1c Without Result&quot;:
	</a:s>
               <a:s r="74">
                  <a:s r="70">
                     <a:s r="69">
                        <a:s>&quot;Has Most Recent HbA1c&quot;</a:s>
                     </a:s>
                     <a:s> is not null</a:s>
                  </a:s>
                  <a:s>
		and </a:s>
                  <a:s r="73">
                     <a:s r="72">
                        <a:s r="71">
                           <a:s>&quot;Has Most Recent HbA1c&quot;</a:s>
                        </a:s>
                        <a:s>.</a:s>
                        <a:s r="72">
                           <a:s>result</a:s>
                        </a:s>
                     </a:s>
                     <a:s> is null</a:s>
                  </a:s>
               </a:s>
            </a:s>
         </annotation>
         <expression localId="74" locator="69:2-70:44" xsi:type="And">
            <operand localId="70" locator="69:2-69:36" xsi:type="Not">
               <operand locator="69:2-69:36" xsi:type="IsNull">
                  <operand localId="69" locator="69:2-69:24" name="Has Most Recent HbA1c" xsi:type="ExpressionRef"/>
               </operand>
            </operand>
            <operand localId="73" locator="70:7-70:44" xsi:type="IsNull">
               <operand localId="72" locator="70:7-70:36" path="result" xsi:type="Property">
                  <source localId="71" locator="70:7-70:29" name="Has Most Recent HbA1c" xsi:type="ExpressionRef"/>
               </operand>
            </operand>
         </expression>
      </def>
      <def localId="81" locator="45:1-46:39" name="Has Most Recent Elevated HbA1c" context="Patient" accessLevel="Public">
         <annotation xsi:type="a:Annotation">
            <a:s r="81">
               <a:s>define &quot;Has Most Recent Elevated HbA1c&quot;:
	</a:s>
               <a:s r="80">
                  <a:s r="78">
                     <a:s r="77">
                        <a:s>&quot;Has Most Recent HbA1c&quot;</a:s>
                     </a:s>
                     <a:s>.</a:s>
                     <a:s r="78">
                        <a:s>result</a:s>
                     </a:s>
                  </a:s>
                  <a:s> > </a:s>
                  <a:s r="79">
                     <a:s>9 '%'</a:s>
                  </a:s>
               </a:s>
            </a:s>
         </annotation>
         <expression localId="80" locator="46:2-46:39" xsi:type="Greater">
            <operand asType="t:Quantity" xsi:type="As">
               <operand localId="78" locator="46:2-46:31" path="result" xsi:type="Property">
                  <source localId="77" locator="46:2-46:24" name="Has Most Recent HbA1c" xsi:type="ExpressionRef"/>
               </operand>
            </operand>
            <operand localId="79" locator="46:35-46:39" value="9" unit="%" xsi:type="Quantity"/>
         </expression>
      </def>
      <def localId="93" locator="48:1-51:2" name="Has No Record Of HbA1c" context="Patient" accessLevel="Public">
         <annotation xsi:type="a:Annotation">
            <a:s r="93">
               <a:s>define &quot;Has No Record Of HbA1c&quot;:
	</a:s>
               <a:s r="92">
                  <a:s>not </a:s>
                  <a:s r="91">
                     <a:s>exists </a:s>
                     <a:s r="90">
                        <a:s>( </a:s>
                        <a:s r="90">
                           <a:s>
                              <a:s r="85">
                                 <a:s r="84">
                                    <a:s r="84">
                                       <a:s>[&quot;Laboratory Test, Performed&quot;: </a:s>
                                       <a:s>
                                          <a:s>&quot;HbA1c Laboratory Test&quot;</a:s>
                                       </a:s>
                                       <a:s>]</a:s>
                                    </a:s>
                                 </a:s>
                                 <a:s> NoHbA1c</a:s>
                              </a:s>
                           </a:s>
                           <a:s>
			</a:s>
                           <a:s r="89">
                              <a:s>where </a:s>
                              <a:s r="89">
                                 <a:s r="87">
                                    <a:s r="86">
                                       <a:s>NoHbA1c</a:s>
                                    </a:s>
                                    <a:s>.</a:s>
                                    <a:s r="87">
                                       <a:s>relevantPeriod</a:s>
                                    </a:s>
                                 </a:s>
                                 <a:s> during </a:s>
                                 <a:s r="88">
                                    <a:s>&quot;Measurement Period&quot;</a:s>
                                 </a:s>
                              </a:s>
                           </a:s>
                        </a:s>
                        <a:s>
	)</a:s>
                     </a:s>
                  </a:s>
               </a:s>
            </a:s>
         </annotation>
         <expression localId="92" locator="49:2-51:2" xsi:type="Not">
            <operand localId="91" locator="49:6-51:2" xsi:type="Exists">
               <operand localId="90" locator="49:13-51:2" xsi:type="Query">
                  <source localId="85" locator="49:15-49:77" alias="NoHbA1c">
                     <expression localId="84" locator="49:15-49:69" xmlns:ns8="urn:healthit-gov:qdm:v5_4" dataType="ns8:PositiveLaboratoryTestPerformed" templateId="PositiveLaboratoryTestPerformed" codeProperty="code" xsi:type="Retrieve">
                        <codes name="HbA1c Laboratory Test" xsi:type="ValueSetRef"/>
                     </expression>
                  </source>
                  <where localId="89" locator="50:4-50:59" xsi:type="IncludedIn">
                     <operand localId="87" locator="50:10-50:31" path="relevantPeriod" scope="NoHbA1c" xsi:type="Property"/>
                     <operand localId="88" locator="50:40-50:59" name="Measurement Period" xsi:type="ParameterRef"/>
                  </where>
               </operand>
            </operand>
         </expression>
      </def>
      <def localId="96" locator="40:1-43:29" name="Numerator" context="Patient" accessLevel="Public">
         <annotation xsi:type="a:Annotation">
            <a:s r="96">
               <a:s>define &quot;Numerator&quot;:
	</a:s>
               <a:s r="95">
                  <a:s r="83">
                     <a:s r="76">
                        <a:s>&quot;Has Most Recent HbA1c Without Result&quot;</a:s>
                     </a:s>
                     <a:s>
		or </a:s>
                     <a:s r="82">
                        <a:s>&quot;Has Most Recent Elevated HbA1c&quot;</a:s>
                     </a:s>
                  </a:s>
                  <a:s>
		or </a:s>
                  <a:s r="94">
                     <a:s>&quot;Has No Record Of HbA1c&quot;</a:s>
                  </a:s>
               </a:s>
            </a:s>
         </annotation>
         <expression localId="95" locator="41:2-43:29" xsi:type="Or">
            <operand localId="83" locator="41:2-42:37" xsi:type="Or">
               <operand localId="76" locator="41:2-41:39" name="Has Most Recent HbA1c Without Result" xsi:type="ExpressionRef"/>
               <operand localId="82" locator="42:6-42:37" name="Has Most Recent Elevated HbA1c" xsi:type="ExpressionRef"/>
            </operand>
            <operand localId="94" locator="43:6-43:29" name="Has No Record Of HbA1c" xsi:type="ExpressionRef"/>
         </expression>
      </def>
      <def localId="118" locator="72:1-78:79" name="Denominator Exclusions" context="Patient" accessLevel="Public">
         <annotation xsi:type="a:Annotation">
            <a:s r="118">
               <a:s>define &quot;Denominator Exclusions&quot;:
	</a:s>
               <a:s r="117">
                  <a:s r="114">
                     <a:s r="111">
                        <a:s>exists </a:s>
                        <a:s r="110">
                           <a:s>( </a:s>
                           <a:s r="110">
                              <a:s>
                                 <a:s r="98">
                                    <a:s r="97">
                                       <a:s r="97">
                                          <a:s>[&quot;Patient Characteristic Birthdate&quot;: </a:s>
                                          <a:s>
                                             <a:s>&quot;Birth date&quot;</a:s>
                                          </a:s>
                                          <a:s>]</a:s>
                                       </a:s>
                                    </a:s>
                                    <a:s> BirthDate</a:s>
                                 </a:s>
                              </a:s>
                              <a:s>
			</a:s>
                              <a:s r="109">
                                 <a:s>where </a:s>
                                 <a:s r="109">
                                    <a:s r="106">
                                       <a:s>( </a:s>
                                       <a:s r="106">
                                          <a:s r="104">
                                             <a:s r="99">
                                                <a:s>Global</a:s>
                                             </a:s>
                                             <a:s>.</a:s>
                                             <a:s r="104">
                                                <a:s>&quot;CalendarAgeInYearsAt&quot;(</a:s>
                                                <a:s r="101">
                                                   <a:s r="100">
                                                      <a:s>BirthDate</a:s>
                                                   </a:s>
                                                   <a:s>.</a:s>
                                                   <a:s r="101">
                                                      <a:s>birthDatetime</a:s>
                                                   </a:s>
                                                </a:s>
                                                <a:s>, </a:s>
                                                <a:s r="103">
                                                   <a:s>start of </a:s>
                                                   <a:s r="102">
                                                      <a:s>&quot;Measurement Period&quot;</a:s>
                                                   </a:s>
                                                </a:s>
                                                <a:s>)</a:s>
                                             </a:s>
                                          </a:s>
                                          <a:s>>= 65</a:s>
                                       </a:s>
                                       <a:s> )</a:s>
                                    </a:s>
                                    <a:s>
				and </a:s>
                                    <a:s r="108">
                                       <a:s r="107">
                                          <a:s>FrailtyLTI</a:s>
                                       </a:s>
                                       <a:s>.</a:s>
                                       <a:s r="108">
                                          <a:s>&quot;Has Spent More Than 90 Days in Long Term Care&quot;</a:s>
                                       </a:s>
                                    </a:s>
                                 </a:s>
                              </a:s>
                           </a:s>
                           <a:s>
	)</a:s>
                        </a:s>
                     </a:s>
                     <a:s>
		or </a:s>
                     <a:s r="113">
                        <a:s r="112">
                           <a:s>Hospice</a:s>
                        </a:s>
                        <a:s>.</a:s>
                        <a:s r="113">
                           <a:s>&quot;Has Hospice&quot;</a:s>
                        </a:s>
                     </a:s>
                  </a:s>
                  <a:s>
		or </a:s>
                  <a:s r="116">
                     <a:s r="115">
                        <a:s>FrailtyLTI</a:s>
                     </a:s>
                     <a:s>.</a:s>
                     <a:s r="116">
                        <a:s>&quot;Advanced Illness and Frailty Exclusion Including Under Age 80&quot;</a:s>
                     </a:s>
                  </a:s>
               </a:s>
            </a:s>
         </annotation>
         <expression localId="117" locator="73:2-78:79" xsi:type="Or">
            <operand localId="114" locator="73:2-77:26" xsi:type="Or">
               <operand localId="111" locator="73:2-76:2" xsi:type="Exists">
                  <operand localId="110" locator="73:9-76:2" xsi:type="Query">
                     <source localId="98" locator="73:11-73:70" alias="BirthDate">
                        <expression localId="97" locator="73:11-73:60" xmlns:ns9="urn:healthit-gov:qdm:v5_4" dataType="ns9:PatientCharacteristicBirthdate" codeProperty="code" xsi:type="Retrieve">
                           <codes xsi:type="ToList">
                              <operand name="Birth date" xsi:type="CodeRef"/>
                           </codes>
                        </expression>
                     </source>
                     <where localId="109" locator="74:4-75:66" xsi:type="And">
                        <operand localId="106" locator="74:10-74:103" xsi:type="GreaterOrEqual">
                           <operand localId="104" locator="74:12-74:96" name="CalendarAgeInYearsAt" libraryName="Global" xsi:type="FunctionRef">
                              <operand localId="101" locator="74:42-74:64" path="birthDatetime" scope="BirthDate" xsi:type="Property"/>
                              <operand localId="103" locator="74:67-74:95" xsi:type="Start">
                                 <operand localId="102" locator="74:76-74:95" name="Measurement Period" xsi:type="ParameterRef"/>
                              </operand>
                           </operand>
                           <operand localId="105" locator="74:100-74:101" valueType="t:Integer" value="65" xsi:type="Literal"/>
                        </operand>
                        <operand localId="108" locator="75:9-75:66" name="Has Spent More Than 90 Days in Long Term Care" libraryName="FrailtyLTI" xsi:type="ExpressionRef"/>
                     </where>
                  </operand>
               </operand>
               <operand localId="113" locator="77:6-77:26" name="Has Hospice" libraryName="Hospice" xsi:type="ExpressionRef"/>
            </operand>
            <operand localId="116" locator="78:6-78:79" name="Advanced Illness and Frailty Exclusion Including Under Age 80" libraryName="FrailtyLTI" xsi:type="ExpressionRef"/>
         </expression>
      </def>
   </statements>
</library>
