<?xml version="1.0" encoding="UTF-8" standalone="yes"?>
<QualityMeasureDocument xmlns="urn:hl7-org:v3" xmlns:cql-ext="urn:hhs-cql:hqmf-n1-extensions:v1"
                        xmlns:xsi="http://www.w3.org/2001/XMLSchema-instance">
         
      <!--
			**************************************************************
			Measure Details Section
			**************************************************************
		-->
         
      <typeId extension="POQM_HD000001UV02" root="2.16.840.1.113883.1.3"/>
   <templateId>
      <item extension="2018-05-01" root="2.16.840.1.113883.10.20.28.1.2"/>
   </templateId>
   <id root="40280382-6963-bf5e-016a-03dca9e446e0"/>
   <code code="57024-2" codeSystem="2.16.840.1.113883.6.1">
      <displayName value="Health Quality Measure Document"/>
   </code>
   <title value="Depression Remission at Twelve Months"/>
   <text
         value="The percentage of adolescent patients 12 to 17 years of age and adult patients 18 years of age or older with major depression or dysthymia who reached remission 12 months (+/- 60 days) after an index event."/>
   <statusCode code="COMPLETED"/>
   <setId root="8455cd3e-dbb9-4e0c-8084-3ece4068fe94"/>
   <versionNumber value="8.6.000"/>
   <author>
      <responsibleParty classCode="ASSIGNED">
         <representedResponsibleOrganization classCode="ORG" determinerCode="INSTANCE">
            <id>
               <item root="2.16.840.1.113883.3.3144"/>
            </id>
            <name>
               <item>
                  <part value="MN Community Measurement"/>
               </item>
            </name>
         </representedResponsibleOrganization>
      </responsibleParty>
   </author>
   <custodian>
      <responsibleParty classCode="ASSIGNED">
         <representedResponsibleOrganization classCode="ORG" determinerCode="INSTANCE">
            <id>
               <item root="2.16.840.1.113883.3.3144"/>
            </id>
            <name>
               <item>
                  <part value="MN Community Measurement"/>
               </item>
            </name>
         </representedResponsibleOrganization>
      </responsibleParty>
   </custodian>
   <verifier>
      <responsibleParty classCode="ASSIGNED">
         <representedResponsibleOrganization classCode="ORG" determinerCode="INSTANCE">
            <id>
               <item root="2.16.840.1.113883.3.560"/>
            </id>
            <name>
               <item>
                  <part value="National Quality Forum"/>
               </item>
            </name>
         </representedResponsibleOrganization>
      </responsibleParty>
   </verifier>
   <!--Payer-->
     	 <definition>
      <valueSet classCode="OBS" moodCode="DEF">
         <id root="2.16.840.1.114222.4.11.3591"/>
         <title value="Payer"/>
      </valueSet>
   </definition>
   <!--ONC Administrative Sex-->
     	 <definition>
      <valueSet classCode="OBS" moodCode="DEF">
         <id root="2.16.840.1.113762.1.4.1"/>
         <title value="ONC Administrative Sex"/>
      </valueSet>
   </definition>
   <!--Personality Disorder-->
     	 <definition>
      <valueSet classCode="OBS" moodCode="DEF">
         <id root="2.16.840.1.113883.3.67.1.101.1.246"/>
         <title value="Personality Disorder"/>
      </valueSet>
   </definition>
   <!--PHQ 9 and PHQ 9M Tools-->
     	 <definition>
      <valueSet classCode="OBS" moodCode="DEF">
         <id root="2.16.840.1.113883.3.67.1.101.1.263"/>
         <title value="PHQ 9 and PHQ 9M Tools"/>
      </valueSet>
   </definition>
   <!--Palliative Care-->
     	 <definition>
      <valueSet classCode="OBS" moodCode="DEF">
         <id root="2.16.840.1.113883.3.600.1.1579"/>
         <title value="Palliative Care"/>
      </valueSet>
   </definition>
   <!--Care Services in Long-Term Residential Facility-->
     	 <definition>
      <valueSet classCode="OBS" moodCode="DEF">
         <id root="2.16.840.1.113883.3.464.1003.101.12.1014"/>
         <title value="Care Services in Long-Term Residential Facility"/>
      </valueSet>
   </definition>
   <!--Pervasive Developmental Disorder-->
     	 <definition>
      <valueSet classCode="OBS" moodCode="DEF">
         <id root="2.16.840.1.113883.3.464.1003.105.12.1152"/>
         <title value="Pervasive Developmental Disorder"/>
      </valueSet>
   </definition>
   <!--Dysthymia-->
     	 <definition>
      <valueSet classCode="OBS" moodCode="DEF">
         <id root="2.16.840.1.113883.3.67.1.101.1.254"/>
         <title value="Dysthymia"/>
      </valueSet>
   </definition>
   <!--Ethnicity-->
     	 <definition>
      <valueSet classCode="OBS" moodCode="DEF">
         <id root="2.16.840.1.114222.4.11.837"/>
         <title value="Ethnicity"/>
      </valueSet>
   </definition>
   <!--Bipolar Disorder-->
     	 <definition>
      <valueSet classCode="OBS" moodCode="DEF">
         <id root="2.16.840.1.113883.3.67.1.101.1.128"/>
         <title value="Bipolar Disorder"/>
      </valueSet>
   </definition>
   <!--Contact or Office Visit-->
     	 <definition>
      <valueSet classCode="OBS" moodCode="DEF">
         <id root="2.16.840.1.113762.1.4.1080.5"/>
         <title value="Contact or Office Visit"/>
      </valueSet>
   </definition>
   <!--Race-->
     	 <definition>
      <valueSet classCode="OBS" moodCode="DEF">
         <id root="2.16.840.1.114222.4.11.836"/>
         <title value="Race"/>
      </valueSet>
   </definition>
   <!--Schizophrenia or Psychotic Disorder-->
     	 <definition>
      <valueSet classCode="OBS" moodCode="DEF">
         <id root="2.16.840.1.113883.3.464.1003.105.12.1104"/>
         <title value="Schizophrenia or Psychotic Disorder"/>
      </valueSet>
   </definition>
   <!--Palliative care encounter-->
     	 <definition>
      <valueSet classCode="OBS" moodCode="DEF">
         <id root="2.16.840.1.113883.3.600.1.1575"/>
         <title value="Palliative care encounter"/>
      </valueSet>
   </definition>
   <!--Major Depression Including Remission-->
     	 <definition>
      <valueSet classCode="OBS" moodCode="DEF">
         <id root="2.16.840.113883.3.67.1.101.3.2444"/>
         <title value="Major Depression Including Remission"/>
      </valueSet>
   </definition>
   <!--Dead (finding)-CODE:/CodeSystem/SNOMEDCT/Version/2015-09/Code/419099009/Info-->
      <definition>
      <cql-ext:code code="419099009" codeSystem="2.16.840.1.113883.6.96" codeSystemName="SNOMEDCT">
         <displayName value="Dead (finding)"/>
      </cql-ext:code>
   </definition>
   <!--Birth date-CODE:/CodeSystem/LOINC/Version/2.52/Code/21112-8/Info-->
      <definition>
      <cql-ext:code code="21112-8" codeSystem="2.16.840.1.113883.6.1" codeSystemName="LOINC">
         <displayName value="Birth date"/>
      </cql-ext:code>
   </definition>
   <relatedDocument typeCode="COMP">
      <expressionDocument>
         <id root="79A8F503-980E-4863-9162-A2FAF914736E"/>
         <text mediaType="text/cql">
            <reference value="https://emeasuretool.cms.gov/libraries/8455cd3e-dbb9-4e0c-8084-3ece4068fe94/DepressionRemissionatTwelveMonths-8.6.000.cql"/>
            <translation mediaType="application/elm+xml">
               <reference value="https://emeasuretool.cms.gov/libraries/8455cd3e-dbb9-4e0c-8084-3ece4068fe94/DepressionRemissionatTwelveMonths-8.6.000.xml"/>
            </translation>
            <translation mediaType="application/elm+json">
               <reference value="https://emeasuretool.cms.gov/libraries/8455cd3e-dbb9-4e0c-8084-3ece4068fe94/DepressionRemissionatTwelveMonths-8.6.000.json"/>
            </translation>
         </text>
         <setId extension="8455cd3e-dbb9-4e0c-8084-3ece4068fe94"
                identifierName="DepressionRemissionatTwelveMonths"
                root="https://emeasuretool.cms.gov/libraries"/>
         <versionNumber value="8.6.000"/>
      </expressionDocument>
   </relatedDocument>
   <relatedDocument typeCode="COMP">
      <expressionDocument>
         <id root="4028038268434da20168531138e502de"/>
         <text mediaType="text/cql">
            <reference value="https://emeasuretool.cms.gov/libraries/8bdc0a19-b210-4a58-8a07-f5d95a34eca9/MATGlobalCommonFunctions-4.0.000.cql"/>
            <translation mediaType="application/elm+xml">
               <reference value="https://emeasuretool.cms.gov/libraries/8bdc0a19-b210-4a58-8a07-f5d95a34eca9/MATGlobalCommonFunctions-4.0.000.xml"/>
            </translation>
            <translation mediaType="application/elm+json">
               <reference value="https://emeasuretool.cms.gov/libraries/8bdc0a19-b210-4a58-8a07-f5d95a34eca9/MATGlobalCommonFunctions-4.0.000.json"/>
            </translation>
         </text>
         <setId extension="8bdc0a19-b210-4a58-8a07-f5d95a34eca9"
                identifierName="MATGlobalCommonFunctions"
                root="https://emeasuretool.cms.gov/libraries"/>
         <versionNumber value="4.0.000"/>
      </expressionDocument>
   </relatedDocument>
   <controlVariable>
      <measurePeriod>
         <id extension="measureperiod" root="9c21fccd-72dd-4958-a468-12a8d82d940a"/>
         <code code="MSRTP" codeSystem="2.16.840.1.113883.5.4">
            <originalText value="Measurement Period"/>
         </code>
         <value xsi:type="PIVL_TS">
            <phase highClosed="true" lowClosed="true">
               <low value="20190101"/>
               <width unit="a" value="1" xsi:type="PQ"/>
            </phase>
            <period unit="a" value="1"/>
         </value>
      </measurePeriod>
   </controlVariable>
   <subjectOf>
      <measureAttribute>
         <code nullFlavor="OTH">
            <originalText value="eCQM Identifier (Measure Authoring Tool)"/>
         </code>
         <value mediaType="text/plain" value="159" xsi:type="ED"/>
      </measureAttribute>
   </subjectOf>
   <subjectOf>
      <measureAttribute>
         <code nullFlavor="OTH">
            <originalText value="NQF Number"/>
         </code>
         <value mediaType="text/plain" value="0710e" xsi:type="ED"/>
      </measureAttribute>
   </subjectOf>
   <subjectOf>
      <measureAttribute>
         <code code="COPY" codeSystem="2.16.840.1.113883.5.4">
            <displayName value="Copyright"/>
         </code>
         <value mediaType="text/plain"
                value="Copyright MN Community Measurement, 2019. All rights reserved.&#xA;&#xA;Limited proprietary coding is contained in the Measure specifications for user convenience. Users of proprietary code sets should obtain all necessary licenses from the owners of the code sets. Mathematica Policy Research disclaims all liability for use or accuracy of any third party codes contained in the specifications.&#xA;&#xA;CPT(R) contained in the Measure specifications is copyright 2004-2018 American Medical Association. LOINC(R) copyright 2004-2018 Regenstrief Institute, Inc. This material contains SNOMED Clinical Terms(R) (SNOMED CT[R]) copyright 2004-2018 International Health Terminology Standards Development Organisation. ICD-10 copyright 2018 World Health Organization. All Rights Reserved."
                xsi:type="ED"/>
      </measureAttribute>
   </subjectOf>
   <subjectOf>
      <measureAttribute>
         <code code="DISC" codeSystem="2.16.840.1.113883.5.4">
            <displayName value="Disclaimer"/>
         </code>
         <value mediaType="text/plain"
                value="The performance measure is not a clinical guideline and does not establish a standard of medical care, and has not been tested for all potential applications.&#xA;&#xA;THE MEASURES AND SPECIFICATIONS ARE PROVIDED “AS IS” WITHOUT WARRANTY OF ANY KIND.&#xA;&#xA;Due to technical limitations, registered trademarks are indicated by (R) or [R] and unregistered trademarks are indicated by (TM) or [TM]."
                xsi:type="ED"/>
      </measureAttribute>
   </subjectOf>
   <subjectOf>
      <measureAttribute>
         <code code="MSRSCORE" codeSystem="2.16.840.1.113883.5.4">
            <displayName value="Measure Scoring"/>
         </code>
         <value code="PROPOR" codeSystem="2.16.840.1.113883.5.1063" xsi:type="CD">
            <displayName value="Proportion"/>
         </value>
      </measureAttribute>
   </subjectOf>
   <subjectOf>
      <measureAttribute>
         <code code="MSRTYPE" codeSystem="2.16.840.1.113883.5.4">
            <displayName value="Measure Type"/>
         </code>
         <value code="OUTCOME" codeSystem="2.16.840.1.113883.5.1063" xsi:type="CD">
            <displayName value="OUTCOME"/>
         </value>
      </measureAttribute>
   </subjectOf>
   <subjectOf>
      <measureAttribute>
         <code code="STRAT" codeSystem="2.16.840.1.113883.5.4">
            <displayName value="Stratification"/>
         </code>
         <value mediaType="text/plain" value="Ages 12 to 17&#xA;Ages 18 and older" xsi:type="ED"/>
      </measureAttribute>
   </subjectOf>
   <subjectOf>
      <measureAttribute>
         <code code="MSRADJ" codeSystem="2.16.840.1.113883.5.4">
            <displayName value="Risk Adjustment"/>
         </code>
         <value mediaType="text/plain" value="None" xsi:type="ED"/>
      </measureAttribute>
   </subjectOf>
   <subjectOf>
      <measureAttribute>
         <code code="MSRAGG" codeSystem="2.16.840.1.113883.5.4">
            <displayName value="Rate Aggregation"/>
         </code>
         <value mediaType="text/plain" value="None" xsi:type="ED"/>
      </measureAttribute>
   </subjectOf>
   <subjectOf>
      <measureAttribute>
         <code code="RAT" codeSystem="2.16.840.1.113883.5.4">
            <displayName value="Rationale"/>
         </code>
         <value mediaType="text/plain"
                value="Adults:&#xA;Depression is a common and treatable mental disorder. 8.1% of American adults age 20 and over had depression in a given 2 week period. Women (10.4%) were almost twice as likely as men (5.5%) to have had depression. The prevalence of depression among adults decreased as family income levels increased. About 80% of adults with depression reported at least some difficulty with work, home, or social activities because of their depression symptoms (Centers for Disease Control and Prevention, 2018).&#xA;&#xA;Persons with a current diagnosis of depression and a lifetime diagnosis of depression or anxiety were significantly more likely than persons without these conditions to have cardiovascular disease, diabetes, asthma and obesity and to be a current smoker, to be physically inactive and to drink heavily (Strine et al., 2008).&#xA;&#xA;People who suffer from depression have lower incomes, lower educational attainment and fewer days working each year, leading to seven fewer weeks of work per year, a loss of 20% in potential income and a lifetime loss for each family who has a depressed family member of $300,000 (Smith &amp; Smith, 2010).&#xA;&#xA;The incremental economic burden of individuals with major depressive disorder (MDD) increased by 21.5% (from $173.2 billion to $210.5 billion, inflation-adjusted dollars). The composition of these costs remained stable, with approximately 45% attributable to direct costs, 5% to suicide-related costs, and 50% to workplace costs. Only 38% of the total costs were due to MDD itself as opposed to comorbid conditions. (Greenberg, 2015).&#xA;&#xA;Adolescents and Adults:&#xA;The Centers for Disease Control and Prevention states that during 2009-2012 an estimated 7.6% of the U.S. population aged 12 and over had depression, including 3% of Americans with severe depressive symptoms. Almost 43% of persons with severe depressive symptoms reported serious difficulties in work, home and social activities, yet only 35% reported having contact with a mental health professional in the past year.&#xA;Depression is associated with higher mortality rates in all age groups. People who are depressed are 30 times more likely to take their own lives than people who are not depressed and five times more likely to abuse drugs. Depression is the leading cause of medical disability for people aged 14 to 44. Depressed people lose 5.6 hours of productive work every week when they are depressed, fifty percent of which is due to absenteeism and short-term disability.&#xA;&#xA;Adolescents:&#xA;In 2014, an estimated 2.8 million adolescents age 12 to 17 in the United States had at least one major depressive episode (MDE) in the past year. This represented 11.4% of the U.S. population. The same survey found that only 41.2 percent of those who had a MDE received treatment in the past year. The 2013 Youth Risk Behavior Survey of students grades 9 to 12 indicated that during the past 12 months 39.1% (F) and 20.8% (M) indicated feeling sad or hopeless almost every day for at least 2 weeks, planned suicide attempt 16.9% (F) and 10.3% (M), with attempted suicide 10.6% (F) and 5.4% (M). Adolescent-onset depression is associated with chronic depression in adulthood. Many mental health conditions (anxiety, bipolar, depression, eating disorders, and substance abuse) are evident by age 14. The 12-month prevalence of MDEs increased from 8.7% in 2005 to 11.3% in 2014 in adolescents and from 8.8% to 9.6% in young adults (both P &lt; .001). The increase was larger and statistically significant only in the age range of 12 to 20 years. The trends remained significant after adjustment for substance use disorders and sociodemographic factors. Mental health care contacts overall did not change over time; however, the use of specialty mental health providers increased in adolescents and young adults, and the use of prescription medications and inpatient hospitalizations increased in adolescents. In 2015, 9.7% of adolescents in MN who were screened for depression or other mental health conditions, screened positively."
                xsi:type="ED"/>
      </measureAttribute>
   </subjectOf>
   <subjectOf>
      <measureAttribute>
         <code code="CRS" codeSystem="2.16.840.1.113883.5.4">
            <displayName value="Clinical Recommendation Statement"/>
         </code>
         <value mediaType="text/plain"
                value="Adults:&#xA;Source: Institute for Clinical Systems Improvement (ICSI) Health Care Guideline for Adult Depression in Primary Care (Trangle et al., 2016)&#xA;&#xA;Major depression is a treatable cause of pain, suffering, disability and death, yet primary care clinicians detect major depression in only one-third to one-half of their patients with major depression (Williams et al. 2002; Schonfeld et al., 1997).&#xA;&#xA;Usual care for depression in the primary care setting has resulted in only about half of depressed adults getting treated (Kessler et al., 2005) and only 20-40% showing substantial improvement over 12 months (Unutzer et al., 2002; Katon et al., 1999).&#xA;&#xA;Recommendations and algorithm notations supporting depression outcomes and duration of treatment according to ICSI's Health Care Guideline:&#xA;&#xA;Recommendation: Clinicians should establish and maintain follow-up with patients.  Appropriate, reliable follow-up is highly correlated with improved response and remission scores. It is also correlated with the improved safety and efficacy of medications and helps prevent relapse.&#xA;&#xA;Proactive follow-up contacts (in person, telephone) based on the collaborative care model have been shown to significantly lower depression severity (Unutzer et al., 2002).  In the available clinical effectiveness trials conducted in real clinical practice settings, even the addition of a care manager leads to modest remission rates (Trivedi et al., 2006; Unutzer et al., 2002).  Interventions are critical to educating the patient regarding the importance of preventing relapse, safety and efficacy of medications, and management of potential side effects.  Establish and maintain initial follow-up contact intervals (office, phone, other) (Hunkeler et al., 2000; Simon et al., 2000).&#xA;&#xA;PHQ-9 as monitor and management tool.  The PHQ-9 is an effective management tool, as well, and should be used routinely for subsequent visits to monitor treatment outcomes and severity. It can also help the clinician decide if/how to modify the treatment plan (Duffy et al., 2008; Lowe et al., 2004).  Using a measurement-based approach to depression care, PHQ-9 results and side effect evaluation should be combined with treatment algorithms to drive patients toward remission.  A five-point drop in PHQ-9 score is considered the minimal clinically significant difference (Trivedi, 2009).&#xA;&#xA;Every time that the PHQ-9 is assessed, suicidality is assessed, as well. If the suicidality was indeed of high risk, urgent referral to crisis specialty health care is advised. In case of low suicide risk, the patient can proceed with treatment in the primary care practice (Huijbregts et al., 2013).&#xA;&#xA;Care Algorithm:  Has patient reached remission?&#xA;&#xA;The goals of treatment should be to achieve remission, reduce relapse and recurrence, and return to previous level of occupational and psychosocial function.&#xA;&#xA;Full remission is defined as a two-month period devoid of major depressive signs and symptoms (American Psychiatric Association, 2013). If using a PHQ-9 tool, remission translates to PHQ-9 score of less than 5 (Kroenke, 2001). Results from the STAR*D study showed that remission rates lowered with more treatment steps, but the overall cumulative rate was 67% (Rush et al., 2006).&#xA;&#xA;Response is defined as a 50% or greater reduction in symptoms (as measured on a standardized rating scale). Partial response is defined as a 25-50% reduction in symptoms. This definition is based on how the depression literature defines response.&#xA;&#xA;Response and remission take time. In the STAR*D study, longer times than expected were needed to reach response or remission. In fact, one-third of those who ultimately responded did so after six weeks. Of those who achieved remission by Quick Inventory of Depressive Symptomatology (QIDS), 50% did so only at or after six weeks of treatment (Trivedi et al., 2006). If the primary care clinician is seeing some improvement, continue working with that patient to augment or increase dosage to reach remission. This can take up to three months.&#xA;&#xA;A reasonable criterion for extending the initial treatment: assess whether the patient is experiencing a 25% or greater reduction in baseline symptom severity at six weeks of therapeutic dose. If the patient's symptoms are reduced by 25% or more, but the patient is not yet at remission, and if medication has been well tolerated, continue to prescribe. Raising the dose is recommended (Trivedi et al., 2006).&#xA;&#xA;Improvement with psychotherapy is often a bit slower than with pharmacotherapy. A decision regarding progress with psychotherapy and the need to change or augment this type of treatment may require 8 to 10 weeks before evaluation (Schulberg et al., 1998).&#xA;&#xA;Care Algorithm: Continuation and Maintenance Treatment Duration Based on Episode&#xA;&#xA;Acute therapy is the treatment phase focused on treating the patient to remission. Acute therapy typically lasts 6-12 weeks but technically lasts until remission is reached (American Psychiatric Association, 2010). Full remission is defined as a two-month period devoid of major depressive signs and symptoms (American Psychiatric Association, 2013).&#xA;&#xA;Continuation therapy is the four-to-nine month period beyond the acute treatment phase during which the patient is treated with antidepressants, psychotherapy, ECT or other somatic therapies to prevent relapse (American Psychiatric Association, 2010). Relapse is common within the first six months following remission from an acute depressive episode; as many as 20-85% of patients may relapse (American Psychiatric Association, 2010).&#xA;&#xA;This measure assesses achievement of remission, which is a desired outcome of effective depression treatment and monitoring.&#xA;&#xA;Adult Depression in Primary Care - Guideline Aims&#xA;- Increase the percentage of patients with major depression or persistent depressive disorder who have improvement in outcomes from treatment for major depression or persistent depressive disorder.&#xA;- Increase the percentage of patients with major depression or persistent depressive disorder who have follow-up to assess for outcomes from treatment.&#xA;- Improve communication between the primary care physician and the mental health care clinician (if patient is co-managed).&#xA;&#xA;Adolescents:&#xA;Source: American Academy of Child and Adolescent Psychiatry Practice Parameter for the Assessment and Treatment of Children and Adolescents with Depressive Disorders (2007)&#xA;http://www.jaacap.com/article/S0890-8567(09)62053-0/pdf&#xA;&#xA;Recommendations:&#xA;Recommendations supporting depression outcomes and duration of treatment according to AACAP guideline:&#xA;- Treatment of depressive disorders should always include an acute and continuation phase; some children may also require maintenance treatment. The main goal of the acute phase is to achieve response and ultimately full symptomatic remission (definitions below).&#xA;- Each phase of treatment should include psychoeducation, supportive management, and family and school involvement.&#xA;- Education, support, and case management appear to be sufficient treatment for the management of depressed children and adolescents with an uncomplicated or brief depression or with mild psychosocial impairment.&#xA;- For children and adolescents who do not respond to supportive psychotherapy or who have more complicated depressions, a trial with specific types of psychotherapy and/or antidepressants is indicated.&#xA;&#xA;Sources:&#xA;Guidelines for Adolescent Depression in Primary Care (GLAD-PC) (2018) http://pediatrics.aappublications.org/content/141/3/e20174081&#xA;Guidelines for adolescent depression in primary care (GLAD-PC): II. Treatment and ongoing management&#xA;http://pediatrics.aappublications.org/content/141/3/e20174082&#xA;&#xA;Recommendations supporting depression outcomes and duration of treatment according to GLAD-PC:&#xA;Recommendations for Ongoing Management of Depression:&#xA;- Mild depression: consider a period of active support and monitoring before starting other evidence based treatment&#xA;- Moderate or severe major clinical depression or complicating factors:&#xA;  -- consultation with mental health specialist with agreed upon roles&#xA;  -- evidence based treatment (CBT or IPT and/or antidepressant SSRI)&#xA;- Monitor for adverse effects during antidepressant therapy&#xA;  -- clinical worsening, suicidality, unusual changes in behavior&#xA;- Systematic and regular tracking of goals and outcomes&#xA;  -- improvement in functioning status and resolution of depressive symptoms&#xA;Regardless of the length of treatment, all patients should be monitored on a monthly basis for 6 to 12 months after the full resolution of symptoms"
                xsi:type="ED"/>
      </measureAttribute>
   </subjectOf>
   <subjectOf>
      <measureAttribute>
         <code code="IDUR" codeSystem="2.16.840.1.113883.5.4">
            <displayName value="Improvement Notation"/>
         </code>
         <value mediaType="text/plain" value="Higher score indicates better quality"
                xsi:type="ED"/>
      </measureAttribute>
   </subjectOf>
   <subjectOf>
      <measureAttribute>
         <code code="REF" codeSystem="2.16.840.1.113883.5.4">
            <displayName value="Reference"/>
         </code>
         <value mediaType="text/plain"
                value="American Psychiatric Association. (2010). Practice guideline for the treatment of patients with panic disorder. 2nd edition. Washington, DC: Author."
                xsi:type="ED"/>
      </measureAttribute>
   </subjectOf>
   <subjectOf>
      <measureAttribute>
         <code code="REF" codeSystem="2.16.840.1.113883.5.4">
            <displayName value="Reference"/>
         </code>
         <value mediaType="text/plain"
                value="American Psychiatric Association. (2013). Diagnostic and statistical manual of mental disorders (DSM-5). 5th edition. Washington, DC: Author."
                xsi:type="ED"/>
      </measureAttribute>
   </subjectOf>
   <subjectOf>
      <measureAttribute>
         <code code="REF" codeSystem="2.16.840.1.113883.5.4">
            <displayName value="Reference"/>
         </code>
         <value mediaType="text/plain"
                value="Birmaher, B., &amp; Brent, D. (2007). Practice parameter for the assessment and treatment of children and adolescents with depressive disorders. Journal of the American Academy of Child and Adolescent Psychiatry, 46(11), 1503-1526. Retrieved from http://www.jaacap.com/article/S0890-8567(09)62053-0/pdf"
                xsi:type="ED"/>
      </measureAttribute>
   </subjectOf>
   <subjectOf>
      <measureAttribute>
         <code code="REF" codeSystem="2.16.840.1.113883.5.4">
            <displayName value="Reference"/>
         </code>
         <value mediaType="text/plain"
                value="Brody, D. J., Pratt, L. A., &amp; Hughes, J. P. (2018). Prevalence of depression among adults aged 20 and over: United States, 2013–2016. NCHS Data Brief No. 303. Atlanta, GA: Centers for Disease Control and Prevention."
                xsi:type="ED"/>
      </measureAttribute>
   </subjectOf>
   <subjectOf>
      <measureAttribute>
         <code code="REF" codeSystem="2.16.840.1.113883.5.4">
            <displayName value="Reference"/>
         </code>
         <value mediaType="text/plain"
                value="Cheung, A. H., Zuckerbrot, R. A., Jensen, P. S., et al. (2018, March). Guidelines for adolescent depression in primary care (GLAD-PC): Part II. Treatment and ongoing management. Pediatrics, 141(3). Retrieved from http://pediatrics.aappublications.org/content/141/3/e20174082"
                xsi:type="ED"/>
      </measureAttribute>
   </subjectOf>
   <subjectOf>
      <measureAttribute>
         <code code="REF" codeSystem="2.16.840.1.113883.5.4">
            <displayName value="Reference"/>
         </code>
         <value mediaType="text/plain"
                value="Duffy, F. F., Chung, H., Trivedi, M., et al. (2008, October). Systematic use of patient-rated depression severity monitoring: Is it helpful and feasible in clinical psychiatry? Psychiatric Services, 59(10), 1148-1154."
                xsi:type="ED"/>
      </measureAttribute>
   </subjectOf>
   <subjectOf>
      <measureAttribute>
         <code code="REF" codeSystem="2.16.840.1.113883.5.4">
            <displayName value="Reference"/>
         </code>
         <value mediaType="text/plain"
                value="Giedd, J. N., Keshavan, M., &amp; Paus, T. (2008). Why do many psychiatric disorders emerge during adolescence? Nature Reviews Neuroscience, 9(12), 947-957. Retrieved from http://www.ncbi.nlm.nih.gov/pmc/articles/PMC2762785/"
                xsi:type="ED"/>
      </measureAttribute>
   </subjectOf>
   <subjectOf>
      <measureAttribute>
         <code code="REF" codeSystem="2.16.840.1.113883.5.4">
            <displayName value="Reference"/>
         </code>
         <value mediaType="text/plain"
                value="Greenberg, P. E. (2015, February). The growing economic burden of depression in the U.S. Journal of Clinical Psychiatry, 76(2), 155-162."
                xsi:type="ED"/>
      </measureAttribute>
   </subjectOf>
   <subjectOf>
      <measureAttribute>
         <code code="REF" codeSystem="2.16.840.1.113883.5.4">
            <displayName value="Reference"/>
         </code>
         <value mediaType="text/plain"
                value="Huijbregts, K. M. L., de Jong, F. J., van Marwijk, H. W. J., et al. (2013). A target-driven collaborative care model for major depressive disorder is effective in primary care in the Netherlands: A randomized clinical trial from the depression initiative. Journal of Affective Disorders, 146(3), 328-337."
                xsi:type="ED"/>
      </measureAttribute>
   </subjectOf>
   <subjectOf>
      <measureAttribute>
         <code code="REF" codeSystem="2.16.840.1.113883.5.4">
            <displayName value="Reference"/>
         </code>
         <value mediaType="text/plain"
                value="Hunkeler, E. M., Meresman, J. F., Hargreaves, W. A., et al. (2000, August). Efficacy of nurse telehealth care and peer support in augmenting treatment of depression in primary care. Archives of Family Medicine, 9(8), 700-708."
                xsi:type="ED"/>
      </measureAttribute>
   </subjectOf>
   <subjectOf>
      <measureAttribute>
         <code code="REF" codeSystem="2.16.840.1.113883.5.4">
            <displayName value="Reference"/>
         </code>
         <value mediaType="text/plain"
                value="Joiner, T. (2010). Myths about suicide. Cambridge: Harvard University Press."
                xsi:type="ED"/>
      </measureAttribute>
   </subjectOf>
   <subjectOf>
      <measureAttribute>
         <code code="REF" codeSystem="2.16.840.1.113883.5.4">
            <displayName value="Reference"/>
         </code>
         <value mediaType="text/plain"
                value="Katon, W., Von Korff, M., Lin, E., et al. (1999). Stepped collaborative care for primary care patients with persistent symptoms of depression: A randomized trial. Archives of General Psychiatry, 56(12), 1109-1115."
                xsi:type="ED"/>
      </measureAttribute>
   </subjectOf>
   <subjectOf>
      <measureAttribute>
         <code code="REF" codeSystem="2.16.840.1.113883.5.4">
            <displayName value="Reference"/>
         </code>
         <value mediaType="text/plain"
                value="Kessler, R. C., Chiu, W. T., Demler, O., et al. (2005). Prevalence, severity, and comorbidity of 12-month DSM-IV disorders in the National Comorbidity Survey Replication. Archives of General Psychiatry, 62, 617-627."
                xsi:type="ED"/>
      </measureAttribute>
   </subjectOf>
   <subjectOf>
      <measureAttribute>
         <code code="REF" codeSystem="2.16.840.1.113883.5.4">
            <displayName value="Reference"/>
         </code>
         <value mediaType="text/plain"
                value="Kroenke, K., Spitzer, R. L., &amp; Williams, J. B. W. (2001). The PHQ-9: Validity of a brief depression severity measure. Journal of General Internal Medicine, 16(9), 606-613. Retrieved from https://www.ncbi.nlm.nih.gov/pmc/articles/PMC1495268/"
                xsi:type="ED"/>
      </measureAttribute>
   </subjectOf>
   <subjectOf>
      <measureAttribute>
         <code code="REF" codeSystem="2.16.840.1.113883.5.4">
            <displayName value="Reference"/>
         </code>
         <value mediaType="text/plain"
                value="Lewinsohn, P. M., Rohde, P., Klein, D. N., et al. (1999). Natural course of adolescent major depressive disorder: I. Continuity into young adulthood. Journal of the American Academy of Child and Adolescent Psychiatry, 38(1), 56-63."
                xsi:type="ED"/>
      </measureAttribute>
   </subjectOf>
   <subjectOf>
      <measureAttribute>
         <code code="REF" codeSystem="2.16.840.1.113883.5.4">
            <displayName value="Reference"/>
         </code>
         <value mediaType="text/plain"
                value="Lowe, B., Unutzer, J., Callahan, C. M., et al. (2004). Monitoring depression treatment outcomes with the Patient Health Questionnaire-9. Medical Care, 42(12), 1194-1201."
                xsi:type="ED"/>
      </measureAttribute>
   </subjectOf>
   <subjectOf>
      <measureAttribute>
         <code code="REF" codeSystem="2.16.840.1.113883.5.4">
            <displayName value="Reference"/>
         </code>
         <value mediaType="text/plain"
                value="Minnesota Community Measurement. (2015, October). New measures evaluate rates of obesity counseling for kids, depression screening for teens. Retrieved from http://mncm.org/news/new-measures-evaluate-rates-of-obesity-counseling-for-kids-depression-screening-for-teens/"
                xsi:type="ED"/>
      </measureAttribute>
   </subjectOf>
   <subjectOf>
      <measureAttribute>
         <code code="REF" codeSystem="2.16.840.1.113883.5.4">
            <displayName value="Reference"/>
         </code>
         <value mediaType="text/plain"
                value="National Institute of Mental Health. (2014). Prevalence of major depressive episode among adolescents. Retrieved from https://www.nimh.nih.gov/health/statistics/prevalence/major-depression-among-adolescents.shtml"
                xsi:type="ED"/>
      </measureAttribute>
   </subjectOf>
   <subjectOf>
      <measureAttribute>
         <code code="REF" codeSystem="2.16.840.1.113883.5.4">
            <displayName value="Reference"/>
         </code>
         <value mediaType="text/plain"
                value="Pratt, L. A., &amp; Brody, D. J. (2014). Depression in the U.S. household population, 2009-2012. NCHS data brief no. 172. Hyattsville, MD: National Center for Health Statistics."
                xsi:type="ED"/>
      </measureAttribute>
   </subjectOf>
   <subjectOf>
      <measureAttribute>
         <code code="REF" codeSystem="2.16.840.1.113883.5.4">
            <displayName value="Reference"/>
         </code>
         <value mediaType="text/plain"
                value="Ramin, M., Olfson, M., &amp; Han, B. (2016). National trends in the prevalence and treatment of depression in adolescents and young adults. Pediatrics, 138(6), e20161878. http://pediatrics.aappublications.org/content/early/2016/11/10/peds.2016-1878"
                xsi:type="ED"/>
      </measureAttribute>
   </subjectOf>
   <subjectOf>
      <measureAttribute>
         <code code="REF" codeSystem="2.16.840.1.113883.5.4">
            <displayName value="Reference"/>
         </code>
         <value mediaType="text/plain"
                value="Rush, A. J., Trivedi, M. H., Wisniewski, S. R., et al. (2006). Acute and longer-term outcomes in depressed outpatients requiring one or several treatment steps: A STAR*D report. American Journal of Psychiatry, 163, 1905-1917."
                xsi:type="ED"/>
      </measureAttribute>
   </subjectOf>
   <subjectOf>
      <measureAttribute>
         <code code="REF" codeSystem="2.16.840.1.113883.5.4">
            <displayName value="Reference"/>
         </code>
         <value mediaType="text/plain"
                value="Schonfeld, W. H., Verboncoeur, C. J., Fifer, S. K., et al. (1997). The functioning and well-being of patients with unrecognized anxiety disorders and major depressive disorder. Journal of Affective Disorders, 43, 105-119."
                xsi:type="ED"/>
      </measureAttribute>
   </subjectOf>
   <subjectOf>
      <measureAttribute>
         <code code="REF" codeSystem="2.16.840.1.113883.5.4">
            <displayName value="Reference"/>
         </code>
         <value mediaType="text/plain"
                value="Schulberg, H. C., Katon, W., Simon, G. E., et al. (1998). Treating major depression in primary care practice: An update of the agency for health care policy and research practice guidelines. Archives of General Psychiatry, 55, 1121-1127."
                xsi:type="ED"/>
      </measureAttribute>
   </subjectOf>
   <subjectOf>
      <measureAttribute>
         <code code="REF" codeSystem="2.16.840.1.113883.5.4">
            <displayName value="Reference"/>
         </code>
         <value mediaType="text/plain"
                value="Shain, B. (2016). Suicide and suicide attempts in adolescents. Pediatrics, 138(1), e1-11. Retrieved from http://pediatrics.aappublications.org/content/138/1/e20161420"
                xsi:type="ED"/>
      </measureAttribute>
   </subjectOf>
   <subjectOf>
      <measureAttribute>
         <code code="REF" codeSystem="2.16.840.1.113883.5.4">
            <displayName value="Reference"/>
         </code>
         <value mediaType="text/plain"
                value="Simon, G. E., Van Korff, M., Rutter, C., et al. (2000). Randomised trial of monitoring, feedback, and management of care by telephone to improve treatment of depression in primary care. BMJ, 320, 550-554."
                xsi:type="ED"/>
      </measureAttribute>
   </subjectOf>
   <subjectOf>
      <measureAttribute>
         <code code="REF" codeSystem="2.16.840.1.113883.5.4">
            <displayName value="Reference"/>
         </code>
         <value mediaType="text/plain"
                value="Smith, J. P., &amp; Smith, G. C. (2010). Long-term economic costs of psychological problems during childhood. Social Science &amp; Medicine, 71(1), 110-115. Retrieved from https://www.ncbi.nlm.nih.gov/pmc/articles/PMC2887689/"
                xsi:type="ED"/>
      </measureAttribute>
   </subjectOf>
   <subjectOf>
      <measureAttribute>
         <code code="REF" codeSystem="2.16.840.1.113883.5.4">
            <displayName value="Reference"/>
         </code>
         <value mediaType="text/plain"
                value="Stewart, W. F., Ricci, J. A., Chee, E., et al. (2003). Cost of lost productive work time among U.S. workers with depression. JAMA, 289, 3135-3144."
                xsi:type="ED"/>
      </measureAttribute>
   </subjectOf>
   <subjectOf>
      <measureAttribute>
         <code code="REF" codeSystem="2.16.840.1.113883.5.4">
            <displayName value="Reference"/>
         </code>
         <value mediaType="text/plain"
                value="Stewart WF, Ricci JA, Chee E, Hahn SR, Morganstein D. Cost of lost productive work time among US workers with depression. JAMA 2003;289:3135-44."
                xsi:type="ED"/>
      </measureAttribute>
   </subjectOf>
   <subjectOf>
      <measureAttribute>
         <code code="REF" codeSystem="2.16.840.1.113883.5.4">
            <displayName value="Reference"/>
         </code>
         <value mediaType="text/plain"
                value="Strine, T. W., Mokdad, A. H., Balluz, L. S., et al. (2008). Depression and anxiety in the United States: Findings from the 2006 Behavioral Risk Factor Surveillance System. Psychiatric Services, 59(12), 1383-1390. Retrieved from http://ps.psychiatryonline.org/doi/abs/10.1176/ps.2008.59.12.1383"
                xsi:type="ED"/>
      </measureAttribute>
   </subjectOf>
   <subjectOf>
      <measureAttribute>
         <code code="REF" codeSystem="2.16.840.1.113883.5.4">
            <displayName value="Reference"/>
         </code>
         <value mediaType="text/plain"
                value="Trangle , M., Gursky, J., Haight, R., et al. Depression, adults in primary care. (Updated 2016, March). Retrieved from https://www.icsi.org/guidelines__more/catalog_guidelines_and_more/catalog_guidelines/catalog_behavioral_health_guidelines/depression/"
                xsi:type="ED"/>
      </measureAttribute>
   </subjectOf>
   <subjectOf>
      <measureAttribute>
         <code code="REF" codeSystem="2.16.840.1.113883.5.4">
            <displayName value="Reference"/>
         </code>
         <value mediaType="text/plain"
                value="Trivedi, M. H. (2009). Tools and strategies for ongoing assessment of depression: A measurement-based approach to remission. Journal of Clinical Psychiatry, 70, 26-31."
                xsi:type="ED"/>
      </measureAttribute>
   </subjectOf>
   <subjectOf>
      <measureAttribute>
         <code code="REF" codeSystem="2.16.840.1.113883.5.4">
            <displayName value="Reference"/>
         </code>
         <value mediaType="text/plain"
                value="Trivedi, M. H., Rush, A. J., Wisniewski, S. R., et al. (2006). Evaluation of outcomes with citalopram for depression using measurement-based care in STAR*D: Implications for clinical practice. American Journal of Psychiatry, 163(1), 28-40."
                xsi:type="ED"/>
      </measureAttribute>
   </subjectOf>
   <subjectOf>
      <measureAttribute>
         <code code="REF" codeSystem="2.16.840.1.113883.5.4">
            <displayName value="Reference"/>
         </code>
         <value mediaType="text/plain"
                value="Unutzer, J., Katon, W., Callahan, C. M., et al. (2002). Collaborative care management of late-life depression in the primary care setting: A randomized controlled trial. JAMA, 288, 2836-2845."
                xsi:type="ED"/>
      </measureAttribute>
   </subjectOf>
   <subjectOf>
      <measureAttribute>
         <code code="REF" codeSystem="2.16.840.1.113883.5.4">
            <displayName value="Reference"/>
         </code>
         <value mediaType="text/plain"
                value="Williams, J. W., Jr., Noel, P. H., Cordes, J. A., et al. (2002). Is this patient clinically depressed? JAMA, 287, 1160-1170."
                xsi:type="ED"/>
      </measureAttribute>
   </subjectOf>
   <subjectOf>
      <measureAttribute>
         <code code="REF" codeSystem="2.16.840.1.113883.5.4">
            <displayName value="Reference"/>
         </code>
         <value mediaType="text/plain"
                value="Zuckerbrot, R. A., Cheung, A., Jensen, P. S., et al. (2018, March). Guidelines for adolescent depression in primary care (GLAD-PC): Part I. Practice preparation, identification, assessment, and initial management. Pediatrics, 141(3). Retrieved from http://pediatrics.aappublications.org/content/141/3/e20174081"
                xsi:type="ED"/>
      </measureAttribute>
   </subjectOf>
   <subjectOf>
      <measureAttribute>
         <code code="DEF" codeSystem="2.16.840.1.113883.5.4">
            <displayName value="Definition"/>
         </code>
         <value mediaType="text/plain"
                value="Denominator Identification Period:&#xA;The period in which eligible patients can have an index event. The denominator identification period occurs prior to the measurement period and is defined as 14 months to two months prior to the start of the measurement period. For patients with an index event, there needs to be enough time following index for the patients to have the opportunity to reach remission twelve months +/- 60 days after the index event date. &#xA;&#xA;Index Event Date: &#xA;The date in which the first instance of elevated PHQ-9 or PHQ-9M greater than nine and diagnosis of depression or dysthymia occurs during the denominator identification measurement period. Patients may be screened using PHQ-9 and PHQ-9M up to 7 days prior to the office visit (including the day of the office visit).&#xA;&#xA;&#xA;Measure Assessment Period:&#xA;The index event date marks the start of the measurement assessment period for each patient which is 14 months (12 months +/- 60 days) in length to allow for a follow-up PHQ-9 or PHQ-9M between 10 and 14 months following the index event. This assessment period is fixed and does not start over with a higher PHQ-9 or PHQ-9M that may occur after the index event date.&#xA;&#xA;Remission is defined as a PHQ-9 or PHQ-9M score of less than five.&#xA;&#xA;Twelve months is defined as the point in time from the index event date extending out twelve months and then allowing a grace period of sixty days prior to and sixty days after this date. The most recent PHQ-9 or PHQ-9M score less than five obtained during this four month period is deemed as remission at twelve months, values obtained prior to or after this period are not counted as numerator compliant (remission)."
                xsi:type="ED"/>
      </measureAttribute>
   </subjectOf>
   <subjectOf>
      <measureAttribute>
         <code code="GUIDE" codeSystem="2.16.840.1.113883.5.4">
            <displayName value="Guidance"/>
         </code>
         <value mediaType="text/plain" value="None" xsi:type="ED"/>
      </measureAttribute>
   </subjectOf>
   <subjectOf>
      <measureAttribute>
         <code code="TRANF" codeSystem="2.16.840.1.113883.5.4">
            <displayName value="Transmission Format"/>
         </code>
         <value mediaType="text/plain" value="TBD" xsi:type="ED"/>
      </measureAttribute>
   </subjectOf>
   <subjectOf>
      <measureAttribute>
         <code code="IPOP" codeSystem="2.16.840.1.113883.5.4">
            <displayName value="Initial Population"/>
         </code>
         <value mediaType="text/plain"
                value="Adolescent patients 12 to 17 years of age and adult patients 18 years of age and older with a diagnosis of major depression or dysthymia and an initial PHQ-9 or PHQ-9M score greater than nine during the index event. Patients may be screened using PHQ-9 and PHQ-9M up to 7 days prior to the office visit (including the day of the office visit)."
                xsi:type="ED"/>
      </measureAttribute>
   </subjectOf>
   <subjectOf>
      <measureAttribute>
         <code code="DENOM" codeSystem="2.16.840.1.113883.5.4">
            <displayName value="Denominator"/>
         </code>
         <value mediaType="text/plain" value="Equals Initial Population" xsi:type="ED"/>
      </measureAttribute>
   </subjectOf>
   <subjectOf>
      <measureAttribute>
         <code code="DENEX" codeSystem="2.16.840.1.113883.5.4">
            <displayName value="Denominator Exclusions"/>
         </code>
         <value mediaType="text/plain"
                value="1: Patients who died&#xA;2: Patients who received hospice or palliative care services&#xA;3: Patients who were permanent nursing home residents&#xA;4: Patients with a diagnosis of bipolar disorder&#xA;5: Patients with a diagnosis of personality disorder&#xA;6: Patients with a diagnosis of schizophrenia or psychotic disorder&#xA;7: Patients with a diagnosis of pervasive developmental disorder"
                xsi:type="ED"/>
      </measureAttribute>
   </subjectOf>
   <subjectOf>
      <measureAttribute>
         <code code="NUMER" codeSystem="2.16.840.1.113883.5.4">
            <displayName value="Numerator"/>
         </code>
         <value mediaType="text/plain"
                value="Adolescent patients 12 to 17 years of age and adult patients 18 years of age and older who achieved remission at twelve months as demonstrated by a twelve month (+/- 60 days) PHQ-9 or PHQ-9M score of less than five"
                xsi:type="ED"/>
      </measureAttribute>
   </subjectOf>
   <subjectOf>
      <measureAttribute>
         <code code="NUMEX" codeSystem="2.16.840.1.113883.5.4">
            <displayName value="Numerator Exclusions"/>
         </code>
         <value mediaType="text/plain" value="Not Applicable" xsi:type="ED"/>
      </measureAttribute>
   </subjectOf>
   <subjectOf>
      <measureAttribute>
         <code code="DENEXCEP" codeSystem="2.16.840.1.113883.5.4">
            <displayName value="Denominator Exceptions"/>
         </code>
         <value mediaType="text/plain" value="None" xsi:type="ED"/>
      </measureAttribute>
   </subjectOf>
   <subjectOf>
      <measureAttribute>
         <code code="SDE" codeSystem="2.16.840.1.113883.5.4">
            <displayName value="Supplemental Data Elements"/>
         </code>
         <value mediaType="text/plain"
                value="For every patient evaluated by this measure also identify payer, race, ethnicity and sex"
                xsi:type="ED"/>
      </measureAttribute>
   </subjectOf>
   <componentOf>
      <qualityMeasureSet classCode="ACT">
         <id root="a30d9cc6-589e-499b-ac35-5ccb25c1eabf"/>
         <title value="None"/>
      </qualityMeasureSet>
   </componentOf>
   <!--Data Criteria Section-->
   <component>
      <dataCriteriaSection>
         <templateId>
            <item extension="2018-05-01" root="2.16.840.1.113883.10.20.28.2.6"/>
         </templateId>
         <code code="57025-9" codeSystem="2.16.840.1.113883.6.1"/>
         <title value="Data Criteria Section"/>
         <text/>
         <entry typeCode="DRIV">
            <localVariableName value="Payer_PatientCharacteristicPayer_vIdYl"/>
            <observationCriteria classCode="OBS" moodCode="EVN">
               <templateId>
                  <item extension="2017-05-01" root="2.16.840.1.113883.10.20.28.4.58"/>
               </templateId>
               <id extension="Payer_PatientCharacteristicPayer"
                   root="5b6a347e-8b37-4954-82cc-5c1408c9bb66"/>
               <code code="48768-6" codeSystem="2.16.840.1.113883.6.1" codeSystemName="LOINC">
                  <displayName value="Payer"/>
               </code>
               <title value="Patient Characteristic Payer"/>
               <statusCode code="COMPLETED"/>
               <value valueSet="2.16.840.1.114222.4.11.3591" xsi:type="CD"/>
            </observationCriteria>
         </entry>
         <entry typeCode="DRIV">
            <localVariableName value="ONCAdministrativeSex_PatientCharacteristicSex_A20o8"/>
            <observationCriteria classCode="OBS" moodCode="EVN">
               <templateId>
                  <item extension="2017-05-01" root="2.16.840.1.113883.10.20.28.4.55"/>
               </templateId>
               <id extension="ONCAdministrativeSex_PatientCharacteristicSex"
                   root="14b28864-ccd5-4350-a0a1-6ef260044f5a"/>
               <code code="263495000" codeSystem="2.16.840.1.113883.6.96" codeSystemName="SNOMED CT">
                  <displayName value="Gender"/>
               </code>
               <title value="Patient Characteristic Sex"/>
               <statusCode code="COMPLETED"/>
               <value valueSet="2.16.840.1.113762.1.4.1" xsi:type="CD"/>
            </observationCriteria>
         </entry>
         <entry typeCode="DRIV">
            <localVariableName value="PersonalityDisorder_Diagnosis_VJuEX"/>
            <observationCriteria classCode="OBS" moodCode="EVN">
               <templateId>
                  <item extension="2017-08-01" root="2.16.840.1.113883.10.20.28.4.110"/>
               </templateId>
               <id extension="PersonalityDisorder_Diagnosis"
                   root="366dd5ed-2fc6-4c17-a2da-9b0ba41f2617"/>
               <code code="282291009" codeSystem="2.16.840.1.113883.6.96" codeSystemName="SNOMED CT">
                  <displayName value="Diagnosis"/>
               </code>
               <title value="Diagnosis"/>
               <statusCode code="COMPLETED"/>
               <value valueSet="2.16.840.1.113883.3.67.1.101.1.246" xsi:type="CD"/>
            </observationCriteria>
         </entry>
         <entry typeCode="DRIV">
            <localVariableName value="PHQ9andPHQ9MTools_AssessmentPerformed_n7KqB"/>
            <observationCriteria classCode="OBS" moodCode="EVN">
               <templateId>
                  <item extension="2017-08-01" root="2.16.840.1.113883.10.20.28.4.117"/>
               </templateId>
               <id extension="PHQ9andPHQ9MTools_AssessmentPerformed"
                   root="db784b3c-5577-40fd-aaa0-200ff9f89043"/>
               <code valueSet="2.16.840.1.113883.3.67.1.101.1.263"/>
               <title value="Assessment, Performed"/>
               <statusCode code="COMPLETED"/>
            </observationCriteria>
         </entry>
         <entry typeCode="DRIV">
            <localVariableName value="PalliativeCare_InterventionOrder_hA8Cd"/>
            <actCriteria classCode="ACT" moodCode="RQO">
               <templateId>
                  <item extension="2017-05-01" root="2.16.840.1.113883.10.20.28.4.35"/>
               </templateId>
               <id extension="PalliativeCare_InterventionOrder"
                   root="40280381-3d61-56a7-013e-8698ab4f1e4a"/>
               <code valueSet="2.16.840.1.113883.3.600.1.1579"/>
               <title value="Intervention, Order"/>
               <statusCode code="ACTIVE"/>
            </actCriteria>
         </entry>
         <entry typeCode="DRIV">
            <localVariableName value="CareServicesinLong-TermResidentialFacility_EncounterPerformed_ZtkJU"/>
            <encounterCriteria classCode="ENC" moodCode="EVN">
               <templateId>
                  <item extension="2017-08-01" root="2.16.840.1.113883.10.20.28.4.5"/>
               </templateId>
               <id extension="CareServicesinLong-TermResidentialFacility_EncounterPerformed"
                   root="40280381-3d61-56a7-013e-8698ab4f1e5a"/>
               <code valueSet="2.16.840.1.113883.3.464.1003.101.12.1014"/>
               <title value="Encounter, Performed"/>
               <statusCode code="COMPLETED"/>
            </encounterCriteria>
         </entry>
         <entry typeCode="DRIV">
            <localVariableName value="PervasiveDevelopmentalDisorder_Diagnosis_pFhNu"/>
            <observationCriteria classCode="OBS" moodCode="EVN">
               <templateId>
                  <item extension="2017-08-01" root="2.16.840.1.113883.10.20.28.4.110"/>
               </templateId>
               <id extension="PervasiveDevelopmentalDisorder_Diagnosis"
                   root="94b7ae42-caa0-4853-8c2c-c8ae29dbe2f0"/>
               <code code="282291009" codeSystem="2.16.840.1.113883.6.96" codeSystemName="SNOMED CT">
                  <displayName value="Diagnosis"/>
               </code>
               <title value="Diagnosis"/>
               <statusCode code="COMPLETED"/>
               <value valueSet="2.16.840.1.113883.3.464.1003.105.12.1152" xsi:type="CD"/>
            </observationCriteria>
         </entry>
         <entry typeCode="DRIV">
            <localVariableName value="Dysthymia_Diagnosis_rbZWN"/>
            <observationCriteria classCode="OBS" moodCode="EVN">
               <templateId>
                  <item extension="2017-08-01" root="2.16.840.1.113883.10.20.28.4.110"/>
               </templateId>
               <id extension="Dysthymia_Diagnosis" root="c8089c2f-6d58-483e-9147-c43453e70cb6"/>
               <code code="282291009" codeSystem="2.16.840.1.113883.6.96" codeSystemName="SNOMED CT">
                  <displayName value="Diagnosis"/>
               </code>
               <title value="Diagnosis"/>
               <statusCode code="COMPLETED"/>
               <value valueSet="2.16.840.1.113883.3.67.1.101.1.254" xsi:type="CD"/>
            </observationCriteria>
         </entry>
         <entry typeCode="DRIV">
            <localVariableName value="Ethnicity_PatientCharacteristicEthnicity_bXf5K"/>
            <observationCriteria classCode="OBS" moodCode="EVN">
               <templateId>
                  <item extension="2017-05-01" root="2.16.840.1.113883.10.20.28.4.56"/>
               </templateId>
               <id extension="Ethnicity_PatientCharacteristicEthnicity"
                   root="4227e78b-d94e-4085-950c-943f68beb59f"/>
               <code code="54133-4" codeSystem="2.16.840.1.113883.6.1" codeSystemName="LOINC">
                  <displayName value="Ethnicity"/>
               </code>
               <title value="Patient Characteristic Ethnicity"/>
               <statusCode code="COMPLETED"/>
               <value valueSet="2.16.840.1.114222.4.11.837" xsi:type="CD"/>
            </observationCriteria>
         </entry>
         <entry typeCode="DRIV">
            <localVariableName value="BipolarDisorder_Diagnosis_r10MH"/>
            <observationCriteria classCode="OBS" moodCode="EVN">
               <templateId>
                  <item extension="2017-08-01" root="2.16.840.1.113883.10.20.28.4.110"/>
               </templateId>
               <id extension="BipolarDisorder_Diagnosis"
                   root="b45c9942-72a0-4c8e-be54-74393945dd48"/>
               <code code="282291009" codeSystem="2.16.840.1.113883.6.96" codeSystemName="SNOMED CT">
                  <displayName value="Diagnosis"/>
               </code>
               <title value="Diagnosis"/>
               <statusCode code="COMPLETED"/>
               <value valueSet="2.16.840.1.113883.3.67.1.101.1.128" xsi:type="CD"/>
            </observationCriteria>
         </entry>
         <entry typeCode="DRIV">
            <localVariableName value="ContactorOfficeVisit_EncounterPerformed_lWNxb"/>
            <encounterCriteria classCode="ENC" moodCode="EVN">
               <templateId>
                  <item extension="2017-08-01" root="2.16.840.1.113883.10.20.28.4.5"/>
               </templateId>
               <id extension="ContactorOfficeVisit_EncounterPerformed"
                   root="ce116525-40a6-4e97-be48-beff717e267a"/>
               <code valueSet="2.16.840.1.113762.1.4.1080.5"/>
               <title value="Encounter, Performed"/>
               <statusCode code="COMPLETED"/>
            </encounterCriteria>
         </entry>
         <entry typeCode="DRIV">
            <localVariableName value="Race_PatientCharacteristicRace_SVuhA"/>
            <observationCriteria classCode="OBS" moodCode="EVN">
               <templateId>
                  <item extension="2017-05-01" root="2.16.840.1.113883.10.20.28.4.59"/>
               </templateId>
               <id extension="Race_PatientCharacteristicRace"
                   root="9ba973e0-053e-47a1-8ebb-69b3738e6495"/>
               <code code="32624-9" codeSystem="2.16.840.1.113883.6.1" codeSystemName="LOINC">
                  <displayName value="Race"/>
               </code>
               <title value="Patient Characteristic Race"/>
               <statusCode code="COMPLETED"/>
               <value valueSet="2.16.840.1.114222.4.11.836" xsi:type="CD"/>
            </observationCriteria>
         </entry>
         <entry typeCode="DRIV">
            <localVariableName value="SchizophreniaorPsychoticDisorder_Diagnosis_DIkqq"/>
            <observationCriteria classCode="OBS" moodCode="EVN">
               <templateId>
                  <item extension="2017-08-01" root="2.16.840.1.113883.10.20.28.4.110"/>
               </templateId>
               <id extension="SchizophreniaorPsychoticDisorder_Diagnosis"
                   root="72f929ff-944e-4603-93f5-e110a0bfa43b"/>
               <code code="282291009" codeSystem="2.16.840.1.113883.6.96" codeSystemName="SNOMED CT">
                  <displayName value="Diagnosis"/>
               </code>
               <title value="Diagnosis"/>
               <statusCode code="COMPLETED"/>
               <value valueSet="2.16.840.1.113883.3.464.1003.105.12.1104" xsi:type="CD"/>
            </observationCriteria>
         </entry>
         <entry typeCode="DRIV">
            <localVariableName value="Palliativecareencounter_EncounterPerformed_vCUph"/>
            <encounterCriteria classCode="ENC" moodCode="EVN">
               <templateId>
                  <item extension="2017-08-01" root="2.16.840.1.113883.10.20.28.4.5"/>
               </templateId>
               <id extension="Palliativecareencounter_EncounterPerformed"
                   root="01669052-d11c-4b2d-8878-ddbb478debde"/>
               <code valueSet="2.16.840.1.113883.3.600.1.1575"/>
               <title value="Encounter, Performed"/>
               <statusCode code="COMPLETED"/>
            </encounterCriteria>
         </entry>
         <entry typeCode="DRIV">
            <localVariableName value="MajorDepressionIncludingRemission_Diagnosis_KS6nc"/>
            <observationCriteria classCode="OBS" moodCode="EVN">
               <templateId>
                  <item extension="2017-08-01" root="2.16.840.1.113883.10.20.28.4.110"/>
               </templateId>
               <id extension="MajorDepressionIncludingRemission_Diagnosis"
                   root="301a0fe0-2cf9-4c59-919d-087081f526f9"/>
               <code code="282291009" codeSystem="2.16.840.1.113883.6.96" codeSystemName="SNOMED CT">
                  <displayName value="Diagnosis"/>
               </code>
               <title value="Diagnosis"/>
               <statusCode code="COMPLETED"/>
               <value valueSet="2.16.840.113883.3.67.1.101.3.2444" xsi:type="CD"/>
            </observationCriteria>
         </entry>
         <entry typeCode="DRIV">
            <observationCriteria classCode="OBS" moodCode="EVN">
               <templateId>
                  <item extension="2017-05-01" root="2.16.840.1.113883.10.20.28.4.57"/>
               </templateId>
               <id extension="419099009_PatientCharacteristicExpired"
                   root="C2A87B89-6846-4C94-887D-4B17887ECBD3"/>
               <code code="ASSERTION" codeSystem="2.16.840.1.113883.5.4">
                  <displayName value="Assertion"/>
               </code>
               <title value="Patient Characteristic Expired"/>
               <statusCode code="COMPLETED"/>
               <value code="419099009" codeSystem="2.16.840.1.113883.6.96" xsi:type="CD"/>
            </observationCriteria>
         </entry>
         <entry typeCode="DRIV">
            <observationCriteria classCode="OBS" moodCode="EVN">
               <templateId>
                  <item extension="2017-05-01" root="2.16.840.1.113883.10.20.28.4.54"/>
               </templateId>
               <id extension="21112-8_PatientCharacteristicBirthdate"
                   root="D24AF6A2-735E-4F68-84D3-39DF428066AB"/>
               <code code="21112-8" codeSystem="2.16.840.1.113883.6.1" codeSystemName="LOINC"/>
               <title value="Patient Characteristic Birthdate"/>
               <statusCode code="COMPLETED"/>
            </observationCriteria>
         </entry>
      </dataCriteriaSection>
   </component>
   <component>
      <populationCriteriaSection>
         <templateId>
            <item extension="2017-08-01" root="2.16.840.1.113883.10.20.28.2.7"/>
         </templateId>
         <id extension="PopulationCriteria1" root="1423BF0E-4511-4A10-A4F0-6FA48F73B427"/>
         <code code="57026-7" codeSystem="2.16.840.1.113883.6.1"/>
         <title value="Population Criteria Section"/>
         <text/>
         <component typeCode="COMP">
            <initialPopulationCriteria classCode="OBS" moodCode="EVN">
               <id extension="initialPopulation" root="3E189A2F-18C6-4788-80AD-7B6D31977E23"/>
               <code code="IPOP" codeSystem="2.16.840.1.113883.5.4" codeSystemName="Act Code"/>
               <precondition typeCode="PRCN">
                  <criteriaReference classCode="OBS" moodCode="EVN">
                     <id extension="DepressionRemissionatTwelveMonths.&quot;Initial Population&quot;"
                         root="79A8F503-980E-4863-9162-A2FAF914736E"/>
                  </criteriaReference>
               </precondition>
            </initialPopulationCriteria>
         </component>
         <component typeCode="COMP">
            <denominatorCriteria classCode="OBS" moodCode="EVN">
               <id extension="denominator" root="9374A2BA-D848-4631-BD7F-B9301CB16C6F"/>
               <code code="DENOM" codeSystem="2.16.840.1.113883.5.4" codeSystemName="Act Code"/>
               <precondition typeCode="PRCN">
                  <criteriaReference classCode="OBS" moodCode="EVN">
                     <id extension="DepressionRemissionatTwelveMonths.&quot;Denominator&quot;"
                         root="79A8F503-980E-4863-9162-A2FAF914736E"/>
                  </criteriaReference>
               </precondition>
            </denominatorCriteria>
         </component>
         <component typeCode="COMP">
            <denominatorExclusionCriteria classCode="OBS" moodCode="EVN">
               <id extension="denominatorExclusions" root="368D79F7-DFF9-4987-B870-266C0560A1CE"/>
               <code code="DENEX" codeSystem="2.16.840.1.113883.5.4" codeSystemName="Act Code"/>
               <precondition typeCode="PRCN">
                  <criteriaReference classCode="OBS" moodCode="EVN">
                     <id extension="DepressionRemissionatTwelveMonths.&quot;Denominator Exclusions&quot;"
                         root="79A8F503-980E-4863-9162-A2FAF914736E"/>
                  </criteriaReference>
               </precondition>
            </denominatorExclusionCriteria>
         </component>
         <component typeCode="COMP">
            <numeratorCriteria classCode="OBS" moodCode="EVN">
               <id extension="numerator" root="A5976BE6-7F1C-419D-898D-7AFEB141A355"/>
               <code code="NUMER" codeSystem="2.16.840.1.113883.5.4" codeSystemName="Act Code"/>
               <precondition typeCode="PRCN">
                  <criteriaReference classCode="OBS" moodCode="EVN">
                     <id extension="DepressionRemissionatTwelveMonths.&quot;Numerator&quot;"
                         root="79A8F503-980E-4863-9162-A2FAF914736E"/>
                  </criteriaReference>
               </precondition>
            </numeratorCriteria>
         </component>
         <component typeCode="COMP">
            <stratifierCriteria>
               <id extension="Stratifiers" root="4A779584-DBC5-4A07-8E9F-A7502BA537E8"/>
               <code code="STRAT" codeSystem="2.16.840.1.113883.5.4" codeSystemName="Act Code"/>
               <precondition typeCode="PRCN">
                  <criteriaReference classCode="OBS" moodCode="EVN">
                     <id extension="DepressionRemissionatTwelveMonths.&quot;Stratification 1&quot;"
                         root="79A8F503-980E-4863-9162-A2FAF914736E"/>
                  </criteriaReference>
               </precondition>
            </stratifierCriteria>
         </component>
         <component typeCode="COMP">
            <stratifierCriteria>
               <id extension="Stratifiers" root="28EB1666-9599-452B-A722-5FDB1BA72FF4"/>
               <code code="STRAT" codeSystem="2.16.840.1.113883.5.4" codeSystemName="Act Code"/>
               <precondition typeCode="PRCN">
                  <criteriaReference classCode="OBS" moodCode="EVN">
                     <id extension="DepressionRemissionatTwelveMonths.&quot;Stratification 2&quot;"
                         root="79A8F503-980E-4863-9162-A2FAF914736E"/>
                  </criteriaReference>
               </precondition>
            </stratifierCriteria>
         </component>
         <component typeCode="COMP">
            <cql-ext:supplementalDataElement>
               <id extension="Supplemental Data Elements"
                   root="DEF1EA25-0D02-4ADB-A778-1030BB1F1C35"/>
               <code code="SDE" codeSystem="2.16.840.1.113883.5.4" codeSystemName="Act Code"/>
               <precondition typeCode="PRCN">
                  <criteriaReference classCode="OBS" moodCode="EVN">
                     <id extension="DepressionRemissionatTwelveMonths.&quot;SDE Ethnicity&quot;"
                         root="79A8F503-980E-4863-9162-A2FAF914736E"/>
                  </criteriaReference>
               </precondition>
            </cql-ext:supplementalDataElement>
         </component>
         <component typeCode="COMP">
            <cql-ext:supplementalDataElement>
               <id extension="Supplemental Data Elements"
                   root="E320B8AE-B58F-4BD7-AFA9-752807149ACF"/>
               <code code="SDE" codeSystem="2.16.840.1.113883.5.4" codeSystemName="Act Code"/>
               <precondition typeCode="PRCN">
                  <criteriaReference classCode="OBS" moodCode="EVN">
                     <id extension="DepressionRemissionatTwelveMonths.&quot;SDE Payer&quot;"
                         root="79A8F503-980E-4863-9162-A2FAF914736E"/>
                  </criteriaReference>
               </precondition>
            </cql-ext:supplementalDataElement>
         </component>
         <component typeCode="COMP">
            <cql-ext:supplementalDataElement>
               <id extension="Supplemental Data Elements"
                   root="21E9EEC4-99C5-4400-9F61-39833548A1CC"/>
               <code code="SDE" codeSystem="2.16.840.1.113883.5.4" codeSystemName="Act Code"/>
               <precondition typeCode="PRCN">
                  <criteriaReference classCode="OBS" moodCode="EVN">
                     <id extension="DepressionRemissionatTwelveMonths.&quot;SDE Race&quot;"
                         root="79A8F503-980E-4863-9162-A2FAF914736E"/>
                  </criteriaReference>
               </precondition>
            </cql-ext:supplementalDataElement>
         </component>
         <component typeCode="COMP">
            <cql-ext:supplementalDataElement>
               <id extension="Supplemental Data Elements"
                   root="5F498ACB-0DCF-4ECA-9D97-13C544590FE1"/>
               <code code="SDE" codeSystem="2.16.840.1.113883.5.4" codeSystemName="Act Code"/>
               <precondition typeCode="PRCN">
                  <criteriaReference classCode="OBS" moodCode="EVN">
                     <id extension="DepressionRemissionatTwelveMonths.&quot;SDE Sex&quot;"
                         root="79A8F503-980E-4863-9162-A2FAF914736E"/>
                  </criteriaReference>
               </precondition>
            </cql-ext:supplementalDataElement>
         </component>
      </populationCriteriaSection>
   </component>
</QualityMeasureDocument>