{
   "library" : {
      "identifier" : {
         "id" : "DocumentationofCurrentMedications",
         "version" : "10.3.000"
      },
      "schemaIdentifier" : {
         "id" : "urn:hl7-org:elm",
         "version" : "r1"
      },
      "usings" : {
         "def" : [ {
            "localIdentifier" : "System",
            "uri" : "urn:hl7-org:elm-types:r1"
         }, {
            "localId" : "1",
            "locator" : "3:1-3:23",
            "localIdentifier" : "QDM",
            "uri" : "urn:healthit-gov:qdm:v5_5",
            "version" : "5.5"
         } ]
      },
      "includes" : {
         "def" : [ {
            "localId" : "2",
            "locator" : "5:1-5:64",
            "localIdentifier" : "Global",
            "path" : "MATGlobalCommonFunctions",
            "version" : "5.0.000"
         } ]
      },
      "parameters" : {
         "def" : [ {
            "localId" : "17",
            "locator" : "20:1-20:49",
            "name" : "Measurement Period",
            "accessLevel" : "Public",
            "parameterTypeSpecifier" : {
               "localId" : "16",
               "locator" : "20:32-20:49",
               "type" : "IntervalTypeSpecifier",
               "pointType" : {
                  "localId" : "15",
                  "locator" : "20:41-20:48",
                  "name" : "{urn:hl7-org:elm-types:r1}DateTime",
                  "type" : "NamedTypeSpecifier"
               }
            }
         } ]
      },
      "codeSystems" : {
         "def" : [ {
            "localId" : "3",
            "locator" : "7:1-7:51",
            "name" : "LOINC",
            "id" : "urn:oid:2.16.840.1.113883.6.1",
            "accessLevel" : "Public"
         }, {
            "localId" : "4",
            "locator" : "8:1-8:55",
            "name" : "SNOMEDCT",
            "id" : "urn:oid:2.16.840.1.113883.6.96",
            "accessLevel" : "Public"
         } ]
      },
      "valueSets" : {
         "def" : [ {
            "localId" : "5",
            "locator" : "10:1-10:86",
            "name" : "Encounter to Document Medications",
            "id" : "urn:oid:2.16.840.1.113883.3.600.1.1834",
            "accessLevel" : "Public"
         }, {
            "localId" : "6",
            "locator" : "11:1-11:58",
            "name" : "Ethnicity",
            "id" : "urn:oid:2.16.840.1.114222.4.11.837",
            "accessLevel" : "Public"
         }, {
            "localId" : "7",
            "locator" : "12:1-12:67",
            "name" : "Medical Reason",
            "id" : "urn:oid:2.16.840.1.113883.3.526.3.1007",
            "accessLevel" : "Public"
         }, {
            "localId" : "8",
            "locator" : "13:1-13:68",
            "name" : "ONC Administrative Sex",
            "id" : "urn:oid:2.16.840.1.113762.1.4.1",
            "accessLevel" : "Public"
         }, {
            "localId" : "9",
            "locator" : "14:1-14:55",
            "name" : "Payer",
            "id" : "urn:oid:2.16.840.1.114222.4.11.3591",
            "accessLevel" : "Public"
         }, {
            "localId" : "10",
            "locator" : "15:1-15:53",
            "name" : "Race",
            "id" : "urn:oid:2.16.840.1.114222.4.11.836",
            "accessLevel" : "Public"
         } ]
      },
      "codes" : {
         "def" : [ {
            "localId" : "12",
            "locator" : "17:1-17:62",
            "name" : "Birth date",
            "id" : "21112-8",
            "display" : "Birth date",
            "accessLevel" : "Public",
            "codeSystem" : {
               "localId" : "11",
               "locator" : "17:35-17:41",
               "name" : "LOINC"
            }
         }, {
            "localId" : "14",
            "locator" : "18:1-18:149",
            "name" : "Documentation of current medications (procedure)",
            "id" : "428191000124101",
            "display" : "Documentation of current medications (procedure)",
            "accessLevel" : "Public",
            "codeSystem" : {
               "localId" : "13",
               "locator" : "18:81-18:90",
               "name" : "SNOMEDCT"
            }
         } ]
      },
      "statements" : {
         "def" : [ {
            "locator" : "22:1-22:15",
            "name" : "Patient",
            "context" : "Patient",
            "expression" : {
               "type" : "SingletonFrom",
               "operand" : {
                  "locator" : "22:1-22:15",
                  "dataType" : "{urn:healthit-gov:qdm:v5_5}Patient",
                  "templateId" : "Patient",
                  "type" : "Retrieve"
               }
            }
         }, {
            "localId" : "19",
            "locator" : "24:1-25:51",
            "name" : "SDE Ethnicity",
            "context" : "Patient",
            "accessLevel" : "Public",
            "annotation" : [ {
               "type" : "Annotation",
               "s" : {
                  "r" : "19",
                  "s" : [ {
                     "value" : [ "define ","\"SDE Ethnicity\"",":\n  " ]
                  }, {
                     "r" : "18",
                     "s" : [ {
                        "value" : [ "[","\"Patient Characteristic Ethnicity\"",": " ]
                     }, {
                        "s" : [ {
                           "value" : [ "\"Ethnicity\"" ]
                        } ]
                     }, {
                        "value" : [ "]" ]
                     } ]
                  } ]
               }
            } ],
            "expression" : {
               "localId" : "18",
               "locator" : "25:3-25:51",
               "dataType" : "{urn:healthit-gov:qdm:v5_5}PatientCharacteristicEthnicity",
               "codeProperty" : "code",
               "type" : "Retrieve",
               "codes" : {
                  "locator" : "25:40-25:50",
                  "name" : "Ethnicity",
                  "type" : "ValueSetRef"
               }
            }
         }, {
            "localId" : "21",
            "locator" : "27:1-28:43",
            "name" : "SDE Payer",
            "context" : "Patient",
            "accessLevel" : "Public",
            "annotation" : [ {
               "type" : "Annotation",
               "s" : {
                  "r" : "21",
                  "s" : [ {
                     "value" : [ "define ","\"SDE Payer\"",":\n  " ]
                  }, {
                     "r" : "20",
                     "s" : [ {
                        "value" : [ "[","\"Patient Characteristic Payer\"",": " ]
                     }, {
                        "s" : [ {
                           "value" : [ "\"Payer\"" ]
                        } ]
                     }, {
                        "value" : [ "]" ]
                     } ]
                  } ]
               }
            } ],
            "expression" : {
               "localId" : "20",
               "locator" : "28:3-28:43",
               "dataType" : "{urn:healthit-gov:qdm:v5_5}PatientCharacteristicPayer",
               "codeProperty" : "code",
               "type" : "Retrieve",
               "codes" : {
                  "locator" : "28:36-28:42",
                  "name" : "Payer",
                  "type" : "ValueSetRef"
               }
            }
         }, {
            "localId" : "23",
            "locator" : "30:1-31:41",
            "name" : "SDE Race",
            "context" : "Patient",
            "accessLevel" : "Public",
            "annotation" : [ {
               "type" : "Annotation",
               "s" : {
                  "r" : "23",
                  "s" : [ {
                     "value" : [ "define ","\"SDE Race\"",":\n  " ]
                  }, {
                     "r" : "22",
                     "s" : [ {
                        "value" : [ "[","\"Patient Characteristic Race\"",": " ]
                     }, {
                        "s" : [ {
                           "value" : [ "\"Race\"" ]
                        } ]
                     }, {
                        "value" : [ "]" ]
                     } ]
                  } ]
               }
            } ],
            "expression" : {
               "localId" : "22",
               "locator" : "31:3-31:41",
               "dataType" : "{urn:healthit-gov:qdm:v5_5}PatientCharacteristicRace",
               "codeProperty" : "code",
               "type" : "Retrieve",
               "codes" : {
                  "locator" : "31:35-31:40",
                  "name" : "Race",
                  "type" : "ValueSetRef"
               }
            }
         }, {
            "localId" : "25",
            "locator" : "33:1-34:58",
            "name" : "SDE Sex",
            "context" : "Patient",
            "accessLevel" : "Public",
            "annotation" : [ {
               "type" : "Annotation",
               "s" : {
                  "r" : "25",
                  "s" : [ {
                     "value" : [ "define ","\"SDE Sex\"",":\n  " ]
                  }, {
                     "r" : "24",
                     "s" : [ {
                        "value" : [ "[","\"Patient Characteristic Sex\"",": " ]
                     }, {
                        "s" : [ {
                           "value" : [ "\"ONC Administrative Sex\"" ]
                        } ]
                     }, {
                        "value" : [ "]" ]
                     } ]
                  } ]
               }
            } ],
            "expression" : {
               "localId" : "24",
               "locator" : "34:3-34:58",
               "dataType" : "{urn:healthit-gov:qdm:v5_5}PatientCharacteristicSex",
               "codeProperty" : "code",
               "type" : "Retrieve",
               "codes" : {
                  "locator" : "34:34-34:57",
                  "name" : "ONC Administrative Sex",
                  "type" : "ValueSetRef"
               }
            }
         }, {
            "localId" : "33",
            "locator" : "57:1-59:67",
            "name" : "Qualifying Encounter During Measurement Period",
            "context" : "Patient",
            "accessLevel" : "Public",
            "annotation" : [ {
               "type" : "Annotation",
               "s" : {
                  "r" : "33",
                  "s" : [ {
                     "value" : [ "define ","\"Qualifying Encounter During Measurement Period\"",":\n  " ]
                  }, {
                     "r" : "32",
                     "s" : [ {
                        "s" : [ {
                           "r" : "27",
                           "s" : [ {
                              "r" : "26",
                              "s" : [ {
                                 "r" : "26",
                                 "s" : [ {
                                    "value" : [ "[","\"Encounter, Performed\"",": " ]
                                 }, {
                                    "s" : [ {
                                       "value" : [ "\"Encounter to Document Medications\"" ]
                                    } ]
                                 }, {
                                    "value" : [ "]" ]
                                 } ]
                              } ]
                           }, {
                              "value" : [ " ","ValidEncounter" ]
                           } ]
                        } ]
                     }, {
                        "value" : [ "\n    " ]
                     }, {
                        "r" : "31",
                        "s" : [ {
                           "value" : [ "where " ]
                        }, {
                           "r" : "31",
                           "s" : [ {
                              "r" : "29",
                              "s" : [ {
                                 "r" : "28",
                                 "s" : [ {
                                    "value" : [ "ValidEncounter" ]
                                 } ]
                              }, {
                                 "value" : [ "." ]
                              }, {
                                 "r" : "29",
                                 "s" : [ {
                                    "value" : [ "relevantPeriod" ]
                                 } ]
                              } ]
                           }, {
                              "r" : "31",
                              "value" : [ " ","during"," " ]
                           }, {
                              "r" : "30",
                              "s" : [ {
                                 "value" : [ "\"Measurement Period\"" ]
                              } ]
                           } ]
                        } ]
                     } ]
                  } ]
               }
            } ],
            "expression" : {
               "localId" : "32",
               "locator" : "58:3-59:67",
               "type" : "Query",
               "source" : [ {
                  "localId" : "27",
                  "locator" : "58:3-58:78",
                  "alias" : "ValidEncounter",
                  "expression" : {
                     "localId" : "26",
                     "locator" : "58:3-58:63",
                     "dataType" : "{urn:healthit-gov:qdm:v5_5}PositiveEncounterPerformed",
                     "templateId" : "PositiveEncounterPerformed",
                     "codeProperty" : "code",
                     "type" : "Retrieve",
                     "codes" : {
                        "locator" : "58:28-58:62",
                        "name" : "Encounter to Document Medications",
                        "type" : "ValueSetRef"
                     }
                  }
               } ],
               "relationship" : [ ],
               "where" : {
                  "localId" : "31",
                  "locator" : "59:5-59:67",
                  "type" : "IncludedIn",
                  "operand" : [ {
                     "localId" : "29",
                     "locator" : "59:11-59:39",
                     "path" : "relevantPeriod",
                     "scope" : "ValidEncounter",
                     "type" : "Property"
                  }, {
                     "localId" : "30",
                     "locator" : "59:48-59:67",
                     "name" : "Measurement Period",
                     "type" : "ParameterRef"
                  } ]
               }
            }
         }, {
            "localId" : "47",
            "locator" : "36:1-40:96",
            "name" : "Numerator",
            "context" : "Patient",
            "accessLevel" : "Public",
            "annotation" : [ {
               "type" : "Annotation",
               "s" : {
                  "r" : "47",
                  "s" : [ {
                     "value" : [ "define ","\"Numerator\"",":\n  " ]
                  }, {
                     "r" : "46",
                     "s" : [ {
                        "s" : [ {
                           "r" : "35",
                           "s" : [ {
                              "r" : "34",
                              "s" : [ {
                                 "s" : [ {
                                    "value" : [ "\"Qualifying Encounter During Measurement Period\"" ]
                                 } ]
                              } ]
                           }, {
                              "value" : [ " ","QualifyingEncounter" ]
                           } ]
                        } ]
                     }, {
                        "value" : [ "\n    " ]
                     }, {
                        "r" : "45",
                        "s" : [ {
                           "value" : [ "with " ]
                        }, {
                           "r" : "39",
                           "s" : [ {
                              "r" : "38",
                              "s" : [ {
                                 "value" : [ "( " ]
                              }, {
                                 "r" : "38",
                                 "s" : [ {
                                    "r" : "36",
                                    "s" : [ {
                                       "value" : [ "[","\"Procedure, Performed\"",": " ]
                                    }, {
                                       "s" : [ {
                                          "value" : [ "\"Documentation of current medications (procedure)\"" ]
                                       } ]
                                    }, {
                                       "value" : [ "]" ]
                                    } ]
                                 }, {
                                    "value" : [ "\n      union " ]
                                 }, {
                                    "r" : "37",
                                    "s" : [ {
                                       "value" : [ "[","\"Intervention, Performed\"",": " ]
                                    }, {
                                       "s" : [ {
                                          "value" : [ "\"Documentation of current medications (procedure)\"" ]
                                       } ]
                                    }, {
                                       "value" : [ "]" ]
                                    } ]
                                 } ]
                              }, {
                                 "value" : [ " )" ]
                              } ]
                           }, {
                              "value" : [ " ","MedicationsDocumented" ]
                           } ]
                        }, {
                           "value" : [ "\n      such that " ]
                        }, {
                           "r" : "44",
                           "s" : [ {
                              "r" : "41",
                              "s" : [ {
                                 "r" : "40",
                                 "s" : [ {
                                    "value" : [ "MedicationsDocumented" ]
                                 } ]
                              }, {
                                 "value" : [ "." ]
                              }, {
                                 "r" : "41",
                                 "s" : [ {
                                    "value" : [ "relevantDatetime" ]
                                 } ]
                              } ]
                           }, {
                              "r" : "44",
                              "value" : [ " ","during"," " ]
                           }, {
                              "r" : "43",
                              "s" : [ {
                                 "r" : "42",
                                 "s" : [ {
                                    "value" : [ "QualifyingEncounter" ]
                                 } ]
                              }, {
                                 "value" : [ "." ]
                              }, {
                                 "r" : "43",
                                 "s" : [ {
                                    "value" : [ "relevantPeriod" ]
                                 } ]
                              } ]
                           } ]
                        } ]
                     } ]
                  } ]
               }
            } ],
            "expression" : {
               "localId" : "46",
               "locator" : "37:3-40:96",
               "type" : "Query",
               "source" : [ {
                  "localId" : "35",
                  "locator" : "37:3-37:70",
                  "alias" : "QualifyingEncounter",
                  "expression" : {
                     "localId" : "34",
                     "locator" : "37:3-37:50",
                     "name" : "Qualifying Encounter During Measurement Period",
                     "type" : "ExpressionRef"
                  }
               } ],
               "relationship" : [ {
                  "localId" : "45",
                  "locator" : "38:5-40:96",
                  "alias" : "MedicationsDocumented",
                  "type" : "With",
                  "expression" : {
                     "localId" : "38",
                     "locator" : "38:10-39:93",
                     "type" : "Union",
                     "operand" : [ {
                        "type" : "As",
                        "operand" : {
                           "localId" : "36",
                           "locator" : "38:12-38:87",
                           "dataType" : "{urn:healthit-gov:qdm:v5_5}PositiveProcedurePerformed",
                           "templateId" : "PositiveProcedurePerformed",
                           "codeProperty" : "code",
                           "type" : "Retrieve",
                           "codes" : {
                              "type" : "ToList",
                              "operand" : {
                                 "locator" : "38:37-38:86",
                                 "name" : "Documentation of current medications (procedure)",
                                 "type" : "CodeRef"
                              }
                           }
                        },
                        "asTypeSpecifier" : {
                           "type" : "ListTypeSpecifier",
                           "elementType" : {
                              "type" : "ChoiceTypeSpecifier",
                              "choice" : [ {
                                 "name" : "{urn:healthit-gov:qdm:v5_5}PositiveInterventionPerformed",
                                 "type" : "NamedTypeSpecifier"
                              }, {
                                 "name" : "{urn:healthit-gov:qdm:v5_5}PositiveProcedurePerformed",
                                 "type" : "NamedTypeSpecifier"
                              } ]
                           }
                        }
                     }, {
                        "type" : "As",
                        "operand" : {
                           "localId" : "37",
                           "locator" : "39:13-39:91",
                           "dataType" : "{urn:healthit-gov:qdm:v5_5}PositiveInterventionPerformed",
                           "templateId" : "PositiveInterventionPerformed",
                           "codeProperty" : "code",
                           "type" : "Retrieve",
                           "codes" : {
                              "type" : "ToList",
                              "operand" : {
                                 "locator" : "39:41-39:90",
                                 "name" : "Documentation of current medications (procedure)",
                                 "type" : "CodeRef"
                              }
                           }
                        },
                        "asTypeSpecifier" : {
                           "type" : "ListTypeSpecifier",
                           "elementType" : {
                              "type" : "ChoiceTypeSpecifier",
                              "choice" : [ {
                                 "name" : "{urn:healthit-gov:qdm:v5_5}PositiveInterventionPerformed",
                                 "type" : "NamedTypeSpecifier"
                              }, {
                                 "name" : "{urn:healthit-gov:qdm:v5_5}PositiveProcedurePerformed",
                                 "type" : "NamedTypeSpecifier"
                              } ]
                           }
                        }
                     } ]
                  },
                  "suchThat" : {
                     "localId" : "44",
                     "locator" : "40:17-40:96",
                     "type" : "In",
                     "operand" : [ {
                        "localId" : "41",
                        "locator" : "40:17-40:54",
                        "path" : "relevantDatetime",
                        "scope" : "MedicationsDocumented",
                        "type" : "Property"
                     }, {
                        "localId" : "43",
                        "locator" : "40:63-40:96",
                        "path" : "relevantPeriod",
                        "scope" : "QualifyingEncounter",
                        "type" : "Property"
                     } ]
                  }
               } ]
            }
         }, {
            "localId" : "62",
            "locator" : "42:1-45:110",
            "name" : "Initial Population",
            "context" : "Patient",
            "accessLevel" : "Public",
            "annotation" : [ {
               "type" : "Annotation",
               "s" : {
                  "r" : "62",
                  "s" : [ {
                     "value" : [ "define ","\"Initial Population\"",":\n  " ]
                  }, {
                     "r" : "61",
                     "s" : [ {
                        "s" : [ {
                           "r" : "49",
                           "s" : [ {
                              "r" : "48",
                              "s" : [ {
                                 "s" : [ {
                                    "value" : [ "\"Qualifying Encounter During Measurement Period\"" ]
                                 } ]
                              } ]
                           }, {
                              "value" : [ " ","QualifyingEncounter" ]
                           } ]
                        } ]
                     }, {
                        "value" : [ "\n    " ]
                     }, {
                        "r" : "60",
                        "s" : [ {
                           "value" : [ "with " ]
                        }, {
                           "r" : "51",
                           "s" : [ {
                              "r" : "50",
                              "s" : [ {
                                 "r" : "50",
                                 "s" : [ {
                                    "value" : [ "[","\"Patient Characteristic Birthdate\"",": " ]
                                 }, {
                                    "s" : [ {
                                       "value" : [ "\"Birth date\"" ]
                                    } ]
                                 }, {
                                    "value" : [ "]" ]
                                 } ]
                              } ]
                           }, {
                              "value" : [ " ","BirthDate" ]
                           } ]
                        }, {
                           "value" : [ "\n      such that " ]
                        }, {
                           "r" : "59",
                           "s" : [ {
                              "r" : "57",
                              "s" : [ {
                                 "r" : "52",
                                 "s" : [ {
                                    "value" : [ "Global" ]
                                 } ]
                              }, {
                                 "value" : [ "." ]
                              }, {
                                 "r" : "57",
                                 "s" : [ {
                                    "value" : [ "\"CalendarAgeInYearsAt\""," ( " ]
                                 }, {
                                    "r" : "54",
                                    "s" : [ {
                                       "r" : "53",
                                       "s" : [ {
                                          "value" : [ "BirthDate" ]
                                       } ]
                                    }, {
                                       "value" : [ "." ]
                                    }, {
                                       "r" : "54",
                                       "s" : [ {
                                          "value" : [ "birthDatetime" ]
                                       } ]
                                    } ]
                                 }, {
                                    "value" : [ ", " ]
                                 }, {
                                    "r" : "56",
                                    "s" : [ {
                                       "value" : [ "start of " ]
                                    }, {
                                       "r" : "55",
                                       "s" : [ {
                                          "value" : [ "\"Measurement Period\"" ]
                                       } ]
                                    } ]
                                 }, {
                                    "value" : [ " )" ]
                                 } ]
                              } ]
                           }, {
                              "r" : "58",
                              "value" : [ " ",">="," ","18" ]
                           } ]
                        } ]
                     } ]
                  } ]
               }
            } ],
            "expression" : {
               "localId" : "61",
               "locator" : "43:3-45:110",
               "type" : "Query",
               "source" : [ {
                  "localId" : "49",
                  "locator" : "43:3-43:70",
                  "alias" : "QualifyingEncounter",
                  "expression" : {
                     "localId" : "48",
                     "locator" : "43:3-43:50",
                     "name" : "Qualifying Encounter During Measurement Period",
                     "type" : "ExpressionRef"
                  }
               } ],
               "relationship" : [ {
                  "localId" : "60",
                  "locator" : "44:5-45:110",
                  "alias" : "BirthDate",
                  "type" : "With",
                  "expression" : {
                     "localId" : "50",
                     "locator" : "44:10-44:59",
                     "dataType" : "{urn:healthit-gov:qdm:v5_5}PatientCharacteristicBirthdate",
                     "codeProperty" : "code",
                     "type" : "Retrieve",
                     "codes" : {
                        "type" : "ToList",
                        "operand" : {
                           "locator" : "44:47-44:58",
                           "name" : "Birth date",
                           "type" : "CodeRef"
                        }
                     }
                  },
                  "suchThat" : {
                     "localId" : "59",
                     "locator" : "45:17-45:110",
                     "type" : "GreaterOrEqual",
                     "operand" : [ {
                        "localId" : "57",
                        "locator" : "45:17-45:104",
                        "name" : "CalendarAgeInYearsAt",
                        "libraryName" : "Global",
                        "type" : "FunctionRef",
                        "operand" : [ {
                           "localId" : "54",
                           "locator" : "45:49-45:71",
                           "path" : "birthDatetime",
                           "scope" : "BirthDate",
                           "type" : "Property"
                        }, {
                           "localId" : "56",
                           "locator" : "45:74-45:102",
                           "type" : "Start",
                           "operand" : {
                              "localId" : "55",
                              "locator" : "45:83-45:102",
                              "name" : "Measurement Period",
                              "type" : "ParameterRef"
                           }
                        } ]
                     }, {
                        "localId" : "58",
                        "locator" : "45:109-45:110",
                        "valueType" : "{urn:hl7-org:elm-types:r1}Integer",
                        "value" : "18",
                        "type" : "Literal"
                     } ]
                  }
               } ]
            }
         }, {
            "localId" : "64",
            "locator" : "47:1-48:22",
            "name" : "Denominator",
            "context" : "Patient",
            "accessLevel" : "Public",
            "annotation" : [ {
               "type" : "Annotation",
               "s" : {
                  "r" : "64",
                  "s" : [ {
                     "value" : [ "define ","\"Denominator\"",":\n  " ]
                  }, {
                     "r" : "63",
                     "s" : [ {
                        "value" : [ "\"Initial Population\"" ]
                     } ]
                  } ]
               }
            } ],
            "expression" : {
               "localId" : "63",
               "locator" : "48:3-48:22",
               "name" : "Initial Population",
               "type" : "ExpressionRef"
            }
         }, {
            "localId" : "83",
            "locator" : "50:1-55:74",
            "name" : "Denominator Exceptions",
            "context" : "Patient",
            "accessLevel" : "Public",
            "annotation" : [ {
               "type" : "Annotation",
               "s" : {
                  "r" : "83",
                  "s" : [ {
                     "value" : [ "define ","\"Denominator Exceptions\"",":\n  " ]
                  }, {
                     "r" : "82",
                     "s" : [ {
                        "s" : [ {
                           "r" : "66",
                           "s" : [ {
                              "r" : "65",
                              "s" : [ {
                                 "s" : [ {
                                    "value" : [ "\"Qualifying Encounter During Measurement Period\"" ]
                                 } ]
                              } ]
                           }, {
                              "value" : [ " ","QualifyingEncounter" ]
                           } ]
                        } ]
                     }, {
                        "value" : [ "\n    " ]
                     }, {
                        "r" : "81",
                        "s" : [ {
                           "value" : [ "with " ]
                        }, {
                           "r" : "70",
                           "s" : [ {
                              "r" : "69",
                              "s" : [ {
                                 "value" : [ "( " ]
                              }, {
                                 "r" : "69",
                                 "s" : [ {
                                    "r" : "67",
                                    "s" : [ {
                                       "value" : [ "[","\"Procedure, Not Performed\"",": " ]
                                    }, {
                                       "s" : [ {
                                          "value" : [ "\"Documentation of current medications (procedure)\"" ]
                                       } ]
                                    }, {
                                       "value" : [ "]" ]
                                    } ]
                                 }, {
                                    "value" : [ "\n      union " ]
                                 }, {
                                    "r" : "68",
                                    "s" : [ {
                                       "value" : [ "[","\"Intervention, Not Performed\"",": " ]
                                    }, {
                                       "s" : [ {
                                          "value" : [ "\"Documentation of current medications (procedure)\"" ]
                                       } ]
                                    }, {
                                       "value" : [ "]" ]
                                    } ]
                                 } ]
                              }, {
                                 "value" : [ " )" ]
                              } ]
                           }, {
                              "value" : [ " ","MedicationsNotDocumented" ]
                           } ]
                        }, {
                           "value" : [ "\n      such that " ]
                        }, {
                           "r" : "80",
                           "s" : [ {
                              "r" : "75",
                              "s" : [ {
                                 "r" : "72",
                                 "s" : [ {
                                    "r" : "71",
                                    "s" : [ {
                                       "value" : [ "MedicationsNotDocumented" ]
                                    } ]
                                 }, {
                                    "value" : [ "." ]
                                 }, {
                                    "r" : "72",
                                    "s" : [ {
                                       "value" : [ "authorDatetime" ]
                                    } ]
                                 } ]
                              }, {
                                 "r" : "75",
                                 "value" : [ " ","during"," " ]
                              }, {
                                 "r" : "74",
                                 "s" : [ {
                                    "r" : "73",
                                    "s" : [ {
                                       "value" : [ "QualifyingEncounter" ]
                                    } ]
                                 }, {
                                    "value" : [ "." ]
                                 }, {
                                    "r" : "74",
                                    "s" : [ {
                                       "value" : [ "relevantPeriod" ]
                                    } ]
                                 } ]
                              } ]
                           }, {
                              "value" : [ "\n        and " ]
                           }, {
                              "r" : "79",
                              "s" : [ {
                                 "r" : "77",
                                 "s" : [ {
                                    "r" : "76",
                                    "s" : [ {
                                       "value" : [ "MedicationsNotDocumented" ]
                                    } ]
                                 }, {
                                    "value" : [ "." ]
                                 }, {
                                    "r" : "77",
                                    "s" : [ {
                                       "value" : [ "negationRationale" ]
                                    } ]
                                 } ]
                              }, {
                                 "value" : [ " in " ]
                              }, {
                                 "r" : "78",
                                 "s" : [ {
                                    "value" : [ "\"Medical Reason\"" ]
                                 } ]
                              } ]
                           } ]
                        } ]
                     } ]
                  } ]
               }
            } ],
            "expression" : {
               "localId" : "82",
               "locator" : "51:3-55:74",
               "type" : "Query",
               "source" : [ {
                  "localId" : "66",
                  "locator" : "51:3-51:70",
                  "alias" : "QualifyingEncounter",
                  "expression" : {
                     "localId" : "65",
                     "locator" : "51:3-51:50",
                     "name" : "Qualifying Encounter During Measurement Period",
                     "type" : "ExpressionRef"
                  }
               } ],
               "relationship" : [ {
                  "localId" : "81",
                  "locator" : "52:5-55:74",
                  "alias" : "MedicationsNotDocumented",
                  "type" : "With",
                  "expression" : {
                     "localId" : "69",
                     "locator" : "52:10-53:97",
                     "type" : "Union",
                     "operand" : [ {
                        "type" : "As",
                        "operand" : {
                           "localId" : "67",
                           "locator" : "52:12-52:91",
                           "dataType" : "{urn:healthit-gov:qdm:v5_5}NegativeProcedurePerformed",
                           "templateId" : "NegativeProcedurePerformed",
                           "codeProperty" : "code",
                           "type" : "Retrieve",
                           "codes" : {
                              "type" : "ToList",
                              "operand" : {
                                 "locator" : "52:41-52:90",
                                 "name" : "Documentation of current medications (procedure)",
                                 "type" : "CodeRef"
                              }
                           }
                        },
                        "asTypeSpecifier" : {
                           "type" : "ListTypeSpecifier",
                           "elementType" : {
                              "type" : "ChoiceTypeSpecifier",
                              "choice" : [ {
                                 "name" : "{urn:healthit-gov:qdm:v5_5}NegativeInterventionPerformed",
                                 "type" : "NamedTypeSpecifier"
                              }, {
                                 "name" : "{urn:healthit-gov:qdm:v5_5}NegativeProcedurePerformed",
                                 "type" : "NamedTypeSpecifier"
                              } ]
                           }
                        }
                     }, {
                        "type" : "As",
                        "operand" : {
                           "localId" : "68",
                           "locator" : "53:13-53:95",
                           "dataType" : "{urn:healthit-gov:qdm:v5_5}NegativeInterventionPerformed",
                           "templateId" : "NegativeInterventionPerformed",
                           "codeProperty" : "code",
                           "type" : "Retrieve",
                           "codes" : {
                              "type" : "ToList",
                              "operand" : {
                                 "locator" : "53:45-53:94",
                                 "name" : "Documentation of current medications (procedure)",
                                 "type" : "CodeRef"
                              }
                           }
                        },
                        "asTypeSpecifier" : {
                           "type" : "ListTypeSpecifier",
                           "elementType" : {
                              "type" : "ChoiceTypeSpecifier",
                              "choice" : [ {
                                 "name" : "{urn:healthit-gov:qdm:v5_5}NegativeInterventionPerformed",
                                 "type" : "NamedTypeSpecifier"
                              }, {
                                 "name" : "{urn:healthit-gov:qdm:v5_5}NegativeProcedurePerformed",
                                 "type" : "NamedTypeSpecifier"
                              } ]
                           }
                        }
                     } ]
                  },
                  "suchThat" : {
                     "localId" : "80",
                     "locator" : "54:17-55:74",
                     "type" : "And",
                     "operand" : [ {
                        "localId" : "75",
                        "locator" : "54:17-54:97",
                        "type" : "In",
                        "operand" : [ {
                           "localId" : "72",
                           "locator" : "54:17-54:55",
                           "path" : "authorDatetime",
                           "scope" : "MedicationsNotDocumented",
                           "type" : "Property"
                        }, {
                           "localId" : "74",
                           "locator" : "54:64-54:97",
                           "path" : "relevantPeriod",
                           "scope" : "QualifyingEncounter",
                           "type" : "Property"
                        } ]
                     }, {
                        "localId" : "79",
                        "locator" : "55:13-55:74",
                        "type" : "InValueSet",
                        "code" : {
                           "localId" : "77",
                           "locator" : "55:13-55:54",
                           "path" : "negationRationale",
                           "scope" : "MedicationsNotDocumented",
                           "type" : "Property"
                        },
                        "valueset" : {
                           "localId" : "78",
                           "locator" : "55:59-55:74",
                           "name" : "Medical Reason"
                        }
                     } ]
                  }
               } ]
            }
         } ]
      }
   }
}