<?xml version="1.0" encoding="UTF-8"?>
<library xmlns="urn:hl7-org:elm:r1" xmlns:t="urn:hl7-org:elm-types:r1" xmlns:xsi="http://www.w3.org/2001/XMLSchema-instance" xmlns:xsd="http://www.w3.org/2001/XMLSchema" xmlns:fhir="http://hl7.org/fhir" xmlns:qdm43="urn:healthit-gov:qdm:v4_3" xmlns:qdm53="urn:healthit-gov:qdm:v5_3" xmlns:a="urn:hl7-org:cql-annotations:r1">
   <identifier id="DocumentationofCurrentMedications" version="10.3.000"/>
   <schemaIdentifier id="urn:hl7-org:elm" version="r1"/>
   <usings>
      <def localIdentifier="System" uri="urn:hl7-org:elm-types:r1"/>
      <def localId="1" locator="3:1-3:23" localIdentifier="QDM" uri="urn:healthit-gov:qdm:v5_5" version="5.5"/>
   </usings>
   <includes>
      <def localId="2" locator="5:1-5:64" localIdentifier="Global" path="MATGlobalCommonFunctions" version="5.0.000"/>
   </includes>
   <parameters>
      <def localId="17" locator="20:1-20:49" name="Measurement Period" accessLevel="Public">
         <parameterTypeSpecifier localId="16" locator="20:32-20:49" xsi:type="IntervalTypeSpecifier">
            <pointType localId="15" locator="20:41-20:48" name="t:DateTime" xsi:type="NamedTypeSpecifier"/>
         </parameterTypeSpecifier>
      </def>
   </parameters>
   <codeSystems>
      <def localId="3" locator="7:1-7:51" name="LOINC" id="urn:oid:2.16.840.1.113883.6.1" accessLevel="Public"/>
      <def localId="4" locator="8:1-8:55" name="SNOMEDCT" id="urn:oid:2.16.840.1.113883.6.96" accessLevel="Public"/>
   </codeSystems>
   <valueSets>
      <def localId="5" locator="10:1-10:86" name="Encounter to Document Medications" id="urn:oid:2.16.840.1.113883.3.600.1.1834" accessLevel="Public"/>
      <def localId="6" locator="11:1-11:58" name="Ethnicity" id="urn:oid:2.16.840.1.114222.4.11.837" accessLevel="Public"/>
      <def localId="7" locator="12:1-12:67" name="Medical Reason" id="urn:oid:2.16.840.1.113883.3.526.3.1007" accessLevel="Public"/>
      <def localId="8" locator="13:1-13:68" name="ONC Administrative Sex" id="urn:oid:2.16.840.1.113762.1.4.1" accessLevel="Public"/>
      <def localId="9" locator="14:1-14:55" name="Payer" id="urn:oid:2.16.840.1.114222.4.11.3591" accessLevel="Public"/>
      <def localId="10" locator="15:1-15:53" name="Race" id="urn:oid:2.16.840.1.114222.4.11.836" accessLevel="Public"/>
   </valueSets>
   <codes>
      <def localId="12" locator="17:1-17:62" name="Birth date" id="21112-8" display="Birth date" accessLevel="Public">
         <codeSystem localId="11" locator="17:35-17:41" name="LOINC"/>
      </def>
      <def localId="14" locator="18:1-18:149" name="Documentation of current medications (procedure)" id="428191000124101" display="Documentation of current medications (procedure)" accessLevel="Public">
         <codeSystem localId="13" locator="18:81-18:90" name="SNOMEDCT"/>
      </def>
   </codes>
   <statements>
      <def locator="22:1-22:15" name="Patient" context="Patient">
         <expression xsi:type="SingletonFrom">
            <operand locator="22:1-22:15" xmlns:ns0="urn:healthit-gov:qdm:v5_5" dataType="ns0:Patient" templateId="Patient" xsi:type="Retrieve"/>
         </expression>
      </def>
      <def localId="19" locator="24:1-25:51" name="SDE Ethnicity" context="Patient" accessLevel="Public">
         <annotation xsi:type="a:Annotation">
            <a:s r="19">
               <a:s>define &quot;SDE Ethnicity&quot;:
  </a:s>
               <a:s r="18">
                  <a:s>[&quot;Patient Characteristic Ethnicity&quot;: </a:s>
                  <a:s>
                     <a:s>&quot;Ethnicity&quot;</a:s>
                  </a:s>
                  <a:s>]</a:s>
               </a:s>
            </a:s>
         </annotation>
         <expression localId="18" locator="25:3-25:51" xmlns:ns1="urn:healthit-gov:qdm:v5_5" dataType="ns1:PatientCharacteristicEthnicity" codeProperty="code" xsi:type="Retrieve">
            <codes locator="25:40-25:50" name="Ethnicity" xsi:type="ValueSetRef"/>
         </expression>
      </def>
      <def localId="21" locator="27:1-28:43" name="SDE Payer" context="Patient" accessLevel="Public">
         <annotation xsi:type="a:Annotation">
            <a:s r="21">
               <a:s>define &quot;SDE Payer&quot;:
  </a:s>
               <a:s r="20">
                  <a:s>[&quot;Patient Characteristic Payer&quot;: </a:s>
                  <a:s>
                     <a:s>&quot;Payer&quot;</a:s>
                  </a:s>
                  <a:s>]</a:s>
               </a:s>
            </a:s>
         </annotation>
         <expression localId="20" locator="28:3-28:43" xmlns:ns2="urn:healthit-gov:qdm:v5_5" dataType="ns2:PatientCharacteristicPayer" codeProperty="code" xsi:type="Retrieve">
            <codes locator="28:36-28:42" name="Payer" xsi:type="ValueSetRef"/>
         </expression>
      </def>
      <def localId="23" locator="30:1-31:41" name="SDE Race" context="Patient" accessLevel="Public">
         <annotation xsi:type="a:Annotation">
            <a:s r="23">
               <a:s>define &quot;SDE Race&quot;:
  </a:s>
               <a:s r="22">
                  <a:s>[&quot;Patient Characteristic Race&quot;: </a:s>
                  <a:s>
                     <a:s>&quot;Race&quot;</a:s>
                  </a:s>
                  <a:s>]</a:s>
               </a:s>
            </a:s>
         </annotation>
         <expression localId="22" locator="31:3-31:41" xmlns:ns3="urn:healthit-gov:qdm:v5_5" dataType="ns3:PatientCharacteristicRace" codeProperty="code" xsi:type="Retrieve">
            <codes locator="31:35-31:40" name="Race" xsi:type="ValueSetRef"/>
         </expression>
      </def>
      <def localId="25" locator="33:1-34:58" name="SDE Sex" context="Patient" accessLevel="Public">
         <annotation xsi:type="a:Annotation">
            <a:s r="25">
               <a:s>define &quot;SDE Sex&quot;:
  </a:s>
               <a:s r="24">
                  <a:s>[&quot;Patient Characteristic Sex&quot;: </a:s>
                  <a:s>
                     <a:s>&quot;ONC Administrative Sex&quot;</a:s>
                  </a:s>
                  <a:s>]</a:s>
               </a:s>
            </a:s>
         </annotation>
         <expression localId="24" locator="34:3-34:58" xmlns:ns4="urn:healthit-gov:qdm:v5_5" dataType="ns4:PatientCharacteristicSex" codeProperty="code" xsi:type="Retrieve">
            <codes locator="34:34-34:57" name="ONC Administrative Sex" xsi:type="ValueSetRef"/>
         </expression>
      </def>
      <def localId="33" locator="57:1-59:67" name="Qualifying Encounter During Measurement Period" context="Patient" accessLevel="Public">
         <annotation xsi:type="a:Annotation">
            <a:s r="33">
               <a:s>define &quot;Qualifying Encounter During Measurement Period&quot;:
  </a:s>
               <a:s r="32">
                  <a:s>
                     <a:s r="27">
                        <a:s r="26">
                           <a:s r="26">
                              <a:s>[&quot;Encounter, Performed&quot;: </a:s>
                              <a:s>
                                 <a:s>&quot;Encounter to Document Medications&quot;</a:s>
                              </a:s>
                              <a:s>]</a:s>
                           </a:s>
                        </a:s>
                        <a:s> ValidEncounter</a:s>
                     </a:s>
                  </a:s>
                  <a:s>
    </a:s>
                  <a:s r="31">
                     <a:s>where </a:s>
                     <a:s r="31">
                        <a:s r="29">
                           <a:s r="28">
                              <a:s>ValidEncounter</a:s>
                           </a:s>
                           <a:s>.</a:s>
                           <a:s r="29">
                              <a:s>relevantPeriod</a:s>
                           </a:s>
                        </a:s>
                        <a:s r="31"> during </a:s>
                        <a:s r="30">
                           <a:s>&quot;Measurement Period&quot;</a:s>
                        </a:s>
                     </a:s>
                  </a:s>
               </a:s>
            </a:s>
         </annotation>
         <expression localId="32" locator="58:3-59:67" xsi:type="Query">
            <source localId="27" locator="58:3-58:78" alias="ValidEncounter">
               <expression localId="26" locator="58:3-58:63" xmlns:ns5="urn:healthit-gov:qdm:v5_5" dataType="ns5:PositiveEncounterPerformed" templateId="PositiveEncounterPerformed" codeProperty="code" xsi:type="Retrieve">
                  <codes locator="58:28-58:62" name="Encounter to Document Medications" xsi:type="ValueSetRef"/>
               </expression>
            </source>
            <where localId="31" locator="59:5-59:67" xsi:type="IncludedIn">
               <operand localId="29" locator="59:11-59:39" path="relevantPeriod" scope="ValidEncounter" xsi:type="Property"/>
               <operand localId="30" locator="59:48-59:67" name="Measurement Period" xsi:type="ParameterRef"/>
            </where>
         </expression>
      </def>
      <def localId="47" locator="36:1-40:96" name="Numerator" context="Patient" accessLevel="Public">
         <annotation xsi:type="a:Annotation">
            <a:s r="47">
               <a:s>define &quot;Numerator&quot;:
  </a:s>
               <a:s r="46">
                  <a:s>
                     <a:s r="35">
                        <a:s r="34">
                           <a:s>
                              <a:s>&quot;Qualifying Encounter During Measurement Period&quot;</a:s>
                           </a:s>
                        </a:s>
                        <a:s> QualifyingEncounter</a:s>
                     </a:s>
                  </a:s>
                  <a:s>
    </a:s>
                  <a:s r="45">
                     <a:s>with </a:s>
                     <a:s r="39">
                        <a:s r="38">
                           <a:s>( </a:s>
                           <a:s r="38">
                              <a:s r="36">
                                 <a:s>[&quot;Procedure, Performed&quot;: </a:s>
                                 <a:s>
                                    <a:s>&quot;Documentation of current medications (procedure)&quot;</a:s>
                                 </a:s>
                                 <a:s>]</a:s>
                              </a:s>
                              <a:s>
      union </a:s>
                              <a:s r="37">
                                 <a:s>[&quot;Intervention, Performed&quot;: </a:s>
                                 <a:s>
                                    <a:s>&quot;Documentation of current medications (procedure)&quot;</a:s>
                                 </a:s>
                                 <a:s>]</a:s>
                              </a:s>
                           </a:s>
                           <a:s> )</a:s>
                        </a:s>
                        <a:s> MedicationsDocumented</a:s>
                     </a:s>
                     <a:s>
      such that </a:s>
                     <a:s r="44">
                        <a:s r="41">
                           <a:s r="40">
                              <a:s>MedicationsDocumented</a:s>
                           </a:s>
                           <a:s>.</a:s>
                           <a:s r="41">
                              <a:s>relevantDatetime</a:s>
                           </a:s>
                        </a:s>
                        <a:s r="44"> during </a:s>
                        <a:s r="43">
                           <a:s r="42">
                              <a:s>QualifyingEncounter</a:s>
                           </a:s>
                           <a:s>.</a:s>
                           <a:s r="43">
                              <a:s>relevantPeriod</a:s>
                           </a:s>
                        </a:s>
                     </a:s>
                  </a:s>
               </a:s>
            </a:s>
         </annotation>
         <expression localId="46" locator="37:3-40:96" xsi:type="Query">
            <source localId="35" locator="37:3-37:70" alias="QualifyingEncounter">
               <expression localId="34" locator="37:3-37:50" name="Qualifying Encounter During Measurement Period" xsi:type="ExpressionRef"/>
            </source>
            <relationship localId="45" locator="38:5-40:96" alias="MedicationsDocumented" xsi:type="With">
               <expression localId="38" locator="38:10-39:93" xsi:type="Union">
                  <operand xsi:type="As">
                     <operand localId="36" locator="38:12-38:87" xmlns:ns6="urn:healthit-gov:qdm:v5_5" dataType="ns6:PositiveProcedurePerformed" templateId="PositiveProcedurePerformed" codeProperty="code" xsi:type="Retrieve">
                        <codes xsi:type="ToList">
                           <operand locator="38:37-38:86" name="Documentation of current medications (procedure)" xsi:type="CodeRef"/>
                        </codes>
                     </operand>
                     <asTypeSpecifier xsi:type="ListTypeSpecifier">
                        <elementType xsi:type="ChoiceTypeSpecifier">
                           <choice xmlns:ns7="urn:healthit-gov:qdm:v5_5" name="ns7:PositiveInterventionPerformed" xsi:type="NamedTypeSpecifier"/>
                           <choice xmlns:ns8="urn:healthit-gov:qdm:v5_5" name="ns8:PositiveProcedurePerformed" xsi:type="NamedTypeSpecifier"/>
                        </elementType>
                     </asTypeSpecifier>
                  </operand>
                  <operand xsi:type="As">
                     <operand localId="37" locator="39:13-39:91" xmlns:ns9="urn:healthit-gov:qdm:v5_5" dataType="ns9:PositiveInterventionPerformed" templateId="PositiveInterventionPerformed" codeProperty="code" xsi:type="Retrieve">
                        <codes xsi:type="ToList">
                           <operand locator="39:41-39:90" name="Documentation of current medications (procedure)" xsi:type="CodeRef"/>
                        </codes>
                     </operand>
                     <asTypeSpecifier xsi:type="ListTypeSpecifier">
                        <elementType xsi:type="ChoiceTypeSpecifier">
                           <choice xmlns:ns10="urn:healthit-gov:qdm:v5_5" name="ns10:PositiveInterventionPerformed" xsi:type="NamedTypeSpecifier"/>
                           <choice xmlns:ns11="urn:healthit-gov:qdm:v5_5" name="ns11:PositiveProcedurePerformed" xsi:type="NamedTypeSpecifier"/>
                        </elementType>
                     </asTypeSpecifier>
                  </operand>
               </expression>
               <suchThat localId="44" locator="40:17-40:96" xsi:type="In">
                  <operand localId="41" locator="40:17-40:54" path="relevantDatetime" scope="MedicationsDocumented" xsi:type="Property"/>
                  <operand localId="43" locator="40:63-40:96" path="relevantPeriod" scope="QualifyingEncounter" xsi:type="Property"/>
               </suchThat>
            </relationship>
         </expression>
      </def>
      <def localId="62" locator="42:1-45:110" name="Initial Population" context="Patient" accessLevel="Public">
         <annotation xsi:type="a:Annotation">
            <a:s r="62">
               <a:s>define &quot;Initial Population&quot;:
  </a:s>
               <a:s r="61">
                  <a:s>
                     <a:s r="49">
                        <a:s r="48">
                           <a:s>
                              <a:s>&quot;Qualifying Encounter During Measurement Period&quot;</a:s>
                           </a:s>
                        </a:s>
                        <a:s> QualifyingEncounter</a:s>
                     </a:s>
                  </a:s>
                  <a:s>
    </a:s>
                  <a:s r="60">
                     <a:s>with </a:s>
                     <a:s r="51">
                        <a:s r="50">
                           <a:s r="50">
                              <a:s>[&quot;Patient Characteristic Birthdate&quot;: </a:s>
                              <a:s>
                                 <a:s>&quot;Birth date&quot;</a:s>
                              </a:s>
                              <a:s>]</a:s>
                           </a:s>
                        </a:s>
                        <a:s> BirthDate</a:s>
                     </a:s>
                     <a:s>
      such that </a:s>
                     <a:s r="59">
                        <a:s r="57">
                           <a:s r="52">
                              <a:s>Global</a:s>
                           </a:s>
                           <a:s>.</a:s>
                           <a:s r="57">
                              <a:s>&quot;CalendarAgeInYearsAt&quot; ( </a:s>
                              <a:s r="54">
                                 <a:s r="53">
                                    <a:s>BirthDate</a:s>
                                 </a:s>
                                 <a:s>.</a:s>
                                 <a:s r="54">
                                    <a:s>birthDatetime</a:s>
                                 </a:s>
                              </a:s>
                              <a:s>, </a:s>
                              <a:s r="56">
                                 <a:s>start of </a:s>
                                 <a:s r="55">
                                    <a:s>&quot;Measurement Period&quot;</a:s>
                                 </a:s>
                              </a:s>
                              <a:s> )</a:s>
                           </a:s>
                        </a:s>
                        <a:s r="58"> >= 18</a:s>
                     </a:s>
                  </a:s>
               </a:s>
            </a:s>
         </annotation>
         <expression localId="61" locator="43:3-45:110" xsi:type="Query">
            <source localId="49" locator="43:3-43:70" alias="QualifyingEncounter">
               <expression localId="48" locator="43:3-43:50" name="Qualifying Encounter During Measurement Period" xsi:type="ExpressionRef"/>
            </source>
            <relationship localId="60" locator="44:5-45:110" alias="BirthDate" xsi:type="With">
               <expression localId="50" locator="44:10-44:59" xmlns:ns12="urn:healthit-gov:qdm:v5_5" dataType="ns12:PatientCharacteristicBirthdate" codeProperty="code" xsi:type="Retrieve">
                  <codes xsi:type="ToList">
                     <operand locator="44:47-44:58" name="Birth date" xsi:type="CodeRef"/>
                  </codes>
               </expression>
               <suchThat localId="59" locator="45:17-45:110" xsi:type="GreaterOrEqual">
                  <operand localId="57" locator="45:17-45:104" name="CalendarAgeInYearsAt" libraryName="Global" xsi:type="FunctionRef">
                     <operand localId="54" locator="45:49-45:71" path="birthDatetime" scope="BirthDate" xsi:type="Property"/>
                     <operand localId="56" locator="45:74-45:102" xsi:type="Start">
                        <operand localId="55" locator="45:83-45:102" name="Measurement Period" xsi:type="ParameterRef"/>
                     </operand>
                  </operand>
                  <operand localId="58" locator="45:109-45:110" valueType="t:Integer" value="18" xsi:type="Literal"/>
               </suchThat>
            </relationship>
         </expression>
      </def>
      <def localId="64" locator="47:1-48:22" name="Denominator" context="Patient" accessLevel="Public">
         <annotation xsi:type="a:Annotation">
            <a:s r="64">
               <a:s>define &quot;Denominator&quot;:
  </a:s>
               <a:s r="63">
                  <a:s>&quot;Initial Population&quot;</a:s>
               </a:s>
            </a:s>
         </annotation>
         <expression localId="63" locator="48:3-48:22" name="Initial Population" xsi:type="ExpressionRef"/>
      </def>
      <def localId="83" locator="50:1-55:74" name="Denominator Exceptions" context="Patient" accessLevel="Public">
         <annotation xsi:type="a:Annotation">
            <a:s r="83">
               <a:s>define &quot;Denominator Exceptions&quot;:
  </a:s>
               <a:s r="82">
                  <a:s>
                     <a:s r="66">
                        <a:s r="65">
                           <a:s>
                              <a:s>&quot;Qualifying Encounter During Measurement Period&quot;</a:s>
                           </a:s>
                        </a:s>
                        <a:s> QualifyingEncounter</a:s>
                     </a:s>
                  </a:s>
                  <a:s>
    </a:s>
                  <a:s r="81">
                     <a:s>with </a:s>
                     <a:s r="70">
                        <a:s r="69">
                           <a:s>( </a:s>
                           <a:s r="69">
                              <a:s r="67">
                                 <a:s>[&quot;Procedure, Not Performed&quot;: </a:s>
                                 <a:s>
                                    <a:s>&quot;Documentation of current medications (procedure)&quot;</a:s>
                                 </a:s>
                                 <a:s>]</a:s>
                              </a:s>
                              <a:s>
      union </a:s>
                              <a:s r="68">
                                 <a:s>[&quot;Intervention, Not Performed&quot;: </a:s>
                                 <a:s>
                                    <a:s>&quot;Documentation of current medications (procedure)&quot;</a:s>
                                 </a:s>
                                 <a:s>]</a:s>
                              </a:s>
                           </a:s>
                           <a:s> )</a:s>
                        </a:s>
                        <a:s> MedicationsNotDocumented</a:s>
                     </a:s>
                     <a:s>
      such that </a:s>
                     <a:s r="80">
                        <a:s r="75">
                           <a:s r="72">
                              <a:s r="71">
                                 <a:s>MedicationsNotDocumented</a:s>
                              </a:s>
                              <a:s>.</a:s>
                              <a:s r="72">
                                 <a:s>authorDatetime</a:s>
                              </a:s>
                           </a:s>
                           <a:s r="75"> during </a:s>
                           <a:s r="74">
                              <a:s r="73">
                                 <a:s>QualifyingEncounter</a:s>
                              </a:s>
                              <a:s>.</a:s>
                              <a:s r="74">
                                 <a:s>relevantPeriod</a:s>
                              </a:s>
                           </a:s>
                        </a:s>
                        <a:s>
        and </a:s>
                        <a:s r="79">
                           <a:s r="77">
                              <a:s r="76">
                                 <a:s>MedicationsNotDocumented</a:s>
                              </a:s>
                              <a:s>.</a:s>
                              <a:s r="77">
                                 <a:s>negationRationale</a:s>
                              </a:s>
                           </a:s>
                           <a:s> in </a:s>
                           <a:s r="78">
                              <a:s>&quot;Medical Reason&quot;</a:s>
                           </a:s>
                        </a:s>
                     </a:s>
                  </a:s>
               </a:s>
            </a:s>
         </annotation>
         <expression localId="82" locator="51:3-55:74" xsi:type="Query">
            <source localId="66" locator="51:3-51:70" alias="QualifyingEncounter">
               <expression localId="65" locator="51:3-51:50" name="Qualifying Encounter During Measurement Period" xsi:type="ExpressionRef"/>
            </source>
            <relationship localId="81" locator="52:5-55:74" alias="MedicationsNotDocumented" xsi:type="With">
               <expression localId="69" locator="52:10-53:97" xsi:type="Union">
                  <operand xsi:type="As">
                     <operand localId="67" locator="52:12-52:91" xmlns:ns13="urn:healthit-gov:qdm:v5_5" dataType="ns13:NegativeProcedurePerformed" templateId="NegativeProcedurePerformed" codeProperty="code" xsi:type="Retrieve">
                        <codes xsi:type="ToList">
                           <operand locator="52:41-52:90" name="Documentation of current medications (procedure)" xsi:type="CodeRef"/>
                        </codes>
                     </operand>
                     <asTypeSpecifier xsi:type="ListTypeSpecifier">
                        <elementType xsi:type="ChoiceTypeSpecifier">
                           <choice xmlns:ns14="urn:healthit-gov:qdm:v5_5" name="ns14:NegativeInterventionPerformed" xsi:type="NamedTypeSpecifier"/>
                           <choice xmlns:ns15="urn:healthit-gov:qdm:v5_5" name="ns15:NegativeProcedurePerformed" xsi:type="NamedTypeSpecifier"/>
                        </elementType>
                     </asTypeSpecifier>
                  </operand>
                  <operand xsi:type="As">
                     <operand localId="68" locator="53:13-53:95" xmlns:ns16="urn:healthit-gov:qdm:v5_5" dataType="ns16:NegativeInterventionPerformed" templateId="NegativeInterventionPerformed" codeProperty="code" xsi:type="Retrieve">
                        <codes xsi:type="ToList">
                           <operand locator="53:45-53:94" name="Documentation of current medications (procedure)" xsi:type="CodeRef"/>
                        </codes>
                     </operand>
                     <asTypeSpecifier xsi:type="ListTypeSpecifier">
                        <elementType xsi:type="ChoiceTypeSpecifier">
                           <choice xmlns:ns17="urn:healthit-gov:qdm:v5_5" name="ns17:NegativeInterventionPerformed" xsi:type="NamedTypeSpecifier"/>
                           <choice xmlns:ns18="urn:healthit-gov:qdm:v5_5" name="ns18:NegativeProcedurePerformed" xsi:type="NamedTypeSpecifier"/>
                        </elementType>
                     </asTypeSpecifier>
                  </operand>
               </expression>
               <suchThat localId="80" locator="54:17-55:74" xsi:type="And">
                  <operand localId="75" locator="54:17-54:97" xsi:type="In">
                     <operand localId="72" locator="54:17-54:55" path="authorDatetime" scope="MedicationsNotDocumented" xsi:type="Property"/>
                     <operand localId="74" locator="54:64-54:97" path="relevantPeriod" scope="QualifyingEncounter" xsi:type="Property"/>
                  </operand>
                  <operand localId="79" locator="55:13-55:74" xsi:type="InValueSet">
                     <code localId="77" locator="55:13-55:54" path="negationRationale" scope="MedicationsNotDocumented" xsi:type="Property"/>
                     <valueset localId="78" locator="55:59-55:74" name="Medical Reason"/>
                  </operand>
               </suchThat>
            </relationship>
         </expression>
      </def>
   </statements>
</library>
