{
   "library" : {
      "identifier" : {
         "id" : "ColorectalCancerScreening",
         "version" : "8.4.000"
      },
      "schemaIdentifier" : {
         "id" : "urn:hl7-org:elm",
         "version" : "r1"
      },
      "usings" : {
         "def" : [ {
            "localIdentifier" : "System",
            "uri" : "urn:hl7-org:elm-types:r1"
         }, {
            "localId" : "1",
            "locator" : "3:1-3:23",
            "localIdentifier" : "QDM",
            "uri" : "urn:healthit-gov:qdm:v5_4",
            "version" : "5.4"
         } ]
      },
      "includes" : {
         "def" : [ {
            "localId" : "2",
            "locator" : "5:1-5:86",
            "localIdentifier" : "AdultOutpatientEncounters",
            "path" : "Adult_Outpatient_Encounters",
            "version" : "1.2.000"
         }, {
            "localId" : "3",
            "locator" : "6:1-6:64",
            "localIdentifier" : "Global",
            "path" : "MATGlobalCommonFunctions",
            "version" : "4.0.000"
         }, {
            "localId" : "4",
            "locator" : "7:1-7:48",
            "localIdentifier" : "Hospice",
            "path" : "Hospice",
            "version" : "2.0.000"
         }, {
            "localId" : "5",
            "locator" : "8:1-8:82",
            "localIdentifier" : "FrailtyLTI",
            "path" : "AdvancedIllnessandFrailtyExclusionECQM",
            "version" : "4.0.000"
         } ]
      },
      "parameters" : {
         "def" : [ {
            "localId" : "22",
            "locator" : "26:1-26:49",
            "name" : "Measurement Period",
            "accessLevel" : "Public",
            "parameterTypeSpecifier" : {
               "localId" : "21",
               "locator" : "26:32-26:49",
               "type" : "IntervalTypeSpecifier",
               "pointType" : {
                  "localId" : "20",
                  "locator" : "26:41-26:48",
                  "name" : "{urn:hl7-org:elm-types:r1}DateTime",
                  "type" : "NamedTypeSpecifier"
               }
            }
         } ]
      },
      "codeSystems" : {
         "def" : [ {
            "localId" : "6",
            "locator" : "10:1-10:51",
            "name" : "LOINC",
            "id" : "urn:oid:2.16.840.1.113883.6.1",
            "accessLevel" : "Public"
         } ]
      },
      "valueSets" : {
         "def" : [ {
            "localId" : "7",
            "locator" : "12:1-12:74",
            "name" : "Colonoscopy",
            "id" : "urn:oid:2.16.840.1.113883.3.464.1003.108.12.1020",
            "accessLevel" : "Public"
         }, {
            "localId" : "8",
            "locator" : "13:1-13:78",
            "name" : "CT Colonography",
            "id" : "urn:oid:2.16.840.1.113883.3.464.1003.108.12.1038",
            "accessLevel" : "Public"
         }, {
            "localId" : "9",
            "locator" : "14:1-14:58",
            "name" : "Ethnicity",
            "id" : "urn:oid:2.16.840.1.114222.4.11.837",
            "accessLevel" : "Public"
         }, {
            "localId" : "10",
            "locator" : "15:1-15:93",
            "name" : "Fecal Occult Blood Test (FOBT)",
            "id" : "urn:oid:2.16.840.1.113883.3.464.1003.198.12.1011",
            "accessLevel" : "Public"
         }, {
            "localId" : "11",
            "locator" : "16:1-16:70",
            "name" : "FIT DNA",
            "id" : "urn:oid:2.16.840.1.113883.3.464.1003.108.12.1039",
            "accessLevel" : "Public"
         }, {
            "localId" : "12",
            "locator" : "17:1-17:85",
            "name" : "Flexible Sigmoidoscopy",
            "id" : "urn:oid:2.16.840.1.113883.3.464.1003.198.12.1010",
            "accessLevel" : "Public"
         }, {
            "localId" : "13",
            "locator" : "18:1-18:90",
            "name" : "Malignant Neoplasm of Colon",
            "id" : "urn:oid:2.16.840.1.113883.3.464.1003.108.12.1001",
            "accessLevel" : "Public"
         }, {
            "localId" : "14",
            "locator" : "19:1-19:68",
            "name" : "ONC Administrative Sex",
            "id" : "urn:oid:2.16.840.1.113762.1.4.1",
            "accessLevel" : "Public"
         }, {
            "localId" : "15",
            "locator" : "20:1-20:55",
            "name" : "Payer",
            "id" : "urn:oid:2.16.840.1.114222.4.11.3591",
            "accessLevel" : "Public"
         }, {
            "localId" : "16",
            "locator" : "21:1-21:53",
            "name" : "Race",
            "id" : "urn:oid:2.16.840.1.114222.4.11.836",
            "accessLevel" : "Public"
         }, {
            "localId" : "17",
            "locator" : "22:1-22:78",
            "name" : "Total Colectomy",
            "id" : "urn:oid:2.16.840.1.113883.3.464.1003.198.12.1019",
            "accessLevel" : "Public"
         } ]
      },
      "codes" : {
         "def" : [ {
            "localId" : "19",
            "locator" : "24:1-24:62",
            "name" : "Birth date",
            "id" : "21112-8",
            "display" : "Birth date",
            "accessLevel" : "Public",
            "codeSystem" : {
               "localId" : "18",
               "locator" : "24:35-24:41",
               "name" : "LOINC"
            }
         } ]
      },
      "statements" : {
         "def" : [ {
            "locator" : "28:1-28:15",
            "name" : "Patient",
            "context" : "Patient",
            "expression" : {
               "type" : "SingletonFrom",
               "operand" : {
                  "locator" : "28:1-28:15",
                  "dataType" : "{urn:healthit-gov:qdm:v5_4}Patient",
                  "templateId" : "Patient",
                  "type" : "Retrieve"
               }
            }
         }, {
            "localId" : "24",
            "locator" : "30:1-31:50",
            "name" : "SDE Ethnicity",
            "context" : "Patient",
            "accessLevel" : "Public",
            "annotation" : [ {
               "type" : "Annotation",
               "s" : {
                  "r" : "24",
                  "s" : [ {
                     "value" : [ "define ","\"SDE Ethnicity\"",":\n\t" ]
                  }, {
                     "r" : "23",
                     "s" : [ {
                        "value" : [ "[","\"Patient Characteristic Ethnicity\"",": " ]
                     }, {
                        "s" : [ {
                           "value" : [ "\"Ethnicity\"" ]
                        } ]
                     }, {
                        "value" : [ "]" ]
                     } ]
                  } ]
               }
            } ],
            "expression" : {
               "localId" : "23",
               "locator" : "31:2-31:50",
               "dataType" : "{urn:healthit-gov:qdm:v5_4}PatientCharacteristicEthnicity",
               "codeProperty" : "code",
               "type" : "Retrieve",
               "codes" : {
                  "name" : "Ethnicity",
                  "type" : "ValueSetRef"
               }
            }
         }, {
            "localId" : "26",
            "locator" : "33:1-34:42",
            "name" : "SDE Payer",
            "context" : "Patient",
            "accessLevel" : "Public",
            "annotation" : [ {
               "type" : "Annotation",
               "s" : {
                  "r" : "26",
                  "s" : [ {
                     "value" : [ "define ","\"SDE Payer\"",":\n\t" ]
                  }, {
                     "r" : "25",
                     "s" : [ {
                        "value" : [ "[","\"Patient Characteristic Payer\"",": " ]
                     }, {
                        "s" : [ {
                           "value" : [ "\"Payer\"" ]
                        } ]
                     }, {
                        "value" : [ "]" ]
                     } ]
                  } ]
               }
            } ],
            "expression" : {
               "localId" : "25",
               "locator" : "34:2-34:42",
               "dataType" : "{urn:healthit-gov:qdm:v5_4}PatientCharacteristicPayer",
               "codeProperty" : "code",
               "type" : "Retrieve",
               "codes" : {
                  "name" : "Payer",
                  "type" : "ValueSetRef"
               }
            }
         }, {
            "localId" : "28",
            "locator" : "36:1-37:40",
            "name" : "SDE Race",
            "context" : "Patient",
            "accessLevel" : "Public",
            "annotation" : [ {
               "type" : "Annotation",
               "s" : {
                  "r" : "28",
                  "s" : [ {
                     "value" : [ "define ","\"SDE Race\"",":\n\t" ]
                  }, {
                     "r" : "27",
                     "s" : [ {
                        "value" : [ "[","\"Patient Characteristic Race\"",": " ]
                     }, {
                        "s" : [ {
                           "value" : [ "\"Race\"" ]
                        } ]
                     }, {
                        "value" : [ "]" ]
                     } ]
                  } ]
               }
            } ],
            "expression" : {
               "localId" : "27",
               "locator" : "37:2-37:40",
               "dataType" : "{urn:healthit-gov:qdm:v5_4}PatientCharacteristicRace",
               "codeProperty" : "code",
               "type" : "Retrieve",
               "codes" : {
                  "name" : "Race",
                  "type" : "ValueSetRef"
               }
            }
         }, {
            "localId" : "30",
            "locator" : "39:1-40:57",
            "name" : "SDE Sex",
            "context" : "Patient",
            "accessLevel" : "Public",
            "annotation" : [ {
               "type" : "Annotation",
               "s" : {
                  "r" : "30",
                  "s" : [ {
                     "value" : [ "define ","\"SDE Sex\"",":\n\t" ]
                  }, {
                     "r" : "29",
                     "s" : [ {
                        "value" : [ "[","\"Patient Characteristic Sex\"",": " ]
                     }, {
                        "s" : [ {
                           "value" : [ "\"ONC Administrative Sex\"" ]
                        } ]
                     }, {
                        "value" : [ "]" ]
                     } ]
                  } ]
               }
            } ],
            "expression" : {
               "localId" : "29",
               "locator" : "40:2-40:57",
               "dataType" : "{urn:healthit-gov:qdm:v5_4}PatientCharacteristicSex",
               "codeProperty" : "code",
               "type" : "Retrieve",
               "codes" : {
                  "name" : "ONC Administrative Sex",
                  "type" : "ValueSetRef"
               }
            }
         }, {
            "localId" : "49",
            "locator" : "84:1-87:63",
            "name" : "Initial Population",
            "context" : "Patient",
            "accessLevel" : "Public",
            "annotation" : [ {
               "type" : "Annotation",
               "s" : {
                  "r" : "49",
                  "s" : [ {
                     "value" : [ "define ","\"Initial Population\"",":\n\t" ]
                  }, {
                     "r" : "48",
                     "s" : [ {
                        "value" : [ "exists " ]
                     }, {
                        "r" : "47",
                        "s" : [ {
                           "s" : [ {
                              "r" : "32",
                              "s" : [ {
                                 "r" : "31",
                                 "s" : [ {
                                    "r" : "31",
                                    "s" : [ {
                                       "value" : [ "[","\"Patient Characteristic Birthdate\"",": " ]
                                    }, {
                                       "s" : [ {
                                          "value" : [ "\"Birth date\"" ]
                                       } ]
                                    }, {
                                       "value" : [ "]" ]
                                    } ]
                                 } ]
                              }, {
                                 "value" : [ " ","BirthDate" ]
                              } ]
                           } ]
                        }, {
                           "value" : [ "\n\t\t" ]
                        }, {
                           "r" : "46",
                           "s" : [ {
                              "value" : [ "where " ]
                           }, {
                              "r" : "46",
                              "s" : [ {
                                 "r" : "42",
                                 "s" : [ {
                                    "r" : "38",
                                    "s" : [ {
                                       "r" : "33",
                                       "s" : [ {
                                          "value" : [ "Global" ]
                                       } ]
                                    }, {
                                       "value" : [ "." ]
                                    }, {
                                       "r" : "38",
                                       "s" : [ {
                                          "value" : [ "\"CalendarAgeInYearsAt\"","(" ]
                                       }, {
                                          "r" : "35",
                                          "s" : [ {
                                             "r" : "34",
                                             "s" : [ {
                                                "value" : [ "BirthDate" ]
                                             } ]
                                          }, {
                                             "value" : [ "." ]
                                          }, {
                                             "r" : "35",
                                             "s" : [ {
                                                "value" : [ "birthDatetime" ]
                                             } ]
                                          } ]
                                       }, {
                                          "value" : [ ", " ]
                                       }, {
                                          "r" : "37",
                                          "s" : [ {
                                             "value" : [ "start of " ]
                                          }, {
                                             "r" : "36",
                                             "s" : [ {
                                                "value" : [ "\"Measurement Period\"" ]
                                             } ]
                                          } ]
                                       }, {
                                          "value" : [ ")" ]
                                       } ]
                                    } ]
                                 }, {
                                    "value" : [ "in " ]
                                 }, {
                                    "r" : "41",
                                    "s" : [ {
                                       "value" : [ "Interval[","50",", ","75"," )" ]
                                    } ]
                                 } ]
                              }, {
                                 "value" : [ "\n\t\t\tand " ]
                              }, {
                                 "r" : "45",
                                 "s" : [ {
                                    "value" : [ "exists " ]
                                 }, {
                                    "r" : "44",
                                    "s" : [ {
                                       "r" : "43",
                                       "s" : [ {
                                          "value" : [ "AdultOutpatientEncounters" ]
                                       } ]
                                    }, {
                                       "value" : [ "." ]
                                    }, {
                                       "r" : "44",
                                       "s" : [ {
                                          "value" : [ "\"Qualifying Encounters\"" ]
                                       } ]
                                    } ]
                                 } ]
                              } ]
                           } ]
                        } ]
                     } ]
                  } ]
               }
            } ],
            "expression" : {
               "localId" : "48",
               "locator" : "85:2-87:63",
               "type" : "Exists",
               "operand" : {
                  "localId" : "47",
                  "locator" : "85:9-87:63",
                  "type" : "Query",
                  "source" : [ {
                     "localId" : "32",
                     "locator" : "85:9-85:68",
                     "alias" : "BirthDate",
                     "expression" : {
                        "localId" : "31",
                        "locator" : "85:9-85:58",
                        "dataType" : "{urn:healthit-gov:qdm:v5_4}PatientCharacteristicBirthdate",
                        "codeProperty" : "code",
                        "type" : "Retrieve",
                        "codes" : {
                           "type" : "ToList",
                           "operand" : {
                              "name" : "Birth date",
                              "type" : "CodeRef"
                           }
                        }
                     }
                  } ],
                  "relationship" : [ ],
                  "where" : {
                     "localId" : "46",
                     "locator" : "86:3-87:63",
                     "type" : "And",
                     "operand" : [ {
                        "localId" : "42",
                        "locator" : "86:9-86:113",
                        "type" : "In",
                        "operand" : [ {
                           "localId" : "38",
                           "locator" : "86:9-86:93",
                           "name" : "CalendarAgeInYearsAt",
                           "libraryName" : "Global",
                           "type" : "FunctionRef",
                           "operand" : [ {
                              "localId" : "35",
                              "locator" : "86:39-86:61",
                              "path" : "birthDatetime",
                              "scope" : "BirthDate",
                              "type" : "Property"
                           }, {
                              "localId" : "37",
                              "locator" : "86:64-86:92",
                              "type" : "Start",
                              "operand" : {
                                 "localId" : "36",
                                 "locator" : "86:73-86:92",
                                 "name" : "Measurement Period",
                                 "type" : "ParameterRef"
                              }
                           } ]
                        }, {
                           "localId" : "41",
                           "locator" : "86:97-86:113",
                           "lowClosed" : true,
                           "highClosed" : false,
                           "type" : "Interval",
                           "low" : {
                              "localId" : "39",
                              "locator" : "86:106-86:107",
                              "valueType" : "{urn:hl7-org:elm-types:r1}Integer",
                              "value" : "50",
                              "type" : "Literal"
                           },
                           "high" : {
                              "localId" : "40",
                              "locator" : "86:110-86:111",
                              "valueType" : "{urn:hl7-org:elm-types:r1}Integer",
                              "value" : "75",
                              "type" : "Literal"
                           }
                        } ]
                     }, {
                        "localId" : "45",
                        "locator" : "87:8-87:63",
                        "type" : "Exists",
                        "operand" : {
                           "localId" : "44",
                           "locator" : "87:15-87:63",
                           "name" : "Qualifying Encounters",
                           "libraryName" : "AdultOutpatientEncounters",
                           "type" : "ExpressionRef"
                        }
                     } ]
                  }
               }
            }
         }, {
            "localId" : "51",
            "locator" : "42:1-43:21",
            "name" : "Denominator",
            "context" : "Patient",
            "accessLevel" : "Public",
            "annotation" : [ {
               "type" : "Annotation",
               "s" : {
                  "r" : "51",
                  "s" : [ {
                     "value" : [ "define ","\"Denominator\"",":\n\t" ]
                  }, {
                     "r" : "50",
                     "s" : [ {
                        "value" : [ "\"Initial Population\"" ]
                     } ]
                  } ]
               }
            } ],
            "expression" : {
               "localId" : "50",
               "locator" : "43:2-43:21",
               "name" : "Initial Population",
               "type" : "ExpressionRef"
            }
         }, {
            "localId" : "61",
            "locator" : "45:1-47:106",
            "name" : "Flexible Sigmoidoscopy Performed",
            "context" : "Patient",
            "accessLevel" : "Public",
            "annotation" : [ {
               "type" : "Annotation",
               "s" : {
                  "r" : "61",
                  "s" : [ {
                     "value" : [ "define ","\"Flexible Sigmoidoscopy Performed\"",":\n\t" ]
                  }, {
                     "r" : "60",
                     "s" : [ {
                        "s" : [ {
                           "r" : "53",
                           "s" : [ {
                              "r" : "52",
                              "s" : [ {
                                 "r" : "52",
                                 "s" : [ {
                                    "value" : [ "[","\"Procedure, Performed\"",": " ]
                                 }, {
                                    "s" : [ {
                                       "value" : [ "\"Flexible Sigmoidoscopy\"" ]
                                    } ]
                                 }, {
                                    "value" : [ "]" ]
                                 } ]
                              } ]
                           }, {
                              "value" : [ " ","FlexibleSigmoidoscopy" ]
                           } ]
                        } ]
                     }, {
                        "value" : [ "\n\t\t" ]
                     }, {
                        "r" : "59",
                        "s" : [ {
                           "value" : [ "where " ]
                        }, {
                           "r" : "59",
                           "s" : [ {
                              "r" : "55",
                              "s" : [ {
                                 "r" : "54",
                                 "s" : [ {
                                    "value" : [ "FlexibleSigmoidoscopy" ]
                                 } ]
                              }, {
                                 "value" : [ "." ]
                              }, {
                                 "r" : "55",
                                 "s" : [ {
                                    "value" : [ "relevantPeriod" ]
                                 } ]
                              } ]
                           }, {
                              "value" : [ " " ]
                           }, {
                              "r" : "59",
                              "s" : [ {
                                 "value" : [ "ends " ]
                              }, {
                                 "r" : "58",
                                 "s" : [ {
                                    "value" : [ "5 ","years" ]
                                 } ]
                              }, {
                                 "value" : [ " or less on or before" ]
                              } ]
                           }, {
                              "value" : [ " " ]
                           }, {
                              "r" : "57",
                              "s" : [ {
                                 "value" : [ "end of " ]
                              }, {
                                 "r" : "56",
                                 "s" : [ {
                                    "value" : [ "\"Measurement Period\"" ]
                                 } ]
                              } ]
                           } ]
                        } ]
                     } ]
                  } ]
               }
            } ],
            "expression" : {
               "localId" : "60",
               "locator" : "46:2-47:106",
               "type" : "Query",
               "source" : [ {
                  "localId" : "53",
                  "locator" : "46:2-46:73",
                  "alias" : "FlexibleSigmoidoscopy",
                  "expression" : {
                     "localId" : "52",
                     "locator" : "46:2-46:51",
                     "dataType" : "{urn:healthit-gov:qdm:v5_4}PositiveProcedurePerformed",
                     "templateId" : "PositiveProcedurePerformed",
                     "codeProperty" : "code",
                     "type" : "Retrieve",
                     "codes" : {
                        "name" : "Flexible Sigmoidoscopy",
                        "type" : "ValueSetRef"
                     }
                  }
               } ],
               "relationship" : [ ],
               "where" : {
                  "localId" : "59",
                  "locator" : "47:3-47:106",
                  "type" : "In",
                  "operand" : [ {
                     "locator" : "47:46-47:49",
                     "type" : "End",
                     "operand" : {
                        "localId" : "55",
                        "locator" : "47:9-47:44",
                        "path" : "relevantPeriod",
                        "scope" : "FlexibleSigmoidoscopy",
                        "type" : "Property"
                     }
                  }, {
                     "locator" : "47:51-47:65",
                     "lowClosed" : true,
                     "highClosed" : true,
                     "type" : "Interval",
                     "low" : {
                        "locator" : "47:80-47:106",
                        "type" : "Subtract",
                        "operand" : [ {
                           "localId" : "57",
                           "locator" : "47:80-47:106",
                           "type" : "End",
                           "operand" : {
                              "localId" : "56",
                              "locator" : "47:87-47:106",
                              "name" : "Measurement Period",
                              "type" : "ParameterRef"
                           }
                        }, {
                           "localId" : "58",
                           "locator" : "47:51-47:57",
                           "value" : 5,
                           "unit" : "years",
                           "type" : "Quantity"
                        } ]
                     },
                     "high" : {
                        "localId" : "57",
                        "locator" : "47:80-47:106",
                        "type" : "End",
                        "operand" : {
                           "localId" : "56",
                           "locator" : "47:87-47:106",
                           "name" : "Measurement Period",
                           "type" : "ParameterRef"
                        }
                     }
                  } ]
               }
            }
         }, {
            "localId" : "70",
            "locator" : "49:1-51:80",
            "name" : "Total Colectomy Performed",
            "context" : "Patient",
            "accessLevel" : "Public",
            "annotation" : [ {
               "type" : "Annotation",
               "s" : {
                  "r" : "70",
                  "s" : [ {
                     "value" : [ "define ","\"Total Colectomy Performed\"",":\n\t" ]
                  }, {
                     "r" : "69",
                     "s" : [ {
                        "s" : [ {
                           "r" : "63",
                           "s" : [ {
                              "r" : "62",
                              "s" : [ {
                                 "r" : "62",
                                 "s" : [ {
                                    "value" : [ "[","\"Procedure, Performed\"",": " ]
                                 }, {
                                    "s" : [ {
                                       "value" : [ "\"Total Colectomy\"" ]
                                    } ]
                                 }, {
                                    "value" : [ "]" ]
                                 } ]
                              } ]
                           }, {
                              "value" : [ " ","Colectomy" ]
                           } ]
                        } ]
                     }, {
                        "value" : [ "\n\t\t" ]
                     }, {
                        "r" : "68",
                        "s" : [ {
                           "value" : [ "where " ]
                        }, {
                           "r" : "68",
                           "s" : [ {
                              "r" : "65",
                              "s" : [ {
                                 "r" : "64",
                                 "s" : [ {
                                    "value" : [ "Colectomy" ]
                                 } ]
                              }, {
                                 "value" : [ "." ]
                              }, {
                                 "r" : "65",
                                 "s" : [ {
                                    "value" : [ "relevantPeriod" ]
                                 } ]
                              } ]
                           }, {
                              "value" : [ " ","starts on or before"," " ]
                           }, {
                              "r" : "67",
                              "s" : [ {
                                 "value" : [ "end of " ]
                              }, {
                                 "r" : "66",
                                 "s" : [ {
                                    "value" : [ "\"Measurement Period\"" ]
                                 } ]
                              } ]
                           } ]
                        } ]
                     } ]
                  } ]
               }
            } ],
            "expression" : {
               "localId" : "69",
               "locator" : "50:2-51:80",
               "type" : "Query",
               "source" : [ {
                  "localId" : "63",
                  "locator" : "50:2-50:54",
                  "alias" : "Colectomy",
                  "expression" : {
                     "localId" : "62",
                     "locator" : "50:2-50:44",
                     "dataType" : "{urn:healthit-gov:qdm:v5_4}PositiveProcedurePerformed",
                     "templateId" : "PositiveProcedurePerformed",
                     "codeProperty" : "code",
                     "type" : "Retrieve",
                     "codes" : {
                        "name" : "Total Colectomy",
                        "type" : "ValueSetRef"
                     }
                  }
               } ],
               "relationship" : [ ],
               "where" : {
                  "localId" : "68",
                  "locator" : "51:3-51:80",
                  "type" : "SameOrBefore",
                  "operand" : [ {
                     "locator" : "51:34-51:39",
                     "type" : "Start",
                     "operand" : {
                        "localId" : "65",
                        "locator" : "51:9-51:32",
                        "path" : "relevantPeriod",
                        "scope" : "Colectomy",
                        "type" : "Property"
                     }
                  }, {
                     "localId" : "67",
                     "locator" : "51:54-51:80",
                     "type" : "End",
                     "operand" : {
                        "localId" : "66",
                        "locator" : "51:61-51:80",
                        "name" : "Measurement Period",
                        "type" : "ParameterRef"
                     }
                  } ]
               }
            }
         }, {
            "localId" : "79",
            "locator" : "53:1-55:89",
            "name" : "Malignant Neoplasm",
            "context" : "Patient",
            "accessLevel" : "Public",
            "annotation" : [ {
               "type" : "Annotation",
               "s" : {
                  "r" : "79",
                  "s" : [ {
                     "value" : [ "define ","\"Malignant Neoplasm\"",":\n\t" ]
                  }, {
                     "r" : "78",
                     "s" : [ {
                        "s" : [ {
                           "r" : "72",
                           "s" : [ {
                              "r" : "71",
                              "s" : [ {
                                 "r" : "71",
                                 "s" : [ {
                                    "value" : [ "[","\"Diagnosis\"",": " ]
                                 }, {
                                    "s" : [ {
                                       "value" : [ "\"Malignant Neoplasm of Colon\"" ]
                                    } ]
                                 }, {
                                    "value" : [ "]" ]
                                 } ]
                              } ]
                           }, {
                              "value" : [ " ","ColorectalCancer" ]
                           } ]
                        } ]
                     }, {
                        "value" : [ "\n\t\t" ]
                     }, {
                        "r" : "77",
                        "s" : [ {
                           "value" : [ "where " ]
                        }, {
                           "r" : "77",
                           "s" : [ {
                              "r" : "74",
                              "s" : [ {
                                 "r" : "73",
                                 "s" : [ {
                                    "value" : [ "ColorectalCancer" ]
                                 } ]
                              }, {
                                 "value" : [ "." ]
                              }, {
                                 "r" : "74",
                                 "s" : [ {
                                    "value" : [ "prevalencePeriod" ]
                                 } ]
                              } ]
                           }, {
                              "value" : [ " ","starts on or before"," " ]
                           }, {
                              "r" : "76",
                              "s" : [ {
                                 "value" : [ "end of " ]
                              }, {
                                 "r" : "75",
                                 "s" : [ {
                                    "value" : [ "\"Measurement Period\"" ]
                                 } ]
                              } ]
                           } ]
                        } ]
                     } ]
                  } ]
               }
            } ],
            "expression" : {
               "localId" : "78",
               "locator" : "54:2-55:89",
               "type" : "Query",
               "source" : [ {
                  "localId" : "72",
                  "locator" : "54:2-54:62",
                  "alias" : "ColorectalCancer",
                  "expression" : {
                     "localId" : "71",
                     "locator" : "54:2-54:45",
                     "dataType" : "{urn:healthit-gov:qdm:v5_4}Diagnosis",
                     "codeProperty" : "code",
                     "type" : "Retrieve",
                     "codes" : {
                        "name" : "Malignant Neoplasm of Colon",
                        "type" : "ValueSetRef"
                     }
                  }
               } ],
               "relationship" : [ ],
               "where" : {
                  "localId" : "77",
                  "locator" : "55:3-55:89",
                  "type" : "SameOrBefore",
                  "operand" : [ {
                     "locator" : "55:43-55:48",
                     "type" : "Start",
                     "operand" : {
                        "localId" : "74",
                        "locator" : "55:9-55:41",
                        "path" : "prevalencePeriod",
                        "scope" : "ColorectalCancer",
                        "type" : "Property"
                     }
                  }, {
                     "localId" : "76",
                     "locator" : "55:63-55:89",
                     "type" : "End",
                     "operand" : {
                        "localId" : "75",
                        "locator" : "55:70-55:89",
                        "name" : "Measurement Period",
                        "type" : "ParameterRef"
                     }
                  } ]
               }
            }
         }, {
            "localId" : "91",
            "locator" : "57:1-60:67",
            "name" : "Fecal Occult Blood Test Performed",
            "context" : "Patient",
            "accessLevel" : "Public",
            "annotation" : [ {
               "type" : "Annotation",
               "s" : {
                  "r" : "91",
                  "s" : [ {
                     "value" : [ "define ","\"Fecal Occult Blood Test Performed\"",":\n\t" ]
                  }, {
                     "r" : "90",
                     "s" : [ {
                        "s" : [ {
                           "r" : "81",
                           "s" : [ {
                              "r" : "80",
                              "s" : [ {
                                 "r" : "80",
                                 "s" : [ {
                                    "value" : [ "[","\"Laboratory Test, Performed\"",": " ]
                                 }, {
                                    "s" : [ {
                                       "value" : [ "\"Fecal Occult Blood Test (FOBT)\"" ]
                                    } ]
                                 }, {
                                    "value" : [ "]" ]
                                 } ]
                              } ]
                           }, {
                              "value" : [ " ","FecalOccultResult" ]
                           } ]
                        } ]
                     }, {
                        "value" : [ "\n\t\t" ]
                     }, {
                        "r" : "89",
                        "s" : [ {
                           "value" : [ "where " ]
                        }, {
                           "r" : "89",
                           "s" : [ {
                              "r" : "84",
                              "s" : [ {
                                 "r" : "83",
                                 "s" : [ {
                                    "r" : "82",
                                    "s" : [ {
                                       "value" : [ "FecalOccultResult" ]
                                    } ]
                                 }, {
                                    "value" : [ "." ]
                                 }, {
                                    "r" : "83",
                                    "s" : [ {
                                       "value" : [ "result" ]
                                    } ]
                                 } ]
                              }, {
                                 "value" : [ " is not null" ]
                              } ]
                           }, {
                              "value" : [ "\n\t\t\tand " ]
                           }, {
                              "r" : "88",
                              "s" : [ {
                                 "r" : "86",
                                 "s" : [ {
                                    "r" : "85",
                                    "s" : [ {
                                       "value" : [ "FecalOccultResult" ]
                                    } ]
                                 }, {
                                    "value" : [ "." ]
                                 }, {
                                    "r" : "86",
                                    "s" : [ {
                                       "value" : [ "authorDatetime" ]
                                    } ]
                                 } ]
                              }, {
                                 "value" : [ " ","during"," " ]
                              }, {
                                 "r" : "87",
                                 "s" : [ {
                                    "value" : [ "\"Measurement Period\"" ]
                                 } ]
                              } ]
                           } ]
                        } ]
                     } ]
                  } ]
               }
            } ],
            "expression" : {
               "localId" : "90",
               "locator" : "58:2-60:67",
               "type" : "Query",
               "source" : [ {
                  "localId" : "81",
                  "locator" : "58:2-58:83",
                  "alias" : "FecalOccultResult",
                  "expression" : {
                     "localId" : "80",
                     "locator" : "58:2-58:65",
                     "dataType" : "{urn:healthit-gov:qdm:v5_4}PositiveLaboratoryTestPerformed",
                     "templateId" : "PositiveLaboratoryTestPerformed",
                     "codeProperty" : "code",
                     "type" : "Retrieve",
                     "codes" : {
                        "name" : "Fecal Occult Blood Test (FOBT)",
                        "type" : "ValueSetRef"
                     }
                  }
               } ],
               "relationship" : [ ],
               "where" : {
                  "localId" : "89",
                  "locator" : "59:3-60:67",
                  "type" : "And",
                  "operand" : [ {
                     "localId" : "84",
                     "locator" : "59:9-59:44",
                     "type" : "Not",
                     "operand" : {
                        "locator" : "59:9-59:44",
                        "type" : "IsNull",
                        "operand" : {
                           "localId" : "83",
                           "locator" : "59:9-59:32",
                           "path" : "result",
                           "scope" : "FecalOccultResult",
                           "type" : "Property"
                        }
                     }
                  }, {
                     "localId" : "88",
                     "locator" : "60:8-60:67",
                     "type" : "In",
                     "operand" : [ {
                        "localId" : "86",
                        "locator" : "60:8-60:39",
                        "path" : "authorDatetime",
                        "scope" : "FecalOccultResult",
                        "type" : "Property"
                     }, {
                        "localId" : "87",
                        "locator" : "60:48-60:67",
                        "name" : "Measurement Period",
                        "type" : "ParameterRef"
                     } ]
                  } ]
               }
            }
         }, {
            "localId" : "101",
            "locator" : "62:1-64:97",
            "name" : "Colonoscopy Performed",
            "context" : "Patient",
            "accessLevel" : "Public",
            "annotation" : [ {
               "type" : "Annotation",
               "s" : {
                  "r" : "101",
                  "s" : [ {
                     "value" : [ "define ","\"Colonoscopy Performed\"",":\n\t" ]
                  }, {
                     "r" : "100",
                     "s" : [ {
                        "s" : [ {
                           "r" : "93",
                           "s" : [ {
                              "r" : "92",
                              "s" : [ {
                                 "r" : "92",
                                 "s" : [ {
                                    "value" : [ "[","\"Procedure, Performed\"",": " ]
                                 }, {
                                    "s" : [ {
                                       "value" : [ "\"Colonoscopy\"" ]
                                    } ]
                                 }, {
                                    "value" : [ "]" ]
                                 } ]
                              } ]
                           }, {
                              "value" : [ " ","Colonoscopy" ]
                           } ]
                        } ]
                     }, {
                        "value" : [ "\n\t\t" ]
                     }, {
                        "r" : "99",
                        "s" : [ {
                           "value" : [ "where " ]
                        }, {
                           "r" : "99",
                           "s" : [ {
                              "r" : "95",
                              "s" : [ {
                                 "r" : "94",
                                 "s" : [ {
                                    "value" : [ "Colonoscopy" ]
                                 } ]
                              }, {
                                 "value" : [ "." ]
                              }, {
                                 "r" : "95",
                                 "s" : [ {
                                    "value" : [ "relevantPeriod" ]
                                 } ]
                              } ]
                           }, {
                              "value" : [ " " ]
                           }, {
                              "r" : "99",
                              "s" : [ {
                                 "value" : [ "ends " ]
                              }, {
                                 "r" : "98",
                                 "s" : [ {
                                    "value" : [ "10 ","years" ]
                                 } ]
                              }, {
                                 "value" : [ " or less on or before" ]
                              } ]
                           }, {
                              "value" : [ " " ]
                           }, {
                              "r" : "97",
                              "s" : [ {
                                 "value" : [ "end of " ]
                              }, {
                                 "r" : "96",
                                 "s" : [ {
                                    "value" : [ "\"Measurement Period\"" ]
                                 } ]
                              } ]
                           } ]
                        } ]
                     } ]
                  } ]
               }
            } ],
            "expression" : {
               "localId" : "100",
               "locator" : "63:2-64:97",
               "type" : "Query",
               "source" : [ {
                  "localId" : "93",
                  "locator" : "63:2-63:52",
                  "alias" : "Colonoscopy",
                  "expression" : {
                     "localId" : "92",
                     "locator" : "63:2-63:40",
                     "dataType" : "{urn:healthit-gov:qdm:v5_4}PositiveProcedurePerformed",
                     "templateId" : "PositiveProcedurePerformed",
                     "codeProperty" : "code",
                     "type" : "Retrieve",
                     "codes" : {
                        "name" : "Colonoscopy",
                        "type" : "ValueSetRef"
                     }
                  }
               } ],
               "relationship" : [ ],
               "where" : {
                  "localId" : "99",
                  "locator" : "64:3-64:97",
                  "type" : "In",
                  "operand" : [ {
                     "locator" : "64:36-64:39",
                     "type" : "End",
                     "operand" : {
                        "localId" : "95",
                        "locator" : "64:9-64:34",
                        "path" : "relevantPeriod",
                        "scope" : "Colonoscopy",
                        "type" : "Property"
                     }
                  }, {
                     "locator" : "64:41-64:56",
                     "lowClosed" : true,
                     "highClosed" : true,
                     "type" : "Interval",
                     "low" : {
                        "locator" : "64:71-64:97",
                        "type" : "Subtract",
                        "operand" : [ {
                           "localId" : "97",
                           "locator" : "64:71-64:97",
                           "type" : "End",
                           "operand" : {
                              "localId" : "96",
                              "locator" : "64:78-64:97",
                              "name" : "Measurement Period",
                              "type" : "ParameterRef"
                           }
                        }, {
                           "localId" : "98",
                           "locator" : "64:41-64:48",
                           "value" : 10,
                           "unit" : "years",
                           "type" : "Quantity"
                        } ]
                     },
                     "high" : {
                        "localId" : "97",
                        "locator" : "64:71-64:97",
                        "type" : "End",
                        "operand" : {
                           "localId" : "96",
                           "locator" : "64:78-64:97",
                           "name" : "Measurement Period",
                           "type" : "ParameterRef"
                        }
                     }
                  } ]
               }
            }
         }, {
            "localId" : "123",
            "locator" : "73:1-77:30",
            "name" : "Fecal Immunochemical Test DNA Performed",
            "context" : "Patient",
            "accessLevel" : "Public",
            "annotation" : [ {
               "type" : "Annotation",
               "s" : {
                  "r" : "123",
                  "s" : [ {
                     "value" : [ "define ","\"Fecal Immunochemical Test DNA Performed\"",":\n\t" ]
                  }, {
                     "r" : "122",
                     "s" : [ {
                        "s" : [ {
                           "r" : "111",
                           "s" : [ {
                              "r" : "110",
                              "s" : [ {
                                 "r" : "110",
                                 "s" : [ {
                                    "value" : [ "[","\"Laboratory Test, Performed\"",": " ]
                                 }, {
                                    "s" : [ {
                                       "value" : [ "\"FIT DNA\"" ]
                                    } ]
                                 }, {
                                    "value" : [ "]" ]
                                 } ]
                              } ]
                           }, {
                              "value" : [ " ","FitDNA" ]
                           } ]
                        } ]
                     }, {
                        "value" : [ "\n\t\t" ]
                     }, {
                        "r" : "121",
                        "s" : [ {
                           "value" : [ "where " ]
                        }, {
                           "r" : "121",
                           "s" : [ {
                              "r" : "114",
                              "s" : [ {
                                 "r" : "113",
                                 "s" : [ {
                                    "r" : "112",
                                    "s" : [ {
                                       "value" : [ "FitDNA" ]
                                    } ]
                                 }, {
                                    "value" : [ "." ]
                                 }, {
                                    "r" : "113",
                                    "s" : [ {
                                       "value" : [ "result" ]
                                    } ]
                                 } ]
                              }, {
                                 "value" : [ " is not null" ]
                              } ]
                           }, {
                              "value" : [ "\n\t\t\tand " ]
                           }, {
                              "r" : "120",
                              "s" : [ {
                                 "r" : "116",
                                 "s" : [ {
                                    "r" : "115",
                                    "s" : [ {
                                       "value" : [ "FitDNA" ]
                                    } ]
                                 }, {
                                    "value" : [ "." ]
                                 }, {
                                    "r" : "116",
                                    "s" : [ {
                                       "value" : [ "authorDatetime" ]
                                    } ]
                                 } ]
                              }, {
                                 "value" : [ " " ]
                              }, {
                                 "r" : "120",
                                 "s" : [ {
                                    "value" : [ "occurs " ]
                                 }, {
                                    "r" : "119",
                                    "s" : [ {
                                       "value" : [ "3 ","years" ]
                                    } ]
                                 }, {
                                    "value" : [ " or less on or before" ]
                                 } ]
                              }, {
                                 "value" : [ " \n\t\t\t" ]
                              }, {
                                 "r" : "118",
                                 "s" : [ {
                                    "value" : [ "end of " ]
                                 }, {
                                    "r" : "117",
                                    "s" : [ {
                                       "value" : [ "\"Measurement Period\"" ]
                                    } ]
                                 } ]
                              } ]
                           } ]
                        } ]
                     } ]
                  } ]
               }
            } ],
            "expression" : {
               "localId" : "122",
               "locator" : "74:2-77:30",
               "type" : "Query",
               "source" : [ {
                  "localId" : "111",
                  "locator" : "74:2-74:49",
                  "alias" : "FitDNA",
                  "expression" : {
                     "localId" : "110",
                     "locator" : "74:2-74:42",
                     "dataType" : "{urn:healthit-gov:qdm:v5_4}PositiveLaboratoryTestPerformed",
                     "templateId" : "PositiveLaboratoryTestPerformed",
                     "codeProperty" : "code",
                     "type" : "Retrieve",
                     "codes" : {
                        "name" : "FIT DNA",
                        "type" : "ValueSetRef"
                     }
                  }
               } ],
               "relationship" : [ ],
               "where" : {
                  "localId" : "121",
                  "locator" : "75:3-77:30",
                  "type" : "And",
                  "operand" : [ {
                     "localId" : "114",
                     "locator" : "75:9-75:33",
                     "type" : "Not",
                     "operand" : {
                        "locator" : "75:9-75:33",
                        "type" : "IsNull",
                        "operand" : {
                           "localId" : "113",
                           "locator" : "75:9-75:21",
                           "path" : "result",
                           "scope" : "FitDNA",
                           "type" : "Property"
                        }
                     }
                  }, {
                     "localId" : "120",
                     "locator" : "76:8-77:30",
                     "type" : "In",
                     "operand" : [ {
                        "localId" : "116",
                        "locator" : "76:8-76:28",
                        "path" : "authorDatetime",
                        "scope" : "FitDNA",
                        "type" : "Property"
                     }, {
                        "locator" : "76:37-76:51",
                        "lowClosed" : true,
                        "highClosed" : true,
                        "type" : "Interval",
                        "low" : {
                           "locator" : "77:4-77:30",
                           "type" : "Subtract",
                           "operand" : [ {
                              "localId" : "118",
                              "locator" : "77:4-77:30",
                              "type" : "End",
                              "operand" : {
                                 "localId" : "117",
                                 "locator" : "77:11-77:30",
                                 "name" : "Measurement Period",
                                 "type" : "ParameterRef"
                              }
                           }, {
                              "localId" : "119",
                              "locator" : "76:37-76:43",
                              "value" : 3,
                              "unit" : "years",
                              "type" : "Quantity"
                           } ]
                        },
                        "high" : {
                           "localId" : "118",
                           "locator" : "77:4-77:30",
                           "type" : "End",
                           "operand" : {
                              "localId" : "117",
                              "locator" : "77:11-77:30",
                              "name" : "Measurement Period",
                              "type" : "ParameterRef"
                           }
                        }
                     } ]
                  } ]
               }
            }
         }, {
            "localId" : "136",
            "locator" : "79:1-82:29",
            "name" : "CT Colonography Performed",
            "context" : "Patient",
            "accessLevel" : "Public",
            "annotation" : [ {
               "type" : "Annotation",
               "s" : {
                  "r" : "136",
                  "s" : [ {
                     "value" : [ "define ","\"CT Colonography Performed\"",":\n\t" ]
                  }, {
                     "r" : "135",
                     "s" : [ {
                        "s" : [ {
                           "r" : "128",
                           "s" : [ {
                              "r" : "127",
                              "s" : [ {
                                 "r" : "127",
                                 "s" : [ {
                                    "value" : [ "[","\"Diagnostic Study, Performed\"",": " ]
                                 }, {
                                    "s" : [ {
                                       "value" : [ "\"CT Colonography\"" ]
                                    } ]
                                 }, {
                                    "value" : [ "]" ]
                                 } ]
                              } ]
                           }, {
                              "value" : [ " ","Colonography" ]
                           } ]
                        } ]
                     }, {
                        "value" : [ "\n\t\t" ]
                     }, {
                        "r" : "134",
                        "s" : [ {
                           "value" : [ "where " ]
                        }, {
                           "r" : "134",
                           "s" : [ {
                              "r" : "130",
                              "s" : [ {
                                 "r" : "129",
                                 "s" : [ {
                                    "value" : [ "Colonography" ]
                                 } ]
                              }, {
                                 "value" : [ "." ]
                              }, {
                                 "r" : "130",
                                 "s" : [ {
                                    "value" : [ "relevantPeriod" ]
                                 } ]
                              } ]
                           }, {
                              "value" : [ " " ]
                           }, {
                              "r" : "134",
                              "s" : [ {
                                 "value" : [ "ends " ]
                              }, {
                                 "r" : "133",
                                 "s" : [ {
                                    "value" : [ "5 ","years" ]
                                 } ]
                              }, {
                                 "value" : [ " or less on or before" ]
                              } ]
                           }, {
                              "value" : [ " \n\t\t" ]
                           }, {
                              "r" : "132",
                              "s" : [ {
                                 "value" : [ "end of " ]
                              }, {
                                 "r" : "131",
                                 "s" : [ {
                                    "value" : [ "\"Measurement Period\"" ]
                                 } ]
                              } ]
                           } ]
                        } ]
                     } ]
                  } ]
               }
            } ],
            "expression" : {
               "localId" : "135",
               "locator" : "80:2-82:29",
               "type" : "Query",
               "source" : [ {
                  "localId" : "128",
                  "locator" : "80:2-80:64",
                  "alias" : "Colonography",
                  "expression" : {
                     "localId" : "127",
                     "locator" : "80:2-80:51",
                     "dataType" : "{urn:healthit-gov:qdm:v5_4}PositiveDiagnosticStudyPerformed",
                     "templateId" : "PositiveDiagnosticStudyPerformed",
                     "codeProperty" : "code",
                     "type" : "Retrieve",
                     "codes" : {
                        "name" : "CT Colonography",
                        "type" : "ValueSetRef"
                     }
                  }
               } ],
               "relationship" : [ ],
               "where" : {
                  "localId" : "134",
                  "locator" : "81:3-82:29",
                  "type" : "In",
                  "operand" : [ {
                     "locator" : "81:37-81:40",
                     "type" : "End",
                     "operand" : {
                        "localId" : "130",
                        "locator" : "81:9-81:35",
                        "path" : "relevantPeriod",
                        "scope" : "Colonography",
                        "type" : "Property"
                     }
                  }, {
                     "locator" : "81:42-81:56",
                     "lowClosed" : true,
                     "highClosed" : true,
                     "type" : "Interval",
                     "low" : {
                        "locator" : "82:3-82:29",
                        "type" : "Subtract",
                        "operand" : [ {
                           "localId" : "132",
                           "locator" : "82:3-82:29",
                           "type" : "End",
                           "operand" : {
                              "localId" : "131",
                              "locator" : "82:10-82:29",
                              "name" : "Measurement Period",
                              "type" : "ParameterRef"
                           }
                        }, {
                           "localId" : "133",
                           "locator" : "81:42-81:48",
                           "value" : 5,
                           "unit" : "years",
                           "type" : "Quantity"
                        } ]
                     },
                     "high" : {
                        "localId" : "132",
                        "locator" : "82:3-82:29",
                        "type" : "End",
                        "operand" : {
                           "localId" : "131",
                           "locator" : "82:10-82:29",
                           "name" : "Measurement Period",
                           "type" : "ParameterRef"
                        }
                     }
                  } ]
               }
            }
         }, {
            "localId" : "140",
            "locator" : "66:1-71:39",
            "name" : "Numerator",
            "context" : "Patient",
            "accessLevel" : "Public",
            "annotation" : [ {
               "type" : "Annotation",
               "s" : {
                  "r" : "140",
                  "s" : [ {
                     "value" : [ "define ","\"Numerator\"",":\n\t" ]
                  }, {
                     "r" : "139",
                     "s" : [ {
                        "r" : "126",
                        "s" : [ {
                           "r" : "109",
                           "s" : [ {
                              "r" : "106",
                              "s" : [ {
                                 "r" : "103",
                                 "s" : [ {
                                    "value" : [ "exists " ]
                                 }, {
                                    "r" : "102",
                                    "s" : [ {
                                       "value" : [ "\"Colonoscopy Performed\"" ]
                                    } ]
                                 } ]
                              }, {
                                 "value" : [ "\n\t\tor " ]
                              }, {
                                 "r" : "105",
                                 "s" : [ {
                                    "value" : [ "exists " ]
                                 }, {
                                    "r" : "104",
                                    "s" : [ {
                                       "value" : [ "\"Fecal Occult Blood Test Performed\"" ]
                                    } ]
                                 } ]
                              } ]
                           }, {
                              "value" : [ "\n\t\tor " ]
                           }, {
                              "r" : "108",
                              "s" : [ {
                                 "value" : [ "exists " ]
                              }, {
                                 "r" : "107",
                                 "s" : [ {
                                    "value" : [ "\"Flexible Sigmoidoscopy Performed\"" ]
                                 } ]
                              } ]
                           } ]
                        }, {
                           "value" : [ "\n\t\tor " ]
                        }, {
                           "r" : "125",
                           "s" : [ {
                              "value" : [ "exists " ]
                           }, {
                              "r" : "124",
                              "s" : [ {
                                 "value" : [ "\"Fecal Immunochemical Test DNA Performed\"" ]
                              } ]
                           } ]
                        } ]
                     }, {
                        "value" : [ "\n\t\tor " ]
                     }, {
                        "r" : "138",
                        "s" : [ {
                           "value" : [ "exists " ]
                        }, {
                           "r" : "137",
                           "s" : [ {
                              "value" : [ "\"CT Colonography Performed\"" ]
                           } ]
                        } ]
                     } ]
                  } ]
               }
            } ],
            "expression" : {
               "localId" : "139",
               "locator" : "67:2-71:39",
               "type" : "Or",
               "operand" : [ {
                  "localId" : "126",
                  "locator" : "67:2-70:53",
                  "type" : "Or",
                  "operand" : [ {
                     "localId" : "109",
                     "locator" : "67:2-69:46",
                     "type" : "Or",
                     "operand" : [ {
                        "localId" : "106",
                        "locator" : "67:2-68:47",
                        "type" : "Or",
                        "operand" : [ {
                           "localId" : "103",
                           "locator" : "67:2-67:31",
                           "type" : "Exists",
                           "operand" : {
                              "localId" : "102",
                              "locator" : "67:9-67:31",
                              "name" : "Colonoscopy Performed",
                              "type" : "ExpressionRef"
                           }
                        }, {
                           "localId" : "105",
                           "locator" : "68:6-68:47",
                           "type" : "Exists",
                           "operand" : {
                              "localId" : "104",
                              "locator" : "68:13-68:47",
                              "name" : "Fecal Occult Blood Test Performed",
                              "type" : "ExpressionRef"
                           }
                        } ]
                     }, {
                        "localId" : "108",
                        "locator" : "69:6-69:46",
                        "type" : "Exists",
                        "operand" : {
                           "localId" : "107",
                           "locator" : "69:13-69:46",
                           "name" : "Flexible Sigmoidoscopy Performed",
                           "type" : "ExpressionRef"
                        }
                     } ]
                  }, {
                     "localId" : "125",
                     "locator" : "70:6-70:53",
                     "type" : "Exists",
                     "operand" : {
                        "localId" : "124",
                        "locator" : "70:13-70:53",
                        "name" : "Fecal Immunochemical Test DNA Performed",
                        "type" : "ExpressionRef"
                     }
                  } ]
               }, {
                  "localId" : "138",
                  "locator" : "71:6-71:39",
                  "type" : "Exists",
                  "operand" : {
                     "localId" : "137",
                     "locator" : "71:13-71:39",
                     "name" : "CT Colonography Performed",
                     "type" : "ExpressionRef"
                  }
               } ]
            }
         }, {
            "localId" : "168",
            "locator" : "89:1-97:3",
            "name" : "Denominator Exclusions",
            "context" : "Patient",
            "accessLevel" : "Public",
            "annotation" : [ {
               "type" : "Annotation",
               "s" : {
                  "r" : "168",
                  "s" : [ {
                     "value" : [ "define ","\"Denominator Exclusions\"",":\n\t" ]
                  }, {
                     "r" : "167",
                     "s" : [ {
                        "r" : "151",
                        "s" : [ {
                           "r" : "148",
                           "s" : [ {
                              "r" : "145",
                              "s" : [ {
                                 "r" : "142",
                                 "s" : [ {
                                    "r" : "141",
                                    "s" : [ {
                                       "value" : [ "Hospice" ]
                                    } ]
                                 }, {
                                    "value" : [ "." ]
                                 }, {
                                    "r" : "142",
                                    "s" : [ {
                                       "value" : [ "\"Has Hospice\"" ]
                                    } ]
                                 } ]
                              }, {
                                 "value" : [ "\n\t\tor " ]
                              }, {
                                 "r" : "144",
                                 "s" : [ {
                                    "value" : [ "exists " ]
                                 }, {
                                    "r" : "143",
                                    "s" : [ {
                                       "value" : [ "\"Malignant Neoplasm\"" ]
                                    } ]
                                 } ]
                              } ]
                           }, {
                              "value" : [ "\n\t\tor " ]
                           }, {
                              "r" : "147",
                              "s" : [ {
                                 "value" : [ "exists " ]
                              }, {
                                 "r" : "146",
                                 "s" : [ {
                                    "value" : [ "\"Total Colectomy Performed\"" ]
                                 } ]
                              } ]
                           } ]
                        }, {
                           "value" : [ "\n\t\tor " ]
                        }, {
                           "r" : "150",
                           "s" : [ {
                              "r" : "149",
                              "s" : [ {
                                 "value" : [ "FrailtyLTI" ]
                              } ]
                           }, {
                              "value" : [ "." ]
                           }, {
                              "r" : "150",
                              "s" : [ {
                                 "value" : [ "\"Advanced Illness and Frailty Exclusion Including Under Age 80\"" ]
                              } ]
                           } ]
                        } ]
                     }, {
                        "value" : [ "\n\t\tor " ]
                     }, {
                        "r" : "166",
                        "s" : [ {
                           "value" : [ "( " ]
                        }, {
                           "r" : "166",
                           "s" : [ {
                              "value" : [ "exists " ]
                           }, {
                              "r" : "165",
                              "s" : [ {
                                 "s" : [ {
                                    "r" : "153",
                                    "s" : [ {
                                       "r" : "152",
                                       "s" : [ {
                                          "r" : "152",
                                          "s" : [ {
                                             "value" : [ "[","\"Patient Characteristic Birthdate\"",": " ]
                                          }, {
                                             "s" : [ {
                                                "value" : [ "\"Birth date\"" ]
                                             } ]
                                          }, {
                                             "value" : [ "]" ]
                                          } ]
                                       } ]
                                    }, {
                                       "value" : [ " ","BirthDate" ]
                                    } ]
                                 } ]
                              }, {
                                 "value" : [ "\n\t\t\t\t" ]
                              }, {
                                 "r" : "164",
                                 "s" : [ {
                                    "value" : [ "where " ]
                                 }, {
                                    "r" : "164",
                                    "s" : [ {
                                       "r" : "161",
                                       "s" : [ {
                                          "value" : [ "( " ]
                                       }, {
                                          "r" : "161",
                                          "s" : [ {
                                             "r" : "159",
                                             "s" : [ {
                                                "r" : "154",
                                                "s" : [ {
                                                   "value" : [ "Global" ]
                                                } ]
                                             }, {
                                                "value" : [ "." ]
                                             }, {
                                                "r" : "159",
                                                "s" : [ {
                                                   "value" : [ "\"CalendarAgeInYearsAt\"","(" ]
                                                }, {
                                                   "r" : "156",
                                                   "s" : [ {
                                                      "r" : "155",
                                                      "s" : [ {
                                                         "value" : [ "BirthDate" ]
                                                      } ]
                                                   }, {
                                                      "value" : [ "." ]
                                                   }, {
                                                      "r" : "156",
                                                      "s" : [ {
                                                         "value" : [ "birthDatetime" ]
                                                      } ]
                                                   } ]
                                                }, {
                                                   "value" : [ ", " ]
                                                }, {
                                                   "r" : "158",
                                                   "s" : [ {
                                                      "value" : [ "start of " ]
                                                   }, {
                                                      "r" : "157",
                                                      "s" : [ {
                                                         "value" : [ "\"Measurement Period\"" ]
                                                      } ]
                                                   } ]
                                                }, {
                                                   "value" : [ ")" ]
                                                } ]
                                             } ]
                                          }, {
                                             "value" : [ ">="," ","65" ]
                                          } ]
                                       }, {
                                          "value" : [ " )" ]
                                       } ]
                                    }, {
                                       "value" : [ "\n\t\t\t\t\tand " ]
                                    }, {
                                       "r" : "163",
                                       "s" : [ {
                                          "r" : "162",
                                          "s" : [ {
                                             "value" : [ "FrailtyLTI" ]
                                          } ]
                                       }, {
                                          "value" : [ "." ]
                                       }, {
                                          "r" : "163",
                                          "s" : [ {
                                             "value" : [ "\"Has Spent More Than 90 Days in Long Term Care\"" ]
                                          } ]
                                       } ]
                                    } ]
                                 } ]
                              } ]
                           } ]
                        }, {
                           "value" : [ "\n\t\t)" ]
                        } ]
                     } ]
                  } ]
               }
            } ],
            "expression" : {
               "localId" : "167",
               "locator" : "90:2-97:3",
               "type" : "Or",
               "operand" : [ {
                  "localId" : "151",
                  "locator" : "90:2-93:79",
                  "type" : "Or",
                  "operand" : [ {
                     "localId" : "148",
                     "locator" : "90:2-92:39",
                     "type" : "Or",
                     "operand" : [ {
                        "localId" : "145",
                        "locator" : "90:2-91:32",
                        "type" : "Or",
                        "operand" : [ {
                           "localId" : "142",
                           "locator" : "90:2-90:22",
                           "name" : "Has Hospice",
                           "libraryName" : "Hospice",
                           "type" : "ExpressionRef"
                        }, {
                           "localId" : "144",
                           "locator" : "91:6-91:32",
                           "type" : "Exists",
                           "operand" : {
                              "localId" : "143",
                              "locator" : "91:13-91:32",
                              "name" : "Malignant Neoplasm",
                              "type" : "ExpressionRef"
                           }
                        } ]
                     }, {
                        "localId" : "147",
                        "locator" : "92:6-92:39",
                        "type" : "Exists",
                        "operand" : {
                           "localId" : "146",
                           "locator" : "92:13-92:39",
                           "name" : "Total Colectomy Performed",
                           "type" : "ExpressionRef"
                        }
                     } ]
                  }, {
                     "localId" : "150",
                     "locator" : "93:6-93:79",
                     "name" : "Advanced Illness and Frailty Exclusion Including Under Age 80",
                     "libraryName" : "FrailtyLTI",
                     "type" : "ExpressionRef"
                  } ]
               }, {
                  "localId" : "166",
                  "locator" : "94:6-97:3",
                  "type" : "Exists",
                  "operand" : {
                     "localId" : "165",
                     "locator" : "94:15-96:67",
                     "type" : "Query",
                     "source" : [ {
                        "localId" : "153",
                        "locator" : "94:15-94:74",
                        "alias" : "BirthDate",
                        "expression" : {
                           "localId" : "152",
                           "locator" : "94:15-94:64",
                           "dataType" : "{urn:healthit-gov:qdm:v5_4}PatientCharacteristicBirthdate",
                           "codeProperty" : "code",
                           "type" : "Retrieve",
                           "codes" : {
                              "type" : "ToList",
                              "operand" : {
                                 "name" : "Birth date",
                                 "type" : "CodeRef"
                              }
                           }
                        }
                     } ],
                     "relationship" : [ ],
                     "where" : {
                        "localId" : "164",
                        "locator" : "95:5-96:67",
                        "type" : "And",
                        "operand" : [ {
                           "localId" : "161",
                           "locator" : "95:11-95:104",
                           "type" : "GreaterOrEqual",
                           "operand" : [ {
                              "localId" : "159",
                              "locator" : "95:13-95:97",
                              "name" : "CalendarAgeInYearsAt",
                              "libraryName" : "Global",
                              "type" : "FunctionRef",
                              "operand" : [ {
                                 "localId" : "156",
                                 "locator" : "95:43-95:65",
                                 "path" : "birthDatetime",
                                 "scope" : "BirthDate",
                                 "type" : "Property"
                              }, {
                                 "localId" : "158",
                                 "locator" : "95:68-95:96",
                                 "type" : "Start",
                                 "operand" : {
                                    "localId" : "157",
                                    "locator" : "95:77-95:96",
                                    "name" : "Measurement Period",
                                    "type" : "ParameterRef"
                                 }
                              } ]
                           }, {
                              "localId" : "160",
                              "locator" : "95:101-95:102",
                              "valueType" : "{urn:hl7-org:elm-types:r1}Integer",
                              "value" : "65",
                              "type" : "Literal"
                           } ]
                        }, {
                           "localId" : "163",
                           "locator" : "96:10-96:67",
                           "name" : "Has Spent More Than 90 Days in Long Term Care",
                           "libraryName" : "FrailtyLTI",
                           "type" : "ExpressionRef"
                        } ]
                     }
                  }
               } ]
            }
         } ]
      }
   }
}