{
   "library" : {
      "identifier" : {
         "id" : "HIVScreening",
         "version" : "3.3.000"
      },
      "schemaIdentifier" : {
         "id" : "urn:hl7-org:elm",
         "version" : "r1"
      },
      "usings" : {
         "def" : [ {
            "localIdentifier" : "System",
            "uri" : "urn:hl7-org:elm-types:r1"
         }, {
            "localId" : "1",
            "locator" : "3:1-3:23",
            "localIdentifier" : "QDM",
            "uri" : "urn:healthit-gov:qdm:v5_5",
            "version" : "5.5"
         } ]
      },
      "includes" : {
         "def" : [ {
            "localId" : "2",
            "locator" : "5:1-5:64",
            "localIdentifier" : "Global",
            "path" : "MATGlobalCommonFunctions",
            "version" : "5.0.000"
         } ]
      },
      "parameters" : {
         "def" : [ {
            "localId" : "21",
            "locator" : "24:1-24:49",
            "name" : "Measurement Period",
            "accessLevel" : "Public",
            "parameterTypeSpecifier" : {
               "localId" : "20",
               "locator" : "24:32-24:49",
               "type" : "IntervalTypeSpecifier",
               "pointType" : {
                  "localId" : "19",
                  "locator" : "24:41-24:48",
                  "name" : "{urn:hl7-org:elm-types:r1}DateTime",
                  "type" : "NamedTypeSpecifier"
               }
            }
         } ]
      },
      "codeSystems" : {
         "def" : [ {
            "localId" : "3",
            "locator" : "7:1-7:51",
            "name" : "LOINC",
            "id" : "urn:oid:2.16.840.1.113883.6.1",
            "accessLevel" : "Public"
         } ]
      },
      "valueSets" : {
         "def" : [ {
            "localId" : "4",
            "locator" : "9:1-9:58",
            "name" : "Ethnicity",
            "id" : "urn:oid:2.16.840.1.114222.4.11.837",
            "accessLevel" : "Public"
         }, {
            "localId" : "5",
            "locator" : "10:1-10:120",
            "name" : "Human Immunodeficiency Virus (HIV) Laboratory Test Codes (Ab and Ag)",
            "id" : "urn:oid:2.16.840.1.113762.1.4.1056.50",
            "accessLevel" : "Public"
         }, {
            "localId" : "6",
            "locator" : "11:1-11:100",
            "name" : "Indicators of Human Immunodeficiency Virus (HIV)",
            "id" : "urn:oid:2.16.840.1.113762.1.4.1056.54",
            "accessLevel" : "Public"
         }, {
            "localId" : "7",
            "locator" : "12:1-12:75",
            "name" : "Office Visit",
            "id" : "urn:oid:2.16.840.1.113883.3.464.1003.101.12.1001",
            "accessLevel" : "Public"
         }, {
            "localId" : "8",
            "locator" : "13:1-13:68",
            "name" : "ONC Administrative Sex",
            "id" : "urn:oid:2.16.840.1.113762.1.4.1",
            "accessLevel" : "Public"
         }, {
            "localId" : "9",
            "locator" : "14:1-14:55",
            "name" : "Payer",
            "id" : "urn:oid:2.16.840.1.114222.4.11.3591",
            "accessLevel" : "Public"
         }, {
            "localId" : "10",
            "locator" : "15:1-15:125",
            "name" : "Preventive Care Services - Established Office Visit, 18 and Up",
            "id" : "urn:oid:2.16.840.1.113883.3.464.1003.101.12.1025",
            "accessLevel" : "Public"
         }, {
            "localId" : "11",
            "locator" : "16:1-16:118",
            "name" : "Preventive Care Services, Initial Office Visit, 0 to 17",
            "id" : "urn:oid:2.16.840.1.113883.3.464.1003.101.12.1022",
            "accessLevel" : "Public"
         }, {
            "localId" : "12",
            "locator" : "17:1-17:119",
            "name" : "Preventive Care Services-Initial Office Visit, 18 and Up",
            "id" : "urn:oid:2.16.840.1.113883.3.464.1003.101.12.1023",
            "accessLevel" : "Public"
         }, {
            "localId" : "13",
            "locator" : "18:1-18:113",
            "name" : "Preventive Care, Established Office Visit, 0 to 17",
            "id" : "urn:oid:2.16.840.1.113883.3.464.1003.101.12.1024",
            "accessLevel" : "Public"
         }, {
            "localId" : "14",
            "locator" : "19:1-19:53",
            "name" : "Race",
            "id" : "urn:oid:2.16.840.1.114222.4.11.836",
            "accessLevel" : "Public"
         } ]
      },
      "codes" : {
         "def" : [ {
            "localId" : "16",
            "locator" : "21:1-21:62",
            "name" : "Birth date",
            "id" : "21112-8",
            "display" : "Birth date",
            "accessLevel" : "Public",
            "codeSystem" : {
               "localId" : "15",
               "locator" : "21:35-21:41",
               "name" : "LOINC"
            }
         }, {
            "localId" : "18",
            "locator" : "22:1-22:118",
            "name" : "HIV 1 and 2 tests - Meaningful Use set",
            "id" : "75622-1",
            "display" : "HIV 1 and 2 tests - Meaningful Use set",
            "accessLevel" : "Public",
            "codeSystem" : {
               "localId" : "17",
               "locator" : "22:63-22:69",
               "name" : "LOINC"
            }
         } ]
      },
      "statements" : {
         "def" : [ {
            "locator" : "26:1-26:15",
            "name" : "Patient",
            "context" : "Patient",
            "expression" : {
               "type" : "SingletonFrom",
               "operand" : {
                  "locator" : "26:1-26:15",
                  "dataType" : "{urn:healthit-gov:qdm:v5_5}Patient",
                  "templateId" : "Patient",
                  "type" : "Retrieve"
               }
            }
         }, {
            "localId" : "23",
            "locator" : "28:1-29:51",
            "name" : "SDE Ethnicity",
            "context" : "Patient",
            "accessLevel" : "Public",
            "annotation" : [ {
               "type" : "Annotation",
               "s" : {
                  "r" : "23",
                  "s" : [ {
                     "value" : [ "define ","\"SDE Ethnicity\"",":\n  " ]
                  }, {
                     "r" : "22",
                     "s" : [ {
                        "value" : [ "[","\"Patient Characteristic Ethnicity\"",": " ]
                     }, {
                        "s" : [ {
                           "value" : [ "\"Ethnicity\"" ]
                        } ]
                     }, {
                        "value" : [ "]" ]
                     } ]
                  } ]
               }
            } ],
            "expression" : {
               "localId" : "22",
               "locator" : "29:3-29:51",
               "dataType" : "{urn:healthit-gov:qdm:v5_5}PatientCharacteristicEthnicity",
               "codeProperty" : "code",
               "type" : "Retrieve",
               "codes" : {
                  "locator" : "29:40-29:50",
                  "name" : "Ethnicity",
                  "type" : "ValueSetRef"
               }
            }
         }, {
            "localId" : "25",
            "locator" : "31:1-32:43",
            "name" : "SDE Payer",
            "context" : "Patient",
            "accessLevel" : "Public",
            "annotation" : [ {
               "type" : "Annotation",
               "s" : {
                  "r" : "25",
                  "s" : [ {
                     "value" : [ "define ","\"SDE Payer\"",":\n  " ]
                  }, {
                     "r" : "24",
                     "s" : [ {
                        "value" : [ "[","\"Patient Characteristic Payer\"",": " ]
                     }, {
                        "s" : [ {
                           "value" : [ "\"Payer\"" ]
                        } ]
                     }, {
                        "value" : [ "]" ]
                     } ]
                  } ]
               }
            } ],
            "expression" : {
               "localId" : "24",
               "locator" : "32:3-32:43",
               "dataType" : "{urn:healthit-gov:qdm:v5_5}PatientCharacteristicPayer",
               "codeProperty" : "code",
               "type" : "Retrieve",
               "codes" : {
                  "locator" : "32:36-32:42",
                  "name" : "Payer",
                  "type" : "ValueSetRef"
               }
            }
         }, {
            "localId" : "27",
            "locator" : "34:1-35:41",
            "name" : "SDE Race",
            "context" : "Patient",
            "accessLevel" : "Public",
            "annotation" : [ {
               "type" : "Annotation",
               "s" : {
                  "r" : "27",
                  "s" : [ {
                     "value" : [ "define ","\"SDE Race\"",":\n  " ]
                  }, {
                     "r" : "26",
                     "s" : [ {
                        "value" : [ "[","\"Patient Characteristic Race\"",": " ]
                     }, {
                        "s" : [ {
                           "value" : [ "\"Race\"" ]
                        } ]
                     }, {
                        "value" : [ "]" ]
                     } ]
                  } ]
               }
            } ],
            "expression" : {
               "localId" : "26",
               "locator" : "35:3-35:41",
               "dataType" : "{urn:healthit-gov:qdm:v5_5}PatientCharacteristicRace",
               "codeProperty" : "code",
               "type" : "Retrieve",
               "codes" : {
                  "locator" : "35:35-35:40",
                  "name" : "Race",
                  "type" : "ValueSetRef"
               }
            }
         }, {
            "localId" : "29",
            "locator" : "37:1-38:58",
            "name" : "SDE Sex",
            "context" : "Patient",
            "accessLevel" : "Public",
            "annotation" : [ {
               "type" : "Annotation",
               "s" : {
                  "r" : "29",
                  "s" : [ {
                     "value" : [ "define ","\"SDE Sex\"",":\n  " ]
                  }, {
                     "r" : "28",
                     "s" : [ {
                        "value" : [ "[","\"Patient Characteristic Sex\"",": " ]
                     }, {
                        "s" : [ {
                           "value" : [ "\"ONC Administrative Sex\"" ]
                        } ]
                     }, {
                        "value" : [ "]" ]
                     } ]
                  } ]
               }
            } ],
            "expression" : {
               "localId" : "28",
               "locator" : "38:3-38:58",
               "dataType" : "{urn:healthit-gov:qdm:v5_5}PatientCharacteristicSex",
               "codeProperty" : "code",
               "type" : "Retrieve",
               "codes" : {
                  "locator" : "38:34-38:57",
                  "name" : "ONC Administrative Sex",
                  "type" : "ValueSetRef"
               }
            }
         }, {
            "localId" : "55",
            "locator" : "48:1-55:33",
            "name" : "HIV Test Performed",
            "context" : "Patient",
            "accessLevel" : "Public",
            "annotation" : [ {
               "type" : "Annotation",
               "s" : {
                  "r" : "55",
                  "s" : [ {
                     "value" : [ "define ","\"HIV Test Performed\"",":\n  " ]
                  }, {
                     "r" : "54",
                     "s" : [ {
                        "s" : [ {
                           "r" : "33",
                           "s" : [ {
                              "r" : "32",
                              "s" : [ {
                                 "value" : [ "( " ]
                              }, {
                                 "r" : "32",
                                 "s" : [ {
                                    "r" : "30",
                                    "s" : [ {
                                       "value" : [ "[","\"Laboratory Test, Performed\"",": " ]
                                    }, {
                                       "s" : [ {
                                          "value" : [ "\"Human Immunodeficiency Virus (HIV) Laboratory Test Codes (Ab and Ag)\"" ]
                                       } ]
                                    }, {
                                       "value" : [ "]" ]
                                    } ]
                                 }, {
                                    "value" : [ "\n    union " ]
                                 }, {
                                    "r" : "31",
                                    "s" : [ {
                                       "value" : [ "[","\"Laboratory Test, Performed\"",": " ]
                                    }, {
                                       "s" : [ {
                                          "value" : [ "\"HIV 1 and 2 tests - Meaningful Use set\"" ]
                                       } ]
                                    }, {
                                       "value" : [ "]" ]
                                    } ]
                                 } ]
                              }, {
                                 "value" : [ " )" ]
                              } ]
                           }, {
                              "value" : [ " ","HIVTest" ]
                           } ]
                        } ]
                     }, {
                        "value" : [ "\n    " ]
                     }, {
                        "r" : "53",
                        "s" : [ {
                           "value" : [ "where " ]
                        }, {
                           "r" : "53",
                           "s" : [ {
                              "r" : "47",
                              "s" : [ {
                                 "value" : [ "exists " ]
                              }, {
                                 "r" : "46",
                                 "s" : [ {
                                    "value" : [ "( " ]
                                 }, {
                                    "r" : "46",
                                    "s" : [ {
                                       "s" : [ {
                                          "r" : "35",
                                          "s" : [ {
                                             "r" : "34",
                                             "s" : [ {
                                                "r" : "34",
                                                "s" : [ {
                                                   "value" : [ "[","\"Patient Characteristic Birthdate\"",": " ]
                                                }, {
                                                   "s" : [ {
                                                      "value" : [ "\"Birth date\"" ]
                                                   } ]
                                                }, {
                                                   "value" : [ "]" ]
                                                } ]
                                             } ]
                                          }, {
                                             "value" : [ " ","BirthDate" ]
                                          } ]
                                       } ]
                                    }, {
                                       "value" : [ "\n        " ]
                                    }, {
                                       "r" : "45",
                                       "s" : [ {
                                          "value" : [ "where " ]
                                       }, {
                                          "r" : "45",
                                          "s" : [ {
                                             "r" : "41",
                                             "s" : [ {
                                                "r" : "36",
                                                "s" : [ {
                                                   "value" : [ "Global" ]
                                                } ]
                                             }, {
                                                "value" : [ "." ]
                                             }, {
                                                "r" : "41",
                                                "s" : [ {
                                                   "value" : [ "\"CalendarAgeInYearsAt\""," ( " ]
                                                }, {
                                                   "r" : "38",
                                                   "s" : [ {
                                                      "r" : "37",
                                                      "s" : [ {
                                                         "value" : [ "BirthDate" ]
                                                      } ]
                                                   }, {
                                                      "value" : [ "." ]
                                                   }, {
                                                      "r" : "38",
                                                      "s" : [ {
                                                         "value" : [ "birthDatetime" ]
                                                      } ]
                                                   } ]
                                                }, {
                                                   "value" : [ ", " ]
                                                }, {
                                                   "r" : "40",
                                                   "s" : [ {
                                                      "r" : "39",
                                                      "s" : [ {
                                                         "value" : [ "HIVTest" ]
                                                      } ]
                                                   }, {
                                                      "value" : [ "." ]
                                                   }, {
                                                      "r" : "40",
                                                      "s" : [ {
                                                         "value" : [ "relevantDatetime" ]
                                                      } ]
                                                   } ]
                                                }, {
                                                   "value" : [ " )" ]
                                                } ]
                                             } ]
                                          }, {
                                             "value" : [ " in " ]
                                          }, {
                                             "r" : "44",
                                             "s" : [ {
                                                "r" : "42",
                                                "value" : [ "Interval[","15",", ","66"," )" ]
                                             } ]
                                          } ]
                                       } ]
                                    } ]
                                 }, {
                                    "value" : [ "\n    )" ]
                                 } ]
                              } ]
                           }, {
                              "value" : [ "\n      and " ]
                           }, {
                              "r" : "52",
                              "s" : [ {
                                 "r" : "49",
                                 "s" : [ {
                                    "r" : "48",
                                    "s" : [ {
                                       "value" : [ "HIVTest" ]
                                    } ]
                                 }, {
                                    "value" : [ "." ]
                                 }, {
                                    "r" : "49",
                                    "s" : [ {
                                       "value" : [ "relevantDatetime" ]
                                    } ]
                                 } ]
                              }, {
                                 "r" : "52",
                                 "value" : [ " ","before"," \n      " ]
                              }, {
                                 "r" : "51",
                                 "s" : [ {
                                    "value" : [ "end of " ]
                                 }, {
                                    "r" : "50",
                                    "s" : [ {
                                       "value" : [ "\"Measurement Period\"" ]
                                    } ]
                                 } ]
                              } ]
                           } ]
                        } ]
                     } ]
                  } ]
               }
            } ],
            "expression" : {
               "localId" : "54",
               "locator" : "49:3-55:33",
               "type" : "Query",
               "source" : [ {
                  "localId" : "33",
                  "locator" : "49:3-50:92",
                  "alias" : "HIVTest",
                  "expression" : {
                     "localId" : "32",
                     "locator" : "49:3-50:84",
                     "type" : "Union",
                     "operand" : [ {
                        "localId" : "30",
                        "locator" : "49:5-49:106",
                        "dataType" : "{urn:healthit-gov:qdm:v5_5}PositiveLaboratoryTestPerformed",
                        "templateId" : "PositiveLaboratoryTestPerformed",
                        "codeProperty" : "code",
                        "type" : "Retrieve",
                        "codes" : {
                           "locator" : "49:36-49:105",
                           "name" : "Human Immunodeficiency Virus (HIV) Laboratory Test Codes (Ab and Ag)",
                           "type" : "ValueSetRef"
                        }
                     }, {
                        "localId" : "31",
                        "locator" : "50:11-50:82",
                        "dataType" : "{urn:healthit-gov:qdm:v5_5}PositiveLaboratoryTestPerformed",
                        "templateId" : "PositiveLaboratoryTestPerformed",
                        "codeProperty" : "code",
                        "type" : "Retrieve",
                        "codes" : {
                           "type" : "ToList",
                           "operand" : {
                              "locator" : "50:42-50:81",
                              "name" : "HIV 1 and 2 tests - Meaningful Use set",
                              "type" : "CodeRef"
                           }
                        }
                     } ]
                  }
               } ],
               "relationship" : [ ],
               "where" : {
                  "localId" : "53",
                  "locator" : "51:5-55:33",
                  "type" : "And",
                  "operand" : [ {
                     "localId" : "47",
                     "locator" : "51:11-53:5",
                     "type" : "Exists",
                     "operand" : {
                        "localId" : "46",
                        "locator" : "51:18-53:5",
                        "type" : "Query",
                        "source" : [ {
                           "localId" : "35",
                           "locator" : "51:20-51:79",
                           "alias" : "BirthDate",
                           "expression" : {
                              "localId" : "34",
                              "locator" : "51:20-51:69",
                              "dataType" : "{urn:healthit-gov:qdm:v5_5}PatientCharacteristicBirthdate",
                              "codeProperty" : "code",
                              "type" : "Retrieve",
                              "codes" : {
                                 "type" : "ToList",
                                 "operand" : {
                                    "locator" : "51:57-51:68",
                                    "name" : "Birth date",
                                    "type" : "CodeRef"
                                 }
                              }
                           }
                        } ],
                        "relationship" : [ ],
                        "where" : {
                           "localId" : "45",
                           "locator" : "52:9-52:118",
                           "type" : "In",
                           "operand" : [ {
                              "localId" : "41",
                              "locator" : "52:15-52:97",
                              "name" : "CalendarAgeInYearsAt",
                              "libraryName" : "Global",
                              "type" : "FunctionRef",
                              "operand" : [ {
                                 "localId" : "38",
                                 "locator" : "52:47-52:69",
                                 "path" : "birthDatetime",
                                 "scope" : "BirthDate",
                                 "type" : "Property"
                              }, {
                                 "localId" : "40",
                                 "locator" : "52:72-52:95",
                                 "path" : "relevantDatetime",
                                 "scope" : "HIVTest",
                                 "type" : "Property"
                              } ]
                           }, {
                              "localId" : "44",
                              "locator" : "52:102-52:118",
                              "lowClosed" : true,
                              "highClosed" : false,
                              "type" : "Interval",
                              "low" : {
                                 "localId" : "42",
                                 "locator" : "52:111-52:112",
                                 "valueType" : "{urn:hl7-org:elm-types:r1}Integer",
                                 "value" : "15",
                                 "type" : "Literal"
                              },
                              "high" : {
                                 "localId" : "43",
                                 "locator" : "52:115-52:116",
                                 "valueType" : "{urn:hl7-org:elm-types:r1}Integer",
                                 "value" : "66",
                                 "type" : "Literal"
                              }
                           } ]
                        }
                     }
                  }, {
                     "localId" : "52",
                     "locator" : "54:11-55:33",
                     "type" : "Before",
                     "operand" : [ {
                        "localId" : "49",
                        "locator" : "54:11-54:34",
                        "path" : "relevantDatetime",
                        "scope" : "HIVTest",
                        "type" : "Property"
                     }, {
                        "localId" : "51",
                        "locator" : "55:7-55:33",
                        "type" : "End",
                        "operand" : {
                           "localId" : "50",
                           "locator" : "55:14-55:33",
                           "name" : "Measurement Period",
                           "type" : "ParameterRef"
                        }
                     } ]
                  } ]
               }
            }
         }, {
            "localId" : "58",
            "locator" : "40:1-41:33",
            "name" : "Numerator",
            "context" : "Patient",
            "accessLevel" : "Public",
            "annotation" : [ {
               "type" : "Annotation",
               "s" : {
                  "r" : "58",
                  "s" : [ {
                     "value" : [ "define ","\"Numerator\"",":\n  " ]
                  }, {
                     "r" : "57",
                     "s" : [ {
                        "value" : [ "exists " ]
                     }, {
                        "r" : "56",
                        "s" : [ {
                           "value" : [ "( " ]
                        }, {
                           "r" : "56",
                           "s" : [ {
                              "value" : [ "\"HIV Test Performed\"" ]
                           } ]
                        }, {
                           "value" : [ " )" ]
                        } ]
                     } ]
                  } ]
               }
            } ],
            "expression" : {
               "localId" : "57",
               "locator" : "41:3-41:33",
               "type" : "Exists",
               "operand" : {
                  "localId" : "56",
                  "locator" : "41:10-41:33",
                  "name" : "HIV Test Performed",
                  "type" : "ExpressionRef"
               }
            }
         }, {
            "localId" : "68",
            "locator" : "43:1-46:3",
            "name" : "Denominator Exclusions",
            "context" : "Patient",
            "accessLevel" : "Public",
            "annotation" : [ {
               "type" : "Annotation",
               "s" : {
                  "r" : "68",
                  "s" : [ {
                     "value" : [ "define ","\"Denominator Exclusions\"",":\n  " ]
                  }, {
                     "r" : "67",
                     "s" : [ {
                        "value" : [ "exists " ]
                     }, {
                        "r" : "66",
                        "s" : [ {
                           "value" : [ "( " ]
                        }, {
                           "r" : "66",
                           "s" : [ {
                              "s" : [ {
                                 "r" : "60",
                                 "s" : [ {
                                    "r" : "59",
                                    "s" : [ {
                                       "r" : "59",
                                       "s" : [ {
                                          "value" : [ "[","\"Diagnosis\"",": " ]
                                       }, {
                                          "s" : [ {
                                             "value" : [ "\"Indicators of Human Immunodeficiency Virus (HIV)\"" ]
                                          } ]
                                       }, {
                                          "value" : [ "]" ]
                                       } ]
                                    } ]
                                 }, {
                                    "value" : [ " ","HIVIndicators" ]
                                 } ]
                              } ]
                           }, {
                              "value" : [ "\n      " ]
                           }, {
                              "r" : "65",
                              "s" : [ {
                                 "value" : [ "where " ]
                              }, {
                                 "r" : "65",
                                 "s" : [ {
                                    "r" : "62",
                                    "s" : [ {
                                       "r" : "61",
                                       "s" : [ {
                                          "value" : [ "HIVIndicators" ]
                                       } ]
                                    }, {
                                       "value" : [ "." ]
                                    }, {
                                       "r" : "62",
                                       "s" : [ {
                                          "value" : [ "prevalencePeriod" ]
                                       } ]
                                    } ]
                                 }, {
                                    "r" : "65",
                                    "value" : [ " ","starts before"," " ]
                                 }, {
                                    "r" : "64",
                                    "s" : [ {
                                       "value" : [ "start of " ]
                                    }, {
                                       "r" : "63",
                                       "s" : [ {
                                          "value" : [ "\"Measurement Period\"" ]
                                       } ]
                                    } ]
                                 } ]
                              } ]
                           } ]
                        }, {
                           "value" : [ "\n  )" ]
                        } ]
                     } ]
                  } ]
               }
            } ],
            "expression" : {
               "localId" : "67",
               "locator" : "44:3-46:3",
               "type" : "Exists",
               "operand" : {
                  "localId" : "66",
                  "locator" : "44:10-46:3",
                  "type" : "Query",
                  "source" : [ {
                     "localId" : "60",
                     "locator" : "44:12-44:90",
                     "alias" : "HIVIndicators",
                     "expression" : {
                        "localId" : "59",
                        "locator" : "44:12-44:76",
                        "dataType" : "{urn:healthit-gov:qdm:v5_5}Diagnosis",
                        "codeProperty" : "code",
                        "type" : "Retrieve",
                        "codes" : {
                           "locator" : "44:26-44:75",
                           "name" : "Indicators of Human Immunodeficiency Virus (HIV)",
                           "type" : "ValueSetRef"
                        }
                     }
                  } ],
                  "relationship" : [ ],
                  "where" : {
                     "localId" : "65",
                     "locator" : "45:7-45:86",
                     "type" : "Before",
                     "operand" : [ {
                        "locator" : "45:44-45:49",
                        "type" : "Start",
                        "operand" : {
                           "localId" : "62",
                           "locator" : "45:13-45:42",
                           "path" : "prevalencePeriod",
                           "scope" : "HIVIndicators",
                           "type" : "Property"
                        }
                     }, {
                        "localId" : "64",
                        "locator" : "45:58-45:86",
                        "type" : "Start",
                        "operand" : {
                           "localId" : "63",
                           "locator" : "45:67-45:86",
                           "name" : "Measurement Period",
                           "type" : "ParameterRef"
                        }
                     } ]
                  }
               }
            }
         }, {
            "localId" : "98",
            "locator" : "63:1-69:62",
            "name" : "Qualifying Encounters",
            "context" : "Patient",
            "accessLevel" : "Public",
            "annotation" : [ {
               "type" : "Annotation",
               "s" : {
                  "r" : "98",
                  "s" : [ {
                     "value" : [ "define ","\"Qualifying Encounters\"",":\n  " ]
                  }, {
                     "r" : "97",
                     "s" : [ {
                        "s" : [ {
                           "r" : "92",
                           "s" : [ {
                              "r" : "91",
                              "s" : [ {
                                 "value" : [ "( " ]
                              }, {
                                 "r" : "91",
                                 "s" : [ {
                                    "r" : "89",
                                    "s" : [ {
                                       "r" : "87",
                                       "s" : [ {
                                          "r" : "85",
                                          "s" : [ {
                                             "r" : "83",
                                             "s" : [ {
                                                "value" : [ "[","\"Encounter, Performed\"",": " ]
                                             }, {
                                                "s" : [ {
                                                   "value" : [ "\"Preventive Care Services, Initial Office Visit, 0 to 17\"" ]
                                                } ]
                                             }, {
                                                "value" : [ "]" ]
                                             } ]
                                          }, {
                                             "value" : [ "\n    union " ]
                                          }, {
                                             "r" : "84",
                                             "s" : [ {
                                                "value" : [ "[","\"Encounter, Performed\"",": " ]
                                             }, {
                                                "s" : [ {
                                                   "value" : [ "\"Preventive Care Services-Initial Office Visit, 18 and Up\"" ]
                                                } ]
                                             }, {
                                                "value" : [ "]" ]
                                             } ]
                                          } ]
                                       }, {
                                          "value" : [ "\n    union " ]
                                       }, {
                                          "r" : "86",
                                          "s" : [ {
                                             "value" : [ "[","\"Encounter, Performed\"",": " ]
                                          }, {
                                             "s" : [ {
                                                "value" : [ "\"Preventive Care, Established Office Visit, 0 to 17\"" ]
                                             } ]
                                          }, {
                                             "value" : [ "]" ]
                                          } ]
                                       } ]
                                    }, {
                                       "value" : [ "\n    union " ]
                                    }, {
                                       "r" : "88",
                                       "s" : [ {
                                          "value" : [ "[","\"Encounter, Performed\"",": " ]
                                       }, {
                                          "s" : [ {
                                             "value" : [ "\"Preventive Care Services - Established Office Visit, 18 and Up\"" ]
                                          } ]
                                       }, {
                                          "value" : [ "]" ]
                                       } ]
                                    } ]
                                 }, {
                                    "value" : [ "\n    union " ]
                                 }, {
                                    "r" : "90",
                                    "s" : [ {
                                       "value" : [ "[","\"Encounter, Performed\"",": " ]
                                    }, {
                                       "s" : [ {
                                          "value" : [ "\"Office Visit\"" ]
                                       } ]
                                    }, {
                                       "value" : [ "]" ]
                                    } ]
                                 } ]
                              }, {
                                 "value" : [ " )" ]
                              } ]
                           }, {
                              "value" : [ " ","Encounter" ]
                           } ]
                        } ]
                     }, {
                        "value" : [ "\n    " ]
                     }, {
                        "r" : "96",
                        "s" : [ {
                           "value" : [ "where " ]
                        }, {
                           "r" : "96",
                           "s" : [ {
                              "r" : "94",
                              "s" : [ {
                                 "r" : "93",
                                 "s" : [ {
                                    "value" : [ "Encounter" ]
                                 } ]
                              }, {
                                 "value" : [ "." ]
                              }, {
                                 "r" : "94",
                                 "s" : [ {
                                    "value" : [ "relevantPeriod" ]
                                 } ]
                              } ]
                           }, {
                              "r" : "96",
                              "value" : [ " ","during"," " ]
                           }, {
                              "r" : "95",
                              "s" : [ {
                                 "value" : [ "\"Measurement Period\"" ]
                              } ]
                           } ]
                        } ]
                     } ]
                  } ]
               }
            } ],
            "expression" : {
               "localId" : "97",
               "locator" : "64:3-69:62",
               "type" : "Query",
               "source" : [ {
                  "localId" : "92",
                  "locator" : "64:3-68:62",
                  "alias" : "Encounter",
                  "expression" : {
                     "localId" : "91",
                     "locator" : "64:3-68:52",
                     "type" : "Union",
                     "operand" : [ {
                        "localId" : "89",
                        "locator" : "64:5-67:100",
                        "type" : "Union",
                        "operand" : [ {
                           "localId" : "85",
                           "locator" : "64:5-65:94",
                           "type" : "Union",
                           "operand" : [ {
                              "localId" : "83",
                              "locator" : "64:5-64:87",
                              "dataType" : "{urn:healthit-gov:qdm:v5_5}PositiveEncounterPerformed",
                              "templateId" : "PositiveEncounterPerformed",
                              "codeProperty" : "code",
                              "type" : "Retrieve",
                              "codes" : {
                                 "locator" : "64:30-64:86",
                                 "name" : "Preventive Care Services, Initial Office Visit, 0 to 17",
                                 "type" : "ValueSetRef"
                              }
                           }, {
                              "localId" : "84",
                              "locator" : "65:11-65:94",
                              "dataType" : "{urn:healthit-gov:qdm:v5_5}PositiveEncounterPerformed",
                              "templateId" : "PositiveEncounterPerformed",
                              "codeProperty" : "code",
                              "type" : "Retrieve",
                              "codes" : {
                                 "locator" : "65:36-65:93",
                                 "name" : "Preventive Care Services-Initial Office Visit, 18 and Up",
                                 "type" : "ValueSetRef"
                              }
                           } ]
                        }, {
                           "type" : "Union",
                           "operand" : [ {
                              "localId" : "86",
                              "locator" : "66:11-66:88",
                              "dataType" : "{urn:healthit-gov:qdm:v5_5}PositiveEncounterPerformed",
                              "templateId" : "PositiveEncounterPerformed",
                              "codeProperty" : "code",
                              "type" : "Retrieve",
                              "codes" : {
                                 "locator" : "66:36-66:87",
                                 "name" : "Preventive Care, Established Office Visit, 0 to 17",
                                 "type" : "ValueSetRef"
                              }
                           }, {
                              "localId" : "88",
                              "locator" : "67:11-67:100",
                              "dataType" : "{urn:healthit-gov:qdm:v5_5}PositiveEncounterPerformed",
                              "templateId" : "PositiveEncounterPerformed",
                              "codeProperty" : "code",
                              "type" : "Retrieve",
                              "codes" : {
                                 "locator" : "67:36-67:99",
                                 "name" : "Preventive Care Services - Established Office Visit, 18 and Up",
                                 "type" : "ValueSetRef"
                              }
                           } ]
                        } ]
                     }, {
                        "localId" : "90",
                        "locator" : "68:11-68:50",
                        "dataType" : "{urn:healthit-gov:qdm:v5_5}PositiveEncounterPerformed",
                        "templateId" : "PositiveEncounterPerformed",
                        "codeProperty" : "code",
                        "type" : "Retrieve",
                        "codes" : {
                           "locator" : "68:36-68:49",
                           "name" : "Office Visit",
                           "type" : "ValueSetRef"
                        }
                     } ]
                  }
               } ],
               "relationship" : [ ],
               "where" : {
                  "localId" : "96",
                  "locator" : "69:5-69:62",
                  "type" : "IncludedIn",
                  "operand" : [ {
                     "localId" : "94",
                     "locator" : "69:11-69:34",
                     "path" : "relevantPeriod",
                     "scope" : "Encounter",
                     "type" : "Property"
                  }, {
                     "localId" : "95",
                     "locator" : "69:43-69:62",
                     "name" : "Measurement Period",
                     "type" : "ParameterRef"
                  } ]
               }
            }
         }, {
            "localId" : "102",
            "locator" : "57:1-61:38",
            "name" : "Initial Population",
            "context" : "Patient",
            "accessLevel" : "Public",
            "annotation" : [ {
               "type" : "Annotation",
               "s" : {
                  "r" : "102",
                  "s" : [ {
                     "value" : [ "define ","\"Initial Population\"",":\n  " ]
                  }, {
                     "r" : "101",
                     "s" : [ {
                        "r" : "82",
                        "s" : [ {
                           "value" : [ "exists " ]
                        }, {
                           "r" : "81",
                           "s" : [ {
                              "value" : [ "( " ]
                           }, {
                              "r" : "81",
                              "s" : [ {
                                 "s" : [ {
                                    "r" : "70",
                                    "s" : [ {
                                       "r" : "69",
                                       "s" : [ {
                                          "r" : "69",
                                          "s" : [ {
                                             "value" : [ "[","\"Patient Characteristic Birthdate\"",": " ]
                                          }, {
                                             "s" : [ {
                                                "value" : [ "\"Birth date\"" ]
                                             } ]
                                          }, {
                                             "value" : [ "]" ]
                                          } ]
                                       } ]
                                    }, {
                                       "value" : [ " ","BirthDate" ]
                                    } ]
                                 } ]
                              }, {
                                 "value" : [ "\n      " ]
                              }, {
                                 "r" : "80",
                                 "s" : [ {
                                    "value" : [ "where " ]
                                 }, {
                                    "r" : "80",
                                    "s" : [ {
                                       "r" : "76",
                                       "s" : [ {
                                          "r" : "71",
                                          "s" : [ {
                                             "value" : [ "Global" ]
                                          } ]
                                       }, {
                                          "value" : [ "." ]
                                       }, {
                                          "r" : "76",
                                          "s" : [ {
                                             "value" : [ "\"CalendarAgeInYearsAt\""," ( " ]
                                          }, {
                                             "r" : "73",
                                             "s" : [ {
                                                "r" : "72",
                                                "s" : [ {
                                                   "value" : [ "BirthDate" ]
                                                } ]
                                             }, {
                                                "value" : [ "." ]
                                             }, {
                                                "r" : "73",
                                                "s" : [ {
                                                   "value" : [ "birthDatetime" ]
                                                } ]
                                             } ]
                                          }, {
                                             "value" : [ ", " ]
                                          }, {
                                             "r" : "75",
                                             "s" : [ {
                                                "value" : [ "start of " ]
                                             }, {
                                                "r" : "74",
                                                "s" : [ {
                                                   "value" : [ "\"Measurement Period\"" ]
                                                } ]
                                             } ]
                                          }, {
                                             "value" : [ " )" ]
                                          } ]
                                       } ]
                                    }, {
                                       "value" : [ " in " ]
                                    }, {
                                       "r" : "79",
                                       "s" : [ {
                                          "r" : "77",
                                          "value" : [ "Interval[","15",", ","66"," )" ]
                                       } ]
                                    } ]
                                 } ]
                              } ]
                           }, {
                              "value" : [ "\n  )" ]
                           } ]
                        } ]
                     }, {
                        "value" : [ "\n    and " ]
                     }, {
                        "r" : "100",
                        "s" : [ {
                           "value" : [ "exists " ]
                        }, {
                           "r" : "99",
                           "s" : [ {
                              "value" : [ "\"Qualifying Encounters\"" ]
                           } ]
                        } ]
                     } ]
                  } ]
               }
            } ],
            "expression" : {
               "localId" : "101",
               "locator" : "58:3-61:38",
               "type" : "And",
               "operand" : [ {
                  "localId" : "82",
                  "locator" : "58:3-60:3",
                  "type" : "Exists",
                  "operand" : {
                     "localId" : "81",
                     "locator" : "58:10-60:3",
                     "type" : "Query",
                     "source" : [ {
                        "localId" : "70",
                        "locator" : "58:12-58:71",
                        "alias" : "BirthDate",
                        "expression" : {
                           "localId" : "69",
                           "locator" : "58:12-58:61",
                           "dataType" : "{urn:healthit-gov:qdm:v5_5}PatientCharacteristicBirthdate",
                           "codeProperty" : "code",
                           "type" : "Retrieve",
                           "codes" : {
                              "type" : "ToList",
                              "operand" : {
                                 "locator" : "58:49-58:60",
                                 "name" : "Birth date",
                                 "type" : "CodeRef"
                              }
                           }
                        }
                     } ],
                     "relationship" : [ ],
                     "where" : {
                        "localId" : "80",
                        "locator" : "59:7-59:121",
                        "type" : "In",
                        "operand" : [ {
                           "localId" : "76",
                           "locator" : "59:13-59:100",
                           "name" : "CalendarAgeInYearsAt",
                           "libraryName" : "Global",
                           "type" : "FunctionRef",
                           "operand" : [ {
                              "localId" : "73",
                              "locator" : "59:45-59:67",
                              "path" : "birthDatetime",
                              "scope" : "BirthDate",
                              "type" : "Property"
                           }, {
                              "localId" : "75",
                              "locator" : "59:70-59:98",
                              "type" : "Start",
                              "operand" : {
                                 "localId" : "74",
                                 "locator" : "59:79-59:98",
                                 "name" : "Measurement Period",
                                 "type" : "ParameterRef"
                              }
                           } ]
                        }, {
                           "localId" : "79",
                           "locator" : "59:105-59:121",
                           "lowClosed" : true,
                           "highClosed" : false,
                           "type" : "Interval",
                           "low" : {
                              "localId" : "77",
                              "locator" : "59:114-59:115",
                              "valueType" : "{urn:hl7-org:elm-types:r1}Integer",
                              "value" : "15",
                              "type" : "Literal"
                           },
                           "high" : {
                              "localId" : "78",
                              "locator" : "59:118-59:119",
                              "valueType" : "{urn:hl7-org:elm-types:r1}Integer",
                              "value" : "66",
                              "type" : "Literal"
                           }
                        } ]
                     }
                  }
               }, {
                  "localId" : "100",
                  "locator" : "61:9-61:38",
                  "type" : "Exists",
                  "operand" : {
                     "localId" : "99",
                     "locator" : "61:16-61:38",
                     "name" : "Qualifying Encounters",
                     "type" : "ExpressionRef"
                  }
               } ]
            }
         }, {
            "localId" : "104",
            "locator" : "71:1-72:22",
            "name" : "Denominator",
            "context" : "Patient",
            "accessLevel" : "Public",
            "annotation" : [ {
               "type" : "Annotation",
               "s" : {
                  "r" : "104",
                  "s" : [ {
                     "value" : [ "define ","\"Denominator\"",":\n  " ]
                  }, {
                     "r" : "103",
                     "s" : [ {
                        "value" : [ "\"Initial Population\"" ]
                     } ]
                  } ]
               }
            } ],
            "expression" : {
               "localId" : "103",
               "locator" : "72:3-72:22",
               "name" : "Initial Population",
               "type" : "ExpressionRef"
            }
         } ]
      }
   }
}