{
   "library" : {
      "identifier" : {
         "id" : "ChildrenWhoHaveDentalDecayorCavities",
         "version" : "9.2.000"
      },
      "schemaIdentifier" : {
         "id" : "urn:hl7-org:elm",
         "version" : "r1"
      },
      "usings" : {
         "def" : [ {
            "localIdentifier" : "System",
            "uri" : "urn:hl7-org:elm-types:r1"
         }, {
            "localId" : "1",
            "locator" : "3:1-3:23",
            "localIdentifier" : "QDM",
            "uri" : "urn:healthit-gov:qdm:v5_5",
            "version" : "5.5"
         } ]
      },
      "includes" : {
         "def" : [ {
            "localId" : "2",
            "locator" : "5:1-5:64",
            "localIdentifier" : "Global",
            "path" : "MATGlobalCommonFunctions",
            "version" : "5.0.000"
         }, {
            "localId" : "3",
            "locator" : "6:1-6:48",
            "localIdentifier" : "Hospice",
            "path" : "Hospice",
            "version" : "2.2.000"
         } ]
      },
      "parameters" : {
         "def" : [ {
            "localId" : "15",
            "locator" : "19:1-19:49",
            "name" : "Measurement Period",
            "accessLevel" : "Public",
            "parameterTypeSpecifier" : {
               "localId" : "14",
               "locator" : "19:32-19:49",
               "type" : "IntervalTypeSpecifier",
               "pointType" : {
                  "localId" : "13",
                  "locator" : "19:41-19:48",
                  "name" : "{urn:hl7-org:elm-types:r1}DateTime",
                  "type" : "NamedTypeSpecifier"
               }
            }
         } ]
      },
      "codeSystems" : {
         "def" : [ {
            "localId" : "4",
            "locator" : "8:1-8:51",
            "name" : "LOINC",
            "id" : "urn:oid:2.16.840.1.113883.6.1",
            "accessLevel" : "Public"
         } ]
      },
      "valueSets" : {
         "def" : [ {
            "localId" : "5",
            "locator" : "10:1-10:87",
            "name" : "Clinical Oral Evaluation",
            "id" : "urn:oid:2.16.840.1.113883.3.464.1003.125.12.1003",
            "accessLevel" : "Public"
         }, {
            "localId" : "6",
            "locator" : "11:1-11:76",
            "name" : "Dental Caries",
            "id" : "urn:oid:2.16.840.1.113883.3.464.1003.125.12.1004",
            "accessLevel" : "Public"
         }, {
            "localId" : "7",
            "locator" : "12:1-12:58",
            "name" : "Ethnicity",
            "id" : "urn:oid:2.16.840.1.114222.4.11.837",
            "accessLevel" : "Public"
         }, {
            "localId" : "8",
            "locator" : "13:1-13:68",
            "name" : "ONC Administrative Sex",
            "id" : "urn:oid:2.16.840.1.113762.1.4.1",
            "accessLevel" : "Public"
         }, {
            "localId" : "9",
            "locator" : "14:1-14:55",
            "name" : "Payer",
            "id" : "urn:oid:2.16.840.1.114222.4.11.3591",
            "accessLevel" : "Public"
         }, {
            "localId" : "10",
            "locator" : "15:1-15:53",
            "name" : "Race",
            "id" : "urn:oid:2.16.840.1.114222.4.11.836",
            "accessLevel" : "Public"
         } ]
      },
      "codes" : {
         "def" : [ {
            "localId" : "12",
            "locator" : "17:1-17:62",
            "name" : "Birth date",
            "id" : "21112-8",
            "display" : "Birth date",
            "accessLevel" : "Public",
            "codeSystem" : {
               "localId" : "11",
               "locator" : "17:35-17:41",
               "name" : "LOINC"
            }
         } ]
      },
      "statements" : {
         "def" : [ {
            "locator" : "21:1-21:15",
            "name" : "Patient",
            "context" : "Patient",
            "expression" : {
               "type" : "SingletonFrom",
               "operand" : {
                  "locator" : "21:1-21:15",
                  "dataType" : "{urn:healthit-gov:qdm:v5_5}Patient",
                  "templateId" : "Patient",
                  "type" : "Retrieve"
               }
            }
         }, {
            "localId" : "17",
            "locator" : "23:1-24:51",
            "name" : "SDE Ethnicity",
            "context" : "Patient",
            "accessLevel" : "Public",
            "annotation" : [ {
               "type" : "Annotation",
               "s" : {
                  "r" : "17",
                  "s" : [ {
                     "value" : [ "define ","\"SDE Ethnicity\"",":\n  " ]
                  }, {
                     "r" : "16",
                     "s" : [ {
                        "value" : [ "[","\"Patient Characteristic Ethnicity\"",": " ]
                     }, {
                        "s" : [ {
                           "value" : [ "\"Ethnicity\"" ]
                        } ]
                     }, {
                        "value" : [ "]" ]
                     } ]
                  } ]
               }
            } ],
            "expression" : {
               "localId" : "16",
               "locator" : "24:3-24:51",
               "dataType" : "{urn:healthit-gov:qdm:v5_5}PatientCharacteristicEthnicity",
               "codeProperty" : "code",
               "type" : "Retrieve",
               "codes" : {
                  "locator" : "24:40-24:50",
                  "name" : "Ethnicity",
                  "type" : "ValueSetRef"
               }
            }
         }, {
            "localId" : "19",
            "locator" : "26:1-27:43",
            "name" : "SDE Payer",
            "context" : "Patient",
            "accessLevel" : "Public",
            "annotation" : [ {
               "type" : "Annotation",
               "s" : {
                  "r" : "19",
                  "s" : [ {
                     "value" : [ "define ","\"SDE Payer\"",":\n  " ]
                  }, {
                     "r" : "18",
                     "s" : [ {
                        "value" : [ "[","\"Patient Characteristic Payer\"",": " ]
                     }, {
                        "s" : [ {
                           "value" : [ "\"Payer\"" ]
                        } ]
                     }, {
                        "value" : [ "]" ]
                     } ]
                  } ]
               }
            } ],
            "expression" : {
               "localId" : "18",
               "locator" : "27:3-27:43",
               "dataType" : "{urn:healthit-gov:qdm:v5_5}PatientCharacteristicPayer",
               "codeProperty" : "code",
               "type" : "Retrieve",
               "codes" : {
                  "locator" : "27:36-27:42",
                  "name" : "Payer",
                  "type" : "ValueSetRef"
               }
            }
         }, {
            "localId" : "21",
            "locator" : "29:1-30:41",
            "name" : "SDE Race",
            "context" : "Patient",
            "accessLevel" : "Public",
            "annotation" : [ {
               "type" : "Annotation",
               "s" : {
                  "r" : "21",
                  "s" : [ {
                     "value" : [ "define ","\"SDE Race\"",":\n  " ]
                  }, {
                     "r" : "20",
                     "s" : [ {
                        "value" : [ "[","\"Patient Characteristic Race\"",": " ]
                     }, {
                        "s" : [ {
                           "value" : [ "\"Race\"" ]
                        } ]
                     }, {
                        "value" : [ "]" ]
                     } ]
                  } ]
               }
            } ],
            "expression" : {
               "localId" : "20",
               "locator" : "30:3-30:41",
               "dataType" : "{urn:healthit-gov:qdm:v5_5}PatientCharacteristicRace",
               "codeProperty" : "code",
               "type" : "Retrieve",
               "codes" : {
                  "locator" : "30:35-30:40",
                  "name" : "Race",
                  "type" : "ValueSetRef"
               }
            }
         }, {
            "localId" : "23",
            "locator" : "32:1-33:58",
            "name" : "SDE Sex",
            "context" : "Patient",
            "accessLevel" : "Public",
            "annotation" : [ {
               "type" : "Annotation",
               "s" : {
                  "r" : "23",
                  "s" : [ {
                     "value" : [ "define ","\"SDE Sex\"",":\n  " ]
                  }, {
                     "r" : "22",
                     "s" : [ {
                        "value" : [ "[","\"Patient Characteristic Sex\"",": " ]
                     }, {
                        "s" : [ {
                           "value" : [ "\"ONC Administrative Sex\"" ]
                        } ]
                     }, {
                        "value" : [ "]" ]
                     } ]
                  } ]
               }
            } ],
            "expression" : {
               "localId" : "22",
               "locator" : "33:3-33:58",
               "dataType" : "{urn:healthit-gov:qdm:v5_5}PatientCharacteristicSex",
               "codeProperty" : "code",
               "type" : "Retrieve",
               "codes" : {
                  "locator" : "33:34-33:57",
                  "name" : "ONC Administrative Sex",
                  "type" : "ValueSetRef"
               }
            }
         }, {
            "localId" : "52",
            "locator" : "46:1-48:67",
            "name" : "Qualifying Encounters",
            "context" : "Patient",
            "accessLevel" : "Public",
            "annotation" : [ {
               "type" : "Annotation",
               "s" : {
                  "r" : "52",
                  "s" : [ {
                     "value" : [ "define ","\"Qualifying Encounters\"",":\n  " ]
                  }, {
                     "r" : "51",
                     "s" : [ {
                        "s" : [ {
                           "r" : "46",
                           "s" : [ {
                              "r" : "45",
                              "s" : [ {
                                 "r" : "45",
                                 "s" : [ {
                                    "value" : [ "[","\"Encounter, Performed\"",": " ]
                                 }, {
                                    "s" : [ {
                                       "value" : [ "\"Clinical Oral Evaluation\"" ]
                                    } ]
                                 }, {
                                    "value" : [ "]" ]
                                 } ]
                              } ]
                           }, {
                              "value" : [ " ","ValidEncounter" ]
                           } ]
                        } ]
                     }, {
                        "value" : [ "\n    " ]
                     }, {
                        "r" : "50",
                        "s" : [ {
                           "value" : [ "where " ]
                        }, {
                           "r" : "50",
                           "s" : [ {
                              "r" : "48",
                              "s" : [ {
                                 "r" : "47",
                                 "s" : [ {
                                    "value" : [ "ValidEncounter" ]
                                 } ]
                              }, {
                                 "value" : [ "." ]
                              }, {
                                 "r" : "48",
                                 "s" : [ {
                                    "value" : [ "relevantPeriod" ]
                                 } ]
                              } ]
                           }, {
                              "r" : "50",
                              "value" : [ " ","during"," " ]
                           }, {
                              "r" : "49",
                              "s" : [ {
                                 "value" : [ "\"Measurement Period\"" ]
                              } ]
                           } ]
                        } ]
                     } ]
                  } ]
               }
            } ],
            "expression" : {
               "localId" : "51",
               "locator" : "47:3-48:67",
               "type" : "Query",
               "source" : [ {
                  "localId" : "46",
                  "locator" : "47:3-47:69",
                  "alias" : "ValidEncounter",
                  "expression" : {
                     "localId" : "45",
                     "locator" : "47:3-47:54",
                     "dataType" : "{urn:healthit-gov:qdm:v5_5}PositiveEncounterPerformed",
                     "templateId" : "PositiveEncounterPerformed",
                     "codeProperty" : "code",
                     "type" : "Retrieve",
                     "codes" : {
                        "locator" : "47:28-47:53",
                        "name" : "Clinical Oral Evaluation",
                        "type" : "ValueSetRef"
                     }
                  }
               } ],
               "relationship" : [ ],
               "where" : {
                  "localId" : "50",
                  "locator" : "48:5-48:67",
                  "type" : "IncludedIn",
                  "operand" : [ {
                     "localId" : "48",
                     "locator" : "48:11-48:39",
                     "path" : "relevantPeriod",
                     "scope" : "ValidEncounter",
                     "type" : "Property"
                  }, {
                     "localId" : "49",
                     "locator" : "48:48-48:67",
                     "name" : "Measurement Period",
                     "type" : "ParameterRef"
                  } ]
               }
            }
         }, {
            "localId" : "56",
            "locator" : "50:1-55:42",
            "name" : "Initial Population",
            "context" : "Patient",
            "accessLevel" : "Public",
            "annotation" : [ {
               "type" : "Annotation",
               "s" : {
                  "r" : "56",
                  "s" : [ {
                     "value" : [ "define ","\"Initial Population\"",":\n  " ]
                  }, {
                     "r" : "55",
                     "s" : [ {
                        "r" : "44",
                        "s" : [ {
                           "value" : [ "exists " ]
                        }, {
                           "r" : "43",
                           "s" : [ {
                              "value" : [ "( " ]
                           }, {
                              "r" : "43",
                              "s" : [ {
                                 "s" : [ {
                                    "r" : "25",
                                    "s" : [ {
                                       "r" : "24",
                                       "s" : [ {
                                          "r" : "24",
                                          "s" : [ {
                                             "value" : [ "[","\"Patient Characteristic Birthdate\"",": " ]
                                          }, {
                                             "s" : [ {
                                                "value" : [ "\"Birth date\"" ]
                                             } ]
                                          }, {
                                             "value" : [ "]" ]
                                          } ]
                                       } ]
                                    }, {
                                       "value" : [ " ","BirthDate" ]
                                    } ]
                                 } ]
                              }, {
                                 "value" : [ "\n      " ]
                              }, {
                                 "r" : "42",
                                 "s" : [ {
                                    "value" : [ "where " ]
                                 }, {
                                    "r" : "42",
                                    "s" : [ {
                                       "r" : "33",
                                       "s" : [ {
                                          "r" : "31",
                                          "s" : [ {
                                             "r" : "26",
                                             "s" : [ {
                                                "value" : [ "Global" ]
                                             } ]
                                          }, {
                                             "value" : [ "." ]
                                          }, {
                                             "r" : "31",
                                             "s" : [ {
                                                "value" : [ "\"CalendarAgeInMonthsAt\""," ( " ]
                                             }, {
                                                "r" : "28",
                                                "s" : [ {
                                                   "r" : "27",
                                                   "s" : [ {
                                                      "value" : [ "BirthDate" ]
                                                   } ]
                                                }, {
                                                   "value" : [ "." ]
                                                }, {
                                                   "r" : "28",
                                                   "s" : [ {
                                                      "value" : [ "birthDatetime" ]
                                                   } ]
                                                } ]
                                             }, {
                                                "value" : [ ", " ]
                                             }, {
                                                "r" : "30",
                                                "s" : [ {
                                                   "value" : [ "start of " ]
                                                }, {
                                                   "r" : "29",
                                                   "s" : [ {
                                                      "value" : [ "\"Measurement Period\"" ]
                                                   } ]
                                                } ]
                                             }, {
                                                "value" : [ " )" ]
                                             } ]
                                          } ]
                                       }, {
                                          "r" : "32",
                                          "value" : [ " ",">="," ","6" ]
                                       } ]
                                    }, {
                                       "value" : [ "\n        and " ]
                                    }, {
                                       "r" : "41",
                                       "s" : [ {
                                          "r" : "39",
                                          "s" : [ {
                                             "r" : "34",
                                             "s" : [ {
                                                "value" : [ "Global" ]
                                             } ]
                                          }, {
                                             "value" : [ "." ]
                                          }, {
                                             "r" : "39",
                                             "s" : [ {
                                                "value" : [ "\"CalendarAgeInYearsAt\""," ( " ]
                                             }, {
                                                "r" : "36",
                                                "s" : [ {
                                                   "r" : "35",
                                                   "s" : [ {
                                                      "value" : [ "BirthDate" ]
                                                   } ]
                                                }, {
                                                   "value" : [ "." ]
                                                }, {
                                                   "r" : "36",
                                                   "s" : [ {
                                                      "value" : [ "birthDatetime" ]
                                                   } ]
                                                } ]
                                             }, {
                                                "value" : [ ", " ]
                                             }, {
                                                "r" : "38",
                                                "s" : [ {
                                                   "value" : [ "start of " ]
                                                }, {
                                                   "r" : "37",
                                                   "s" : [ {
                                                      "value" : [ "\"Measurement Period\"" ]
                                                   } ]
                                                } ]
                                             }, {
                                                "value" : [ " )" ]
                                             } ]
                                          } ]
                                       }, {
                                          "r" : "40",
                                          "value" : [ " ","<"," ","20" ]
                                       } ]
                                    } ]
                                 } ]
                              } ]
                           }, {
                              "value" : [ "\n  )" ]
                           } ]
                        } ]
                     }, {
                        "value" : [ "\n    and " ]
                     }, {
                        "r" : "54",
                        "s" : [ {
                           "value" : [ "exists " ]
                        }, {
                           "r" : "53",
                           "s" : [ {
                              "value" : [ "( " ]
                           }, {
                              "r" : "53",
                              "s" : [ {
                                 "value" : [ "\"Qualifying Encounters\"" ]
                              } ]
                           }, {
                              "value" : [ " )" ]
                           } ]
                        } ]
                     } ]
                  } ]
               }
            } ],
            "expression" : {
               "localId" : "55",
               "locator" : "51:3-55:42",
               "type" : "And",
               "operand" : [ {
                  "localId" : "44",
                  "locator" : "51:3-54:3",
                  "type" : "Exists",
                  "operand" : {
                     "localId" : "43",
                     "locator" : "51:10-54:3",
                     "type" : "Query",
                     "source" : [ {
                        "localId" : "25",
                        "locator" : "51:12-51:71",
                        "alias" : "BirthDate",
                        "expression" : {
                           "localId" : "24",
                           "locator" : "51:12-51:61",
                           "dataType" : "{urn:healthit-gov:qdm:v5_5}PatientCharacteristicBirthdate",
                           "codeProperty" : "code",
                           "type" : "Retrieve",
                           "codes" : {
                              "type" : "ToList",
                              "operand" : {
                                 "locator" : "51:49-51:60",
                                 "name" : "Birth date",
                                 "type" : "CodeRef"
                              }
                           }
                        }
                     } ],
                     "relationship" : [ ],
                     "where" : {
                        "localId" : "42",
                        "locator" : "52:7-53:105",
                        "type" : "And",
                        "operand" : [ {
                           "localId" : "33",
                           "locator" : "52:13-52:106",
                           "type" : "GreaterOrEqual",
                           "operand" : [ {
                              "localId" : "31",
                              "locator" : "52:13-52:101",
                              "name" : "CalendarAgeInMonthsAt",
                              "libraryName" : "Global",
                              "type" : "FunctionRef",
                              "operand" : [ {
                                 "localId" : "28",
                                 "locator" : "52:46-52:68",
                                 "path" : "birthDatetime",
                                 "scope" : "BirthDate",
                                 "type" : "Property"
                              }, {
                                 "localId" : "30",
                                 "locator" : "52:71-52:99",
                                 "type" : "Start",
                                 "operand" : {
                                    "localId" : "29",
                                    "locator" : "52:80-52:99",
                                    "name" : "Measurement Period",
                                    "type" : "ParameterRef"
                                 }
                              } ]
                           }, {
                              "localId" : "32",
                              "locator" : "52:106",
                              "valueType" : "{urn:hl7-org:elm-types:r1}Integer",
                              "value" : "6",
                              "type" : "Literal"
                           } ]
                        }, {
                           "localId" : "41",
                           "locator" : "53:13-53:105",
                           "type" : "Less",
                           "operand" : [ {
                              "localId" : "39",
                              "locator" : "53:13-53:100",
                              "name" : "CalendarAgeInYearsAt",
                              "libraryName" : "Global",
                              "type" : "FunctionRef",
                              "operand" : [ {
                                 "localId" : "36",
                                 "locator" : "53:45-53:67",
                                 "path" : "birthDatetime",
                                 "scope" : "BirthDate",
                                 "type" : "Property"
                              }, {
                                 "localId" : "38",
                                 "locator" : "53:70-53:98",
                                 "type" : "Start",
                                 "operand" : {
                                    "localId" : "37",
                                    "locator" : "53:79-53:98",
                                    "name" : "Measurement Period",
                                    "type" : "ParameterRef"
                                 }
                              } ]
                           }, {
                              "localId" : "40",
                              "locator" : "53:104-53:105",
                              "valueType" : "{urn:hl7-org:elm-types:r1}Integer",
                              "value" : "20",
                              "type" : "Literal"
                           } ]
                        } ]
                     }
                  }
               }, {
                  "localId" : "54",
                  "locator" : "55:9-55:42",
                  "type" : "Exists",
                  "operand" : {
                     "localId" : "53",
                     "locator" : "55:16-55:42",
                     "name" : "Qualifying Encounters",
                     "type" : "ExpressionRef"
                  }
               } ]
            }
         }, {
            "localId" : "58",
            "locator" : "35:1-36:22",
            "name" : "Denominator",
            "context" : "Patient",
            "accessLevel" : "Public",
            "annotation" : [ {
               "type" : "Annotation",
               "s" : {
                  "r" : "58",
                  "s" : [ {
                     "value" : [ "define ","\"Denominator\"",":\n  " ]
                  }, {
                     "r" : "57",
                     "s" : [ {
                        "value" : [ "\"Initial Population\"" ]
                     } ]
                  } ]
               }
            } ],
            "expression" : {
               "localId" : "57",
               "locator" : "36:3-36:22",
               "name" : "Initial Population",
               "type" : "ExpressionRef"
            }
         }, {
            "localId" : "67",
            "locator" : "38:1-41:3",
            "name" : "Numerator",
            "context" : "Patient",
            "accessLevel" : "Public",
            "annotation" : [ {
               "type" : "Annotation",
               "s" : {
                  "r" : "67",
                  "s" : [ {
                     "value" : [ "define ","\"Numerator\"",":\n  " ]
                  }, {
                     "r" : "66",
                     "s" : [ {
                        "value" : [ "exists " ]
                     }, {
                        "r" : "65",
                        "s" : [ {
                           "value" : [ "( " ]
                        }, {
                           "r" : "65",
                           "s" : [ {
                              "s" : [ {
                                 "r" : "60",
                                 "s" : [ {
                                    "r" : "59",
                                    "s" : [ {
                                       "r" : "59",
                                       "s" : [ {
                                          "value" : [ "[","\"Diagnosis\"",": " ]
                                       }, {
                                          "s" : [ {
                                             "value" : [ "\"Dental Caries\"" ]
                                          } ]
                                       }, {
                                          "value" : [ "]" ]
                                       } ]
                                    } ]
                                 }, {
                                    "value" : [ " ","DentalCaries" ]
                                 } ]
                              } ]
                           }, {
                              "value" : [ "\n      " ]
                           }, {
                              "r" : "64",
                              "s" : [ {
                                 "value" : [ "where " ]
                              }, {
                                 "r" : "64",
                                 "s" : [ {
                                    "r" : "62",
                                    "s" : [ {
                                       "r" : "61",
                                       "s" : [ {
                                          "value" : [ "DentalCaries" ]
                                       } ]
                                    }, {
                                       "value" : [ "." ]
                                    }, {
                                       "r" : "62",
                                       "s" : [ {
                                          "value" : [ "prevalencePeriod" ]
                                       } ]
                                    } ]
                                 }, {
                                    "r" : "64",
                                    "value" : [ " ","overlaps"," " ]
                                 }, {
                                    "r" : "63",
                                    "s" : [ {
                                       "value" : [ "\"Measurement Period\"" ]
                                    } ]
                                 } ]
                              } ]
                           } ]
                        }, {
                           "value" : [ "\n  )" ]
                        } ]
                     } ]
                  } ]
               }
            } ],
            "expression" : {
               "localId" : "66",
               "locator" : "39:3-41:3",
               "type" : "Exists",
               "operand" : {
                  "localId" : "65",
                  "locator" : "39:10-41:3",
                  "type" : "Query",
                  "source" : [ {
                     "localId" : "60",
                     "locator" : "39:12-39:54",
                     "alias" : "DentalCaries",
                     "expression" : {
                        "localId" : "59",
                        "locator" : "39:12-39:41",
                        "dataType" : "{urn:healthit-gov:qdm:v5_5}Diagnosis",
                        "codeProperty" : "code",
                        "type" : "Retrieve",
                        "codes" : {
                           "locator" : "39:26-39:40",
                           "name" : "Dental Caries",
                           "type" : "ValueSetRef"
                        }
                     }
                  } ],
                  "relationship" : [ ],
                  "where" : {
                     "localId" : "64",
                     "locator" : "40:7-40:71",
                     "type" : "Overlaps",
                     "operand" : [ {
                        "localId" : "62",
                        "locator" : "40:13-40:41",
                        "path" : "prevalencePeriod",
                        "scope" : "DentalCaries",
                        "type" : "Property"
                     }, {
                        "localId" : "63",
                        "locator" : "40:52-40:71",
                        "name" : "Measurement Period",
                        "type" : "ParameterRef"
                     } ]
                  }
               }
            }
         }, {
            "localId" : "70",
            "locator" : "43:1-44:23",
            "name" : "Denominator Exclusions",
            "context" : "Patient",
            "accessLevel" : "Public",
            "annotation" : [ {
               "type" : "Annotation",
               "s" : {
                  "r" : "70",
                  "s" : [ {
                     "value" : [ "define ","\"Denominator Exclusions\"",":\n  " ]
                  }, {
                     "r" : "69",
                     "s" : [ {
                        "r" : "68",
                        "s" : [ {
                           "value" : [ "Hospice" ]
                        } ]
                     }, {
                        "value" : [ "." ]
                     }, {
                        "r" : "69",
                        "s" : [ {
                           "value" : [ "\"Has Hospice\"" ]
                        } ]
                     } ]
                  } ]
               }
            } ],
            "expression" : {
               "localId" : "69",
               "locator" : "44:3-44:23",
               "name" : "Has Hospice",
               "libraryName" : "Hospice",
               "type" : "ExpressionRef"
            }
         } ]
      }
   }
}