{
   "library" : {
      "identifier" : {
         "id" : "PrimaryCariesPreventionInterventionasOfferedbyPrimaryCareProvidersincludingDentists",
         "version" : "9.1.000"
      },
      "schemaIdentifier" : {
         "id" : "urn:hl7-org:elm",
         "version" : "r1"
      },
      "usings" : {
         "def" : [ {
            "localIdentifier" : "System",
            "uri" : "urn:hl7-org:elm-types:r1"
         }, {
            "localId" : "1",
            "locator" : "3:1-3:23",
            "localIdentifier" : "QDM",
            "uri" : "urn:healthit-gov:qdm:v5_4",
            "version" : "5.4"
         } ]
      },
      "includes" : {
         "def" : [ {
            "localId" : "2",
            "locator" : "5:1-5:64",
            "localIdentifier" : "Global",
            "path" : "MATGlobalCommonFunctions",
            "version" : "4.0.000"
         }, {
            "localId" : "3",
            "locator" : "6:1-6:48",
            "localIdentifier" : "Hospice",
            "path" : "Hospice",
            "version" : "2.0.000"
         } ]
      },
      "parameters" : {
         "def" : [ {
            "localId" : "20",
            "locator" : "24:1-24:49",
            "name" : "Measurement Period",
            "accessLevel" : "Public",
            "parameterTypeSpecifier" : {
               "localId" : "19",
               "locator" : "24:32-24:49",
               "type" : "IntervalTypeSpecifier",
               "pointType" : {
                  "localId" : "18",
                  "locator" : "24:41-24:48",
                  "name" : "{urn:hl7-org:elm-types:r1}DateTime",
                  "type" : "NamedTypeSpecifier"
               }
            }
         } ]
      },
      "codeSystems" : {
         "def" : [ {
            "localId" : "4",
            "locator" : "8:1-8:51",
            "name" : "LOINC",
            "id" : "urn:oid:2.16.840.1.113883.6.1",
            "accessLevel" : "Public"
         } ]
      },
      "valueSets" : {
         "def" : [ {
            "localId" : "5",
            "locator" : "10:1-10:87",
            "name" : "Clinical Oral Evaluation",
            "id" : "urn:oid:2.16.840.1.113883.3.464.1003.125.12.1003",
            "accessLevel" : "Public"
         }, {
            "localId" : "6",
            "locator" : "11:1-11:58",
            "name" : "Ethnicity",
            "id" : "urn:oid:2.16.840.1.114222.4.11.837",
            "accessLevel" : "Public"
         }, {
            "localId" : "7",
            "locator" : "12:1-12:104",
            "name" : "Fluoride Varnish Application for Children",
            "id" : "urn:oid:2.16.840.1.113883.3.464.1003.125.12.1002",
            "accessLevel" : "Public"
         }, {
            "localId" : "8",
            "locator" : "13:1-13:75",
            "name" : "Office Visit",
            "id" : "urn:oid:2.16.840.1.113883.3.464.1003.101.12.1001",
            "accessLevel" : "Public"
         }, {
            "localId" : "9",
            "locator" : "14:1-14:68",
            "name" : "ONC Administrative Sex",
            "id" : "urn:oid:2.16.840.1.113762.1.4.1",
            "accessLevel" : "Public"
         }, {
            "localId" : "10",
            "locator" : "15:1-15:55",
            "name" : "Payer",
            "id" : "urn:oid:2.16.840.1.114222.4.11.3591",
            "accessLevel" : "Public"
         }, {
            "localId" : "11",
            "locator" : "16:1-16:114",
            "name" : "Preventive Care - Established Office Visit, 0 to 17",
            "id" : "urn:oid:2.16.840.1.113883.3.464.1003.101.12.1024",
            "accessLevel" : "Public"
         }, {
            "localId" : "12",
            "locator" : "17:1-17:125",
            "name" : "Preventive Care Services - Established Office Visit, 18 and Up",
            "id" : "urn:oid:2.16.840.1.113883.3.464.1003.101.12.1025",
            "accessLevel" : "Public"
         }, {
            "localId" : "13",
            "locator" : "18:1-18:119",
            "name" : "Preventive Care Services-Initial Office Visit, 18 and Up",
            "id" : "urn:oid:2.16.840.1.113883.3.464.1003.101.12.1023",
            "accessLevel" : "Public"
         }, {
            "localId" : "14",
            "locator" : "19:1-19:109",
            "name" : "Preventive Care- Initial Office Visit, 0 to 17",
            "id" : "urn:oid:2.16.840.1.113883.3.464.1003.101.12.1022",
            "accessLevel" : "Public"
         }, {
            "localId" : "15",
            "locator" : "20:1-20:53",
            "name" : "Race",
            "id" : "urn:oid:2.16.840.1.114222.4.11.836",
            "accessLevel" : "Public"
         } ]
      },
      "codes" : {
         "def" : [ {
            "localId" : "17",
            "locator" : "22:1-22:62",
            "name" : "Birth date",
            "id" : "21112-8",
            "display" : "Birth date",
            "accessLevel" : "Public",
            "codeSystem" : {
               "localId" : "16",
               "locator" : "22:35-22:41",
               "name" : "LOINC"
            }
         } ]
      },
      "statements" : {
         "def" : [ {
            "locator" : "26:1-26:15",
            "name" : "Patient",
            "context" : "Patient",
            "expression" : {
               "type" : "SingletonFrom",
               "operand" : {
                  "locator" : "26:1-26:15",
                  "dataType" : "{urn:healthit-gov:qdm:v5_4}Patient",
                  "templateId" : "Patient",
                  "type" : "Retrieve"
               }
            }
         }, {
            "localId" : "22",
            "locator" : "28:1-29:50",
            "name" : "SDE Ethnicity",
            "context" : "Patient",
            "accessLevel" : "Public",
            "annotation" : [ {
               "type" : "Annotation",
               "s" : {
                  "r" : "22",
                  "s" : [ {
                     "value" : [ "define ","\"SDE Ethnicity\"",":\n\t" ]
                  }, {
                     "r" : "21",
                     "s" : [ {
                        "value" : [ "[","\"Patient Characteristic Ethnicity\"",": " ]
                     }, {
                        "s" : [ {
                           "value" : [ "\"Ethnicity\"" ]
                        } ]
                     }, {
                        "value" : [ "]" ]
                     } ]
                  } ]
               }
            } ],
            "expression" : {
               "localId" : "21",
               "locator" : "29:2-29:50",
               "dataType" : "{urn:healthit-gov:qdm:v5_4}PatientCharacteristicEthnicity",
               "codeProperty" : "code",
               "type" : "Retrieve",
               "codes" : {
                  "name" : "Ethnicity",
                  "type" : "ValueSetRef"
               }
            }
         }, {
            "localId" : "24",
            "locator" : "31:1-32:42",
            "name" : "SDE Payer",
            "context" : "Patient",
            "accessLevel" : "Public",
            "annotation" : [ {
               "type" : "Annotation",
               "s" : {
                  "r" : "24",
                  "s" : [ {
                     "value" : [ "define ","\"SDE Payer\"",":\n\t" ]
                  }, {
                     "r" : "23",
                     "s" : [ {
                        "value" : [ "[","\"Patient Characteristic Payer\"",": " ]
                     }, {
                        "s" : [ {
                           "value" : [ "\"Payer\"" ]
                        } ]
                     }, {
                        "value" : [ "]" ]
                     } ]
                  } ]
               }
            } ],
            "expression" : {
               "localId" : "23",
               "locator" : "32:2-32:42",
               "dataType" : "{urn:healthit-gov:qdm:v5_4}PatientCharacteristicPayer",
               "codeProperty" : "code",
               "type" : "Retrieve",
               "codes" : {
                  "name" : "Payer",
                  "type" : "ValueSetRef"
               }
            }
         }, {
            "localId" : "26",
            "locator" : "34:1-35:40",
            "name" : "SDE Race",
            "context" : "Patient",
            "accessLevel" : "Public",
            "annotation" : [ {
               "type" : "Annotation",
               "s" : {
                  "r" : "26",
                  "s" : [ {
                     "value" : [ "define ","\"SDE Race\"",":\n\t" ]
                  }, {
                     "r" : "25",
                     "s" : [ {
                        "value" : [ "[","\"Patient Characteristic Race\"",": " ]
                     }, {
                        "s" : [ {
                           "value" : [ "\"Race\"" ]
                        } ]
                     }, {
                        "value" : [ "]" ]
                     } ]
                  } ]
               }
            } ],
            "expression" : {
               "localId" : "25",
               "locator" : "35:2-35:40",
               "dataType" : "{urn:healthit-gov:qdm:v5_4}PatientCharacteristicRace",
               "codeProperty" : "code",
               "type" : "Retrieve",
               "codes" : {
                  "name" : "Race",
                  "type" : "ValueSetRef"
               }
            }
         }, {
            "localId" : "28",
            "locator" : "37:1-38:57",
            "name" : "SDE Sex",
            "context" : "Patient",
            "accessLevel" : "Public",
            "annotation" : [ {
               "type" : "Annotation",
               "s" : {
                  "r" : "28",
                  "s" : [ {
                     "value" : [ "define ","\"SDE Sex\"",":\n\t" ]
                  }, {
                     "r" : "27",
                     "s" : [ {
                        "value" : [ "[","\"Patient Characteristic Sex\"",": " ]
                     }, {
                        "s" : [ {
                           "value" : [ "\"ONC Administrative Sex\"" ]
                        } ]
                     }, {
                        "value" : [ "]" ]
                     } ]
                  } ]
               }
            } ],
            "expression" : {
               "localId" : "27",
               "locator" : "38:2-38:57",
               "dataType" : "{urn:healthit-gov:qdm:v5_4}PatientCharacteristicSex",
               "codeProperty" : "code",
               "type" : "Retrieve",
               "codes" : {
                  "name" : "ONC Administrative Sex",
                  "type" : "ValueSetRef"
               }
            }
         }, {
            "localId" : "37",
            "locator" : "40:1-42:70",
            "name" : "Numerator",
            "context" : "Patient",
            "accessLevel" : "Public",
            "annotation" : [ {
               "type" : "Annotation",
               "s" : {
                  "r" : "37",
                  "s" : [ {
                     "value" : [ "define ","\"Numerator\"",":\n\t" ]
                  }, {
                     "r" : "36",
                     "s" : [ {
                        "value" : [ "exists " ]
                     }, {
                        "r" : "35",
                        "s" : [ {
                           "s" : [ {
                              "r" : "30",
                              "s" : [ {
                                 "r" : "29",
                                 "s" : [ {
                                    "r" : "29",
                                    "s" : [ {
                                       "value" : [ "[","\"Procedure, Performed\"",": " ]
                                    }, {
                                       "s" : [ {
                                          "value" : [ "\"Fluoride Varnish Application for Children\"" ]
                                       } ]
                                    }, {
                                       "value" : [ "]" ]
                                    } ]
                                 } ]
                              }, {
                                 "value" : [ " ","FluorideApplication" ]
                              } ]
                           } ]
                        }, {
                           "value" : [ "\n\t\t" ]
                        }, {
                           "r" : "34",
                           "s" : [ {
                              "value" : [ "where " ]
                           }, {
                              "r" : "34",
                              "s" : [ {
                                 "r" : "32",
                                 "s" : [ {
                                    "r" : "31",
                                    "s" : [ {
                                       "value" : [ "FluorideApplication" ]
                                    } ]
                                 }, {
                                    "value" : [ "." ]
                                 }, {
                                    "r" : "32",
                                    "s" : [ {
                                       "value" : [ "relevantPeriod" ]
                                    } ]
                                 } ]
                              }, {
                                 "value" : [ " ","during"," " ]
                              }, {
                                 "r" : "33",
                                 "s" : [ {
                                    "value" : [ "\"Measurement Period\"" ]
                                 } ]
                              } ]
                           } ]
                        } ]
                     } ]
                  } ]
               }
            } ],
            "expression" : {
               "localId" : "36",
               "locator" : "41:2-42:70",
               "type" : "Exists",
               "operand" : {
                  "localId" : "35",
                  "locator" : "41:9-42:70",
                  "type" : "Query",
                  "source" : [ {
                     "localId" : "30",
                     "locator" : "41:9-41:97",
                     "alias" : "FluorideApplication",
                     "expression" : {
                        "localId" : "29",
                        "locator" : "41:9-41:77",
                        "dataType" : "{urn:healthit-gov:qdm:v5_4}PositiveProcedurePerformed",
                        "templateId" : "PositiveProcedurePerformed",
                        "codeProperty" : "code",
                        "type" : "Retrieve",
                        "codes" : {
                           "name" : "Fluoride Varnish Application for Children",
                           "type" : "ValueSetRef"
                        }
                     }
                  } ],
                  "relationship" : [ ],
                  "where" : {
                     "localId" : "34",
                     "locator" : "42:3-42:70",
                     "type" : "IncludedIn",
                     "operand" : [ {
                        "localId" : "32",
                        "locator" : "42:9-42:42",
                        "path" : "relevantPeriod",
                        "scope" : "FluorideApplication",
                        "type" : "Property"
                     }, {
                        "localId" : "33",
                        "locator" : "42:51-42:70",
                        "name" : "Measurement Period",
                        "type" : "ParameterRef"
                     } ]
                  }
               }
            }
         }, {
            "localId" : "65",
            "locator" : "47:1-54:65",
            "name" : "Qualifying Encounters",
            "context" : "Patient",
            "accessLevel" : "Public",
            "annotation" : [ {
               "type" : "Annotation",
               "s" : {
                  "r" : "65",
                  "s" : [ {
                     "value" : [ "define ","\"Qualifying Encounters\"",":\n\t" ]
                  }, {
                     "r" : "64",
                     "s" : [ {
                        "s" : [ {
                           "r" : "59",
                           "s" : [ {
                              "r" : "58",
                              "s" : [ {
                                 "value" : [ "( " ]
                              }, {
                                 "r" : "58",
                                 "s" : [ {
                                    "r" : "56",
                                    "s" : [ {
                                       "r" : "54",
                                       "s" : [ {
                                          "r" : "52",
                                          "s" : [ {
                                             "r" : "50",
                                             "s" : [ {
                                                "r" : "48",
                                                "s" : [ {
                                                   "value" : [ "[","\"Encounter, Performed\"",": " ]
                                                }, {
                                                   "s" : [ {
                                                      "value" : [ "\"Office Visit\"" ]
                                                   } ]
                                                }, {
                                                   "value" : [ "]" ]
                                                } ]
                                             }, {
                                                "value" : [ "\n\t\tunion " ]
                                             }, {
                                                "r" : "49",
                                                "s" : [ {
                                                   "value" : [ "[","\"Encounter, Performed\"",": " ]
                                                }, {
                                                   "s" : [ {
                                                      "value" : [ "\"Preventive Care - Established Office Visit, 0 to 17\"" ]
                                                   } ]
                                                }, {
                                                   "value" : [ "]" ]
                                                } ]
                                             } ]
                                          }, {
                                             "value" : [ "\n\t\tunion " ]
                                          }, {
                                             "r" : "51",
                                             "s" : [ {
                                                "value" : [ "[","\"Encounter, Performed\"",": " ]
                                             }, {
                                                "s" : [ {
                                                   "value" : [ "\"Preventive Care- Initial Office Visit, 0 to 17\"" ]
                                                } ]
                                             }, {
                                                "value" : [ "]" ]
                                             } ]
                                          } ]
                                       }, {
                                          "value" : [ "\n\t\tunion " ]
                                       }, {
                                          "r" : "53",
                                          "s" : [ {
                                             "value" : [ "[","\"Encounter, Performed\"",": " ]
                                          }, {
                                             "s" : [ {
                                                "value" : [ "\"Preventive Care Services - Established Office Visit, 18 and Up\"" ]
                                             } ]
                                          }, {
                                             "value" : [ "]" ]
                                          } ]
                                       } ]
                                    }, {
                                       "value" : [ "\n\t\tunion " ]
                                    }, {
                                       "r" : "55",
                                       "s" : [ {
                                          "value" : [ "[","\"Encounter, Performed\"",": " ]
                                       }, {
                                          "s" : [ {
                                             "value" : [ "\"Preventive Care Services-Initial Office Visit, 18 and Up\"" ]
                                          } ]
                                       }, {
                                          "value" : [ "]" ]
                                       } ]
                                    } ]
                                 }, {
                                    "value" : [ "\n\t\tunion " ]
                                 }, {
                                    "r" : "57",
                                    "s" : [ {
                                       "value" : [ "[","\"Encounter, Performed\"",": " ]
                                    }, {
                                       "s" : [ {
                                          "value" : [ "\"Clinical Oral Evaluation\"" ]
                                       } ]
                                    }, {
                                       "value" : [ "]" ]
                                    } ]
                                 } ]
                              }, {
                                 "value" : [ " )" ]
                              } ]
                           }, {
                              "value" : [ " ","ValidEncounter" ]
                           } ]
                        } ]
                     }, {
                        "value" : [ "\n\t\t" ]
                     }, {
                        "r" : "63",
                        "s" : [ {
                           "value" : [ "where " ]
                        }, {
                           "r" : "63",
                           "s" : [ {
                              "r" : "61",
                              "s" : [ {
                                 "r" : "60",
                                 "s" : [ {
                                    "value" : [ "ValidEncounter" ]
                                 } ]
                              }, {
                                 "value" : [ "." ]
                              }, {
                                 "r" : "61",
                                 "s" : [ {
                                    "value" : [ "relevantPeriod" ]
                                 } ]
                              } ]
                           }, {
                              "value" : [ " ","during"," " ]
                           }, {
                              "r" : "62",
                              "s" : [ {
                                 "value" : [ "\"Measurement Period\"" ]
                              } ]
                           } ]
                        } ]
                     } ]
                  } ]
               }
            } ],
            "expression" : {
               "localId" : "64",
               "locator" : "48:2-54:65",
               "type" : "Query",
               "source" : [ {
                  "localId" : "59",
                  "locator" : "48:2-53:77",
                  "alias" : "ValidEncounter",
                  "expression" : {
                     "localId" : "58",
                     "locator" : "48:2-53:62",
                     "type" : "Union",
                     "operand" : [ {
                        "localId" : "54",
                        "locator" : "48:4-51:98",
                        "type" : "Union",
                        "operand" : [ {
                           "localId" : "50",
                           "locator" : "48:4-49:87",
                           "type" : "Union",
                           "operand" : [ {
                              "localId" : "48",
                              "locator" : "48:4-48:43",
                              "dataType" : "{urn:healthit-gov:qdm:v5_4}PositiveEncounterPerformed",
                              "templateId" : "PositiveEncounterPerformed",
                              "codeProperty" : "code",
                              "type" : "Retrieve",
                              "codes" : {
                                 "name" : "Office Visit",
                                 "type" : "ValueSetRef"
                              }
                           }, {
                              "localId" : "49",
                              "locator" : "49:9-49:87",
                              "dataType" : "{urn:healthit-gov:qdm:v5_4}PositiveEncounterPerformed",
                              "templateId" : "PositiveEncounterPerformed",
                              "codeProperty" : "code",
                              "type" : "Retrieve",
                              "codes" : {
                                 "name" : "Preventive Care - Established Office Visit, 0 to 17",
                                 "type" : "ValueSetRef"
                              }
                           } ]
                        }, {
                           "type" : "Union",
                           "operand" : [ {
                              "localId" : "51",
                              "locator" : "50:9-50:82",
                              "dataType" : "{urn:healthit-gov:qdm:v5_4}PositiveEncounterPerformed",
                              "templateId" : "PositiveEncounterPerformed",
                              "codeProperty" : "code",
                              "type" : "Retrieve",
                              "codes" : {
                                 "name" : "Preventive Care- Initial Office Visit, 0 to 17",
                                 "type" : "ValueSetRef"
                              }
                           }, {
                              "localId" : "53",
                              "locator" : "51:9-51:98",
                              "dataType" : "{urn:healthit-gov:qdm:v5_4}PositiveEncounterPerformed",
                              "templateId" : "PositiveEncounterPerformed",
                              "codeProperty" : "code",
                              "type" : "Retrieve",
                              "codes" : {
                                 "name" : "Preventive Care Services - Established Office Visit, 18 and Up",
                                 "type" : "ValueSetRef"
                              }
                           } ]
                        } ]
                     }, {
                        "type" : "Union",
                        "operand" : [ {
                           "localId" : "55",
                           "locator" : "52:9-52:92",
                           "dataType" : "{urn:healthit-gov:qdm:v5_4}PositiveEncounterPerformed",
                           "templateId" : "PositiveEncounterPerformed",
                           "codeProperty" : "code",
                           "type" : "Retrieve",
                           "codes" : {
                              "name" : "Preventive Care Services-Initial Office Visit, 18 and Up",
                              "type" : "ValueSetRef"
                           }
                        }, {
                           "localId" : "57",
                           "locator" : "53:9-53:60",
                           "dataType" : "{urn:healthit-gov:qdm:v5_4}PositiveEncounterPerformed",
                           "templateId" : "PositiveEncounterPerformed",
                           "codeProperty" : "code",
                           "type" : "Retrieve",
                           "codes" : {
                              "name" : "Clinical Oral Evaluation",
                              "type" : "ValueSetRef"
                           }
                        } ]
                     } ]
                  }
               } ],
               "relationship" : [ ],
               "where" : {
                  "localId" : "63",
                  "locator" : "54:3-54:65",
                  "type" : "IncludedIn",
                  "operand" : [ {
                     "localId" : "61",
                     "locator" : "54:9-54:37",
                     "path" : "relevantPeriod",
                     "scope" : "ValidEncounter",
                     "type" : "Property"
                  }, {
                     "localId" : "62",
                     "locator" : "54:46-54:65",
                     "name" : "Measurement Period",
                     "type" : "ParameterRef"
                  } ]
               }
            }
         }, {
            "localId" : "71",
            "locator" : "59:1-62:37",
            "name" : "Initial Population",
            "context" : "Patient",
            "accessLevel" : "Public",
            "annotation" : [ {
               "type" : "Annotation",
               "s" : {
                  "r" : "71",
                  "s" : [ {
                     "value" : [ "define ","\"Initial Population\"",":\n\t" ]
                  }, {
                     "r" : "70",
                     "s" : [ {
                        "value" : [ "exists " ]
                     }, {
                        "r" : "69",
                        "s" : [ {
                           "s" : [ {
                              "r" : "39",
                              "s" : [ {
                                 "r" : "38",
                                 "s" : [ {
                                    "r" : "38",
                                    "s" : [ {
                                       "value" : [ "[","\"Patient Characteristic Birthdate\"",": " ]
                                    }, {
                                       "s" : [ {
                                          "value" : [ "\"Birth date\"" ]
                                       } ]
                                    }, {
                                       "value" : [ "]" ]
                                    } ]
                                 } ]
                              }, {
                                 "value" : [ " ","BirthDate" ]
                              } ]
                           } ]
                        }, {
                           "value" : [ "\n\t\t" ]
                        }, {
                           "r" : "68",
                           "s" : [ {
                              "value" : [ "where " ]
                           }, {
                              "r" : "68",
                              "s" : [ {
                                 "r" : "47",
                                 "s" : [ {
                                    "r" : "45",
                                    "s" : [ {
                                       "r" : "40",
                                       "s" : [ {
                                          "value" : [ "Global" ]
                                       } ]
                                    }, {
                                       "value" : [ "." ]
                                    }, {
                                       "r" : "45",
                                       "s" : [ {
                                          "value" : [ "\"CalendarAgeInYearsAt\"","(" ]
                                       }, {
                                          "r" : "42",
                                          "s" : [ {
                                             "r" : "41",
                                             "s" : [ {
                                                "value" : [ "BirthDate" ]
                                             } ]
                                          }, {
                                             "value" : [ "." ]
                                          }, {
                                             "r" : "42",
                                             "s" : [ {
                                                "value" : [ "birthDatetime" ]
                                             } ]
                                          } ]
                                       }, {
                                          "value" : [ ", " ]
                                       }, {
                                          "r" : "44",
                                          "s" : [ {
                                             "value" : [ "start of " ]
                                          }, {
                                             "r" : "43",
                                             "s" : [ {
                                                "value" : [ "\"Measurement Period\"" ]
                                             } ]
                                          } ]
                                       }, {
                                          "value" : [ ")" ]
                                       } ]
                                    } ]
                                 }, {
                                    "value" : [ "<"," ","20" ]
                                 } ]
                              }, {
                                 "value" : [ "\n\t\t\tand " ]
                              }, {
                                 "r" : "67",
                                 "s" : [ {
                                    "value" : [ "exists " ]
                                 }, {
                                    "r" : "66",
                                    "s" : [ {
                                       "value" : [ "\"Qualifying Encounters\"" ]
                                    } ]
                                 } ]
                              } ]
                           } ]
                        } ]
                     } ]
                  } ]
               }
            } ],
            "expression" : {
               "localId" : "70",
               "locator" : "60:2-62:37",
               "type" : "Exists",
               "operand" : {
                  "localId" : "69",
                  "locator" : "60:9-62:37",
                  "type" : "Query",
                  "source" : [ {
                     "localId" : "39",
                     "locator" : "60:9-60:68",
                     "alias" : "BirthDate",
                     "expression" : {
                        "localId" : "38",
                        "locator" : "60:9-60:58",
                        "dataType" : "{urn:healthit-gov:qdm:v5_4}PatientCharacteristicBirthdate",
                        "codeProperty" : "code",
                        "type" : "Retrieve",
                        "codes" : {
                           "type" : "ToList",
                           "operand" : {
                              "name" : "Birth date",
                              "type" : "CodeRef"
                           }
                        }
                     }
                  } ],
                  "relationship" : [ ],
                  "where" : {
                     "localId" : "68",
                     "locator" : "61:3-62:37",
                     "type" : "And",
                     "operand" : [ {
                        "localId" : "47",
                        "locator" : "61:9-61:97",
                        "type" : "Less",
                        "operand" : [ {
                           "localId" : "45",
                           "locator" : "61:9-61:93",
                           "name" : "CalendarAgeInYearsAt",
                           "libraryName" : "Global",
                           "type" : "FunctionRef",
                           "operand" : [ {
                              "localId" : "42",
                              "locator" : "61:39-61:61",
                              "path" : "birthDatetime",
                              "scope" : "BirthDate",
                              "type" : "Property"
                           }, {
                              "localId" : "44",
                              "locator" : "61:64-61:92",
                              "type" : "Start",
                              "operand" : {
                                 "localId" : "43",
                                 "locator" : "61:73-61:92",
                                 "name" : "Measurement Period",
                                 "type" : "ParameterRef"
                              }
                           } ]
                        }, {
                           "localId" : "46",
                           "locator" : "61:96-61:97",
                           "valueType" : "{urn:hl7-org:elm-types:r1}Integer",
                           "value" : "20",
                           "type" : "Literal"
                        } ]
                     }, {
                        "localId" : "67",
                        "locator" : "62:8-62:37",
                        "type" : "Exists",
                        "operand" : {
                           "localId" : "66",
                           "locator" : "62:15-62:37",
                           "name" : "Qualifying Encounters",
                           "type" : "ExpressionRef"
                        }
                     } ]
                  }
               }
            }
         }, {
            "localId" : "73",
            "locator" : "44:1-45:21",
            "name" : "Denominator",
            "context" : "Patient",
            "accessLevel" : "Public",
            "annotation" : [ {
               "type" : "Annotation",
               "s" : {
                  "r" : "73",
                  "s" : [ {
                     "value" : [ "define ","\"Denominator\"",":\n\t" ]
                  }, {
                     "r" : "72",
                     "s" : [ {
                        "value" : [ "\"Initial Population\"" ]
                     } ]
                  } ]
               }
            } ],
            "expression" : {
               "localId" : "72",
               "locator" : "45:2-45:21",
               "name" : "Initial Population",
               "type" : "ExpressionRef"
            }
         }, {
            "localId" : "76",
            "locator" : "56:1-57:22",
            "name" : "Denominator Exclusions",
            "context" : "Patient",
            "accessLevel" : "Public",
            "annotation" : [ {
               "type" : "Annotation",
               "s" : {
                  "r" : "76",
                  "s" : [ {
                     "value" : [ "define ","\"Denominator Exclusions\"",":\n\t" ]
                  }, {
                     "r" : "75",
                     "s" : [ {
                        "r" : "74",
                        "s" : [ {
                           "value" : [ "Hospice" ]
                        } ]
                     }, {
                        "value" : [ "." ]
                     }, {
                        "r" : "75",
                        "s" : [ {
                           "value" : [ "\"Has Hospice\"" ]
                        } ]
                     } ]
                  } ]
               }
            } ],
            "expression" : {
               "localId" : "75",
               "locator" : "57:2-57:22",
               "name" : "Has Hospice",
               "libraryName" : "Hospice",
               "type" : "ExpressionRef"
            }
         }, {
            "localId" : "89",
            "locator" : "64:1-66:97",
            "name" : "Stratification 1",
            "context" : "Patient",
            "accessLevel" : "Public",
            "annotation" : [ {
               "type" : "Annotation",
               "s" : {
                  "r" : "89",
                  "s" : [ {
                     "value" : [ "define ","\"Stratification 1\"",":\n\t" ]
                  }, {
                     "r" : "88",
                     "s" : [ {
                        "value" : [ "exists " ]
                     }, {
                        "r" : "87",
                        "s" : [ {
                           "s" : [ {
                              "r" : "78",
                              "s" : [ {
                                 "r" : "77",
                                 "s" : [ {
                                    "r" : "77",
                                    "s" : [ {
                                       "value" : [ "[","\"Patient Characteristic Birthdate\"",": " ]
                                    }, {
                                       "s" : [ {
                                          "value" : [ "\"Birth date\"" ]
                                       } ]
                                    }, {
                                       "value" : [ "]" ]
                                    } ]
                                 } ]
                              }, {
                                 "value" : [ " ","BirthDate" ]
                              } ]
                           } ]
                        }, {
                           "value" : [ "\n\t\t" ]
                        }, {
                           "r" : "86",
                           "s" : [ {
                              "value" : [ "where " ]
                           }, {
                              "r" : "86",
                              "s" : [ {
                                 "r" : "84",
                                 "s" : [ {
                                    "r" : "79",
                                    "s" : [ {
                                       "value" : [ "Global" ]
                                    } ]
                                 }, {
                                    "value" : [ "." ]
                                 }, {
                                    "r" : "84",
                                    "s" : [ {
                                       "value" : [ "\"CalendarAgeInYearsAt\"","(" ]
                                    }, {
                                       "r" : "81",
                                       "s" : [ {
                                          "r" : "80",
                                          "s" : [ {
                                             "value" : [ "BirthDate" ]
                                          } ]
                                       }, {
                                          "value" : [ "." ]
                                       }, {
                                          "r" : "81",
                                          "s" : [ {
                                             "value" : [ "birthDatetime" ]
                                          } ]
                                       } ]
                                    }, {
                                       "value" : [ ", " ]
                                    }, {
                                       "r" : "83",
                                       "s" : [ {
                                          "value" : [ "start of " ]
                                       }, {
                                          "r" : "82",
                                          "s" : [ {
                                             "value" : [ "\"Measurement Period\"" ]
                                          } ]
                                       } ]
                                    }, {
                                       "value" : [ ")" ]
                                    } ]
                                 } ]
                              }, {
                                 "value" : [ "<="," ","4" ]
                              } ]
                           } ]
                        } ]
                     } ]
                  } ]
               }
            } ],
            "expression" : {
               "localId" : "88",
               "locator" : "65:2-66:97",
               "type" : "Exists",
               "operand" : {
                  "localId" : "87",
                  "locator" : "65:9-66:97",
                  "type" : "Query",
                  "source" : [ {
                     "localId" : "78",
                     "locator" : "65:9-65:68",
                     "alias" : "BirthDate",
                     "expression" : {
                        "localId" : "77",
                        "locator" : "65:9-65:58",
                        "dataType" : "{urn:healthit-gov:qdm:v5_4}PatientCharacteristicBirthdate",
                        "codeProperty" : "code",
                        "type" : "Retrieve",
                        "codes" : {
                           "type" : "ToList",
                           "operand" : {
                              "name" : "Birth date",
                              "type" : "CodeRef"
                           }
                        }
                     }
                  } ],
                  "relationship" : [ ],
                  "where" : {
                     "localId" : "86",
                     "locator" : "66:3-66:97",
                     "type" : "LessOrEqual",
                     "operand" : [ {
                        "localId" : "84",
                        "locator" : "66:9-66:93",
                        "name" : "CalendarAgeInYearsAt",
                        "libraryName" : "Global",
                        "type" : "FunctionRef",
                        "operand" : [ {
                           "localId" : "81",
                           "locator" : "66:39-66:61",
                           "path" : "birthDatetime",
                           "scope" : "BirthDate",
                           "type" : "Property"
                        }, {
                           "localId" : "83",
                           "locator" : "66:64-66:92",
                           "type" : "Start",
                           "operand" : {
                              "localId" : "82",
                              "locator" : "66:73-66:92",
                              "name" : "Measurement Period",
                              "type" : "ParameterRef"
                           }
                        } ]
                     }, {
                        "localId" : "85",
                        "locator" : "66:97",
                        "valueType" : "{urn:hl7-org:elm-types:r1}Integer",
                        "value" : "4",
                        "type" : "Literal"
                     } ]
                  }
               }
            }
         }, {
            "localId" : "111",
            "locator" : "68:1-71:97",
            "name" : "Stratification 2",
            "context" : "Patient",
            "accessLevel" : "Public",
            "annotation" : [ {
               "type" : "Annotation",
               "s" : {
                  "r" : "111",
                  "s" : [ {
                     "value" : [ "define ","\"Stratification 2\"",":\n\t" ]
                  }, {
                     "r" : "110",
                     "s" : [ {
                        "value" : [ "exists " ]
                     }, {
                        "r" : "109",
                        "s" : [ {
                           "s" : [ {
                              "r" : "91",
                              "s" : [ {
                                 "r" : "90",
                                 "s" : [ {
                                    "r" : "90",
                                    "s" : [ {
                                       "value" : [ "[","\"Patient Characteristic Birthdate\"",": " ]
                                    }, {
                                       "s" : [ {
                                          "value" : [ "\"Birth date\"" ]
                                       } ]
                                    }, {
                                       "value" : [ "]" ]
                                    } ]
                                 } ]
                              }, {
                                 "value" : [ " ","BirthDate" ]
                              } ]
                           } ]
                        }, {
                           "value" : [ "\n\t\t" ]
                        }, {
                           "r" : "108",
                           "s" : [ {
                              "value" : [ "where " ]
                           }, {
                              "r" : "108",
                              "s" : [ {
                                 "r" : "99",
                                 "s" : [ {
                                    "r" : "97",
                                    "s" : [ {
                                       "r" : "92",
                                       "s" : [ {
                                          "value" : [ "Global" ]
                                       } ]
                                    }, {
                                       "value" : [ "." ]
                                    }, {
                                       "r" : "97",
                                       "s" : [ {
                                          "value" : [ "\"CalendarAgeInYearsAt\"","(" ]
                                       }, {
                                          "r" : "94",
                                          "s" : [ {
                                             "r" : "93",
                                             "s" : [ {
                                                "value" : [ "BirthDate" ]
                                             } ]
                                          }, {
                                             "value" : [ "." ]
                                          }, {
                                             "r" : "94",
                                             "s" : [ {
                                                "value" : [ "birthDatetime" ]
                                             } ]
                                          } ]
                                       }, {
                                          "value" : [ ", " ]
                                       }, {
                                          "r" : "96",
                                          "s" : [ {
                                             "value" : [ "start of " ]
                                          }, {
                                             "r" : "95",
                                             "s" : [ {
                                                "value" : [ "\"Measurement Period\"" ]
                                             } ]
                                          } ]
                                       }, {
                                          "value" : [ ")" ]
                                       } ]
                                    } ]
                                 }, {
                                    "value" : [ ">="," ","5" ]
                                 } ]
                              }, {
                                 "value" : [ "\n\t\t\tand " ]
                              }, {
                                 "r" : "107",
                                 "s" : [ {
                                    "r" : "105",
                                    "s" : [ {
                                       "r" : "100",
                                       "s" : [ {
                                          "value" : [ "Global" ]
                                       } ]
                                    }, {
                                       "value" : [ "." ]
                                    }, {
                                       "r" : "105",
                                       "s" : [ {
                                          "value" : [ "\"CalendarAgeInYearsAt\"","(" ]
                                       }, {
                                          "r" : "102",
                                          "s" : [ {
                                             "r" : "101",
                                             "s" : [ {
                                                "value" : [ "BirthDate" ]
                                             } ]
                                          }, {
                                             "value" : [ "." ]
                                          }, {
                                             "r" : "102",
                                             "s" : [ {
                                                "value" : [ "birthDatetime" ]
                                             } ]
                                          } ]
                                       }, {
                                          "value" : [ ", " ]
                                       }, {
                                          "r" : "104",
                                          "s" : [ {
                                             "value" : [ "start of " ]
                                          }, {
                                             "r" : "103",
                                             "s" : [ {
                                                "value" : [ "\"Measurement Period\"" ]
                                             } ]
                                          } ]
                                       }, {
                                          "value" : [ ")" ]
                                       } ]
                                    } ]
                                 }, {
                                    "value" : [ "<="," ","11" ]
                                 } ]
                              } ]
                           } ]
                        } ]
                     } ]
                  } ]
               }
            } ],
            "expression" : {
               "localId" : "110",
               "locator" : "69:2-71:97",
               "type" : "Exists",
               "operand" : {
                  "localId" : "109",
                  "locator" : "69:9-71:97",
                  "type" : "Query",
                  "source" : [ {
                     "localId" : "91",
                     "locator" : "69:9-69:68",
                     "alias" : "BirthDate",
                     "expression" : {
                        "localId" : "90",
                        "locator" : "69:9-69:58",
                        "dataType" : "{urn:healthit-gov:qdm:v5_4}PatientCharacteristicBirthdate",
                        "codeProperty" : "code",
                        "type" : "Retrieve",
                        "codes" : {
                           "type" : "ToList",
                           "operand" : {
                              "name" : "Birth date",
                              "type" : "CodeRef"
                           }
                        }
                     }
                  } ],
                  "relationship" : [ ],
                  "where" : {
                     "localId" : "108",
                     "locator" : "70:3-71:97",
                     "type" : "And",
                     "operand" : [ {
                        "localId" : "99",
                        "locator" : "70:9-70:97",
                        "type" : "GreaterOrEqual",
                        "operand" : [ {
                           "localId" : "97",
                           "locator" : "70:9-70:93",
                           "name" : "CalendarAgeInYearsAt",
                           "libraryName" : "Global",
                           "type" : "FunctionRef",
                           "operand" : [ {
                              "localId" : "94",
                              "locator" : "70:39-70:61",
                              "path" : "birthDatetime",
                              "scope" : "BirthDate",
                              "type" : "Property"
                           }, {
                              "localId" : "96",
                              "locator" : "70:64-70:92",
                              "type" : "Start",
                              "operand" : {
                                 "localId" : "95",
                                 "locator" : "70:73-70:92",
                                 "name" : "Measurement Period",
                                 "type" : "ParameterRef"
                              }
                           } ]
                        }, {
                           "localId" : "98",
                           "locator" : "70:97",
                           "valueType" : "{urn:hl7-org:elm-types:r1}Integer",
                           "value" : "5",
                           "type" : "Literal"
                        } ]
                     }, {
                        "localId" : "107",
                        "locator" : "71:8-71:97",
                        "type" : "LessOrEqual",
                        "operand" : [ {
                           "localId" : "105",
                           "locator" : "71:8-71:92",
                           "name" : "CalendarAgeInYearsAt",
                           "libraryName" : "Global",
                           "type" : "FunctionRef",
                           "operand" : [ {
                              "localId" : "102",
                              "locator" : "71:38-71:60",
                              "path" : "birthDatetime",
                              "scope" : "BirthDate",
                              "type" : "Property"
                           }, {
                              "localId" : "104",
                              "locator" : "71:63-71:91",
                              "type" : "Start",
                              "operand" : {
                                 "localId" : "103",
                                 "locator" : "71:72-71:91",
                                 "name" : "Measurement Period",
                                 "type" : "ParameterRef"
                              }
                           } ]
                        }, {
                           "localId" : "106",
                           "locator" : "71:96-71:97",
                           "valueType" : "{urn:hl7-org:elm-types:r1}Integer",
                           "value" : "11",
                           "type" : "Literal"
                        } ]
                     } ]
                  }
               }
            }
         }, {
            "localId" : "133",
            "locator" : "73:1-76:96",
            "name" : "Stratification 3",
            "context" : "Patient",
            "accessLevel" : "Public",
            "annotation" : [ {
               "type" : "Annotation",
               "s" : {
                  "r" : "133",
                  "s" : [ {
                     "value" : [ "define ","\"Stratification 3\"",":\n\t" ]
                  }, {
                     "r" : "132",
                     "s" : [ {
                        "value" : [ "exists " ]
                     }, {
                        "r" : "131",
                        "s" : [ {
                           "s" : [ {
                              "r" : "113",
                              "s" : [ {
                                 "r" : "112",
                                 "s" : [ {
                                    "r" : "112",
                                    "s" : [ {
                                       "value" : [ "[","\"Patient Characteristic Birthdate\"",": " ]
                                    }, {
                                       "s" : [ {
                                          "value" : [ "\"Birth date\"" ]
                                       } ]
                                    }, {
                                       "value" : [ "]" ]
                                    } ]
                                 } ]
                              }, {
                                 "value" : [ " ","BirthDate" ]
                              } ]
                           } ]
                        }, {
                           "value" : [ "\n\t\t" ]
                        }, {
                           "r" : "130",
                           "s" : [ {
                              "value" : [ "where " ]
                           }, {
                              "r" : "130",
                              "s" : [ {
                                 "r" : "121",
                                 "s" : [ {
                                    "r" : "119",
                                    "s" : [ {
                                       "r" : "114",
                                       "s" : [ {
                                          "value" : [ "Global" ]
                                       } ]
                                    }, {
                                       "value" : [ "." ]
                                    }, {
                                       "r" : "119",
                                       "s" : [ {
                                          "value" : [ "\"CalendarAgeInYearsAt\"","(" ]
                                       }, {
                                          "r" : "116",
                                          "s" : [ {
                                             "r" : "115",
                                             "s" : [ {
                                                "value" : [ "BirthDate" ]
                                             } ]
                                          }, {
                                             "value" : [ "." ]
                                          }, {
                                             "r" : "116",
                                             "s" : [ {
                                                "value" : [ "birthDatetime" ]
                                             } ]
                                          } ]
                                       }, {
                                          "value" : [ ", " ]
                                       }, {
                                          "r" : "118",
                                          "s" : [ {
                                             "value" : [ "start of " ]
                                          }, {
                                             "r" : "117",
                                             "s" : [ {
                                                "value" : [ "\"Measurement Period\"" ]
                                             } ]
                                          } ]
                                       }, {
                                          "value" : [ ")" ]
                                       } ]
                                    } ]
                                 }, {
                                    "value" : [ ">="," ","12" ]
                                 } ]
                              }, {
                                 "value" : [ "\n\t\t\tand " ]
                              }, {
                                 "r" : "129",
                                 "s" : [ {
                                    "r" : "127",
                                    "s" : [ {
                                       "r" : "122",
                                       "s" : [ {
                                          "value" : [ "Global" ]
                                       } ]
                                    }, {
                                       "value" : [ "." ]
                                    }, {
                                       "r" : "127",
                                       "s" : [ {
                                          "value" : [ "\"CalendarAgeInYearsAt\"","(" ]
                                       }, {
                                          "r" : "124",
                                          "s" : [ {
                                             "r" : "123",
                                             "s" : [ {
                                                "value" : [ "BirthDate" ]
                                             } ]
                                          }, {
                                             "value" : [ "." ]
                                          }, {
                                             "r" : "124",
                                             "s" : [ {
                                                "value" : [ "birthDatetime" ]
                                             } ]
                                          } ]
                                       }, {
                                          "value" : [ ", " ]
                                       }, {
                                          "r" : "126",
                                          "s" : [ {
                                             "value" : [ "start of " ]
                                          }, {
                                             "r" : "125",
                                             "s" : [ {
                                                "value" : [ "\"Measurement Period\"" ]
                                             } ]
                                          } ]
                                       }, {
                                          "value" : [ ")" ]
                                       } ]
                                    } ]
                                 }, {
                                    "value" : [ "<"," ","20" ]
                                 } ]
                              } ]
                           } ]
                        } ]
                     } ]
                  } ]
               }
            } ],
            "expression" : {
               "localId" : "132",
               "locator" : "74:2-76:96",
               "type" : "Exists",
               "operand" : {
                  "localId" : "131",
                  "locator" : "74:9-76:96",
                  "type" : "Query",
                  "source" : [ {
                     "localId" : "113",
                     "locator" : "74:9-74:68",
                     "alias" : "BirthDate",
                     "expression" : {
                        "localId" : "112",
                        "locator" : "74:9-74:58",
                        "dataType" : "{urn:healthit-gov:qdm:v5_4}PatientCharacteristicBirthdate",
                        "codeProperty" : "code",
                        "type" : "Retrieve",
                        "codes" : {
                           "type" : "ToList",
                           "operand" : {
                              "name" : "Birth date",
                              "type" : "CodeRef"
                           }
                        }
                     }
                  } ],
                  "relationship" : [ ],
                  "where" : {
                     "localId" : "130",
                     "locator" : "75:3-76:96",
                     "type" : "And",
                     "operand" : [ {
                        "localId" : "121",
                        "locator" : "75:9-75:98",
                        "type" : "GreaterOrEqual",
                        "operand" : [ {
                           "localId" : "119",
                           "locator" : "75:9-75:93",
                           "name" : "CalendarAgeInYearsAt",
                           "libraryName" : "Global",
                           "type" : "FunctionRef",
                           "operand" : [ {
                              "localId" : "116",
                              "locator" : "75:39-75:61",
                              "path" : "birthDatetime",
                              "scope" : "BirthDate",
                              "type" : "Property"
                           }, {
                              "localId" : "118",
                              "locator" : "75:64-75:92",
                              "type" : "Start",
                              "operand" : {
                                 "localId" : "117",
                                 "locator" : "75:73-75:92",
                                 "name" : "Measurement Period",
                                 "type" : "ParameterRef"
                              }
                           } ]
                        }, {
                           "localId" : "120",
                           "locator" : "75:97-75:98",
                           "valueType" : "{urn:hl7-org:elm-types:r1}Integer",
                           "value" : "12",
                           "type" : "Literal"
                        } ]
                     }, {
                        "localId" : "129",
                        "locator" : "76:8-76:96",
                        "type" : "Less",
                        "operand" : [ {
                           "localId" : "127",
                           "locator" : "76:8-76:92",
                           "name" : "CalendarAgeInYearsAt",
                           "libraryName" : "Global",
                           "type" : "FunctionRef",
                           "operand" : [ {
                              "localId" : "124",
                              "locator" : "76:38-76:60",
                              "path" : "birthDatetime",
                              "scope" : "BirthDate",
                              "type" : "Property"
                           }, {
                              "localId" : "126",
                              "locator" : "76:63-76:91",
                              "type" : "Start",
                              "operand" : {
                                 "localId" : "125",
                                 "locator" : "76:72-76:91",
                                 "name" : "Measurement Period",
                                 "type" : "ParameterRef"
                              }
                           } ]
                        }, {
                           "localId" : "128",
                           "locator" : "76:95-76:96",
                           "valueType" : "{urn:hl7-org:elm-types:r1}Integer",
                           "value" : "20",
                           "type" : "Literal"
                        } ]
                     } ]
                  }
               }
            }
         } ]
      }
   }
}